ts_utc,sym,expiry,dte,spot,strike,cp,bid,ask,mid,last,volume,open_interest,iv,delta,gamma,vega,theta,day_open,day_high,day_low,prev_close
2026-09-29T13:00:14+00:00,QQQ,2026-09-29,0,738.84,505.0,C,229.63,233.28,231.455,232.18,8,8,0.0,1.0,0.0,0.0001,0.0,232.18,232.18,232.18,231.435
2026-09-29T13:00:14+00:00,QQQ,2026-09-29,0,738.84,600.0,C,134.64,138.3,136.47,138.17,10,10,1.1333,0.9998,0.0,0.0002,0.0,138.17,138.17,138.17,136.47
2026-09-29T13:00:14+00:00,QQQ,2026-09-29,0,738.84,630.0,C,104.64,108.28,106.46,107.36,2,2,0.0,0.9997,0.0,0.0005,0.0,107.36,107.36,107.36,106.485
2026-09-29T13:00:14+00:00,QQQ,2026-09-29,0,738.84,650.0,C,84.63,88.47,86.55,89.03,8,8,0.9787,0.9994,0.0001,0.0009,0.0,86.76,89.03,81.55,86.505
2026-09-29T13:00:14+00:00,QQQ,2026-09-29,0,738.84,680.0,C,54.64,58.32,56.48,59.12,1,1,0.5125,0.9978,0.0003,0.0028,-0.0059,59.12,59.12,59.12,56.52
2026-09-29T13:00:14+00:00,QQQ,2026-09-29,0,738.84,686.0,C,48.68,52.33,50.505,50.83,3,2,0.4791,0.997,0.0005,0.0037,-0.0104,50.83,50.83,50.83,50.525
2026-09-29T13:00:14+00:00,QQQ,2026-09-29,0,738.84,690.0,C,44.64,48.32,46.48,47.02,31,34,0.4197,0.9962,0.0006,0.0045,-0.0143,47.27,47.27,47.02,46.525
2026-09-29T13:00:14+00:00,QQQ,2026-09-29,0,738.84,695.0,C,39.7,43.51,41.605,38.56,3,1,0.5129,0.9949,0.0009,0.006,-0.0206,37.36,38.56,37.36,41.53
2026-09-29T13:00:14+00:00,QQQ,2026-09-29,0,738.84,697.0,C,37.68,41.44,39.56,36.25,2,1,0.4645,0.9942,0.001,0.0067,-0.0238,38.0,38.0,36.25,39.535
2026-09-29T13:00:14+00:00,QQQ,2026-09-29,0,738.84,698.0,C,36.66,40.51,38.585,36.97,4,3,0.4797,0.9938,0.0011,0.0071,-0.0255,37.0,37.04,36.97,38.55
2026-09-29T13:00:14+00:00,QQQ,2026-09-29,0,738.84,699.0,C,35.71,39.51,37.61,38.84,4,3,0.4686,0.9934,0.0012,0.0075,-0.0274,39.49,39.49,36.85,37.545
2026-09-29T13:00:14+00:00,QQQ,2026-09-29,0,738.84,700.0,C,34.99,38.44,36.715,39.14,86,65,0.4921,0.9929,0.0013,0.008,-0.0294,38.29,39.14,32.35,36.405
2026-09-29T13:00:14+00:00,QQQ,2026-09-29,0,738.84,701.0,C,34.0,37.52,35.76,35.01,2,7,0.5735,0.9924,0.0014,0.0085,-0.0316,34.83,35.01,34.83,35.435
2026-09-29T13:00:14+00:00,QQQ,2026-09-29,0,738.84,702.0,C,33.03,36.52,34.775,33.96,3,33,0.4928,0.9918,0.0015,0.009,-0.034,36.86,36.86,33.83,34.43
2026-09-29T13:00:14+00:00,QQQ,2026-09-29,0,738.84,703.0,C,32.02,35.52,33.77,32.9,2,15,0.477,0.9912,0.0016,0.0096,-0.0365,32.84,32.9,32.84,33.435
2026-09-29T13:00:14+00:00,QQQ,2026-09-29,0,738.84,704.0,C,31.02,34.53,32.775,35.63,4,16,0.4684,0.9905,0.0018,0.0103,-0.0393,34.86,35.63,31.85,32.44
2026-09-29T13:00:14+00:00,QQQ,2026-09-29,0,738.84,705.0,C,30.05,33.53,31.79,30.91,2,230,0.4613,0.9898,0.0019,0.011,-0.0424,30.85,30.91,30.85,31.415
2026-09-29T13:00:14+00:00,QQQ,2026-09-29,0,738.84,706.0,C,29.06,32.53,30.795,34.47,0,5,0.4489,0.989,0.0021,0.0118,-0.0457,0.0,0.0,0.0,30.445
2026-09-29T13:00:14+00:00,QQQ,2026-09-29,0,738.84,707.0,C,28.07,31.53,29.8,13.07,0,17,0.4381,0.988,0.0023,0.0126,-0.0494,0.0,0.0,0.0,29.415
2026-09-29T13:00:14+00:00,QQQ,2026-09-29,0,738.84,708.0,C,27.06,30.54,28.8,27.89,3,9,0.4257,0.987,0.0025,0.0135,-0.0534,28.8,28.8,27.89,28.465
2026-09-29T13:00:14+00:00,QQQ,2026-09-29,0,738.84,709.0,C,26.08,29.54,27.81,26.89,2,49,0.4162,0.9859,0.0028,0.0146,-0.0579,26.91,26.91,26.89,27.46
2026-09-29T13:00:14+00:00,QQQ,2026-09-29,0,738.84,710.0,C,25.09,28.45,26.77,24.97,3,564,0.3928,0.9846,0.0031,0.0157,-0.0629,25.51,25.51,24.97,26.425
2026-09-29T13:00:14+00:00,QQQ,2026-09-29,0,738.84,711.0,C,24.11,27.44,25.775,26.49,15,51,0.3804,0.9831,0.0034,0.017,-0.0686,26.49,26.49,26.49,25.43
2026-09-29T13:00:14+00:00,QQQ,2026-09-29,0,738.84,712.0,C,23.12,26.55,24.835,24.69,2,15,0.381,0.9814,0.0038,0.0184,-0.075,24.79,24.79,24.69,24.48
2026-09-29T13:00:14+00:00,QQQ,2026-09-29,0,738.84,713.0,C,22.57,25.56,24.065,31.84,0,34,0.4385,0.9795,0.0042,0.02,-0.0823,0.0,0.0,0.0,23.41
2026-09-29T13:00:14+00:00,QQQ,2026-09-29,0,738.84,714.0,C,21.59,23.07,22.33,23.23,15,43,0.0,0.9773,0.0047,0.0218,-0.0906,23.08,24.0,18.9,22.48
2026-09-29T13:00:14+00:00,QQQ,2026-09-29,0,738.84,715.0,C,20.61,22.08,21.345,21.87,57,485,0.0,0.9748,0.0052,0.0238,-0.1003,17.12,24.69,17.12,21.395
2026-09-29T13:00:14+00:00,QQQ,2026-09-29,0,738.84,716.0,C,19.63,21.07,20.35,20.74,19,190,0.0,0.9719,0.0059,0.026,-0.1114,19.65,23.62,17.15,20.4
2026-09-29T13:00:14+00:00,QQQ,2026-09-29,0,738.84,717.0,C,18.63,20.08,19.355,20.37,63,102,0.0,0.9685,0.0066,0.0286,-0.1244,15.99,21.7,15.99,19.42
2026-09-29T13:00:14+00:00,QQQ,2026-09-29,0,738.84,718.0,C,17.65,19.09,18.37,18.59,35,132,0.0,0.9646,0.0075,0.0315,-0.1395,16.71,20.62,16.0,18.46
2026-09-29T13:00:14+00:00,QQQ,2026-09-29,0,738.84,719.0,C,16.88,19.43,18.155,17.73,68,80,0.3511,0.96,0.0084,0.0348,-0.1573,20.14,21.19,16.81,17.445
2026-09-29T13:00:14+00:00,QQQ,2026-09-29,0,738.84,720.0,C,15.7,18.45,17.075,17.07,1147,861,0.3361,0.9546,0.0096,0.0384,-0.1782,20.8,20.8,12.79,16.69
2026-09-29T13:00:14+00:00,QQQ,2026-09-29,0,738.84,721.0,C,14.74,17.47,16.105,15.86,324,377,0.3252,0.9482,0.0109,0.0426,-0.2028,17.5,17.66,11.87,15.565
2026-09-29T13:00:14+00:00,QQQ,2026-09-29,0,738.84,722.0,C,13.99,14.96,14.475,14.95,138,81,0.0,0.9408,0.0125,0.0473,-0.2322,15.91,16.66,10.65,14.52
2026-09-29T13:00:14+00:00,QQQ,2026-09-29,0,738.84,723.0,C,13.56,14.03,13.795,13.8,129,98,0.231,0.932,0.0142,0.0526,-0.2672,14.07,17.03,10.25,13.705
2026-09-29T13:00:14+00:00,QQQ,2026-09-29,0,738.84,724.0,C,12.52,13.04,12.78,12.93,124,121,0.2144,0.9215,0.0163,0.0586,-0.3094,9.03,14.35,9.03,12.72
2026-09-29T13:00:14+00:00,QQQ,2026-09-29,0,738.84,725.0,C,11.6,12.09,11.845,11.8,279,712,0.213,0.909,0.0187,0.0652,-0.3604,15.36,15.36,8.42,11.795
2026-09-29T13:00:14+00:00,QQQ,2026-09-29,0,738.84,726.0,C,10.66,11.19,10.925,10.93,127,129,0.2116,0.8943,0.0214,0.0727,-0.4224,14.37,15.04,7.35,10.83
2026-09-29T13:00:14+00:00,QQQ,2026-09-29,0,738.84,727.0,C,9.8,10.27,10.035,10.24,515,392,0.2116,0.8767,0.0245,0.0808,-0.498,11.7,13.38,6.87,10.06
2026-09-29T13:00:14+00:00,QQQ,2026-09-29,0,738.84,728.0,C,8.71,9.32,9.015,9.3,330,448,0.1932,0.8559,0.0279,0.0897,-0.5904,12.89,12.89,6.22,9.205
2026-09-29T13:00:14+00:00,QQQ,2026-09-29,0,738.84,729.0,C,8.11,8.29,8.2,8.45,490,184,0.2015,0.8314,0.0317,0.0991,-0.7033,11.58,11.66,5.16,8.345
2026-09-29T13:00:14+00:00,QQQ,2026-09-29,0,738.84,730.0,C,7.25,7.43,7.34,7.34,1786,716,0.196,0.8027,0.0357,0.1091,-0.8411,10.84,10.84,4.53,7.505
2026-09-29T13:00:14+00:00,QQQ,2026-09-29,0,738.84,731.0,C,6.42,6.6,6.51,6.53,1864,572,0.1923,0.7695,0.04,0.119,-1.0085,11.0,11.0,3.92,6.705
2026-09-29T13:00:14+00:00,QQQ,2026-09-29,0,738.84,732.0,C,5.63,5.8,5.715,5.8,4362,819,0.1895,0.7314,0.0443,0.1287,-1.211,8.97,9.71,3.35,5.935
2026-09-29T13:00:14+00:00,QQQ,2026-09-29,0,738.84,733.0,C,4.91,4.99,4.95,4.95,9802,2372,0.1853,0.6885,0.0484,0.1377,-1.4541,7.51,8.2,2.85,5.195
2026-09-29T13:00:14+00:00,QQQ,2026-09-29,0,738.84,734.0,C,4.21,4.27,4.24,4.28,11064,1299,0.1824,0.6409,0.0521,0.1453,-1.7436,7.34,7.39,2.39,4.515
2026-09-29T13:00:14+00:00,QQQ,2026-09-29,0,738.84,735.0,C,3.56,3.61,3.585,3.65,25707,3186,0.1792,0.589,0.0552,0.1509,-2.0838,7.04,7.55,1.99,3.885
2026-09-29T13:00:14+00:00,QQQ,2026-09-29,0,738.84,736.0,C,2.96,3.01,2.985,3.02,41395,5006,0.1765,0.5336,0.0572,0.1541,-2.4216,6.3,6.72,1.63,3.315
2026-09-29T13:00:14+00:00,QQQ,2026-09-29,0,738.84,737.0,C,2.42,2.46,2.44,2.45,44521,7852,0.174,0.476,0.0582,0.1544,-2.4165,4.86,5.95,1.33,2.795
2026-09-29T13:00:14+00:00,QQQ,2026-09-29,0,738.84,738.0,C,1.94,1.95,1.945,1.99,48335,5652,0.1706,0.4175,0.0577,0.1515,-2.0236,4.6,5.24,1.1,2.325
2026-09-29T13:00:14+00:00,QQQ,2026-09-29,0,738.84,739.0,C,1.53,1.54,1.535,1.53,43642,6169,0.1676,0.3598,0.0558,0.1454,-1.6163,4.32,4.71,0.87,1.915
2026-09-29T13:00:14+00:00,QQQ,2026-09-29,0,738.84,740.0,C,1.17,1.19,1.18,1.17,68348,7897,0.1654,0.3046,0.0526,0.1365,-1.271,3.83,4.17,0.7,1.555
2026-09-29T13:00:14+00:00,QQQ,2026-09-29,0,738.84,741.0,C,0.87,0.9,0.885,0.89,30171,3074,0.1636,0.2534,0.0484,0.1253,-0.9856,3.26,3.62,0.57,1.255
2026-09-29T13:00:14+00:00,QQQ,2026-09-29,0,738.84,742.0,C,0.65,0.66,0.655,0.65,29275,6546,0.162,0.2072,0.0433,0.1125,-0.7548,2.8,3.13,0.45,1.005
2026-09-29T13:00:14+00:00,QQQ,2026-09-29,0,738.84,743.0,C,0.47,0.48,0.475,0.48,26447,7202,0.1611,0.1669,0.0379,0.099,-0.5719,2.44,2.62,0.35,0.785
2026-09-29T13:00:14+00:00,QQQ,2026-09-29,0,738.84,744.0,C,0.34,0.36,0.35,0.36,16000,3156,0.1616,0.1326,0.0324,0.0855,-0.4294,2.05,2.2,0.29,0.615
2026-09-29T13:00:14+00:00,QQQ,2026-09-29,0,738.84,745.0,C,0.25,0.26,0.255,0.26,26350,7854,0.1621,0.1041,0.0272,0.0726,-0.3203,1.62,1.86,0.23,0.475
2026-09-29T13:00:14+00:00,QQQ,2026-09-29,0,738.84,746.0,C,0.18,0.2,0.19,0.2,9943,2194,0.1646,0.0809,0.0224,0.0607,-0.2378,1.44,1.54,0.18,0.365
2026-09-29T13:00:14+00:00,QQQ,2026-09-29,0,738.84,747.0,C,0.13,0.15,0.14,0.16,10991,5519,0.1671,0.0625,0.0182,0.0502,-0.1761,1.15,1.22,0.14,0.275
2026-09-29T13:00:14+00:00,QQQ,2026-09-29,0,738.84,748.0,C,0.1,0.11,0.105,0.12,8932,2137,0.1704,0.048,0.0147,0.0411,-0.1304,0.84,1.05,0.11,0.215
2026-09-29T13:00:14+00:00,QQQ,2026-09-29,0,738.84,749.0,C,0.07,0.09,0.08,0.09,8128,2383,0.176,0.0368,0.0117,0.0335,-0.0968,0.71,0.84,0.08,0.165
2026-09-29T13:00:14+00:00,QQQ,2026-09-29,0,738.84,750.0,C,0.06,0.07,0.065,0.07,16703,7884,0.1801,0.0283,0.0093,0.0271,-0.0723,0.6,0.66,0.06,0.125
2026-09-29T13:00:14+00:00,QQQ,2026-09-29,0,738.84,751.0,C,0.04,0.06,0.05,0.05,3229,2831,0.1822,0.0216,0.0073,0.0219,-0.054,0.4,0.56,0.04,0.105
2026-09-29T13:00:14+00:00,QQQ,2026-09-29,0,738.84,752.0,C,0.03,0.05,0.04,0.05,4588,2702,0.1839,0.0168,0.0058,0.0177,-0.0411,0.44,0.44,0.03,0.075
2026-09-29T13:00:14+00:00,QQQ,2026-09-29,0,738.84,753.0,C,0.03,0.04,0.035,0.03,4054,3736,0.1902,0.0132,0.0046,0.0145,-0.0319,0.29,0.34,0.02,0.065
2026-09-29T13:00:14+00:00,QQQ,2026-09-29,0,738.84,754.0,C,0.02,0.03,0.025,0.03,3318,2488,0.1916,0.0105,0.0037,0.012,-0.0251,0.25,0.27,0.02,0.055
2026-09-29T13:00:14+00:00,QQQ,2026-09-29,0,738.84,755.0,C,0.02,0.03,0.025,0.02,2745,2761,0.2011,0.0084,0.003,0.0099,-0.0199,0.21,0.21,0.01,0.045
2026-09-29T13:00:14+00:00,QQQ,2026-09-29,0,738.84,756.0,C,0.01,0.03,0.02,0.02,3322,1635,0.2049,0.0067,0.0024,0.0082,-0.016,0.15,0.16,0.01,0.035
2026-09-29T13:00:14+00:00,QQQ,2026-09-29,0,738.84,757.0,C,0.01,0.03,0.02,0.01,2775,2262,0.2139,0.0055,0.002,0.0069,-0.013,0.15,0.15,0.01,0.035
2026-09-29T13:00:14+00:00,QQQ,2026-09-29,0,738.84,758.0,C,0.01,0.02,0.015,0.01,1841,637,0.216,0.0046,0.0016,0.0058,-0.0108,0.1,0.12,0.01,0.025
2026-09-29T13:00:14+00:00,QQQ,2026-09-29,0,738.84,759.0,C,0.01,0.02,0.015,0.01,307,1121,0.2245,0.0038,0.0014,0.005,-0.0091,0.09,0.09,0.01,0.025
2026-09-29T13:00:14+00:00,QQQ,2026-09-29,0,738.84,760.0,C,0.01,0.02,0.015,0.02,3121,4773,0.2332,0.0032,0.0012,0.0043,-0.0077,0.08,0.08,0.01,0.025
2026-09-29T13:00:14+00:00,QQQ,2026-09-29,0,738.84,761.0,C,0.01,0.02,0.015,0.02,906,718,0.2419,0.0028,0.001,0.0037,-0.0066,0.04,0.06,0.01,0.015
2026-09-29T13:00:14+00:00,QQQ,2026-09-29,0,738.84,762.0,C,0.01,0.02,0.015,0.02,592,607,0.2505,0.0024,0.0008,0.0032,-0.0057,0.1,0.1,0.01,0.015
2026-09-29T13:00:14+00:00,QQQ,2026-09-29,0,738.84,763.0,C,0.01,0.02,0.015,0.02,654,1090,0.2591,0.002,0.0007,0.0028,-0.0049,0.03,0.04,0.01,0.015
2026-09-29T13:00:14+00:00,QQQ,2026-09-29,0,738.84,764.0,C,0.0,0.02,0.01,0.01,128,440,0.2682,0.0017,0.0006,0.0024,-0.0042,0.07,0.07,0.01,0.015
2026-09-29T13:00:14+00:00,QQQ,2026-09-29,0,738.84,765.0,C,0.0,0.02,0.01,0.01,867,1443,0.2652,0.0015,0.0005,0.0022,-0.0037,0.03,0.04,0.01,0.015
2026-09-29T13:00:14+00:00,QQQ,2026-09-29,0,738.84,766.0,C,0.0,0.02,0.01,0.01,753,340,0.2735,0.0013,0.0004,0.0019,-0.0032,0.03,0.04,0.01,0.015
2026-09-29T13:00:14+00:00,QQQ,2026-09-29,0,738.84,767.0,C,0.0,0.02,0.01,0.01,410,368,0.2816,0.0011,0.0004,0.0017,-0.0028,0.02,0.03,0.01,0.015
2026-09-29T13:00:14+00:00,QQQ,2026-09-29,0,738.84,768.0,C,0.0,0.02,0.02,0.02,204,6756,0.2897,0.001,0.0003,0.0015,-0.0025,0.04,0.04,0.01,0.005
2026-09-29T13:00:14+00:00,QQQ,2026-09-29,0,738.84,769.0,C,0.0,0.02,0.01,0.01,196,545,0.2978,0.0009,0.0003,0.0013,-0.0022,0.04,0.04,0.01,0.005
2026-09-29T13:00:14+00:00,QQQ,2026-09-29,0,738.84,770.0,C,0.0,0.02,0.02,0.02,179,919,0.3059,0.0008,0.0002,0.0012,-0.002,0.02,0.02,0.01,0.005
2026-09-29T13:00:14+00:00,QQQ,2026-09-29,0,738.84,771.0,C,0.0,0.02,0.01,0.01,40,444,0.3139,0.0007,0.0002,0.001,-0.0017,0.02,0.02,0.01,0.005
2026-09-29T13:00:14+00:00,QQQ,2026-09-29,0,738.84,772.0,C,0.0,0.02,0.02,0.02,99,288,0.3219,0.0006,0.0002,0.0009,-0.0016,0.02,0.02,0.02,0.005
2026-09-29T13:00:14+00:00,QQQ,2026-09-29,0,738.84,773.0,C,0.0,0.02,0.01,0.01,22,75,0.3299,0.0005,0.0002,0.0008,-0.0014,0.03,0.03,0.01,0.005
2026-09-29T13:00:14+00:00,QQQ,2026-09-29,0,738.84,774.0,C,0.0,0.02,0.01,0.01,50,110,0.3379,0.0005,0.0001,0.0007,-0.0012,0.01,0.01,0.01,0.005
2026-09-29T13:00:14+00:00,QQQ,2026-09-29,0,738.84,775.0,C,0.0,0.02,0.01,0.01,43,314,0.3459,0.0004,0.0001,0.0007,-0.0011,0.02,0.02,0.01,0.005
2026-09-29T13:00:14+00:00,QQQ,2026-09-29,0,738.84,780.0,C,0.0,0.01,0.01,0.01,53,712,0.3624,0.0002,0.0001,0.0004,-0.0006,0.01,0.02,0.01,0.005
2026-09-29T13:00:14+00:00,QQQ,2026-09-29,0,738.84,785.0,C,0.0,0.01,0.01,0.01,82,269,0.3992,0.0001,0.0,0.0002,-0.0004,0.02,0.02,0.01,0.005
2026-09-29T13:00:14+00:00,QQQ,2026-09-29,0,738.84,790.0,C,0.0,0.01,0.01,0.01,52,385,0.4354,0.0001,0.0,0.0001,-0.0002,0.01,0.01,0.01,0.005
2026-09-29T13:00:14+00:00,QQQ,2026-09-29,0,738.84,795.0,C,0.0,0.01,0.02,0.02,30,38,0.4711,0.0,0.0,0.0001,-0.0002,0.01,0.02,0.01,0.005
2026-09-29T13:00:14+00:00,QQQ,2026-09-29,0,738.84,800.0,C,0.0,0.01,0.01,0.01,1,18,0.5064,0.0,0.0,0.0001,-0.0001,0.01,0.01,0.01,0.005
2026-09-29T13:00:14+00:00,QQQ,2026-09-29,0,738.84,815.0,C,0.0,0.01,0.02,0.02,14,132,0.6099,0.0,0.0,0.0,0.0,0.01,0.02,0.01,0.005
2026-09-29T13:00:14+00:00,QQQ,2026-09-29,0,738.84,820.0,C,0.0,0.01,0.01,0.01,4,110,0.6436,0.0,0.0,0.0,0.0,0.01,0.01,0.01,0.005
2026-09-29T13:00:14+00:00,QQQ,2026-09-29,0,738.84,825.0,C,0.0,0.01,0.01,0.01,2,102,0.677,0.0,0.0,0.0,0.0,0.01,0.01,0.01,0.005
2026-09-29T13:00:14+00:00,QQQ,2026-09-29,0,738.84,460.0,P,0.0,0.01,0.02,0.02,20,55,2.592,0.0,0.0,0.0,-0.0004,0.02,0.02,0.02,0.005
2026-09-29T13:00:14+00:00,QQQ,2026-09-29,0,738.84,465.0,P,0.0,0.01,0.02,0.02,20,10,2.5354,0.0,0.0,0.0,-0.0004,0.02,0.02,0.02,0.005
2026-09-29T13:00:14+00:00,QQQ,2026-09-29,0,738.84,535.0,P,0.0,0.01,0.01,0.01,48,195,1.7978,0.0,0.0,0.0001,-0.0007,0.01,0.01,0.01,0.005
2026-09-29T13:00:14+00:00,QQQ,2026-09-29,0,738.84,540.0,P,0.0,0.01,0.01,0.01,192,403,1.7484,-0.0001,0.0,0.0001,-0.0007,0.01,0.01,0.01,0.005
2026-09-29T13:00:14+00:00,QQQ,2026-09-29,0,738.84,545.0,P,0.0,0.01,0.01,0.01,149,150,1.6995,-0.0001,0.0,0.0001,-0.0008,0.01,0.01,0.01,0.005
2026-09-29T13:00:14+00:00,QQQ,2026-09-29,0,738.84,555.0,P,0.0,0.01,0.01,0.01,192,303,1.6029,-0.0001,0.0,0.0001,-0.0008,0.01,0.01,0.01,0.005
2026-09-29T13:00:14+00:00,QQQ,2026-09-29,0,738.84,560.0,P,0.0,0.01,0.01,0.01,50,349,1.5551,-0.0001,0.0,0.0001,-0.0009,0.01,0.01,0.01,0.005
2026-09-29T13:00:14+00:00,QQQ,2026-09-29,0,738.84,565.0,P,0.0,0.01,0.01,0.01,51,148,1.5076,-0.0001,0.0,0.0001,-0.001,0.01,0.02,0.01,0.005
2026-09-29T13:00:14+00:00,QQQ,2026-09-29,0,738.84,570.0,P,0.0,0.01,0.01,0.01,50,118,1.4601,-0.0001,0.0,0.0001,-0.001,0.02,0.02,0.01,0.005
2026-09-29T13:00:14+00:00,QQQ,2026-09-29,0,738.84,580.0,P,0.0,0.01,0.01,0.01,118,326,1.367,-0.0001,0.0,0.0002,-0.0012,0.01,0.02,0.01,0.005
2026-09-29T13:00:14+00:00,QQQ,2026-09-29,0,738.84,585.0,P,0.0,0.01,0.01,0.01,644,659,1.3209,-0.0001,0.0,0.0002,-0.0012,0.02,0.02,0.01,0.005
2026-09-29T13:00:14+00:00,QQQ,2026-09-29,0,738.84,590.0,P,0.0,0.01,0.01,0.01,287,441,1.2751,-0.0001,0.0,0.0002,-0.0014,0.01,0.02,0.01,0.005
2026-09-29T13:00:14+00:00,QQQ,2026-09-29,0,738.84,595.0,P,0.0,0.01,0.01,0.01,650,712,1.2297,-0.0001,0.0,0.0002,-0.0015,0.01,0.02,0.01,0.005
2026-09-29T13:00:14+00:00,QQQ,2026-09-29,0,738.84,600.0,P,0.0,0.01,0.01,0.01,608,718,1.1845,-0.0002,0.0,0.0002,-0.0016,0.01,0.02,0.01,0.01
2026-09-29T13:00:14+00:00,QQQ,2026-09-29,0,738.84,605.0,P,0.0,0.02,0.01,0.01,645,681,1.2012,-0.0002,0.0,0.0003,-0.0017,0.01,0.02,0.01,0.01
2026-09-29T13:00:14+00:00,QQQ,2026-09-29,0,738.84,610.0,P,0.0,0.02,0.01,0.01,637,775,1.1545,-0.0002,0.0,0.0003,-0.0019,0.02,0.02,0.01,0.01
2026-09-29T13:00:14+00:00,QQQ,2026-09-29,0,738.84,615.0,P,0.0,0.01,0.01,0.01,1314,1062,1.0507,-0.0002,0.0,0.0003,-0.0021,0.02,0.02,0.01,0.015
2026-09-29T13:00:14+00:00,QQQ,2026-09-29,0,738.84,620.0,P,0.01,0.02,0.015,0.02,731,776,1.0982,-0.0003,0.0,0.0004,-0.0023,0.02,0.02,0.01,0.015
2026-09-29T13:00:14+00:00,QQQ,2026-09-29,0,738.84,625.0,P,0.01,0.02,0.015,0.01,1397,1482,1.0509,-0.0003,0.0,0.0004,-0.0025,0.02,0.02,0.01,0.015
2026-09-29T13:00:14+00:00,QQQ,2026-09-29,0,738.84,630.0,P,0.01,0.02,0.015,0.01,1560,3521,1.0039,-0.0004,0.0,0.0005,-0.0028,0.01,0.02,0.01,0.015
2026-09-29T13:00:14+00:00,QQQ,2026-09-29,0,738.84,635.0,P,0.01,0.02,0.015,0.01,647,873,0.9571,-0.0004,0.0,0.0006,-0.0032,0.02,0.02,0.01,0.015
2026-09-29T13:00:14+00:00,QQQ,2026-09-29,0,738.84,640.0,P,0.01,0.02,0.015,0.01,2042,445,0.9105,-0.0005,0.0,0.0006,-0.0036,0.01,0.02,0.01,0.015
2026-09-29T13:00:14+00:00,QQQ,2026-09-29,0,738.84,645.0,P,0.01,0.02,0.015,0.01,1950,453,0.8641,-0.0006,0.0001,0.0008,-0.0041,0.02,0.02,0.01,0.015
2026-09-29T13:00:14+00:00,QQQ,2026-09-29,0,738.84,650.0,P,0.01,0.02,0.015,0.01,2072,368,0.8178,-0.0007,0.0001,0.0009,-0.0047,0.01,0.02,0.01,0.015
2026-09-29T13:00:14+00:00,QQQ,2026-09-29,0,738.84,655.0,P,0.01,0.02,0.015,0.02,2000,364,0.7718,-0.0008,0.0001,0.001,-0.0054,0.01,0.02,0.01,0.015
2026-09-29T13:00:14+00:00,QQQ,2026-09-29,0,738.84,660.0,P,0.01,0.02,0.015,0.01,1707,4256,0.7259,-0.0009,0.0001,0.0012,-0.0063,0.01,0.02,0.01,0.015
2026-09-29T13:00:14+00:00,QQQ,2026-09-29,0,738.84,661.0,P,0.01,0.02,0.015,0.02,2202,4412,0.7167,-0.001,0.0001,0.0013,-0.0065,0.01,0.03,0.01,0.015
2026-09-29T13:00:14+00:00,QQQ,2026-09-29,0,738.84,662.0,P,0.01,0.02,0.015,0.02,1870,406,0.7076,-0.001,0.0001,0.0014,-0.0067,0.04,0.04,0.01,0.015
2026-09-29T13:00:14+00:00,QQQ,2026-09-29,0,738.84,663.0,P,0.01,0.02,0.015,0.02,1155,172,0.6984,-0.0011,0.0001,0.0014,-0.0069,0.01,0.02,0.01,0.015
2026-09-29T13:00:14+00:00,QQQ,2026-09-29,0,738.84,664.0,P,0.01,0.02,0.015,0.01,1916,320,0.6893,-0.0011,0.0001,0.0014,-0.0072,0.01,0.02,0.01,0.015
2026-09-29T13:00:14+00:00,QQQ,2026-09-29,0,738.84,665.0,P,0.01,0.02,0.015,0.01,2509,792,0.6801,-0.0012,0.0001,0.0015,-0.0074,0.01,0.02,0.01,0.015
2026-09-29T13:00:14+00:00,QQQ,2026-09-29,0,738.84,666.0,P,0.01,0.02,0.015,0.02,1797,290,0.671,-0.0012,0.0002,0.0016,-0.0077,0.02,0.03,0.01,0.015
2026-09-29T13:00:14+00:00,QQQ,2026-09-29,0,738.84,667.0,P,0.01,0.02,0.015,0.01,2058,315,0.6618,-0.0012,0.0002,0.0016,-0.0079,0.02,0.02,0.01,0.015
2026-09-29T13:00:14+00:00,QQQ,2026-09-29,0,738.84,668.0,P,0.01,0.02,0.015,0.01,1698,595,0.6527,-0.0013,0.0002,0.0017,-0.0082,0.02,0.02,0.01,0.015
2026-09-29T13:00:14+00:00,QQQ,2026-09-29,0,738.84,669.0,P,0.01,0.02,0.015,0.01,2422,3454,0.6436,-0.0014,0.0002,0.0018,-0.0085,0.01,0.02,0.01,0.015
2026-09-29T13:00:14+00:00,QQQ,2026-09-29,0,738.84,670.0,P,0.01,0.02,0.015,0.01,2689,4367,0.6345,-0.0014,0.0002,0.0018,-0.0088,0.02,0.02,0.01,0.015
2026-09-29T13:00:14+00:00,QQQ,2026-09-29,0,738.84,671.0,P,0.01,0.02,0.015,0.02,1619,291,0.6253,-0.0015,0.0002,0.0019,-0.0091,0.02,0.02,0.01,0.015
2026-09-29T13:00:14+00:00,QQQ,2026-09-29,0,738.84,672.0,P,0.01,0.02,0.015,0.02,2108,407,0.6162,-0.0016,0.0002,0.002,-0.0095,0.02,0.02,0.01,0.015
2026-09-29T13:00:14+00:00,QQQ,2026-09-29,0,738.84,673.0,P,0.01,0.02,0.015,0.01,1449,282,0.6071,-0.0016,0.0002,0.0021,-0.0098,0.02,0.02,0.01,0.015
2026-09-29T13:00:14+00:00,QQQ,2026-09-29,0,738.84,674.0,P,0.01,0.02,0.015,0.01,845,1079,0.598,-0.0017,0.0002,0.0022,-0.0102,0.02,0.03,0.01,0.015
2026-09-29T13:00:14+00:00,QQQ,2026-09-29,0,738.84,675.0,P,0.01,0.02,0.015,0.01,1019,1278,0.5889,-0.0018,0.0002,0.0022,-0.0106,0.01,0.03,0.01,0.015
2026-09-29T13:00:14+00:00,QQQ,2026-09-29,0,738.84,676.0,P,0.01,0.02,0.015,0.01,674,805,0.5798,-0.0018,0.0003,0.0024,-0.011,0.02,0.03,0.01,0.015
2026-09-29T13:00:14+00:00,QQQ,2026-09-29,0,738.84,677.0,P,0.01,0.02,0.015,0.01,481,464,0.5707,-0.0019,0.0003,0.0025,-0.0114,0.02,0.03,0.01,0.015
2026-09-29T13:00:14+00:00,QQQ,2026-09-29,0,738.84,678.0,P,0.01,0.02,0.015,0.01,3105,1161,0.5616,-0.002,0.0003,0.0026,-0.0119,0.02,0.03,0.01,0.015
2026-09-29T13:00:14+00:00,QQQ,2026-09-29,0,738.84,679.0,P,0.01,0.02,0.015,0.02,1295,1019,0.5525,-0.0021,0.0003,0.0027,-0.0124,0.02,0.02,0.01,0.015
2026-09-29T13:00:14+00:00,QQQ,2026-09-29,0,738.84,680.0,P,0.01,0.02,0.015,0.01,491,638,0.5434,-0.0022,0.0003,0.0028,-0.0129,0.02,0.02,0.01,0.015
2026-09-29T13:00:14+00:00,QQQ,2026-09-29,0,738.84,681.0,P,0.01,0.02,0.015,0.01,637,240,0.5343,-0.0024,0.0004,0.0029,-0.0134,0.02,0.02,0.01,0.015
2026-09-29T13:00:14+00:00,QQQ,2026-09-29,0,738.84,682.0,P,0.01,0.02,0.015,0.01,501,131,0.5252,-0.0025,0.0004,0.0031,-0.014,0.02,0.02,0.01,0.015
2026-09-29T13:00:14+00:00,QQQ,2026-09-29,0,738.84,683.0,P,0.01,0.02,0.015,0.01,157,176,0.5161,-0.0026,0.0004,0.0032,-0.0146,0.04,0.04,0.01,0.015
2026-09-29T13:00:14+00:00,QQQ,2026-09-29,0,738.84,684.0,P,0.01,0.02,0.015,0.01,1002,131,0.507,-0.0028,0.0004,0.0034,-0.0153,0.03,0.03,0.01,0.015
2026-09-29T13:00:14+00:00,QQQ,2026-09-29,0,738.84,685.0,P,0.01,0.03,0.02,0.03,409,376,0.5122,-0.0029,0.0004,0.0036,-0.0159,0.01,0.03,0.01,0.015
2026-09-29T13:00:14+00:00,QQQ,2026-09-29,0,738.84,686.0,P,0.01,0.03,0.02,0.02,1121,176,0.5029,-0.0031,0.0005,0.0037,-0.0167,0.03,0.03,0.01,0.015
2026-09-29T13:00:14+00:00,QQQ,2026-09-29,0,738.84,687.0,P,0.01,0.03,0.02,0.02,1916,77,0.4936,-0.0032,0.0005,0.0039,-0.0174,0.04,0.04,0.01,0.015
2026-09-29T13:00:14+00:00,QQQ,2026-09-29,0,738.84,688.0,P,0.01,0.03,0.02,0.01,420,76,0.4843,-0.0034,0.0006,0.0041,-0.0183,0.02,0.03,0.01,0.015
2026-09-29T13:00:14+00:00,QQQ,2026-09-29,0,738.84,689.0,P,0.01,0.03,0.02,0.02,39,109,0.475,-0.0036,0.0006,0.0043,-0.0191,0.03,0.03,0.02,0.015
2026-09-29T13:00:14+00:00,QQQ,2026-09-29,0,738.84,690.0,P,0.02,0.03,0.025,0.02,198,477,0.4766,-0.0038,0.0006,0.0046,-0.0201,0.02,0.04,0.01,0.015
2026-09-29T13:00:14+00:00,QQQ,2026-09-29,0,738.84,691.0,P,0.01,0.03,0.02,0.02,722,556,0.4563,-0.004,0.0007,0.0048,-0.0211,0.04,0.04,0.01,0.015
2026-09-29T13:00:14+00:00,QQQ,2026-09-29,0,738.84,692.0,P,0.01,0.03,0.02,0.03,267,486,0.447,-0.0043,0.0007,0.0051,-0.0221,0.04,0.04,0.02,0.025
2026-09-29T13:00:14+00:00,QQQ,2026-09-29,0,738.84,693.0,P,0.01,0.03,0.02,0.01,379,332,0.4377,-0.0046,0.0008,0.0053,-0.0233,0.04,0.04,0.01,0.025
2026-09-29T13:00:14+00:00,QQQ,2026-09-29,0,738.84,694.0,P,0.01,0.03,0.02,0.03,421,351,0.4284,-0.0048,0.0008,0.0056,-0.0244,0.03,0.04,0.02,0.025
2026-09-29T13:00:14+00:00,QQQ,2026-09-29,0,738.84,695.0,P,0.02,0.03,0.025,0.03,356,876,0.429,-0.0052,0.0009,0.006,-0.0258,0.04,0.04,0.02,0.025
2026-09-29T13:00:14+00:00,QQQ,2026-09-29,0,738.84,696.0,P,0.02,0.03,0.025,0.03,382,452,0.4195,-0.0055,0.001,0.0063,-0.0272,0.04,0.05,0.03,0.025
2026-09-29T13:00:14+00:00,QQQ,2026-09-29,0,738.84,697.0,P,0.02,0.03,0.025,0.03,168,330,0.41,-0.0058,0.001,0.0067,-0.0288,0.04,0.04,0.03,0.025
2026-09-29T13:00:14+00:00,QQQ,2026-09-29,0,738.84,698.0,P,0.02,0.03,0.025,0.02,291,301,0.4005,-0.0062,0.0011,0.0071,-0.0304,0.04,0.05,0.02,0.025
2026-09-29T13:00:14+00:00,QQQ,2026-09-29,0,738.84,699.0,P,0.02,0.03,0.025,0.02,281,280,0.3909,-0.0067,0.0012,0.0075,-0.0322,0.05,0.05,0.02,0.025
2026-09-29T13:00:14+00:00,QQQ,2026-09-29,0,738.84,700.0,P,0.02,0.03,0.025,0.02,1186,2253,0.3814,-0.0072,0.0013,0.008,-0.0341,0.05,0.05,0.02,0.025
2026-09-29T13:00:14+00:00,QQQ,2026-09-29,0,738.84,701.0,P,0.02,0.03,0.025,0.03,488,626,0.3718,-0.0077,0.0014,0.0085,-0.0362,0.04,0.05,0.02,0.025
2026-09-29T13:00:14+00:00,QQQ,2026-09-29,0,738.84,702.0,P,0.02,0.03,0.025,0.03,316,430,0.3622,-0.0082,0.0015,0.0091,-0.0384,0.04,0.06,0.02,0.025
2026-09-29T13:00:14+00:00,QQQ,2026-09-29,0,738.84,703.0,P,0.02,0.03,0.025,0.03,821,780,0.3526,-0.0088,0.0016,0.0097,-0.0409,0.04,0.06,0.02,0.035
2026-09-29T13:00:14+00:00,QQQ,2026-09-29,0,738.84,704.0,P,0.02,0.03,0.025,0.03,578,611,0.3429,-0.0095,0.0018,0.0103,-0.0434,0.05,0.07,0.02,0.035
2026-09-29T13:00:14+00:00,QQQ,2026-09-29,0,738.84,705.0,P,0.03,0.04,0.035,0.04,905,1921,0.3471,-0.0102,0.0019,0.011,-0.0462,0.05,0.08,0.01,0.035
2026-09-29T13:00:14+00:00,QQQ,2026-09-29,0,738.84,706.0,P,0.03,0.04,0.035,0.03,518,555,0.3369,-0.0111,0.0021,0.0118,-0.0498,0.05,0.08,0.02,0.035
2026-09-29T13:00:14+00:00,QQQ,2026-09-29,0,738.84,707.0,P,0.03,0.04,0.035,0.03,1261,1640,0.3272,-0.012,0.0023,0.0126,-0.053,0.05,0.09,0.03,0.035
2026-09-29T13:00:14+00:00,QQQ,2026-09-29,0,738.84,708.0,P,0.03,0.04,0.035,0.03,818,1993,0.3172,-0.013,0.0025,0.0135,-0.0569,0.05,0.1,0.02,0.035
2026-09-29T13:00:14+00:00,QQQ,2026-09-29,0,738.84,709.0,P,0.03,0.04,0.035,0.05,598,553,0.3072,-0.0142,0.0028,0.0146,-0.0613,0.09,0.11,0.02,0.045
2026-09-29T13:00:14+00:00,QQQ,2026-09-29,0,738.84,710.0,P,0.04,0.05,0.045,0.04,1152,1837,0.3068,-0.0154,0.0031,0.0157,-0.0662,0.07,0.13,0.03,0.045
2026-09-29T13:00:14+00:00,QQQ,2026-09-29,0,738.84,711.0,P,0.04,0.05,0.045,0.04,1370,1572,0.2966,-0.0169,0.0034,0.017,-0.0717,0.07,0.13,0.03,0.045
2026-09-29T13:00:14+00:00,QQQ,2026-09-29,0,738.84,712.0,P,0.04,0.05,0.045,0.06,761,3319,0.2859,-0.0186,0.0038,0.0185,-0.0782,0.07,0.15,0.02,0.055
2026-09-29T13:00:14+00:00,QQQ,2026-09-29,0,738.84,713.0,P,0.05,0.06,0.055,0.06,1250,911,0.2835,-0.0205,0.0042,0.02,-0.0852,0.07,0.17,0.03,0.055
2026-09-29T13:00:14+00:00,QQQ,2026-09-29,0,738.84,714.0,P,0.05,0.07,0.06,0.07,1507,1308,0.273,-0.0227,0.0047,0.0218,-0.0934,0.08,0.2,0.04,0.065
2026-09-29T13:00:14+00:00,QQQ,2026-09-29,0,738.84,715.0,P,0.06,0.07,0.065,0.07,2575,4270,0.2684,-0.0253,0.0052,0.0239,-0.1032,0.09,0.24,0.04,0.065
2026-09-29T13:00:14+00:00,QQQ,2026-09-29,0,738.84,716.0,P,0.07,0.08,0.075,0.09,1091,820,0.2631,-0.0282,0.0059,0.0261,-0.1143,0.1,0.29,0.04,0.075
2026-09-29T13:00:14+00:00,QQQ,2026-09-29,0,738.84,717.0,P,0.08,0.1,0.09,0.1,4328,3256,0.2593,-0.0316,0.0066,0.0287,-0.1272,0.1,0.34,0.05,0.085
2026-09-29T13:00:14+00:00,QQQ,2026-09-29,0,738.84,718.0,P,0.1,0.11,0.105,0.1,2430,1481,0.2543,-0.0356,0.0075,0.0316,-0.1422,0.11,0.39,0.06,0.105
2026-09-29T13:00:14+00:00,QQQ,2026-09-29,0,738.84,719.0,P,0.11,0.13,0.12,0.14,3626,1987,0.2482,-0.0402,0.0085,0.0349,-0.1599,0.11,0.44,0.08,0.115
2026-09-29T13:00:14+00:00,QQQ,2026-09-29,0,738.84,720.0,P,0.14,0.15,0.145,0.15,8145,3318,0.2448,-0.0454,0.0096,0.0384,-0.1802,0.13,0.54,0.08,0.135
2026-09-29T13:00:14+00:00,QQQ,2026-09-29,0,738.84,721.0,P,0.16,0.18,0.17,0.17,3096,1429,0.2411,-0.0518,0.0109,0.0426,-0.2047,0.14,0.65,0.1,0.165
2026-09-29T13:00:14+00:00,QQQ,2026-09-29,0,738.84,722.0,P,0.2,0.22,0.21,0.22,7695,4199,0.2371,-0.0592,0.0125,0.0473,-0.2339,0.16,0.78,0.11,0.195
2026-09-29T13:00:14+00:00,QQQ,2026-09-29,0,738.84,723.0,P,0.24,0.26,0.25,0.26,8026,3042,0.2336,-0.0681,0.0142,0.0526,-0.2689,0.18,0.89,0.13,0.235
2026-09-29T13:00:14+00:00,QQQ,2026-09-29,0,738.84,724.0,P,0.29,0.31,0.3,0.31,6940,2502,0.2285,-0.0785,0.0163,0.0586,-0.3109,0.22,1.07,0.15,0.285
2026-09-29T13:00:14+00:00,QQQ,2026-09-29,0,738.84,725.0,P,0.35,0.37,0.36,0.35,47235,23031,0.2236,-0.091,0.0187,0.0652,-0.3618,0.25,1.25,0.18,0.345
2026-09-29T13:00:14+00:00,QQQ,2026-09-29,0,738.84,726.0,P,0.41,0.43,0.42,0.42,10166,2792,0.2186,-0.1058,0.0214,0.0727,-0.4237,0.3,1.48,0.23,0.415
2026-09-29T13:00:14+00:00,QQQ,2026-09-29,0,738.84,727.0,P,0.5,0.52,0.51,0.52,10984,3407,0.2145,-0.1233,0.0245,0.0808,-0.4992,0.35,1.71,0.26,0.505
2026-09-29T13:00:14+00:00,QQQ,2026-09-29,0,738.84,728.0,P,0.6,0.62,0.61,0.6,11117,3742,0.2097,-0.1441,0.0279,0.0897,-0.5914,0.41,2.0,0.31,0.625
2026-09-29T13:00:14+00:00,QQQ,2026-09-29,0,738.84,729.0,P,0.72,0.74,0.73,0.71,15444,5320,0.205,-0.1686,0.0317,0.0991,-0.7043,0.5,2.32,0.39,0.755
2026-09-29T13:00:14+00:00,QQQ,2026-09-29,0,738.84,730.0,P,0.85,0.88,0.865,0.86,83132,27107,0.2006,-0.1973,0.0357,0.1091,-0.8419,0.6,2.7,0.47,0.925
2026-09-29T13:00:14+00:00,QQQ,2026-09-29,0,738.84,731.0,P,1.02,1.05,1.035,1.03,22690,4142,0.196,-0.2306,0.04,0.119,-1.0092,0.74,3.11,0.58,1.115
2026-09-29T13:00:14+00:00,QQQ,2026-09-29,0,738.84,732.0,P,1.23,1.26,1.245,1.23,34559,10155,0.1921,-0.2686,0.0443,0.1287,-1.2116,0.87,3.53,0.7,1.355
2026-09-29T13:00:14+00:00,QQQ,2026-09-29,0,738.84,733.0,P,1.47,1.5,1.485,1.47,26502,6459,0.1882,-0.3115,0.0484,0.1377,-1.4546,1.01,4.03,0.86,1.625
2026-09-29T13:00:14+00:00,QQQ,2026-09-29,0,738.84,734.0,P,1.76,1.8,1.78,1.76,30608,3616,0.1851,-0.3592,0.0522,0.1453,-1.744,1.19,4.56,1.03,1.945
2026-09-29T13:00:14+00:00,QQQ,2026-09-29,0,738.84,735.0,P,2.1,2.15,2.125,2.09,90087,39284,0.1818,-0.4112,0.0552,0.1509,-2.0842,1.46,5.16,1.23,2.32
2026-09-29T13:00:14+00:00,QQQ,2026-09-29,0,738.84,736.0,P,2.5,2.53,2.515,2.52,72810,17831,0.1784,-0.4666,0.0574,0.1541,-2.422,1.75,5.79,1.45,2.745
2026-09-29T13:00:14+00:00,QQQ,2026-09-29,0,738.84,737.0,P,2.95,3.01,2.98,2.97,40383,2306,0.1756,-0.5245,0.0584,0.1543,-2.4171,2.11,6.35,1.69,3.22
2026-09-29T13:00:14+00:00,QQQ,2026-09-29,0,738.84,738.0,P,3.47,3.52,3.495,3.48,30881,2642,0.1727,-0.5833,0.0581,0.1513,-2.0246,2.49,7.13,2.05,3.755
2026-09-29T13:00:14+00:00,QQQ,2026-09-29,0,738.84,739.0,P,4.04,4.08,4.06,4.07,13283,1545,0.1699,-0.6415,0.0564,0.1452,-1.6182,2.95,7.9,2.34,4.345
2026-09-29T13:00:14+00:00,QQQ,2026-09-29,0,738.84,740.0,P,4.66,4.75,4.705,4.66,16599,3267,0.168,-0.6975,0.0535,0.1361,-1.2745,3.25,8.8,2.73,4.98
2026-09-29T13:00:14+00:00,QQQ,2026-09-29,0,738.84,741.0,P,5.32,5.49,5.405,5.37,5896,1303,0.1646,-0.7499,0.0495,0.1244,-0.9919,3.76,8.99,3.17,5.67
2026-09-29T13:00:14+00:00,QQQ,2026-09-29,0,738.84,742.0,P,6.08,6.27,6.175,6.25,2744,916,0.1627,-0.7973,0.0446,0.1107,-0.7649,4.24,10.25,3.66,6.415
2026-09-29T13:00:14+00:00,QQQ,2026-09-29,0,738.84,743.0,P,6.82,7.36,7.09,7.07,1021,891,0.1753,-0.8389,0.0392,0.0959,-0.587,4.81,11.23,4.4,7.195
2026-09-29T13:00:14+00:00,QQQ,2026-09-29,0,738.84,744.0,P,7.64,8.14,7.89,7.95,1257,1056,0.1688,-0.8744,0.0336,0.0817,-0.4506,5.54,12.0,4.91,7.975
2026-09-29T13:00:14+00:00,QQQ,2026-09-29,0,738.84,745.0,P,8.56,8.99,8.775,9.0,1577,2006,0.1673,-0.9039,0.0282,0.0686,-0.3481,6.13,13.2,5.42,8.94
2026-09-29T13:00:14+00:00,QQQ,2026-09-29,0,738.84,746.0,P,8.46,10.13,9.295,9.71,282,184,0.1707,-0.9278,0.0231,0.0557,-0.2734,6.77,13.79,6.77,9.75
2026-09-29T13:00:14+00:00,QQQ,2026-09-29,0,738.84,747.0,P,9.8,11.1,10.45,10.44,269,463,0.0,-0.9465,0.0184,0.0434,-0.22,8.0,14.69,7.3,10.68
2026-09-29T13:00:14+00:00,QQQ,2026-09-29,0,738.84,748.0,P,10.76,12.05,11.405,11.85,232,251,0.0,-0.9609,0.0145,0.0345,-0.182,9.0,15.62,8.0,11.62
2026-09-29T13:00:14+00:00,QQQ,2026-09-29,0,738.84,749.0,P,11.45,13.05,12.25,12.58,105,38,0.0,-0.9718,0.0112,0.0273,-0.1551,9.27,16.18,9.27,12.58
2026-09-29T13:00:14+00:00,QQQ,2026-09-29,0,738.84,750.0,P,12.41,14.04,13.225,13.83,1160,10,0.0,-0.9796,0.0085,0.0199,-0.1376,9.89,17.76,9.33,13.525
2026-09-29T13:00:14+00:00,QQQ,2026-09-29,0,738.84,751.0,P,13.38,15.09,14.235,14.5,63,1,0.0,-0.9854,0.0064,0.0156,-0.1253,11.42,18.76,11.23,14.48
2026-09-29T13:00:14+00:00,QQQ,2026-09-29,0,738.84,752.0,P,14.39,16.09,15.24,15.29,17,7,0.0,-0.9895,0.0048,0.0115,-0.1171,14.55,15.6,12.55,15.47
2026-09-29T13:00:14+00:00,QQQ,2026-09-29,0,738.84,753.0,P,15.93,17.03,16.48,16.44,4,0,0.0,-0.9924,0.0036,0.009,-0.1116,14.65,16.44,14.65,16.46
2026-09-29T13:00:14+00:00,QQQ,2026-09-29,0,738.84,754.0,P,16.45,18.08,17.265,16.28,4,1,0.0,-0.9944,0.0027,0.0065,-0.1079,15.6,17.99,15.6,17.385
2026-09-29T13:00:14+00:00,QQQ,2026-09-29,0,738.84,755.0,P,17.43,19.05,18.24,18.28,780,27,0.0,-0.9959,0.002,0.0053,-0.1054,14.77,20.92,14.44,18.365
2026-09-29T13:00:14+00:00,QQQ,2026-09-29,0,738.84,756.0,P,18.45,20.08,19.265,18.22,185,0,0.0,-0.9969,0.0016,0.004,-0.1037,15.71,20.56,15.27,19.385
2026-09-29T13:00:14+00:00,QQQ,2026-09-29,0,738.84,757.0,P,19.45,22.37,20.91,19.86,4,0,0.3566,-0.9977,0.0012,0.0032,-0.1024,19.93,20.21,19.84,20.37
2026-09-29T13:00:14+00:00,QQQ,2026-09-29,0,738.84,758.0,P,20.43,22.05,21.24,14.26,0,0,0.0,-0.9982,0.0009,0.0026,-0.1016,0.0,0.0,0.0,21.38
2026-09-29T13:00:14+00:00,QQQ,2026-09-29,0,738.84,759.0,P,21.41,24.44,22.925,14.6,0,0,0.3764,-0.9986,0.0007,0.002,-0.101,0.0,0.0,0.0,23.13
2026-09-29T13:00:14+00:00,QQQ,2026-09-29,0,738.84,760.0,P,22.4,25.45,23.925,23.4,65,38,0.3879,-0.9989,0.0006,0.0016,-0.1005,21.26,25.5,20.88,23.37
2026-09-29T13:00:14+00:00,QQQ,2026-09-29,0,738.84,761.0,P,23.45,26.45,24.95,22.9,2,0,0.4061,-0.9991,0.0004,0.0013,-0.1002,24.26,24.26,22.9,24.37
2026-09-29T13:00:14+00:00,QQQ,2026-09-29,0,738.84,762.0,P,24.41,27.46,25.935,0.0,0,0,0.4164,-0.9993,0.0004,0.0011,-0.1,0.0,0.0,0.0,25.38
2026-09-29T13:00:14+00:00,QQQ,2026-09-29,0,738.84,763.0,P,25.42,28.45,26.935,26.7,22,0,0.4288,-0.9994,0.0003,0.0008,-0.0998,28.38,28.38,24.0,26.375
2026-09-29T13:00:14+00:00,QQQ,2026-09-29,0,738.84,764.0,P,26.43,29.45,27.94,19.17,0,0,0.4412,-0.9995,0.0002,0.0007,-0.0996,0.0,0.0,0.0,27.38
2026-09-29T13:00:14+00:00,QQQ,2026-09-29,0,738.84,765.0,P,27.43,30.45,28.94,20.54,0,0,0.4546,-0.9996,0.0002,0.0006,-0.0994,0.0,0.0,0.0,28.36
2026-09-29T13:00:14+00:00,QQQ,2026-09-29,0,738.84,766.0,P,28.43,31.46,29.945,0.0,0,0,0.4668,-0.9997,0.0002,0.0005,-0.0993,0.0,0.0,0.0,29.365
2026-09-29T13:00:14+00:00,QQQ,2026-09-29,0,738.84,767.0,P,29.42,32.45,30.935,30.39,2,0,0.4765,-0.9997,0.0001,0.0004,-0.0993,30.39,30.39,30.39,30.375
2026-09-29T13:00:14+00:00,QQQ,2026-09-29,0,738.84,768.0,P,30.42,33.46,31.94,0.0,0,0,0.4898,-0.9998,0.0001,0.0003,-0.0992,0.0,0.0,0.0,31.38
2026-09-29T13:00:14+00:00,QQQ,2026-09-29,0,738.84,769.0,P,31.44,34.45,32.945,0.0,0,0,0.5043,-0.9998,0.0001,0.0003,-0.0992,0.0,0.0,0.0,32.365
2026-09-29T13:00:14+00:00,QQQ,2026-09-29,0,738.84,770.0,P,32.42,35.44,33.93,34.5,4,0,0.5124,-0.9999,0.0001,0.0002,-0.0991,35.19,35.61,34.5,33.38
2026-09-29T13:00:14+00:00,QQQ,2026-09-29,0,738.84,771.0,P,33.42,36.45,34.935,0.0,0,0,0.5255,-0.9999,0.0001,0.0002,-0.0991,0.0,0.0,0.0,34.38
2026-09-29T13:00:14+00:00,QQQ,2026-09-29,0,738.84,772.0,P,34.42,37.45,35.935,0.0,0,0,0.5386,-0.9999,0.0,0.0002,-0.099,0.0,0.0,0.0,35.38
2026-09-29T13:00:14+00:00,QQQ,2026-09-29,0,738.84,773.0,P,35.43,38.44,36.935,0.0,0,0,0.549,-0.9999,0.0,0.0001,-0.099,0.0,0.0,0.0,37.125
2026-09-29T13:00:14+00:00,QQQ,2026-09-29,0,738.84,774.0,P,35.77,39.44,37.605,0.0,0,0,0.3926,-0.9999,0.0,0.0001,-0.099,0.0,0.0,0.0,37.63
2026-09-29T13:00:14+00:00,QQQ,2026-09-29,0,738.84,775.0,P,36.77,40.44,38.605,32.47,0,0,0.4092,-0.9999,0.0,0.0001,-0.099,0.0,0.0,0.0,38.64
2026-09-29T13:00:14+00:00,QQQ,2026-09-29,0,738.84,785.0,P,46.61,50.44,48.525,48.96,3,0,0.0,-1.0,0.0,0.0,-0.0989,51.08,51.13,48.96,48.635
2026-09-29T14:00:09+00:00,QQQ,2026-09-29,0,736.57,674.0,C,61.2,64.48,62.84,63.12,1,0,1.5821,1.0,0.0,0.0,0.0,63.12,63.12,63.12,62.515
2026-09-29T14:00:09+00:00,QQQ,2026-09-29,0,736.57,675.0,C,60.72,63.36,62.04,62.18,1,3,1.7208,1.0,0.0,0.0,0.0,62.18,62.18,62.18,61.515
2026-09-29T14:00:09+00:00,QQQ,2026-09-29,0,736.57,700.0,C,34.92,38.5,36.71,37.77,40,65,0.8783,0.9996,0.0001,0.0003,-0.0012,39.0,39.0,37.77,36.405
2026-09-29T14:00:09+00:00,QQQ,2026-09-29,0,736.57,701.0,C,33.91,37.49,35.7,35.01,0,7,0.8458,0.9995,0.0002,0.0004,-0.0014,0.0,0.0,0.0,35.435
2026-09-29T14:00:09+00:00,QQQ,2026-09-29,0,736.57,702.0,C,32.99,36.35,34.67,35.13,1,33,0.7867,0.9994,0.0002,0.0004,-0.0016,35.13,35.13,35.13,34.43
2026-09-29T14:00:09+00:00,QQQ,2026-09-29,0,736.57,703.0,C,32.63,35.36,33.995,34.21,1,15,1.0099,0.9993,0.0002,0.0005,-0.0019,34.21,34.21,34.21,33.435
2026-09-29T14:00:09+00:00,QQQ,2026-09-29,0,736.57,704.0,C,32.25,34.36,33.305,35.63,0,16,1.1148,0.9992,0.0003,0.0006,-0.0022,0.0,0.0,0.0,32.44
2026-09-29T14:00:09+00:00,QQQ,2026-09-29,0,736.57,705.0,C,31.25,33.29,32.27,30.91,0,230,1.075,0.999,0.0003,0.0007,-0.0026,0.0,0.0,0.0,31.415
2026-09-29T14:00:09+00:00,QQQ,2026-09-29,0,736.57,706.0,C,30.25,32.26,31.255,31.09,2,5,1.0426,0.9989,0.0004,0.0008,-0.0031,30.46,31.09,30.46,30.445
2026-09-29T14:00:09+00:00,QQQ,2026-09-29,0,736.57,707.0,C,29.25,30.27,29.76,30.04,2,17,0.7729,0.9987,0.0004,0.0009,-0.0036,29.96,30.04,29.96,29.415
2026-09-29T14:00:09+00:00,QQQ,2026-09-29,0,736.57,708.0,C,28.22,30.33,29.275,29.1,2,9,0.9956,0.9984,0.0005,0.0011,-0.0042,28.58,29.1,28.58,28.465
2026-09-29T14:00:09+00:00,QQQ,2026-09-29,0,736.57,709.0,C,27.23,28.69,27.96,28.69,2,49,0.8437,0.9982,0.0006,0.0013,-0.005,27.54,28.69,27.54,27.46
2026-09-29T14:00:09+00:00,QQQ,2026-09-29,0,736.57,710.0,C,26.4,27.36,26.88,27.51,6,564,0.7793,0.9978,0.0007,0.0015,-0.0058,26.97,27.51,26.46,26.425
2026-09-29T14:00:09+00:00,QQQ,2026-09-29,0,736.57,711.0,C,25.26,26.3,25.78,25.99,4,51,0.6969,0.9974,0.0009,0.0017,-0.0069,25.96,26.08,25.96,25.43
2026-09-29T14:00:09+00:00,QQQ,2026-09-29,0,736.57,712.0,C,24.26,25.89,25.075,24.69,0,15,0.8157,0.9969,0.001,0.002,-0.0081,0.0,0.0,0.0,24.48
2026-09-29T14:00:09+00:00,QQQ,2026-09-29,0,736.57,713.0,C,23.26,25.36,24.31,31.84,0,34,0.8689,0.9964,0.0012,0.0024,-0.0096,0.0,0.0,0.0,23.41
2026-09-29T14:00:09+00:00,QQQ,2026-09-29,0,736.57,714.0,C,22.49,23.52,23.005,23.69,5,43,0.7362,0.9957,0.0014,0.0028,-0.0115,23.69,23.69,23.69,22.48
2026-09-29T14:00:09+00:00,QQQ,2026-09-29,0,736.57,715.0,C,21.25,23.13,22.19,21.87,0,485,0.7754,0.9948,0.0017,0.0032,-0.0136,0.0,0.0,0.0,21.395
2026-09-29T14:00:09+00:00,QQQ,2026-09-29,0,736.57,716.0,C,20.26,22.16,21.21,20.74,0,190,0.754,0.9938,0.0021,0.0038,-0.0163,0.0,0.0,0.0,20.4
2026-09-29T14:00:09+00:00,QQQ,2026-09-29,0,736.57,717.0,C,19.27,21.13,20.2,20.37,0,102,0.723,0.9926,0.0025,0.0045,-0.0195,0.0,0.0,0.0,19.42
2026-09-29T14:00:09+00:00,QQQ,2026-09-29,0,736.57,718.0,C,18.27,20.17,19.22,21.14,6,132,0.7009,0.991,0.003,0.0052,-0.0234,21.14,21.14,21.14,18.46
2026-09-29T14:00:09+00:00,QQQ,2026-09-29,0,736.57,719.0,C,17.28,19.19,18.235,17.73,0,80,0.6768,0.9892,0.0037,0.0062,-0.0282,0.0,0.0,0.0,17.445
2026-09-29T14:00:09+00:00,QQQ,2026-09-29,0,736.57,720.0,C,16.3,16.77,16.535,16.5,44,861,0.0,0.9869,0.0045,0.0073,-0.0342,19.07,19.07,16.5,16.69
2026-09-29T14:00:09+00:00,QQQ,2026-09-29,0,736.57,721.0,C,15.28,17.19,16.235,17.55,1,377,0.619,0.984,0.0054,0.0087,-0.0416,17.55,17.55,17.55,15.565
2026-09-29T14:00:09+00:00,QQQ,2026-09-29,0,736.57,722.0,C,14.29,15.67,14.98,14.95,0,81,0.5159,0.9804,0.0066,0.0103,-0.0509,0.0,0.0,0.0,14.52
2026-09-29T14:00:09+00:00,QQQ,2026-09-29,0,736.57,723.0,C,13.34,14.97,14.155,13.7,6,98,0.5395,0.9758,0.0082,0.0122,-0.0628,17.01,17.01,13.7,13.705
2026-09-29T14:00:09+00:00,QQQ,2026-09-29,0,736.57,724.0,C,12.34,13.99,13.165,14.03,14,121,0.5128,0.97,0.01,0.0146,-0.078,14.03,14.03,14.03,12.72
2026-09-29T14:00:09+00:00,QQQ,2026-09-29,0,736.57,725.0,C,11.35,12.02,11.685,11.5,13,712,0.3166,0.9626,0.0124,0.0175,-0.0978,12.81,12.81,11.5,11.795
2026-09-29T14:00:09+00:00,QQQ,2026-09-29,0,736.57,726.0,C,10.37,11.36,10.865,11.2,18,129,0.3704,0.953,0.0154,0.0209,-0.1237,13.36,13.36,11.2,10.83
2026-09-29T14:00:09+00:00,QQQ,2026-09-29,0,736.57,727.0,C,9.42,10.07,9.745,9.95,261,392,0.3,0.9407,0.019,0.0251,-0.1581,13.0,13.0,9.95,10.06
2026-09-29T14:00:09+00:00,QQQ,2026-09-29,0,736.57,728.0,C,8.58,9.11,8.845,9.29,13,448,0.31,0.9246,0.0236,0.0301,-0.2042,11.8,11.8,9.29,9.205
2026-09-29T14:00:09+00:00,QQQ,2026-09-29,0,736.57,729.0,C,7.54,8.17,7.855,8.45,0,184,0.2855,0.9037,0.029,0.036,-0.2663,0.0,0.0,0.0,8.345
2026-09-29T14:00:09+00:00,QQQ,2026-09-29,0,736.57,730.0,C,6.9,7.0,6.95,6.98,136,716,0.2826,0.8768,0.0355,0.0427,-0.3503,10.08,10.11,6.75,7.505
2026-09-29T14:00:09+00:00,QQQ,2026-09-29,0,736.57,731.0,C,6.04,6.09,6.065,5.85,860,572,0.2803,0.8427,0.0429,0.0502,-0.4635,9.06,9.06,5.85,6.705
2026-09-29T14:00:09+00:00,QQQ,2026-09-29,0,736.57,732.0,C,5.2,5.25,5.225,5.18,1103,819,0.2764,0.8003,0.0509,0.058,-0.6147,7.65,7.96,5.0,5.935
2026-09-29T14:00:09+00:00,QQQ,2026-09-29,0,736.57,733.0,C,4.4,4.45,4.425,4.45,325,2372,0.2695,0.7489,0.059,0.0658,-0.8139,7.56,7.56,4.2,5.195
2026-09-29T14:00:09+00:00,QQQ,2026-09-29,0,736.57,734.0,C,3.67,3.69,3.68,3.63,844,1299,0.2635,0.6886,0.0664,0.0727,-1.0713,6.71,6.74,3.5,4.515
2026-09-29T14:00:09+00:00,QQQ,2026-09-29,0,736.57,735.0,C,2.99,3.01,3.0,2.99,1655,3186,0.2596,0.6206,0.0723,0.0781,-1.3966,5.74,6.0,2.82,3.885
2026-09-29T14:00:09+00:00,QQQ,2026-09-29,0,736.57,736.0,C,2.39,2.4,2.395,2.39,3174,5006,0.2565,0.5468,0.076,0.0811,-1.7974,4.88,5.15,2.24,3.315
2026-09-29T14:00:09+00:00,QQQ,2026-09-29,0,736.57,737.0,C,1.86,1.87,1.865,1.87,11912,7852,0.2536,0.4703,0.0768,0.0814,-1.8737,4.25,4.25,1.72,2.795
2026-09-29T14:00:09+00:00,QQQ,2026-09-29,0,736.57,738.0,C,1.42,1.43,1.425,1.43,16029,5652,0.2522,0.3942,0.0745,0.0789,-1.4366,3.49,3.65,1.31,2.325
2026-09-29T14:00:09+00:00,QQQ,2026-09-29,0,736.57,739.0,C,1.06,1.07,1.065,1.06,18494,6169,0.2509,0.322,0.0695,0.0737,-1.0786,2.72,2.93,0.98,1.915
2026-09-29T14:00:09+00:00,QQQ,2026-09-29,0,736.57,740.0,C,0.78,0.79,0.785,0.78,28329,7897,0.251,0.2564,0.0624,0.0665,-0.7937,2.2,2.36,0.71,1.555
2026-09-29T14:00:09+00:00,QQQ,2026-09-29,0,736.57,741.0,C,0.56,0.57,0.565,0.57,15215,3074,0.2517,0.1992,0.0539,0.058,-0.5735,1.77,1.89,0.51,1.255
2026-09-29T14:00:09+00:00,QQQ,2026-09-29,0,736.57,742.0,C,0.4,0.41,0.405,0.4,13953,6546,0.254,0.1514,0.045,0.0491,-0.408,1.29,1.45,0.37,1.005
2026-09-29T14:00:09+00:00,QQQ,2026-09-29,0,736.57,743.0,C,0.28,0.29,0.285,0.29,11845,7202,0.2562,0.113,0.0365,0.0404,-0.287,1.0,1.03,0.27,0.785
2026-09-29T14:00:09+00:00,QQQ,2026-09-29,0,736.57,744.0,C,0.2,0.21,0.205,0.2,10695,3156,0.261,0.0832,0.0288,0.0325,-0.2008,0.7,0.76,0.19,0.615
2026-09-29T14:00:09+00:00,QQQ,2026-09-29,0,736.57,745.0,C,0.14,0.15,0.145,0.14,9732,7854,0.2652,0.0609,0.0224,0.0258,-0.1408,0.51,0.57,0.13,0.475
2026-09-29T14:00:09+00:00,QQQ,2026-09-29,0,736.57,746.0,C,0.1,0.11,0.105,0.11,4669,2194,0.271,0.0447,0.0172,0.0203,-0.0999,0.41,0.43,0.09,0.365
2026-09-29T14:00:09+00:00,QQQ,2026-09-29,0,736.57,747.0,C,0.07,0.08,0.075,0.08,2653,5519,0.2763,0.0333,0.0132,0.0161,-0.0726,0.27,0.27,0.07,0.275
2026-09-29T14:00:09+00:00,QQQ,2026-09-29,0,736.57,748.0,C,0.05,0.06,0.055,0.05,3679,2137,0.2828,0.0254,0.0102,0.0129,-0.0547,0.19,0.19,0.05,0.215
2026-09-29T14:00:09+00:00,QQQ,2026-09-29,0,736.57,749.0,C,0.03,0.04,0.035,0.03,1684,2383,0.2834,0.02,0.0081,0.0106,-0.0432,0.14,0.14,0.03,0.165
2026-09-29T14:00:09+00:00,QQQ,2026-09-29,0,736.57,750.0,C,0.02,0.03,0.025,0.03,1210,7884,0.289,0.0164,0.0066,0.009,-0.0358,0.1,0.1,0.02,0.125
2026-09-29T14:00:09+00:00,QQQ,2026-09-29,0,736.57,751.0,C,0.02,0.03,0.025,0.02,554,2831,0.3075,0.014,0.0055,0.0078,-0.0312,0.08,0.08,0.02,0.105
2026-09-29T14:00:09+00:00,QQQ,2026-09-29,0,736.57,752.0,C,0.01,0.02,0.015,0.02,2001,2702,0.3059,0.0123,0.0047,0.007,-0.0283,0.05,0.05,0.01,0.075
2026-09-29T14:00:09+00:00,QQQ,2026-09-29,0,736.57,753.0,C,0.01,0.02,0.015,0.02,948,3736,0.3232,0.0112,0.0042,0.0064,-0.0265,0.04,0.04,0.01,0.065
2026-09-29T14:00:09+00:00,QQQ,2026-09-29,0,736.57,754.0,C,0.01,0.02,0.015,0.01,997,2488,0.3403,0.0103,0.0037,0.006,-0.0254,0.05,0.05,0.01,0.055
2026-09-29T14:00:09+00:00,QQQ,2026-09-29,0,736.57,755.0,C,0.0,0.01,0.01,0.01,2727,2761,0.3188,0.0097,0.0033,0.0056,-0.0247,0.02,0.03,0.01,0.045
2026-09-29T14:00:09+00:00,QQQ,2026-09-29,0,736.57,756.0,C,0.0,0.01,0.01,0.01,351,1635,0.3342,0.0092,0.0031,0.0054,-0.0243,0.01,0.02,0.01,0.035
2026-09-29T14:00:09+00:00,QQQ,2026-09-29,0,736.57,757.0,C,0.0,0.01,0.01,0.01,762,2262,0.3496,0.0087,0.0028,0.0051,-0.024,0.02,0.02,0.01,0.035
2026-09-29T14:00:09+00:00,QQQ,2026-09-29,0,736.57,758.0,C,0.0,0.01,0.01,0.01,62,637,0.3648,0.0084,0.0026,0.0049,-0.0238,0.02,0.02,0.01,0.025
2026-09-29T14:00:09+00:00,QQQ,2026-09-29,0,736.57,759.0,C,0.0,0.01,0.02,0.02,503,1121,0.38,0.008,0.0024,0.0047,-0.0236,0.01,0.02,0.01,0.025
2026-09-29T14:00:09+00:00,QQQ,2026-09-29,0,736.57,760.0,C,0.0,0.01,0.01,0.01,270,4773,0.3951,0.0077,0.0022,0.0046,-0.0235,0.02,0.02,0.01,0.025
2026-09-29T14:00:09+00:00,QQQ,2026-09-29,0,736.57,761.0,C,0.0,0.01,0.02,0.02,101,718,0.4101,0.0075,0.0021,0.0044,-0.0234,0.01,0.02,0.01,0.015
2026-09-29T14:00:09+00:00,QQQ,2026-09-29,0,736.57,762.0,C,0.0,0.01,0.01,0.01,102,607,0.4251,0.0072,0.002,0.0043,-0.0232,0.01,0.01,0.01,0.015
2026-09-29T14:00:09+00:00,QQQ,2026-09-29,0,736.57,763.0,C,0.0,0.01,0.01,0.01,102,1090,0.44,0.007,0.0018,0.0042,-0.0232,0.01,0.01,0.01,0.015
2026-09-29T14:00:09+00:00,QQQ,2026-09-29,0,736.57,764.0,C,0.0,0.01,0.01,0.01,0,440,0.4549,0.0068,0.0017,0.004,-0.0231,0.0,0.0,0.0,0.015
2026-09-29T14:00:09+00:00,QQQ,2026-09-29,0,736.57,765.0,C,0.0,0.01,0.01,0.01,2,1443,0.4696,0.0066,0.0016,0.0039,-0.023,0.01,0.01,0.01,0.015
2026-09-29T14:00:09+00:00,QQQ,2026-09-29,0,736.57,766.0,C,0.0,0.01,0.01,0.01,40,340,0.4844,0.0064,0.0016,0.0038,-0.0229,0.01,0.01,0.01,0.015
2026-09-29T14:00:09+00:00,QQQ,2026-09-29,0,736.57,767.0,C,0.0,0.01,0.01,0.01,0,368,0.499,0.0062,0.0015,0.0037,-0.0228,0.0,0.0,0.0,0.015
2026-09-29T14:00:09+00:00,QQQ,2026-09-29,0,736.57,768.0,C,0.0,0.01,0.02,0.02,0,6756,0.5136,0.006,0.0014,0.0036,-0.0227,0.0,0.0,0.0,0.005
2026-09-29T14:00:09+00:00,QQQ,2026-09-29,0,736.57,769.0,C,0.0,0.01,0.01,0.01,0,545,0.5282,0.0058,0.0013,0.0035,-0.0226,0.0,0.0,0.0,0.005
2026-09-29T14:00:09+00:00,QQQ,2026-09-29,0,736.57,770.0,C,0.0,0.01,0.01,0.01,2,919,0.5427,0.0057,0.0013,0.0034,-0.0226,0.01,0.01,0.01,0.005
2026-09-29T14:00:09+00:00,QQQ,2026-09-29,0,736.57,771.0,C,0.0,0.01,0.01,0.01,0,444,0.5571,0.0056,0.0012,0.0034,-0.0225,0.0,0.0,0.0,0.005
2026-09-29T14:00:09+00:00,QQQ,2026-09-29,0,736.57,772.0,C,0.0,0.01,0.02,0.02,0,288,0.5715,0.0054,0.0012,0.0033,-0.0224,0.0,0.0,0.0,0.005
2026-09-29T14:00:09+00:00,QQQ,2026-09-29,0,736.57,773.0,C,0.0,0.01,0.01,0.01,0,75,0.5859,0.0053,0.0011,0.0032,-0.0223,0.0,0.0,0.0,0.005
2026-09-29T14:00:09+00:00,QQQ,2026-09-29,0,736.57,820.0,C,0.0,0.01,0.01,0.01,1,110,1.2178,0.0024,0.0003,0.0015,-0.0189,0.01,0.01,0.01,0.005
2026-09-29T14:00:09+00:00,QQQ,2026-09-29,0,736.57,830.0,C,0.0,0.01,0.01,0.01,20,94,1.3437,0.0022,0.0002,0.0014,-0.0181,0.01,0.01,0.01,0.005
2026-09-29T14:00:09+00:00,QQQ,2026-09-29,0,736.57,840.0,C,0.0,0.01,0.01,0.01,10,138,1.4673,0.0019,0.0002,0.0012,-0.0174,0.01,0.01,0.01,0.005
2026-09-29T14:00:09+00:00,QQQ,2026-09-29,0,736.57,895.0,C,0.0,0.01,0.01,0.01,126,80,2.1091,0.0011,0.0001,0.0008,-0.0136,0.01,0.01,0.01,0.005
2026-09-29T14:00:09+00:00,QQQ,2026-09-29,0,736.57,900.0,C,0.0,0.01,0.01,0.01,10,68,2.1647,0.0011,0.0001,0.0007,-0.0133,0.01,0.01,0.01,0.005
2026-09-29T14:00:09+00:00,QQQ,2026-09-29,0,736.57,450.0,P,0.0,0.01,0.01,0.01,3,155,5.1269,0.0,0.0,0.0,0.0,0.01,0.01,0.01,0.005
2026-09-29T14:00:09+00:00,QQQ,2026-09-29,0,736.57,670.0,P,0.0,0.01,0.01,0.01,1,4367,1.0949,0.0,0.0,0.0,0.0,0.01,0.01,0.01,0.015
2026-09-29T14:00:09+00:00,QQQ,2026-09-29,0,736.57,675.0,P,0.0,0.01,0.01,0.01,1,1278,1.0153,0.0,0.0,0.0,0.0,0.01,0.01,0.01,0.015
2026-09-29T14:00:09+00:00,QQQ,2026-09-29,0,736.57,677.0,P,0.0,0.01,0.01,0.01,1,464,0.9835,0.0,0.0,0.0,-0.0001,0.01,0.01,0.01,0.015
2026-09-29T14:00:09+00:00,QQQ,2026-09-29,0,736.57,678.0,P,0.0,0.01,0.01,0.01,3,1161,0.9676,0.0,0.0,0.0,-0.0001,0.01,0.01,0.01,0.015
2026-09-29T14:00:09+00:00,QQQ,2026-09-29,0,736.57,684.0,P,0.0,0.01,0.01,0.01,2,131,0.8724,0.0,0.0,0.0,-0.0001,0.01,0.01,0.01,0.015
2026-09-29T14:00:09+00:00,QQQ,2026-09-29,0,736.57,687.0,P,0.0,0.01,0.01,0.01,1,77,0.8248,-0.0001,0.0,0.0001,-0.0002,0.01,0.01,0.01,0.015
2026-09-29T14:00:09+00:00,QQQ,2026-09-29,0,736.57,688.0,P,0.0,0.01,0.01,0.01,1,76,0.8089,-0.0001,0.0,0.0001,-0.0002,0.01,0.01,0.01,0.015
2026-09-29T14:00:09+00:00,QQQ,2026-09-29,0,736.57,694.0,P,0.0,0.01,0.01,0.01,5,351,0.7138,-0.0002,0.0001,0.0001,-0.0005,0.01,0.01,0.01,0.025
2026-09-29T14:00:09+00:00,QQQ,2026-09-29,0,736.57,695.0,P,0.0,0.01,0.01,0.01,20,876,0.698,-0.0002,0.0001,0.0002,-0.0006,0.01,0.01,0.01,0.025
2026-09-29T14:00:09+00:00,QQQ,2026-09-29,0,736.57,698.0,P,0.0,0.01,0.01,0.01,4,301,0.6504,-0.0003,0.0001,0.0003,-0.0009,0.01,0.01,0.01,0.025
2026-09-29T14:00:09+00:00,QQQ,2026-09-29,0,736.57,699.0,P,0.0,0.01,0.01,0.01,3,280,0.6345,-0.0004,0.0001,0.0003,-0.001,0.01,0.01,0.01,0.025
2026-09-29T14:00:09+00:00,QQQ,2026-09-29,0,736.57,700.0,P,0.0,0.01,0.01,0.01,9,2253,0.6186,-0.0004,0.0001,0.0003,-0.0012,0.01,0.01,0.01,0.025
2026-09-29T14:00:09+00:00,QQQ,2026-09-29,0,736.57,701.0,P,0.0,0.01,0.01,0.01,2,626,0.6027,-0.0005,0.0002,0.0004,-0.0014,0.01,0.01,0.01,0.025
2026-09-29T14:00:09+00:00,QQQ,2026-09-29,0,736.57,702.0,P,0.0,0.01,0.01,0.01,55,430,0.5868,-0.0006,0.0002,0.0004,-0.0016,0.01,0.01,0.01,0.025
2026-09-29T14:00:09+00:00,QQQ,2026-09-29,0,736.57,703.0,P,0.0,0.01,0.01,0.01,150,780,0.5709,-0.0007,0.0002,0.0005,-0.0019,0.01,0.01,0.01,0.035
2026-09-29T14:00:09+00:00,QQQ,2026-09-29,0,736.57,704.0,P,0.0,0.01,0.01,0.01,69,611,0.555,-0.0008,0.0003,0.0006,-0.0022,0.01,0.01,0.01,0.035
2026-09-29T14:00:09+00:00,QQQ,2026-09-29,0,736.57,705.0,P,0.0,0.01,0.01,0.01,791,1921,0.539,-0.001,0.0003,0.0007,-0.0026,0.01,0.02,0.01,0.035
2026-09-29T14:00:09+00:00,QQQ,2026-09-29,0,736.57,706.0,P,0.0,0.01,0.01,0.01,1720,555,0.5231,-0.0011,0.0004,0.0008,-0.0031,0.01,0.02,0.01,0.035
2026-09-29T14:00:09+00:00,QQQ,2026-09-29,0,736.57,707.0,P,0.0,0.01,0.01,0.01,2321,1640,0.5071,-0.0013,0.0004,0.0009,-0.0036,0.01,0.02,0.01,0.035
2026-09-29T14:00:09+00:00,QQQ,2026-09-29,0,736.57,708.0,P,0.0,0.01,0.01,0.01,2558,1993,0.4912,-0.0016,0.0005,0.0011,-0.0042,0.01,0.02,0.01,0.035
2026-09-29T14:00:09+00:00,QQQ,2026-09-29,0,736.57,709.0,P,0.01,0.02,0.015,0.01,3277,553,0.5288,-0.0018,0.0006,0.0013,-0.005,0.01,0.01,0.01,0.045
2026-09-29T14:00:09+00:00,QQQ,2026-09-29,0,736.57,710.0,P,0.01,0.02,0.015,0.02,1558,1837,0.5113,-0.0022,0.0007,0.0015,-0.0058,0.02,0.02,0.01,0.045
2026-09-29T14:00:09+00:00,QQQ,2026-09-29,0,736.57,711.0,P,0.01,0.02,0.015,0.01,132,1572,0.4938,-0.0026,0.0009,0.0017,-0.0069,0.02,0.02,0.01,0.045
2026-09-29T14:00:09+00:00,QQQ,2026-09-29,0,736.57,712.0,P,0.01,0.02,0.015,0.01,41,3319,0.4762,-0.0031,0.001,0.002,-0.0081,0.01,0.02,0.01,0.055
2026-09-29T14:00:09+00:00,QQQ,2026-09-29,0,736.57,713.0,P,0.01,0.02,0.015,0.01,10,911,0.4586,-0.0036,0.0012,0.0024,-0.0096,0.02,0.02,0.01,0.055
2026-09-29T14:00:09+00:00,QQQ,2026-09-29,0,736.57,714.0,P,0.01,0.02,0.015,0.02,733,1308,0.4409,-0.0043,0.0014,0.0028,-0.0115,0.02,0.02,0.01,0.065
2026-09-29T14:00:09+00:00,QQQ,2026-09-29,0,736.57,715.0,P,0.01,0.02,0.015,0.02,901,4270,0.4232,-0.0052,0.0017,0.0032,-0.0136,0.01,0.03,0.01,0.065
2026-09-29T14:00:09+00:00,QQQ,2026-09-29,0,736.57,716.0,P,0.01,0.02,0.015,0.02,779,820,0.4055,-0.0062,0.0021,0.0038,-0.0163,0.02,0.03,0.01,0.075
2026-09-29T14:00:09+00:00,QQQ,2026-09-29,0,736.57,717.0,P,0.02,0.03,0.025,0.02,1020,3256,0.4117,-0.0074,0.0025,0.0045,-0.0195,0.02,0.03,0.01,0.085
2026-09-29T14:00:09+00:00,QQQ,2026-09-29,0,736.57,718.0,P,0.02,0.03,0.025,0.02,504,1481,0.393,-0.009,0.003,0.0052,-0.0234,0.02,0.04,0.01,0.105
2026-09-29T14:00:09+00:00,QQQ,2026-09-29,0,736.57,719.0,P,0.02,0.03,0.025,0.02,988,1987,0.3741,-0.0108,0.0037,0.0062,-0.0282,0.03,0.04,0.02,0.115
2026-09-29T14:00:09+00:00,QQQ,2026-09-29,0,736.57,720.0,P,0.03,0.04,0.035,0.03,1239,3318,0.3713,-0.0131,0.0045,0.0073,-0.0342,0.03,0.04,0.02,0.135
2026-09-29T14:00:09+00:00,QQQ,2026-09-29,0,736.57,721.0,P,0.03,0.04,0.035,0.05,951,1429,0.3516,-0.016,0.0054,0.0087,-0.0416,0.07,0.07,0.02,0.165
2026-09-29T14:00:09+00:00,QQQ,2026-09-29,0,736.57,722.0,P,0.04,0.05,0.045,0.04,978,4199,0.344,-0.0196,0.0066,0.0103,-0.0509,0.01,0.06,0.01,0.195
2026-09-29T14:00:09+00:00,QQQ,2026-09-29,0,736.57,723.0,P,0.05,0.06,0.055,0.06,959,3042,0.3336,-0.0242,0.0082,0.0122,-0.0628,0.03,0.07,0.02,0.235
2026-09-29T14:00:09+00:00,QQQ,2026-09-29,0,736.57,724.0,P,0.07,0.08,0.075,0.08,447,2502,0.3287,-0.03,0.01,0.0146,-0.078,0.03,0.09,0.03,0.285
2026-09-29T14:00:09+00:00,QQQ,2026-09-29,0,736.57,725.0,P,0.09,0.1,0.095,0.09,2184,23031,0.3197,-0.0374,0.0124,0.0175,-0.0978,0.04,0.1,0.04,0.345
2026-09-29T14:00:09+00:00,QQQ,2026-09-29,0,736.57,726.0,P,0.11,0.12,0.115,0.12,4019,2792,0.3078,-0.047,0.0154,0.0209,-0.1237,0.07,0.13,0.05,0.415
2026-09-29T14:00:09+00:00,QQQ,2026-09-29,0,736.57,727.0,P,0.15,0.16,0.155,0.16,5285,3407,0.3021,-0.0593,0.019,0.0251,-0.1581,0.06,0.18,0.04,0.505
2026-09-29T14:00:09+00:00,QQQ,2026-09-29,0,736.57,728.0,P,0.19,0.2,0.195,0.2,4420,3742,0.2918,-0.0754,0.0236,0.0301,-0.2042,0.1,0.22,0.08,0.625
2026-09-29T14:00:09+00:00,QQQ,2026-09-29,0,736.57,729.0,P,0.26,0.27,0.265,0.27,4255,5320,0.284,-0.0963,0.029,0.036,-0.2663,0.12,0.29,0.07,0.755
2026-09-29T14:00:09+00:00,QQQ,2026-09-29,0,736.57,730.0,P,0.34,0.35,0.345,0.34,29520,27107,0.279,-0.1232,0.0355,0.0427,-0.3503,0.15,0.39,0.13,0.925
2026-09-29T14:00:09+00:00,QQQ,2026-09-29,0,736.57,731.0,P,0.46,0.47,0.465,0.46,8077,4142,0.2743,-0.1573,0.0429,0.0502,-0.4635,0.21,0.52,0.17,1.115
2026-09-29T14:00:09+00:00,QQQ,2026-09-29,0,736.57,732.0,P,0.61,0.62,0.615,0.63,10432,10155,0.2686,-0.1997,0.0509,0.058,-0.6147,0.25,0.69,0.22,1.355
2026-09-29T14:00:09+00:00,QQQ,2026-09-29,0,736.57,733.0,P,0.82,0.83,0.825,0.83,11477,6459,0.2642,-0.2511,0.059,0.0658,-0.8139,0.35,0.91,0.29,1.625
2026-09-29T14:00:09+00:00,QQQ,2026-09-29,0,736.57,734.0,P,1.07,1.08,1.075,1.07,15922,3616,0.2607,-0.3114,0.0664,0.0727,-1.0713,0.42,1.19,0.38,1.945
2026-09-29T14:00:09+00:00,QQQ,2026-09-29,0,736.57,735.0,P,1.4,1.41,1.405,1.4,34580,39284,0.2583,-0.3794,0.0723,0.0781,-1.3966,0.54,1.54,0.5,2.32
2026-09-29T14:00:09+00:00,QQQ,2026-09-29,0,736.57,736.0,P,1.79,1.8,1.795,1.8,35970,17831,0.2547,-0.4532,0.076,0.0811,-1.7974,0.78,1.96,0.65,2.745
2026-09-29T14:00:09+00:00,QQQ,2026-09-29,0,736.57,737.0,P,2.26,2.27,2.265,2.26,36912,2306,0.2517,-0.5297,0.0768,0.0814,-1.8737,0.94,2.45,0.91,3.22
2026-09-29T14:00:09+00:00,QQQ,2026-09-29,0,736.57,738.0,P,2.81,2.83,2.82,2.82,22530,2642,0.2491,-0.6058,0.0745,0.0789,-1.4366,1.28,3.03,1.18,3.755
2026-09-29T14:00:09+00:00,QQQ,2026-09-29,0,736.57,739.0,P,3.45,3.47,3.46,3.45,11869,1545,0.2482,-0.678,0.0695,0.0737,-1.0786,1.66,3.69,1.59,4.345
2026-09-29T14:00:09+00:00,QQQ,2026-09-29,0,736.57,740.0,P,4.15,4.2,4.175,4.16,7591,3267,0.2434,-0.7436,0.0624,0.0665,-0.7937,2.1,4.42,1.93,4.98
2026-09-29T14:00:09+00:00,QQQ,2026-09-29,0,736.57,741.0,P,4.93,4.99,4.96,5.18,1888,1303,0.2455,-0.8008,0.0539,0.058,-0.5735,2.54,5.2,2.48,5.67
2026-09-29T14:00:09+00:00,QQQ,2026-09-29,0,736.57,742.0,P,5.76,5.84,5.8,5.77,628,916,0.2498,-0.8486,0.045,0.0491,-0.408,3.12,6.04,3.11,6.415
2026-09-29T14:00:09+00:00,QQQ,2026-09-29,0,736.57,743.0,P,6.63,6.73,6.68,6.88,146,891,0.2523,-0.887,0.0365,0.0404,-0.287,4.13,6.88,3.85,7.195
2026-09-29T14:00:09+00:00,QQQ,2026-09-29,0,736.57,744.0,P,7.5,7.92,7.71,7.77,144,1056,0.2897,-0.9168,0.0288,0.0325,-0.2008,4.96,7.84,4.79,7.975
2026-09-29T14:00:09+00:00,QQQ,2026-09-29,0,736.57,745.0,P,8.43,8.86,8.645,8.5,182,2006,0.2983,-0.9391,0.0224,0.0258,-0.1408,5.22,8.79,5.22,8.94
2026-09-29T14:00:09+00:00,QQQ,2026-09-29,0,736.57,746.0,P,9.01,9.84,9.425,9.34,53,184,0.207,-0.9553,0.0172,0.0203,-0.0999,7.22,9.61,7.22,9.75
2026-09-29T14:00:09+00:00,QQQ,2026-09-29,0,736.57,747.0,P,9.42,10.83,10.125,10.62,19,463,0.0,-0.9667,0.0132,0.0161,-0.0726,7.79,10.62,7.79,10.68
2026-09-29T14:00:09+00:00,QQQ,2026-09-29,0,736.57,748.0,P,10.81,11.59,11.2,11.46,25,251,0.0,-0.9746,0.0102,0.0129,-0.0547,8.95,11.46,8.95,11.62
2026-09-29T14:00:09+00:00,QQQ,2026-09-29,0,736.57,749.0,P,11.96,12.78,12.37,12.29,50,38,0.0,-0.98,0.0081,0.0106,-0.0432,9.65,12.56,9.59,12.58
2026-09-29T14:00:09+00:00,QQQ,2026-09-29,0,736.57,750.0,P,12.33,13.79,13.06,12.3,12,10,0.0,-0.9836,0.0066,0.009,-0.0358,10.79,12.7,10.07,13.525
2026-09-29T14:00:09+00:00,QQQ,2026-09-29,0,736.57,751.0,P,14.08,14.78,14.43,14.5,14,1,0.3075,-0.986,0.0055,0.0078,-0.0312,11.86,14.5,11.86,14.48
2026-09-29T14:00:09+00:00,QQQ,2026-09-29,0,736.57,752.0,P,13.86,15.78,14.82,14.1,4,7,0.0,-0.9877,0.0047,0.007,-0.0283,12.07,14.1,12.07,15.47
2026-09-29T14:00:09+00:00,QQQ,2026-09-29,0,736.57,753.0,P,14.86,16.78,15.82,15.34,1,0,0.0,-0.9888,0.0042,0.0064,-0.0265,15.34,15.34,15.34,16.46
2026-09-29T14:00:09+00:00,QQQ,2026-09-29,0,736.57,754.0,P,15.85,17.77,16.81,16.28,0,1,0.0,-0.9897,0.0037,0.006,-0.0254,0.0,0.0,0.0,17.385
2026-09-29T14:00:09+00:00,QQQ,2026-09-29,0,736.57,755.0,P,16.85,18.77,17.81,18.4,2,27,0.0,-0.9903,0.0033,0.0056,-0.0247,18.1,18.4,18.1,18.365
2026-09-29T14:00:09+00:00,QQQ,2026-09-29,0,736.57,756.0,P,17.86,19.76,18.81,18.22,0,0,0.0,-0.9908,0.0031,0.0054,-0.0243,0.0,0.0,0.0,19.385
2026-09-29T14:00:09+00:00,QQQ,2026-09-29,0,736.57,757.0,P,18.85,20.76,19.805,18.94,1,0,0.0,-0.9913,0.0028,0.0051,-0.024,18.94,18.94,18.94,20.37
2026-09-29T14:00:09+00:00,QQQ,2026-09-29,0,736.57,758.0,P,19.85,21.77,20.81,14.26,0,0,0.0,-0.9916,0.0026,0.0049,-0.0238,0.0,0.0,0.0,21.38
2026-09-29T14:00:09+00:00,QQQ,2026-09-29,0,736.57,759.0,P,20.66,23.65,22.155,14.6,0,0,0.0,-0.992,0.0024,0.0047,-0.0236,0.0,0.0,0.0,23.13
2026-09-29T14:00:09+00:00,QQQ,2026-09-29,0,736.57,760.0,P,21.61,24.87,23.24,22.56,8,38,0.0,-0.9923,0.0022,0.0046,-0.0235,20.4,22.56,20.4,23.37
2026-09-29T14:00:09+00:00,QQQ,2026-09-29,0,736.57,761.0,P,22.54,25.69,24.115,24.01,2,0,0.0,-0.9925,0.0021,0.0044,-0.0234,24.11,24.11,24.01,24.37
2026-09-29T14:00:09+00:00,QQQ,2026-09-29,0,736.57,762.0,P,23.54,27.04,25.29,24.42,2,0,0.0,-0.9928,0.002,0.0043,-0.0232,24.62,24.62,24.42,25.38
2026-09-29T14:00:09+00:00,QQQ,2026-09-29,0,736.57,763.0,P,24.54,28.04,26.29,25.42,2,0,0.0,-0.993,0.0018,0.0042,-0.0232,25.54,25.54,25.42,26.375
2026-09-29T14:00:09+00:00,QQQ,2026-09-29,0,736.57,764.0,P,25.54,29.04,27.29,19.17,0,0,0.0,-0.9932,0.0017,0.004,-0.0231,0.0,0.0,0.0,27.38
2026-09-29T14:00:09+00:00,QQQ,2026-09-29,0,736.57,765.0,P,26.54,30.04,28.29,27.86,3,0,0.0,-0.9934,0.0016,0.0039,-0.023,27.86,27.86,27.86,28.36
2026-09-29T14:00:09+00:00,QQQ,2026-09-29,0,736.57,766.0,P,27.54,31.04,29.29,28.78,9,0,0.0,-0.9936,0.0016,0.0038,-0.0229,28.09,28.78,28.07,29.365
2026-09-29T14:00:09+00:00,QQQ,2026-09-29,0,736.57,767.0,P,28.69,31.7,30.195,29.11,8,0,0.0,-0.9938,0.0015,0.0037,-0.0228,28.8,29.11,28.8,30.375
2026-09-29T14:00:09+00:00,QQQ,2026-09-29,0,736.57,768.0,P,29.69,33.12,31.405,0.0,0,0,0.3729,-0.994,0.0014,0.0036,-0.0227,0.0,0.0,0.0,31.38
2026-09-29T14:00:09+00:00,QQQ,2026-09-29,0,736.57,769.0,P,30.69,34.11,32.4,0.0,0,0,0.0,-0.9942,0.0013,0.0035,-0.0226,0.0,0.0,0.0,32.365
2026-09-29T14:00:09+00:00,QQQ,2026-09-29,0,736.57,770.0,P,31.54,35.12,33.33,34.5,0,0,0.0,-0.9943,0.0013,0.0034,-0.0226,0.0,0.0,0.0,33.38
2026-09-29T14:00:09+00:00,QQQ,2026-09-29,0,736.57,771.0,P,32.54,36.12,34.33,33.2,6,0,0.0,-0.9944,0.0012,0.0034,-0.0225,33.35,33.35,33.2,34.38
2026-09-29T14:00:09+00:00,QQQ,2026-09-29,0,736.57,772.0,P,33.54,37.1,35.32,34.2,6,0,0.0,-0.9946,0.0012,0.0033,-0.0224,34.26,34.26,34.2,35.38
2026-09-29T14:00:09+00:00,QQQ,2026-09-29,0,736.57,773.0,P,34.54,38.13,36.335,0.0,0,0,0.0,-0.9947,0.0011,0.0032,-0.0223,0.0,0.0,0.0,37.125
2026-09-29T17:00:13+00:00,QQQ,2026-09-29,0,735.6901,485.0,C,249.93,252.63,251.28,252.92,6,0,0.0,1.0,0.0,0.0,0.0,253.15,253.15,252.92,251.46
2026-09-29T17:00:13+00:00,QQQ,2026-09-29,0,735.6901,490.0,C,245.01,247.63,246.32,247.92,6,0,0.0,1.0,0.0,0.0,-0.0001,248.22,248.22,247.92,246.46
2026-09-29T17:00:13+00:00,QQQ,2026-09-29,0,735.6901,505.0,C,229.63,232.63,231.13,231.97,2,8,8.1641,1.0,0.0,0.0,-0.0001,231.97,231.97,231.97,231.435
2026-09-29T17:00:13+00:00,QQQ,2026-09-29,0,735.6901,510.0,C,224.6,227.63,226.115,227.04,2,0,7.9374,1.0,0.0,0.0,-0.0001,227.04,227.04,227.04,226.465
2026-09-29T17:00:13+00:00,QQQ,2026-09-29,0,735.6901,530.0,C,204.71,207.63,206.17,206.99,1,0,7.3097,1.0,0.0,0.0,-0.0003,206.99,206.99,206.99,206.46
2026-09-29T17:00:13+00:00,QQQ,2026-09-29,0,735.6901,535.0,C,199.85,202.63,201.24,202.06,1,0,7.2593,1.0,0.0,0.0,-0.0003,202.06,202.06,202.06,201.465
2026-09-29T17:00:13+00:00,QQQ,2026-09-29,0,735.6901,550.0,C,184.57,187.63,186.1,186.93,1,0,6.4378,1.0,0.0,0.0,-0.0005,186.93,186.93,186.93,186.47
2026-09-29T17:00:13+00:00,QQQ,2026-09-29,0,735.6901,555.0,C,179.57,182.65,181.11,182.0,1,0,6.2811,0.9999,0.0,0.0,-0.0006,182.0,182.0,182.0,181.47
2026-09-29T17:00:13+00:00,QQQ,2026-09-29,0,735.6901,660.0,C,74.73,77.63,76.18,77.83,1,0,2.8319,0.999,0.0001,0.0005,-0.0072,77.83,77.83,77.83,76.51
2026-09-29T17:00:13+00:00,QQQ,2026-09-29,0,735.6901,661.0,C,73.55,76.63,75.09,76.89,1,0,2.7071,0.9989,0.0001,0.0005,-0.0073,76.89,76.89,76.89,75.505
2026-09-29T17:00:13+00:00,QQQ,2026-09-29,0,735.6901,663.0,C,71.48,74.63,73.055,74.17,1,0,2.6426,0.9989,0.0001,0.0006,-0.0076,74.17,74.17,74.17,73.505
2026-09-29T17:00:13+00:00,QQQ,2026-09-29,0,735.6901,664.0,C,70.37,73.64,72.005,73.22,1,0,2.5145,0.9988,0.0002,0.0006,-0.0077,73.22,73.22,73.22,72.505
2026-09-29T17:00:13+00:00,QQQ,2026-09-29,0,735.6901,666.0,C,68.22,71.64,69.93,71.47,1,0,2.3552,0.9988,0.0002,0.0006,-0.008,71.47,71.47,71.47,70.51
2026-09-29T17:00:13+00:00,QQQ,2026-09-29,0,735.6901,667.0,C,67.3,70.64,68.97,70.52,1,0,2.3777,0.9987,0.0002,0.0006,-0.0081,70.52,70.52,70.52,69.51
2026-09-29T17:00:13+00:00,QQQ,2026-09-29,0,735.6901,669.0,C,65.37,68.64,67.005,69.1,1,0,2.3576,0.9987,0.0002,0.0007,-0.0084,69.1,69.1,69.1,67.505
2026-09-29T17:00:13+00:00,QQQ,2026-09-29,0,735.6901,670.0,C,64.37,67.64,66.005,68.18,1,1,2.3262,0.9986,0.0002,0.0007,-0.0085,68.18,68.18,68.18,66.505
2026-09-29T17:00:13+00:00,QQQ,2026-09-29,0,735.6901,671.0,C,63.56,66.66,65.11,66.09,1,0,2.4038,0.9986,0.0002,0.0007,-0.0087,66.09,66.09,66.09,65.505
2026-09-29T17:00:13+00:00,QQQ,2026-09-29,0,735.6901,672.0,C,62.65,65.66,64.155,65.15,1,0,2.4128,0.9986,0.0002,0.0007,-0.0088,65.15,65.15,65.15,64.505
2026-09-29T17:00:13+00:00,QQQ,2026-09-29,0,735.6901,674.0,C,60.65,63.64,62.145,63.04,16,0,2.3381,0.9985,0.0002,0.0008,-0.0091,63.12,63.53,62.95,62.515
2026-09-29T17:00:13+00:00,QQQ,2026-09-29,0,735.6901,675.0,C,59.7,62.64,61.17,62.09,16,3,2.3268,0.9984,0.0002,0.0008,-0.0092,62.18,62.6,62.02,61.515
2026-09-29T17:00:13+00:00,QQQ,2026-09-29,0,735.6901,677.0,C,57.65,60.66,59.155,60.66,1,0,2.2479,0.9983,0.0003,0.0008,-0.0096,60.66,60.66,60.66,59.515
2026-09-29T17:00:13+00:00,QQQ,2026-09-29,0,735.6901,678.0,C,56.45,59.64,58.045,58.69,8,0,2.1154,0.9983,0.0003,0.0008,-0.0097,59.74,59.74,58.61,58.52
2026-09-29T17:00:13+00:00,QQQ,2026-09-29,0,735.6901,679.0,C,55.65,58.64,57.145,57.74,7,0,2.1735,0.9982,0.0003,0.0009,-0.0099,58.28,58.42,57.66,57.52
2026-09-29T17:00:13+00:00,QQQ,2026-09-29,0,735.6901,680.0,C,54.65,57.64,56.145,57.29,1,1,2.1406,0.9982,0.0003,0.0009,-0.01,57.29,57.29,57.29,56.52
2026-09-29T17:00:13+00:00,QQQ,2026-09-29,0,735.6901,681.0,C,54.15,56.64,55.395,56.37,1,0,1.949,0.9981,0.0003,0.0009,-0.0102,56.37,56.37,56.37,55.53
2026-09-29T17:00:13+00:00,QQQ,2026-09-29,0,735.6901,682.0,C,52.56,55.66,54.11,55.89,1,0,2.0454,0.9981,0.0003,0.0009,-0.0104,55.89,55.89,55.89,54.515
2026-09-29T17:00:13+00:00,QQQ,2026-09-29,0,735.6901,683.0,C,51.63,54.64,53.135,53.81,8,0,2.0334,0.998,0.0003,0.001,-0.0105,54.95,54.95,53.81,53.515
2026-09-29T17:00:13+00:00,QQQ,2026-09-29,0,735.6901,684.0,C,50.67,53.64,52.155,52.86,7,0,2.0163,0.998,0.0003,0.001,-0.0107,52.98,52.99,52.86,52.525
2026-09-29T17:00:13+00:00,QQQ,2026-09-29,0,735.6901,685.0,C,50.06,52.64,51.35,52.17,1,1,2.1201,0.9979,0.0004,0.001,-0.0108,52.17,52.17,52.17,51.525
2026-09-29T17:00:13+00:00,QQQ,2026-09-29,0,735.6901,686.0,C,48.75,51.64,50.195,51.24,1,2,1.9798,0.9978,0.0004,0.001,-0.011,51.24,51.24,51.24,50.525
2026-09-29T17:00:13+00:00,QQQ,2026-09-29,0,735.6901,687.0,C,47.33,50.64,48.985,49.8,2,1,1.7714,0.9978,0.0004,0.0011,-0.0112,52.59,52.59,49.8,49.53
2026-09-29T17:00:13+00:00,QQQ,2026-09-29,0,735.6901,688.0,C,46.67,49.64,48.155,51.65,1,0,1.8832,0.9977,0.0004,0.0011,-0.0114,51.65,51.65,51.65,48.525
2026-09-29T17:00:13+00:00,QQQ,2026-09-29,0,735.6901,690.0,C,44.51,47.64,46.075,47.19,33,34,1.7552,0.9976,0.0004,0.0012,-0.0117,48.2,49.11,47.19,46.525
2026-09-29T17:00:13+00:00,QQQ,2026-09-29,0,735.6901,691.0,C,43.7,46.66,45.18,47.68,1,0,1.8008,0.9975,0.0005,0.0012,-0.0119,47.68,47.68,47.68,45.535
2026-09-29T17:00:13+00:00,QQQ,2026-09-29,0,735.6901,692.0,C,42.68,45.64,44.16,46.08,1,0,1.7531,0.9974,0.0005,0.0012,-0.0121,46.08,46.08,46.08,44.54
2026-09-29T17:00:13+00:00,QQQ,2026-09-29,0,735.6901,693.0,C,41.72,44.66,43.19,45.15,1,12,1.7401,0.9973,0.0005,0.0013,-0.0123,45.15,45.15,45.15,43.535
2026-09-29T17:00:13+00:00,QQQ,2026-09-29,0,735.6901,694.0,C,40.72,43.64,42.18,42.74,1,0,1.6995,0.9972,0.0006,0.0013,-0.0124,42.74,42.74,42.74,42.54
2026-09-29T17:00:13+00:00,QQQ,2026-09-29,0,735.6901,695.0,C,39.8,42.64,41.22,41.81,1,1,1.6915,0.9971,0.0006,0.0014,-0.0126,41.81,41.81,41.81,41.53
2026-09-29T17:00:13+00:00,QQQ,2026-09-29,0,735.6901,696.0,C,38.72,41.64,40.18,40.89,1,0,1.6317,0.997,0.0006,0.0014,-0.0128,40.89,40.89,40.89,40.535
2026-09-29T17:00:13+00:00,QQQ,2026-09-29,0,735.6901,697.0,C,37.56,40.64,39.1,39.95,3,1,1.5437,0.9969,0.0006,0.0014,-0.013,41.14,41.14,39.95,39.535
2026-09-29T17:00:13+00:00,QQQ,2026-09-29,0,735.6901,698.0,C,36.63,39.64,38.135,40.04,3,3,1.5343,0.9968,0.0007,0.0015,-0.0132,40.15,40.15,40.04,38.55
2026-09-29T17:00:13+00:00,QQQ,2026-09-29,0,735.6901,699.0,C,35.63,38.64,37.135,40.47,8,3,1.5006,0.9967,0.0007,0.0015,-0.0134,39.04,40.58,38.51,37.545
2026-09-29T17:00:13+00:00,QQQ,2026-09-29,0,735.6901,700.0,C,34.72,37.64,36.18,38.43,105,65,1.4952,0.9966,0.0008,0.0016,-0.0136,39.0,40.06,37.52,36.405
2026-09-29T17:00:13+00:00,QQQ,2026-09-29,0,735.6901,701.0,C,33.56,36.64,35.1,35.57,43,7,1.4102,0.9965,0.0008,0.0016,-0.0138,37.17,39.38,35.57,35.435
2026-09-29T17:00:13+00:00,QQQ,2026-09-29,0,735.6901,702.0,C,32.71,35.64,34.175,36.53,34,33,1.4234,0.9963,0.0008,0.0017,-0.014,35.13,38.44,34.61,34.43
2026-09-29T17:00:13+00:00,QQQ,2026-09-29,0,735.6901,703.0,C,31.37,34.64,33.005,33.87,26,15,1.2778,0.9962,0.0009,0.0018,-0.0142,34.21,38.05,33.87,33.435
2026-09-29T17:00:13+00:00,QQQ,2026-09-29,0,735.6901,704.0,C,31.4,33.64,32.52,31.9,41,16,1.5272,0.9961,0.001,0.0018,-0.0144,33.01,36.55,31.89,32.44
2026-09-29T17:00:13+00:00,QQQ,2026-09-29,0,735.6901,705.0,C,30.63,32.64,31.635,31.78,22,230,1.5384,0.9959,0.001,0.0019,-0.0146,31.79,35.35,31.08,31.415
2026-09-29T17:00:13+00:00,QQQ,2026-09-29,0,735.6901,706.0,C,29.64,31.15,30.395,29.2,30,5,1.3964,0.9958,0.0011,0.002,-0.0148,30.46,34.04,29.2,30.445
2026-09-29T17:00:13+00:00,QQQ,2026-09-29,0,735.6901,707.0,C,28.65,30.64,29.645,29.85,21,17,1.4654,0.9956,0.0012,0.002,-0.015,29.96,33.11,29.24,29.415
2026-09-29T17:00:13+00:00,QQQ,2026-09-29,0,735.6901,708.0,C,27.64,29.2,28.42,29.2,35,9,1.3336,0.9954,0.0012,0.0021,-0.0152,28.58,32.1,28.26,28.465
2026-09-29T17:00:13+00:00,QQQ,2026-09-29,0,735.6901,709.0,C,26.64,28.08,27.36,27.64,44,49,1.2698,0.9952,0.0013,0.0022,-0.0154,27.54,31.02,27.35,27.46
2026-09-29T17:00:13+00:00,QQQ,2026-09-29,0,735.6901,710.0,C,25.66,27.64,26.65,26.78,71,564,1.3504,0.995,0.0014,0.0023,-0.0157,26.97,29.62,26.29,26.425
2026-09-29T17:00:13+00:00,QQQ,2026-09-29,0,735.6901,711.0,C,24.66,26.62,25.64,25.72,89,51,1.3073,0.9948,0.0015,0.0024,-0.0159,25.96,29.0,25.12,25.43
2026-09-29T17:00:13+00:00,QQQ,2026-09-29,0,735.6901,712.0,C,23.66,23.78,23.72,24.84,67,15,0.7057,0.9945,0.0016,0.0025,-0.0161,25.0,28.05,23.58,24.48
2026-09-29T17:00:13+00:00,QQQ,2026-09-29,0,735.6901,713.0,C,22.64,22.78,22.71,24.2,77,34,0.6575,0.9943,0.0018,0.0026,-0.0163,23.99,26.95,23.99,23.41
2026-09-29T17:00:13+00:00,QQQ,2026-09-29,0,735.6901,714.0,C,21.64,21.78,21.71,21.7,28,43,0.6317,0.994,0.0019,0.0027,-0.0166,23.69,26.07,21.7,22.48
2026-09-29T17:00:13+00:00,QQQ,2026-09-29,0,735.6901,715.0,C,20.66,20.78,20.72,22.62,35,485,0.6264,0.9937,0.0021,0.0028,-0.0168,23.93,25.04,22.62,21.395
2026-09-29T17:00:13+00:00,QQQ,2026-09-29,0,735.6901,716.0,C,19.66,19.78,19.72,20.9,28,190,0.5997,0.9933,0.0023,0.003,-0.0171,21.22,23.9,20.9,20.4
2026-09-29T17:00:13+00:00,QQQ,2026-09-29,0,735.6901,717.0,C,18.66,18.78,18.72,22.03,30,102,0.573,0.9929,0.0025,0.0031,-0.0174,20.02,22.24,20.02,19.42
2026-09-29T17:00:13+00:00,QQQ,2026-09-29,0,735.6901,718.0,C,17.65,17.78,17.715,18.8,30,132,0.5372,0.9925,0.0028,0.0033,-0.0177,21.14,21.99,18.8,18.46
2026-09-29T17:00:13+00:00,QQQ,2026-09-29,0,735.6901,719.0,C,16.66,16.78,16.72,18.71,3,80,0.5191,0.992,0.0031,0.0035,-0.0182,18.07,19.25,18.07,17.445
2026-09-29T17:00:13+00:00,QQQ,2026-09-29,0,735.6901,720.0,C,15.64,15.79,15.715,17.02,129,861,0.4838,0.9914,0.0035,0.0038,-0.0188,19.07,19.85,16.39,16.69
2026-09-29T17:00:13+00:00,QQQ,2026-09-29,0,735.6901,721.0,C,14.67,14.78,14.725,15.99,30,377,0.472,0.9906,0.004,0.0041,-0.0196,17.55,18.6,15.9,15.565
2026-09-29T17:00:13+00:00,QQQ,2026-09-29,0,735.6901,722.0,C,13.67,13.79,13.73,15.4,13,81,0.4507,0.9895,0.0046,0.0045,-0.021,16.41,16.63,14.8,14.52
2026-09-29T17:00:13+00:00,QQQ,2026-09-29,0,735.6901,723.0,C,12.67,12.8,12.735,13.92,113,98,0.4283,0.9881,0.0055,0.005,-0.023,17.01,17.01,13.58,13.705
2026-09-29T17:00:13+00:00,QQQ,2026-09-29,0,735.6901,724.0,C,11.66,11.8,11.73,13.63,315,121,0.3995,0.9859,0.0067,0.0058,-0.0261,14.03,15.75,12.36,12.72
2026-09-29T17:00:13+00:00,QQQ,2026-09-29,0,735.6901,725.0,C,10.66,10.81,10.735,11.99,403,712,0.3704,0.9828,0.0084,0.0069,-0.0312,12.81,15.0,11.5,11.795
2026-09-29T17:00:13+00:00,QQQ,2026-09-29,0,735.6901,726.0,C,9.69,9.81,9.75,10.28,90,129,0.3546,0.9781,0.0108,0.0084,-0.039,13.36,13.8,10.21,10.83
2026-09-29T17:00:13+00:00,QQQ,2026-09-29,0,735.6901,727.0,C,8.69,8.82,8.755,10.0,318,392,0.328,0.971,0.0143,0.0106,-0.0511,13.0,13.0,9.49,10.06
2026-09-29T17:00:13+00:00,QQQ,2026-09-29,0,735.6901,728.0,C,7.7,7.83,7.765,8.23,226,448,0.3037,0.9606,0.0194,0.0136,-0.0693,11.8,11.82,8.23,9.205
2026-09-29T17:00:13+00:00,QQQ,2026-09-29,0,735.6901,729.0,C,6.73,6.86,6.795,7.43,157,184,0.2886,0.9455,0.0264,0.0176,-0.0966,8.31,11.06,7.19,8.345
2026-09-29T17:00:13+00:00,QQQ,2026-09-29,0,735.6901,730.0,C,5.78,5.89,5.835,5.84,976,716,0.266,0.9235,0.036,0.0227,-0.1371,10.08,10.11,5.84,7.505
2026-09-29T17:00:13+00:00,QQQ,2026-09-29,0,735.6901,731.0,C,4.84,4.95,4.895,4.86,1500,572,0.2574,0.8919,0.0489,0.0292,-0.1978,9.06,9.09,4.86,6.705
2026-09-29T17:00:13+00:00,QQQ,2026-09-29,0,735.6901,732.0,C,3.96,4.03,3.995,4.01,3326,819,0.2417,0.8463,0.0655,0.0369,-0.2902,7.65,8.0,3.96,5.935
2026-09-29T17:00:13+00:00,QQQ,2026-09-29,0,735.6901,733.0,C,3.12,3.15,3.135,3.15,3410,2372,0.2286,0.7818,0.0853,0.0455,-0.4324,7.56,7.56,3.15,5.195
2026-09-29T17:00:13+00:00,QQQ,2026-09-29,0,735.6901,734.0,C,2.35,2.36,2.355,2.36,6795,1299,0.2198,0.6942,0.1058,0.0537,-0.65,6.71,6.74,2.34,4.515
2026-09-29T17:00:13+00:00,QQQ,2026-09-29,0,735.6901,735.0,C,1.67,1.68,1.675,1.66,18742,3186,0.2123,0.5841,0.1214,0.0595,-0.9728,5.74,6.0,1.66,3.885
2026-09-29T17:00:13+00:00,QQQ,2026-09-29,0,735.6901,736.0,C,1.12,1.13,1.125,1.13,60530,5006,0.2091,0.4598,0.126,0.0605,-1.1017,4.88,5.15,1.1,3.315
2026-09-29T17:00:13+00:00,QQQ,2026-09-29,0,735.6901,737.0,C,0.71,0.72,0.715,0.72,185398,7852,0.2069,0.337,0.1166,0.0558,-0.6984,4.25,4.25,0.7,2.795
2026-09-29T17:00:13+00:00,QQQ,2026-09-29,0,735.6901,738.0,C,0.43,0.44,0.435,0.43,261432,5652,0.2073,0.2323,0.0965,0.0471,-0.428,3.49,3.65,0.43,2.325
2026-09-29T17:00:13+00:00,QQQ,2026-09-29,0,735.6901,739.0,C,0.26,0.27,0.265,0.26,272276,6169,0.2147,0.1549,0.0731,0.0372,-0.2629,2.72,2.93,0.26,1.915
2026-09-29T17:00:13+00:00,QQQ,2026-09-29,0,735.6901,740.0,C,0.16,0.17,0.165,0.16,328283,7897,0.2231,0.1038,0.0528,0.0284,-0.1686,2.2,2.36,0.16,1.555
2026-09-29T17:00:13+00:00,QQQ,2026-09-29,0,735.6901,741.0,C,0.11,0.12,0.115,0.12,184001,3074,0.238,0.0721,0.0379,0.0218,-0.1157,1.77,1.89,0.11,1.255
2026-09-29T17:00:13+00:00,QQQ,2026-09-29,0,735.6901,742.0,C,0.08,0.09,0.085,0.08,117062,6546,0.2547,0.0523,0.0276,0.0171,-0.0846,1.29,1.45,0.08,1.005
2026-09-29T17:00:13+00:00,QQQ,2026-09-29,0,735.6901,743.0,C,0.06,0.07,0.065,0.06,78439,7202,0.2719,0.0393,0.0205,0.0137,-0.0649,1.0,1.03,0.06,0.785
2026-09-29T17:00:13+00:00,QQQ,2026-09-29,0,735.6901,744.0,C,0.05,0.06,0.055,0.06,47155,3156,0.293,0.0304,0.0156,0.0111,-0.0515,0.7,0.76,0.05,0.615
2026-09-29T17:00:13+00:00,QQQ,2026-09-29,0,735.6901,745.0,C,0.04,0.05,0.045,0.05,42234,7854,0.3113,0.0242,0.0121,0.0092,-0.0421,0.51,0.57,0.04,0.475
2026-09-29T17:00:13+00:00,QQQ,2026-09-29,0,735.6901,746.0,C,0.04,0.05,0.045,0.04,26326,2194,0.3389,0.0198,0.0096,0.0077,-0.0355,0.41,0.43,0.04,0.365
2026-09-29T17:00:13+00:00,QQQ,2026-09-29,0,735.6901,747.0,C,0.03,0.04,0.035,0.03,23678,5519,0.3526,0.0166,0.0078,0.0067,-0.0307,0.27,0.27,0.03,0.275
2026-09-29T17:00:13+00:00,QQQ,2026-09-29,0,735.6901,748.0,C,0.02,0.03,0.025,0.02,15831,2137,0.3614,0.0142,0.0065,0.0058,-0.0274,0.19,0.19,0.02,0.215
2026-09-29T17:00:13+00:00,QQQ,2026-09-29,0,735.6901,749.0,C,0.02,0.03,0.025,0.02,6869,2383,0.3865,0.0125,0.0055,0.0052,-0.025,0.14,0.14,0.01,0.165
2026-09-29T17:00:13+00:00,QQQ,2026-09-29,0,735.6901,750.0,C,0.01,0.02,0.015,0.01,17598,7884,0.3859,0.0112,0.0047,0.0047,-0.0233,0.1,0.1,0.01,0.125
2026-09-29T17:00:13+00:00,QQQ,2026-09-29,0,735.6901,751.0,C,0.01,0.02,0.015,0.02,2602,2831,0.4093,0.0102,0.0042,0.0043,-0.022,0.08,0.08,0.01,0.105
2026-09-29T17:00:13+00:00,QQQ,2026-09-29,0,735.6901,752.0,C,0.01,0.02,0.015,0.01,3924,2702,0.4325,0.0094,0.0037,0.004,-0.0211,0.05,0.05,0.01,0.075
2026-09-29T17:00:13+00:00,QQQ,2026-09-29,0,735.6901,753.0,C,0.0,0.01,0.01,0.01,1697,3736,0.4059,0.0087,0.0033,0.0038,-0.0204,0.04,0.04,0.01,0.065
2026-09-29T17:00:13+00:00,QQQ,2026-09-29,0,735.6901,754.0,C,0.0,0.01,0.01,0.01,2255,2488,0.4268,0.0082,0.003,0.0036,-0.0198,0.05,0.05,0.01,0.055
2026-09-29T17:00:13+00:00,QQQ,2026-09-29,0,735.6901,755.0,C,0.0,0.01,0.01,0.01,5843,2761,0.4475,0.0077,0.0027,0.0034,-0.0194,0.02,0.03,0.01,0.045
2026-09-29T17:00:13+00:00,QQQ,2026-09-29,0,735.6901,756.0,C,0.0,0.01,0.01,0.01,638,1635,0.4681,0.0073,0.0025,0.0032,-0.019,0.01,0.02,0.01,0.035
2026-09-29T17:00:13+00:00,QQQ,2026-09-29,0,735.6901,757.0,C,0.0,0.01,0.01,0.01,883,2262,0.4886,0.007,0.0023,0.0031,-0.0187,0.02,0.02,0.01,0.035
2026-09-29T17:00:13+00:00,QQQ,2026-09-29,0,735.6901,758.0,C,0.0,0.01,0.01,0.01,105,637,0.509,0.0066,0.0021,0.0029,-0.0184,0.02,0.02,0.01,0.025
2026-09-29T17:00:13+00:00,QQQ,2026-09-29,0,735.6901,759.0,C,0.0,0.01,0.01,0.01,556,1121,0.5294,0.0063,0.0019,0.0028,-0.0182,0.01,0.02,0.01,0.025
2026-09-29T17:00:13+00:00,QQQ,2026-09-29,0,735.6901,760.0,C,0.0,0.01,0.01,0.01,428,4773,0.5496,0.0061,0.0018,0.0027,-0.0179,0.02,0.02,0.01,0.025
2026-09-29T17:00:13+00:00,QQQ,2026-09-29,0,735.6901,761.0,C,0.0,0.01,0.01,0.01,462,718,0.5697,0.0058,0.0017,0.0026,-0.0177,0.01,0.02,0.01,0.015
2026-09-29T17:00:13+00:00,QQQ,2026-09-29,0,735.6901,762.0,C,0.0,0.01,0.01,0.01,187,607,0.5897,0.0056,0.0016,0.0025,-0.0175,0.01,0.01,0.01,0.015
2026-09-29T17:00:13+00:00,QQQ,2026-09-29,0,735.6901,763.0,C,0.0,0.01,0.01,0.01,541,1090,0.6097,0.0054,0.0015,0.0024,-0.0173,0.01,0.02,0.01,0.015
2026-09-29T17:00:13+00:00,QQQ,2026-09-29,0,735.6901,764.0,C,0.0,0.01,0.01,0.01,3,440,0.6296,0.0052,0.0014,0.0023,-0.0171,0.01,0.01,0.01,0.015
2026-09-29T17:00:13+00:00,QQQ,2026-09-29,0,735.6901,765.0,C,0.0,0.01,0.01,0.01,5,1443,0.6494,0.005,0.0013,0.0022,-0.0169,0.01,0.01,0.01,0.015
2026-09-29T17:00:13+00:00,QQQ,2026-09-29,0,735.6901,766.0,C,0.0,0.01,0.01,0.01,48,340,0.6691,0.0048,0.0012,0.0022,-0.0167,0.01,0.01,0.01,0.015
2026-09-29T17:00:13+00:00,QQQ,2026-09-29,0,735.6901,767.0,C,0.0,0.01,0.01,0.01,0,368,0.6887,0.0047,0.0012,0.0021,-0.0165,0.0,0.0,0.0,0.015
2026-09-29T17:00:13+00:00,QQQ,2026-09-29,0,735.6901,768.0,C,0.0,0.01,0.01,0.01,8,6756,0.7083,0.0045,0.0011,0.002,-0.0163,0.01,0.01,0.01,0.005
2026-09-29T17:00:13+00:00,QQQ,2026-09-29,0,735.6901,769.0,C,0.0,0.01,0.01,0.01,0,545,0.7278,0.0044,0.001,0.002,-0.0161,0.0,0.0,0.0,0.005
2026-09-29T17:00:13+00:00,QQQ,2026-09-29,0,735.6901,770.0,C,0.0,0.01,0.01,0.01,2,919,0.7472,0.0042,0.001,0.0019,-0.016,0.01,0.01,0.01,0.005
2026-09-29T17:00:13+00:00,QQQ,2026-09-29,0,735.6901,771.0,C,0.0,0.01,0.01,0.01,0,444,0.7665,0.0041,0.0009,0.0019,-0.0158,0.0,0.0,0.0,0.005
2026-09-29T17:00:13+00:00,QQQ,2026-09-29,0,735.6901,772.0,C,0.0,0.01,0.02,0.02,0,288,0.7858,0.004,0.0009,0.0018,-0.0156,0.0,0.0,0.0,0.005
2026-09-29T17:00:13+00:00,QQQ,2026-09-29,0,735.6901,820.0,C,0.0,0.01,0.01,0.01,1,110,1.6522,0.0013,0.0002,0.0006,-0.0087,0.01,0.01,0.01,0.005
2026-09-29T17:00:13+00:00,QQQ,2026-09-29,0,735.6901,830.0,C,0.0,0.01,0.01,0.01,20,94,1.8212,0.001,0.0001,0.0005,-0.0077,0.01,0.01,0.01,0.005
2026-09-29T17:00:13+00:00,QQQ,2026-09-29,0,735.6901,840.0,C,0.0,0.01,0.01,0.01,10,138,1.9869,0.0009,0.0001,0.0004,-0.0067,0.01,0.01,0.01,0.005
2026-09-29T17:00:13+00:00,QQQ,2026-09-29,0,735.6901,895.0,C,0.0,0.01,0.01,0.01,126,80,2.848,0.0003,0.0,0.0002,-0.0031,0.01,0.01,0.01,0.005
2026-09-29T17:00:13+00:00,QQQ,2026-09-29,0,735.6901,900.0,C,0.0,0.01,0.01,0.01,11,68,2.9226,0.0003,0.0,0.0002,-0.0029,0.01,0.01,0.01,0.005
2026-09-29T17:00:13+00:00,QQQ,2026-09-29,0,735.6901,450.0,P,0.0,0.01,0.01,0.01,4,155,6.8655,0.0,0.0,0.0,0.0,0.01,0.01,0.01,0.005
2026-09-29T17:00:13+00:00,QQQ,2026-09-29,0,735.6901,640.0,P,0.0,0.01,0.01,0.01,8,445,2.101,-0.0006,0.0001,0.0003,-0.005,0.01,0.01,0.01,0.015
2026-09-29T17:00:13+00:00,QQQ,2026-09-29,0,735.6901,650.0,P,0.0,0.01,0.01,0.01,5,368,1.8829,-0.0008,0.0001,0.0004,-0.006,0.01,0.01,0.01,0.015
2026-09-29T17:00:13+00:00,QQQ,2026-09-29,0,735.6901,660.0,P,0.0,0.01,0.01,0.01,3,4256,1.6666,-0.001,0.0001,0.0005,-0.0072,0.01,0.01,0.01,0.015
2026-09-29T17:00:13+00:00,QQQ,2026-09-29,0,735.6901,670.0,P,0.0,0.01,0.01,0.01,1,4367,1.4521,-0.0014,0.0002,0.0007,-0.0085,0.01,0.01,0.01,0.015
2026-09-29T17:00:13+00:00,QQQ,2026-09-29,0,735.6901,675.0,P,0.0,0.01,0.01,0.01,1,1278,1.3452,-0.0016,0.0002,0.0008,-0.0092,0.01,0.01,0.01,0.015
2026-09-29T17:00:13+00:00,QQQ,2026-09-29,0,735.6901,677.0,P,0.0,0.01,0.01,0.01,1,464,1.3025,-0.0017,0.0003,0.0008,-0.0096,0.01,0.01,0.01,0.015
2026-09-29T17:00:13+00:00,QQQ,2026-09-29,0,735.6901,678.0,P,0.0,0.01,0.01,0.01,13,1161,1.2812,-0.0017,0.0003,0.0008,-0.0097,0.01,0.01,0.01,0.015
2026-09-29T17:00:13+00:00,QQQ,2026-09-29,0,735.6901,679.0,P,0.0,0.01,0.01,0.01,1,1019,1.2598,-0.0018,0.0003,0.0009,-0.0099,0.01,0.01,0.01,0.015
2026-09-29T17:00:13+00:00,QQQ,2026-09-29,0,735.6901,681.0,P,0.0,0.01,0.01,0.01,6,240,1.2172,-0.0019,0.0003,0.0009,-0.0102,0.01,0.01,0.01,0.015
2026-09-29T17:00:13+00:00,QQQ,2026-09-29,0,735.6901,684.0,P,0.0,0.01,0.01,0.01,2,131,1.1532,-0.002,0.0003,0.001,-0.0107,0.01,0.01,0.01,0.015
2026-09-29T17:00:13+00:00,QQQ,2026-09-29,0,735.6901,687.0,P,0.0,0.01,0.01,0.01,1,77,1.0893,-0.0022,0.0004,0.0011,-0.0112,0.01,0.01,0.01,0.015
2026-09-29T17:00:13+00:00,QQQ,2026-09-29,0,735.6901,688.0,P,0.0,0.01,0.01,0.01,1,76,1.068,-0.0023,0.0004,0.0011,-0.0114,0.01,0.01,0.01,0.015
2026-09-29T17:00:13+00:00,QQQ,2026-09-29,0,735.6901,690.0,P,0.0,0.01,0.01,0.01,1,477,1.0254,-0.0024,0.0004,0.0012,-0.0117,0.01,0.01,0.01,0.015
2026-09-29T17:00:13+00:00,QQQ,2026-09-29,0,735.6901,692.0,P,0.0,0.01,0.01,0.01,14,486,0.9828,-0.0026,0.0005,0.0012,-0.0121,0.01,0.01,0.01,0.025
2026-09-29T17:00:13+00:00,QQQ,2026-09-29,0,735.6901,693.0,P,0.0,0.01,0.01,0.01,2,332,0.9615,-0.0027,0.0005,0.0013,-0.0122,0.01,0.01,0.01,0.025
2026-09-29T17:00:13+00:00,QQQ,2026-09-29,0,735.6901,694.0,P,0.0,0.01,0.01,0.01,5,351,0.9397,-0.0028,0.0006,0.0013,-0.0124,0.01,0.01,0.01,0.025
2026-09-29T17:00:13+00:00,QQQ,2026-09-29,0,735.6901,695.0,P,0.0,0.01,0.01,0.01,20,876,0.9184,-0.0029,0.0006,0.0014,-0.0126,0.01,0.01,0.01,0.025
2026-09-29T17:00:13+00:00,QQQ,2026-09-29,0,735.6901,698.0,P,0.0,0.01,0.01,0.01,4,301,0.8544,-0.0032,0.0007,0.0015,-0.0132,0.01,0.01,0.01,0.025
2026-09-29T17:00:13+00:00,QQQ,2026-09-29,0,735.6901,699.0,P,0.0,0.01,0.01,0.01,3,280,0.8331,-0.0033,0.0007,0.0015,-0.0134,0.01,0.01,0.01,0.025
2026-09-29T17:00:13+00:00,QQQ,2026-09-29,0,735.6901,700.0,P,0.0,0.01,0.01,0.01,16,2253,0.8117,-0.0034,0.0008,0.0016,-0.0136,0.01,0.01,0.01,0.025
2026-09-29T17:00:13+00:00,QQQ,2026-09-29,0,735.6901,701.0,P,0.0,0.01,0.01,0.01,6,626,0.7904,-0.0035,0.0008,0.0016,-0.0138,0.01,0.01,0.01,0.025
2026-09-29T17:00:13+00:00,QQQ,2026-09-29,0,735.6901,702.0,P,0.0,0.01,0.01,0.01,65,430,0.769,-0.0037,0.0008,0.0017,-0.014,0.01,0.01,0.01,0.025
2026-09-29T17:00:13+00:00,QQQ,2026-09-29,0,735.6901,703.0,P,0.0,0.01,0.01,0.01,1863,780,0.7476,-0.0038,0.0009,0.0018,-0.0142,0.01,0.01,0.01,0.035
2026-09-29T17:00:13+00:00,QQQ,2026-09-29,0,735.6901,704.0,P,0.0,0.01,0.01,0.01,2933,611,0.7262,-0.0039,0.001,0.0018,-0.0144,0.01,0.02,0.01,0.035
2026-09-29T17:00:13+00:00,QQQ,2026-09-29,0,735.6901,705.0,P,0.0,0.01,0.01,0.01,4520,1921,0.7047,-0.0041,0.001,0.0019,-0.0146,0.01,0.02,0.01,0.035
2026-09-29T17:00:13+00:00,QQQ,2026-09-29,0,735.6901,706.0,P,0.0,0.01,0.01,0.01,6151,555,0.6833,-0.0042,0.0011,0.002,-0.0148,0.01,0.02,0.01,0.035
2026-09-29T17:00:13+00:00,QQQ,2026-09-29,0,735.6901,707.0,P,0.0,0.01,0.01,0.01,8935,1640,0.6618,-0.0044,0.0012,0.002,-0.015,0.01,0.02,0.01,0.035
2026-09-29T17:00:13+00:00,QQQ,2026-09-29,0,735.6901,708.0,P,0.0,0.01,0.01,0.01,12739,1993,0.6403,-0.0046,0.0012,0.0021,-0.0152,0.01,0.02,0.01,0.035
2026-09-29T17:00:13+00:00,QQQ,2026-09-29,0,735.6901,709.0,P,0.0,0.01,0.01,0.01,6608,553,0.6188,-0.0048,0.0013,0.0022,-0.0154,0.01,0.02,0.01,0.045
2026-09-29T17:00:13+00:00,QQQ,2026-09-29,0,735.6901,710.0,P,0.0,0.01,0.01,0.01,7412,1837,0.5972,-0.005,0.0014,0.0023,-0.0157,0.02,0.02,0.01,0.045
2026-09-29T17:00:13+00:00,QQQ,2026-09-29,0,735.6901,711.0,P,0.01,0.02,0.015,0.02,604,1572,0.6419,-0.0052,0.0015,0.0024,-0.0159,0.02,0.02,0.01,0.045
2026-09-29T17:00:13+00:00,QQQ,2026-09-29,0,735.6901,712.0,P,0.01,0.02,0.015,0.01,96,3319,0.6182,-0.0055,0.0016,0.0025,-0.0161,0.01,0.02,0.01,0.055
2026-09-29T17:00:13+00:00,QQQ,2026-09-29,0,735.6901,713.0,P,0.01,0.02,0.015,0.01,268,911,0.5945,-0.0057,0.0018,0.0026,-0.0163,0.02,0.02,0.01,0.055
2026-09-29T17:00:13+00:00,QQQ,2026-09-29,0,735.6901,714.0,P,0.01,0.02,0.015,0.01,994,1308,0.5707,-0.006,0.0019,0.0027,-0.0166,0.02,0.02,0.01,0.065
2026-09-29T17:00:13+00:00,QQQ,2026-09-29,0,735.6901,715.0,P,0.01,0.02,0.015,0.02,2151,4270,0.5468,-0.0063,0.0021,0.0028,-0.0168,0.01,0.03,0.01,0.065
2026-09-29T17:00:13+00:00,QQQ,2026-09-29,0,735.6901,716.0,P,0.01,0.02,0.015,0.02,1685,820,0.5229,-0.0067,0.0023,0.003,-0.0171,0.02,0.03,0.01,0.075
2026-09-29T17:00:13+00:00,QQQ,2026-09-29,0,735.6901,717.0,P,0.01,0.02,0.015,0.01,3256,3256,0.4989,-0.0071,0.0025,0.0031,-0.0174,0.02,0.03,0.01,0.085
2026-09-29T17:00:13+00:00,QQQ,2026-09-29,0,735.6901,718.0,P,0.01,0.02,0.015,0.02,2636,1481,0.4748,-0.0075,0.0028,0.0033,-0.0177,0.02,0.04,0.01,0.105
2026-09-29T17:00:13+00:00,QQQ,2026-09-29,0,735.6901,719.0,P,0.01,0.02,0.015,0.02,2280,1987,0.4507,-0.008,0.0031,0.0035,-0.0182,0.03,0.04,0.01,0.115
2026-09-29T17:00:13+00:00,QQQ,2026-09-29,0,735.6901,720.0,P,0.01,0.02,0.015,0.02,4512,3318,0.4264,-0.0086,0.0035,0.0038,-0.0188,0.03,0.04,0.01,0.135
2026-09-29T17:00:13+00:00,QQQ,2026-09-29,0,735.6901,721.0,P,0.01,0.02,0.015,0.01,3705,1429,0.402,-0.0094,0.004,0.0041,-0.0196,0.07,0.07,0.01,0.165
2026-09-29T17:00:13+00:00,QQQ,2026-09-29,0,735.6901,722.0,P,0.02,0.03,0.025,0.02,3866,4199,0.4026,-0.0105,0.0046,0.0045,-0.021,0.01,0.06,0.01,0.195
2026-09-29T17:00:13+00:00,QQQ,2026-09-29,0,735.6901,723.0,P,0.02,0.03,0.025,0.03,7845,3042,0.3767,-0.0119,0.0055,0.005,-0.023,0.03,0.07,0.02,0.235
2026-09-29T17:00:13+00:00,QQQ,2026-09-29,0,735.6901,724.0,P,0.02,0.03,0.025,0.02,3724,2502,0.3506,-0.0141,0.0067,0.0058,-0.0261,0.03,0.09,0.02,0.285
2026-09-29T17:00:13+00:00,QQQ,2026-09-29,0,735.6901,725.0,P,0.03,0.04,0.035,0.04,8498,23031,0.3403,-0.0172,0.0084,0.0069,-0.0312,0.04,0.1,0.02,0.345
2026-09-29T17:00:13+00:00,QQQ,2026-09-29,0,735.6901,726.0,P,0.04,0.05,0.045,0.04,11781,2792,0.3252,-0.0219,0.0108,0.0084,-0.039,0.07,0.13,0.02,0.415
2026-09-29T17:00:13+00:00,QQQ,2026-09-29,0,735.6901,727.0,P,0.05,0.06,0.055,0.06,12269,3407,0.3067,-0.029,0.0143,0.0106,-0.0511,0.06,0.18,0.03,0.505
2026-09-29T17:00:13+00:00,QQQ,2026-09-29,0,735.6901,728.0,P,0.06,0.07,0.065,0.06,16186,3742,0.2854,-0.0394,0.0194,0.0136,-0.0693,0.1,0.22,0.03,0.625
2026-09-29T17:00:13+00:00,QQQ,2026-09-29,0,735.6901,729.0,P,0.09,0.1,0.095,0.1,20145,5320,0.2744,-0.0545,0.0264,0.0176,-0.0966,0.12,0.29,0.04,0.755
2026-09-29T17:00:13+00:00,QQQ,2026-09-29,0,735.6901,730.0,P,0.13,0.14,0.135,0.13,92319,27107,0.2614,-0.0765,0.036,0.0227,-0.1371,0.15,0.39,0.06,0.925
2026-09-29T17:00:13+00:00,QQQ,2026-09-29,0,735.6901,731.0,P,0.19,0.2,0.195,0.19,40703,4142,0.2486,-0.1081,0.0489,0.0292,-0.1978,0.21,0.52,0.07,1.115
2026-09-29T17:00:13+00:00,QQQ,2026-09-29,0,735.6901,732.0,P,0.29,0.3,0.295,0.29,82469,10155,0.239,-0.1537,0.0655,0.0369,-0.2902,0.25,0.69,0.1,1.355
2026-09-29T17:00:13+00:00,QQQ,2026-09-29,0,735.6901,733.0,P,0.43,0.44,0.435,0.43,84723,6459,0.2274,-0.2182,0.0853,0.0455,-0.4324,0.35,0.91,0.14,1.625
2026-09-29T17:00:13+00:00,QQQ,2026-09-29,0,735.6901,734.0,P,0.64,0.65,0.645,0.64,123763,3616,0.2188,-0.3058,0.1058,0.0537,-0.65,0.42,1.19,0.2,1.945
2026-09-29T17:00:13+00:00,QQQ,2026-09-29,0,735.6901,735.0,P,0.96,0.97,0.965,0.96,267855,39284,0.2115,-0.4159,0.1214,0.0595,-0.9728,0.54,1.54,0.28,2.32
2026-09-29T17:00:13+00:00,QQQ,2026-09-29,0,735.6901,736.0,P,1.41,1.42,1.415,1.42,267321,17831,0.2083,-0.5402,0.126,0.0605,-1.1017,0.78,1.96,0.39,2.745
2026-09-29T17:00:13+00:00,QQQ,2026-09-29,0,735.6901,737.0,P,2.0,2.01,2.005,2.0,291289,2306,0.206,-0.663,0.1166,0.0558,-0.6984,0.94,2.45,0.57,3.22
2026-09-29T17:00:13+00:00,QQQ,2026-09-29,0,735.6901,738.0,P,2.71,2.73,2.72,2.7,196814,2642,0.2094,-0.7677,0.0965,0.0471,-0.428,1.28,3.03,0.81,3.755
2026-09-29T17:00:13+00:00,QQQ,2026-09-29,0,735.6901,739.0,P,3.53,3.59,3.56,3.56,115393,1545,0.2091,-0.8451,0.0731,0.0372,-0.2629,1.66,3.69,1.13,4.345
2026-09-29T17:00:13+00:00,QQQ,2026-09-29,0,735.6901,740.0,P,4.41,4.49,4.45,4.44,68701,3267,0.2135,-0.8962,0.0528,0.0284,-0.1686,2.1,4.48,1.56,4.98
2026-09-29T17:00:13+00:00,QQQ,2026-09-29,0,735.6901,741.0,P,5.35,5.47,5.41,5.21,13847,1303,0.2224,-0.9279,0.0379,0.0218,-0.1157,2.54,5.28,2.1,5.67
2026-09-29T17:00:13+00:00,QQQ,2026-09-29,0,735.6901,742.0,P,6.32,6.46,6.39,6.43,4226,916,0.2414,-0.9477,0.0276,0.0171,-0.0846,3.12,6.43,2.74,6.415
2026-09-29T17:00:13+00:00,QQQ,2026-09-29,0,735.6901,743.0,P,7.3,7.44,7.37,7.19,1499,891,0.2546,-0.9607,0.0205,0.0137,-0.0649,4.13,7.19,3.5,7.195
2026-09-29T17:00:13+00:00,QQQ,2026-09-29,0,735.6901,744.0,P,8.28,8.43,8.355,7.54,1569,1056,0.2655,-0.9696,0.0156,0.0111,-0.0515,4.96,7.84,4.31,7.975
2026-09-29T17:00:13+00:00,QQQ,2026-09-29,0,735.6901,745.0,P,9.27,9.41,9.34,9.0,1028,2006,0.2655,-0.9758,0.0121,0.0092,-0.0421,5.22,9.0,5.2,8.94
2026-09-29T17:00:13+00:00,QQQ,2026-09-29,0,735.6901,746.0,P,10.27,10.39,10.33,9.08,368,184,0.2552,-0.9802,0.0096,0.0077,-0.0355,7.22,9.88,6.2,9.75
2026-09-29T17:00:13+00:00,QQQ,2026-09-29,0,735.6901,747.0,P,11.26,11.38,11.32,10.4,738,463,0.0,-0.9834,0.0078,0.0067,-0.0307,7.79,10.62,7.14,10.68
2026-09-29T17:00:13+00:00,QQQ,2026-09-29,0,735.6901,748.0,P,12.25,12.39,12.32,12.31,213,251,0.0,-0.9858,0.0065,0.0058,-0.0274,8.95,12.31,8.1,11.62
2026-09-29T17:00:13+00:00,QQQ,2026-09-29,0,735.6901,749.0,P,13.25,13.37,13.31,12.55,161,38,0.0,-0.9875,0.0055,0.0052,-0.025,9.65,12.58,9.04,12.58
2026-09-29T17:00:13+00:00,QQQ,2026-09-29,0,735.6901,750.0,P,14.25,14.39,14.32,13.45,71,10,0.0,-0.9888,0.0047,0.0047,-0.0233,10.79,13.45,10.07,13.525
2026-09-29T17:00:13+00:00,QQQ,2026-09-29,0,735.6901,751.0,P,15.24,15.38,15.31,14.15,40,1,0.0,-0.9898,0.0042,0.0043,-0.022,11.86,14.5,11.2,14.48
2026-09-29T17:00:13+00:00,QQQ,2026-09-29,0,735.6901,752.0,P,16.24,16.37,16.305,15.07,20,7,0.0,-0.9906,0.0037,0.004,-0.0211,12.07,15.1,12.07,15.47
2026-09-29T17:00:13+00:00,QQQ,2026-09-29,0,735.6901,753.0,P,17.24,17.36,17.3,15.98,14,0,0.0,-0.9913,0.0033,0.0038,-0.0204,15.34,16.65,13.3,16.46
2026-09-29T17:00:13+00:00,QQQ,2026-09-29,0,735.6901,754.0,P,18.24,18.36,18.3,17.83,39,1,0.0,-0.9918,0.003,0.0036,-0.0198,15.82,17.83,14.62,17.385
2026-09-29T17:00:13+00:00,QQQ,2026-09-29,0,735.6901,755.0,P,19.24,19.36,19.3,17.93,33,27,0.0,-0.9923,0.0027,0.0034,-0.0194,18.1,18.7,15.23,18.365
2026-09-29T17:00:13+00:00,QQQ,2026-09-29,0,735.6901,756.0,P,20.23,20.38,20.305,19.82,16,0,0.0,-0.9927,0.0025,0.0032,-0.019,19.0,19.82,16.79,19.385
2026-09-29T17:00:13+00:00,QQQ,2026-09-29,0,735.6901,757.0,P,21.24,21.36,21.3,19.59,29,0,0.0,-0.993,0.0023,0.0031,-0.0187,18.94,20.75,17.56,20.37
2026-09-29T17:00:13+00:00,QQQ,2026-09-29,0,735.6901,758.0,P,22.24,22.38,22.31,21.83,15,0,0.0,-0.9934,0.0021,0.0029,-0.0184,20.98,21.83,19.9,21.38
2026-09-29T17:00:13+00:00,QQQ,2026-09-29,0,735.6901,759.0,P,23.24,23.38,23.31,22.19,46,0,0.0,-0.9937,0.0019,0.0028,-0.0182,21.84,22.95,19.36,23.13
2026-09-29T17:00:13+00:00,QQQ,2026-09-29,0,735.6901,760.0,P,24.24,24.38,24.31,24.1,56,38,0.0,-0.9939,0.0018,0.0027,-0.0179,20.4,24.45,20.1,23.37
2026-09-29T17:00:13+00:00,QQQ,2026-09-29,0,735.6901,761.0,P,25.16,25.38,25.27,25.02,83,0,0.0,-0.9942,0.0017,0.0026,-0.0177,24.11,25.02,23.36,24.37
2026-09-29T17:00:13+00:00,QQQ,2026-09-29,0,735.6901,762.0,P,24.75,26.78,25.765,25.66,243,0,0.0,-0.9944,0.0016,0.0025,-0.0175,24.62,26.6,23.44,25.38
2026-09-29T17:00:13+00:00,QQQ,2026-09-29,0,735.6901,763.0,P,25.62,27.78,26.7,26.66,305,0,0.0,-0.9946,0.0015,0.0024,-0.0173,25.54,27.59,22.79,26.375
2026-09-29T17:00:13+00:00,QQQ,2026-09-29,0,735.6901,764.0,P,26.38,28.89,27.635,27.18,224,0,0.0,-0.9948,0.0014,0.0023,-0.0171,25.66,28.94,22.63,27.38
2026-09-29T17:00:13+00:00,QQQ,2026-09-29,0,735.6901,765.0,P,27.37,30.45,28.91,28.2,156,0,0.0,-0.995,0.0013,0.0022,-0.0169,27.86,29.5,25.08,28.36
2026-09-29T17:00:13+00:00,QQQ,2026-09-29,0,735.6901,766.0,P,28.38,31.36,29.87,29.11,124,0,0.0,-0.9952,0.0012,0.0022,-0.0167,28.09,31.09,26.0,29.365
2026-09-29T17:00:13+00:00,QQQ,2026-09-29,0,735.6901,767.0,P,29.38,32.39,30.885,30.09,157,0,0.0,-0.9953,0.0012,0.0021,-0.0165,28.8,30.75,26.2,30.375
2026-09-29T17:00:13+00:00,QQQ,2026-09-29,0,735.6901,768.0,P,30.37,33.59,31.98,31.09,154,0,0.0,-0.9955,0.0011,0.002,-0.0163,30.86,31.21,28.16,31.38
2026-09-29T17:00:13+00:00,QQQ,2026-09-29,0,735.6901,769.0,P,31.38,34.21,32.795,32.66,129,0,0.0,-0.9956,0.001,0.002,-0.0161,30.44,32.66,29.28,32.365
2026-09-29T17:00:13+00:00,QQQ,2026-09-29,0,735.6901,770.0,P,32.35,34.94,33.645,33.58,187,0,0.0,-0.9958,0.001,0.0019,-0.016,32.85,33.58,30.54,33.38
2026-09-29T17:00:13+00:00,QQQ,2026-09-29,0,735.6901,771.0,P,33.37,36.69,35.03,34.91,158,0,0.0,-0.9959,0.0009,0.0019,-0.0158,33.35,34.91,31.35,34.38
2026-09-29T17:00:13+00:00,QQQ,2026-09-29,0,735.6901,772.0,P,34.37,37.04,35.705,35.83,134,0,0.0,-0.996,0.0009,0.0018,-0.0156,34.26,36.66,32.35,35.38
2026-09-29T17:00:13+00:00,QQQ,2026-09-29,0,735.6901,773.0,P,35.38,38.36,36.87,36.14,94,0,0.0,-0.9962,0.0008,0.0018,-0.0154,34.9,37.65,33.47,37.125
2026-09-29T17:00:13+00:00,QQQ,2026-09-29,0,735.6901,774.0,P,36.38,39.36,37.87,37.06,102,0,0.0,-0.9963,0.0008,0.0017,-0.0152,34.89,37.58,34.34,37.63
2026-09-29T17:00:13+00:00,QQQ,2026-09-29,0,735.6901,775.0,P,37.38,40.42,38.9,38.07,79,0,0.0,-0.9964,0.0008,0.0017,-0.015,35.82,38.49,35.27,38.64
2026-09-29T17:00:13+00:00,QQQ,2026-09-29,0,735.6901,780.0,P,42.37,45.28,43.825,40.36,14,0,0.0,-0.9969,0.0006,0.0015,-0.0142,42.25,43.03,40.3,43.635
2026-09-29T17:00:13+00:00,QQQ,2026-09-29,0,735.6901,785.0,P,47.37,50.02,48.695,47.14,18,0,0.0,-0.9972,0.0005,0.0013,-0.0134,46.72,47.7,44.94,48.635
2026-09-29T17:00:13+00:00,QQQ,2026-09-29,0,735.6901,790.0,P,52.37,55.29,53.83,52.06,2,0,0.0,-0.9976,0.0004,0.0012,-0.0126,53.31,53.31,52.06,53.64
2026-09-29T17:00:13+00:00,QQQ,2026-09-29,0,735.6901,795.0,P,57.37,59.81,58.59,57.99,4,0,0.0,-0.9978,0.0003,0.001,-0.0119,57.12,57.99,57.12,58.64
2026-09-29T17:00:13+00:00,QQQ,2026-09-29,0,735.6901,800.0,P,64.12,65.29,64.705,64.42,7,0,2.1414,-0.9981,0.0003,0.0009,-0.0112,63.69,64.42,62.08,63.635
2026-09-29T17:00:13+00:00,QQQ,2026-09-29,0,735.6901,805.0,P,67.39,70.78,69.085,69.35,3,0,0.0,-0.9983,0.0002,0.0008,-0.0105,66.99,69.35,66.99,68.62
2026-09-29T17:00:13+00:00,QQQ,2026-09-29,0,735.6901,810.0,P,72.37,75.55,73.96,73.45,3,0,0.0,-0.9984,0.0002,0.0008,-0.0099,72.14,73.45,72.14,73.64
2026-09-29T17:00:13+00:00,QQQ,2026-09-29,0,735.6901,815.0,P,77.37,80.73,79.05,78.38,3,0,0.0,-0.9986,0.0002,0.0007,-0.0093,77.15,78.38,77.15,78.615
2026-09-29T17:00:13+00:00,QQQ,2026-09-29,0,735.6901,820.0,P,82.37,85.26,83.815,83.55,4,0,0.0,-0.9987,0.0002,0.0006,-0.0087,82.25,83.55,82.25,83.62
2026-09-29T17:00:13+00:00,QQQ,2026-09-29,0,735.6901,825.0,P,87.37,90.74,89.055,88.48,4,0,0.0,-0.9988,0.0001,0.0006,-0.0082,87.25,88.48,87.25,88.64
2026-09-29T17:00:13+00:00,QQQ,2026-09-29,0,735.6901,830.0,P,92.37,94.84,93.605,93.11,2,0,0.0,-0.999,0.0001,0.0005,-0.0077,92.37,93.11,92.37,93.64
2026-09-29T17:00:13+00:00,QQQ,2026-09-29,0,735.6901,835.0,P,97.37,100.47,98.92,98.35,2,0,0.0,-0.999,0.0001,0.0005,-0.0072,97.54,98.35,97.54,98.64
2026-09-29T17:00:13+00:00,QQQ,2026-09-29,0,735.6901,840.0,P,102.37,105.25,103.81,100.47,2,0,0.0,-0.9991,0.0001,0.0004,-0.0067,102.45,102.45,100.47,103.64
2026-09-29T17:07:06+00:00,QQQ,2026-09-29,0,736.41,485.0,C,249.51,253.24,251.375,252.92,6,0,0.0,1.0,0.0,0.0,0.0,253.15,253.15,252.92,251.46
2026-09-29T17:07:06+00:00,QQQ,2026-09-29,0,736.41,490.0,C,244.51,248.27,246.39,247.92,6,0,0.0,1.0,0.0,0.0,0.0,248.22,248.22,247.92,246.46
2026-09-29T17:07:06+00:00,QQQ,2026-09-29,0,736.41,505.0,C,229.51,233.05,231.28,231.97,2,8,0.0,1.0,0.0,0.0,-0.0001,231.97,231.97,231.97,231.435
2026-09-29T17:07:06+00:00,QQQ,2026-09-29,0,736.41,510.0,C,224.51,228.05,226.28,227.04,2,0,0.0,1.0,0.0,0.0,-0.0001,227.04,227.04,227.04,226.465
2026-09-29T17:07:06+00:00,QQQ,2026-09-29,0,736.41,530.0,C,204.51,208.27,206.39,206.99,1,0,0.0,1.0,0.0,0.0,-0.0002,206.99,206.99,206.99,206.46
2026-09-29T17:07:06+00:00,QQQ,2026-09-29,0,736.41,535.0,C,199.51,202.88,201.195,202.06,1,0,0.0,1.0,0.0,0.0,-0.0002,202.06,202.06,202.06,201.465
2026-09-29T17:07:06+00:00,QQQ,2026-09-29,0,736.41,550.0,C,184.56,188.24,186.4,186.93,1,0,4.4817,1.0,0.0,0.0,-0.0004,186.93,186.93,186.93,186.47
2026-09-29T17:07:06+00:00,QQQ,2026-09-29,0,736.41,555.0,C,179.56,183.25,181.405,182.0,1,0,4.492,1.0,0.0,0.0,-0.0005,182.0,182.0,182.0,181.47
2026-09-29T17:07:06+00:00,QQQ,2026-09-29,0,736.41,660.0,C,74.52,78.25,76.385,77.83,1,0,0.0,0.999,0.0001,0.0005,-0.0067,77.83,77.83,77.83,76.51
2026-09-29T17:07:06+00:00,QQQ,2026-09-29,0,736.41,661.0,C,73.51,77.24,75.375,76.89,1,0,0.0,0.999,0.0001,0.0005,-0.0068,76.89,76.89,76.89,75.505
2026-09-29T17:07:06+00:00,QQQ,2026-09-29,0,736.41,663.0,C,71.51,75.25,73.38,74.17,1,0,0.0,0.9989,0.0001,0.0005,-0.0071,74.17,74.17,74.17,73.505
2026-09-29T17:07:06+00:00,QQQ,2026-09-29,0,736.41,664.0,C,70.51,74.26,72.385,73.22,1,0,0.0,0.9989,0.0001,0.0005,-0.0072,73.22,73.22,73.22,72.505
2026-09-29T17:07:06+00:00,QQQ,2026-09-29,0,736.41,666.0,C,68.51,72.26,70.385,71.47,1,0,0.0,0.9988,0.0002,0.0006,-0.0074,71.47,71.47,71.47,70.51
2026-09-29T17:07:06+00:00,QQQ,2026-09-29,0,736.41,667.0,C,67.51,70.87,69.19,70.52,1,0,0.0,0.9988,0.0002,0.0006,-0.0076,70.52,70.52,70.52,69.51
2026-09-29T17:07:06+00:00,QQQ,2026-09-29,0,736.41,669.0,C,65.51,68.87,67.19,69.1,1,0,0.0,0.9988,0.0002,0.0006,-0.0079,69.1,69.1,69.1,67.505
2026-09-29T17:07:06+00:00,QQQ,2026-09-29,0,736.41,670.0,C,64.51,67.87,66.19,68.18,1,1,0.0,0.9987,0.0002,0.0006,-0.008,68.18,68.18,68.18,66.505
2026-09-29T17:07:06+00:00,QQQ,2026-09-29,0,736.41,671.0,C,63.51,66.87,65.19,66.09,1,0,0.0,0.9987,0.0002,0.0006,-0.0081,66.09,66.09,66.09,65.505
2026-09-29T17:07:06+00:00,QQQ,2026-09-29,0,736.41,672.0,C,62.51,66.24,64.375,65.15,1,0,0.0,0.9986,0.0002,0.0007,-0.0083,65.15,65.15,65.15,64.505
2026-09-29T17:07:06+00:00,QQQ,2026-09-29,0,736.41,674.0,C,61.72,63.86,62.79,63.04,16,0,2.3303,0.9986,0.0002,0.0007,-0.0086,63.12,63.53,62.95,62.515
2026-09-29T17:07:06+00:00,QQQ,2026-09-29,0,736.41,675.0,C,61.22,62.72,61.97,62.09,16,3,2.4642,0.9985,0.0002,0.0007,-0.0087,62.18,62.6,62.02,61.515
2026-09-29T17:07:06+00:00,QQQ,2026-09-29,0,736.41,677.0,C,59.08,60.79,59.935,60.66,1,0,2.3599,0.9984,0.0002,0.0008,-0.009,60.66,60.66,60.66,59.515
2026-09-29T17:07:06+00:00,QQQ,2026-09-29,0,736.41,678.0,C,58.08,59.83,58.955,58.69,8,0,2.3416,0.9984,0.0002,0.0008,-0.0092,59.74,59.74,58.61,58.52
2026-09-29T17:07:06+00:00,QQQ,2026-09-29,0,736.41,679.0,C,55.86,58.81,57.335,57.74,7,0,0.0,0.9983,0.0003,0.0008,-0.0093,58.28,58.42,57.66,57.52
2026-09-29T17:07:06+00:00,QQQ,2026-09-29,0,736.41,680.0,C,54.56,57.88,56.22,57.29,1,1,0.0,0.9983,0.0003,0.0008,-0.0095,57.29,57.29,57.29,56.52
2026-09-29T17:07:06+00:00,QQQ,2026-09-29,0,736.41,681.0,C,55.2,56.83,56.015,56.37,1,0,2.283,0.9982,0.0003,0.0008,-0.0096,56.37,56.37,56.37,55.53
2026-09-29T17:07:06+00:00,QQQ,2026-09-29,0,736.41,682.0,C,53.9,55.62,54.76,55.89,1,0,2.0452,0.9982,0.0003,0.0009,-0.0098,55.89,55.89,55.89,54.515
2026-09-29T17:07:06+00:00,QQQ,2026-09-29,0,736.41,683.0,C,53.13,54.81,53.97,53.81,8,0,2.1811,0.9981,0.0003,0.0009,-0.01,54.95,54.95,53.81,53.515
2026-09-29T17:07:06+00:00,QQQ,2026-09-29,0,736.41,684.0,C,50.58,53.99,52.285,52.86,7,0,0.0,0.9981,0.0003,0.0009,-0.0101,52.98,52.99,52.86,52.525
2026-09-29T17:07:06+00:00,QQQ,2026-09-29,0,736.41,685.0,C,49.68,52.9,51.29,52.17,1,1,0.0,0.998,0.0003,0.001,-0.0103,52.17,52.17,52.17,51.525
2026-09-29T17:07:06+00:00,QQQ,2026-09-29,0,736.41,686.0,C,48.56,51.93,50.245,51.24,1,2,0.0,0.998,0.0004,0.001,-0.0104,51.24,51.24,51.24,50.525
2026-09-29T17:07:06+00:00,QQQ,2026-09-29,0,736.41,687.0,C,47.56,51.07,49.315,49.8,2,1,0.0,0.9979,0.0004,0.001,-0.0106,52.59,52.59,49.8,49.53
2026-09-29T17:07:06+00:00,QQQ,2026-09-29,0,736.41,688.0,C,46.56,50.25,48.405,51.65,1,0,1.2128,0.9978,0.0004,0.001,-0.0108,51.65,51.65,51.65,48.525
2026-09-29T17:07:06+00:00,QQQ,2026-09-29,0,736.41,690.0,C,44.56,48.25,46.405,47.19,33,34,1.1658,0.9977,0.0004,0.0011,-0.0111,48.2,49.11,47.19,46.525
2026-09-29T17:07:06+00:00,QQQ,2026-09-29,0,736.41,691.0,C,43.56,47.25,45.405,47.68,1,0,1.1422,0.9976,0.0004,0.0011,-0.0113,47.68,47.68,47.68,45.535
2026-09-29T17:07:06+00:00,QQQ,2026-09-29,0,736.41,692.0,C,42.56,46.16,44.36,46.08,1,0,0.0,0.9975,0.0005,0.0012,-0.0115,46.08,46.08,46.08,44.54
2026-09-29T17:07:06+00:00,QQQ,2026-09-29,0,736.41,693.0,C,41.51,45.26,43.385,45.15,1,12,0.0,0.9974,0.0005,0.0012,-0.0117,45.15,45.15,45.15,43.535
2026-09-29T17:07:06+00:00,QQQ,2026-09-29,0,736.41,694.0,C,40.51,44.03,42.27,42.74,1,0,0.0,0.9974,0.0005,0.0012,-0.0118,42.74,42.74,42.74,42.54
2026-09-29T17:07:06+00:00,QQQ,2026-09-29,0,736.41,695.0,C,39.51,43.25,41.38,41.81,1,1,0.0,0.9973,0.0005,0.0013,-0.012,41.81,41.81,41.81,41.53
2026-09-29T17:07:06+00:00,QQQ,2026-09-29,0,736.41,696.0,C,38.51,41.97,40.24,40.89,1,0,0.0,0.9972,0.0006,0.0013,-0.0122,40.89,40.89,40.89,40.535
2026-09-29T17:07:06+00:00,QQQ,2026-09-29,0,736.41,697.0,C,37.51,41.24,39.375,39.95,3,1,0.0,0.9971,0.0006,0.0014,-0.0124,41.14,41.14,39.95,39.535
2026-09-29T17:07:06+00:00,QQQ,2026-09-29,0,736.41,698.0,C,36.51,40.25,38.38,40.04,3,3,0.0,0.997,0.0006,0.0014,-0.0126,40.15,40.15,40.04,38.55
2026-09-29T17:07:06+00:00,QQQ,2026-09-29,0,736.41,699.0,C,35.56,38.9,37.23,35.6,10,3,0.0,0.9969,0.0007,0.0014,-0.0128,39.04,40.58,35.6,37.545
2026-09-29T17:07:06+00:00,QQQ,2026-09-29,0,736.41,700.0,C,34.65,37.83,36.24,36.19,107,65,0.0,0.9968,0.0007,0.0015,-0.013,39.0,40.06,36.19,36.405
2026-09-29T17:07:06+00:00,QQQ,2026-09-29,0,736.41,701.0,C,33.53,37.26,35.395,36.11,45,7,0.8178,0.9967,0.0008,0.0015,-0.0132,37.17,39.38,35.32,35.435
2026-09-29T17:07:06+00:00,QQQ,2026-09-29,0,736.41,702.0,C,32.65,35.83,34.24,35.09,36,33,0.0,0.9965,0.0008,0.0016,-0.0134,35.13,38.44,34.26,34.43
2026-09-29T17:07:06+00:00,QQQ,2026-09-29,0,736.41,703.0,C,31.53,35.22,33.375,33.67,28,15,0.0,0.9964,0.0008,0.0016,-0.0136,34.21,38.05,33.67,33.435
2026-09-29T17:07:06+00:00,QQQ,2026-09-29,0,736.41,704.0,C,30.61,34.24,32.425,31.65,43,16,0.918,0.9963,0.0009,0.0017,-0.0138,33.01,36.55,31.65,32.44
2026-09-29T17:07:06+00:00,QQQ,2026-09-29,0,736.41,705.0,C,29.62,33.25,31.435,31.18,24,230,0.9204,0.9961,0.001,0.0018,-0.014,31.79,35.35,30.59,31.415
2026-09-29T17:07:06+00:00,QQQ,2026-09-29,0,736.41,706.0,C,29.2,31.49,30.345,29.54,32,5,0.0,0.996,0.001,0.0018,-0.0142,30.46,34.04,29.2,30.445
2026-09-29T17:07:06+00:00,QQQ,2026-09-29,0,736.41,707.0,C,27.96,30.94,29.45,29.18,23,17,0.9011,0.9958,0.0011,0.0019,-0.0144,29.96,33.11,28.49,29.415
2026-09-29T17:07:06+00:00,QQQ,2026-09-29,0,736.41,708.0,C,27.0,30.25,28.625,29.2,35,9,1.0826,0.9956,0.0012,0.002,-0.0146,28.58,32.1,28.26,28.465
2026-09-29T17:07:06+00:00,QQQ,2026-09-29,0,736.41,709.0,C,26.04,28.98,27.51,27.64,44,49,0.9372,0.9954,0.0012,0.002,-0.0148,27.54,31.02,27.35,27.46
2026-09-29T17:07:06+00:00,QQQ,2026-09-29,0,736.41,710.0,C,24.67,28.27,26.47,26.78,71,564,0.8533,0.9952,0.0013,0.0021,-0.015,26.97,29.62,26.29,26.425
2026-09-29T17:07:06+00:00,QQQ,2026-09-29,0,736.41,711.0,C,23.67,27.02,25.345,25.12,107,51,0.0,0.995,0.0014,0.0022,-0.0152,25.96,29.0,24.8,25.43
2026-09-29T17:07:06+00:00,QQQ,2026-09-29,0,736.41,712.0,C,24.32,24.48,24.4,24.84,67,15,0.724,0.9948,0.0015,0.0023,-0.0155,25.0,28.05,23.58,24.48
2026-09-29T17:07:06+00:00,QQQ,2026-09-29,0,736.41,713.0,C,23.32,23.48,23.4,23.2,80,34,0.6976,0.9946,0.0017,0.0024,-0.0157,23.99,26.95,23.2,23.41
2026-09-29T17:07:06+00:00,QQQ,2026-09-29,0,736.41,714.0,C,22.32,22.49,22.405,22.38,30,43,0.6711,0.9943,0.0018,0.0025,-0.0159,23.69,26.07,21.7,22.48
2026-09-29T17:07:06+00:00,QQQ,2026-09-29,0,736.41,715.0,C,21.33,21.49,21.41,22.62,35,485,0.6445,0.994,0.002,0.0026,-0.0162,23.93,25.04,22.62,21.395
2026-09-29T17:07:06+00:00,QQQ,2026-09-29,0,736.41,716.0,C,20.33,20.49,20.41,20.9,28,190,0.6179,0.9937,0.0021,0.0028,-0.0164,21.22,23.9,20.9,20.4
2026-09-29T17:07:06+00:00,QQQ,2026-09-29,0,736.41,717.0,C,19.33,19.49,19.41,19.39,32,102,0.5912,0.9934,0.0023,0.0029,-0.0167,20.02,22.24,19.39,19.42
2026-09-29T17:07:06+00:00,QQQ,2026-09-29,0,736.41,718.0,C,18.32,18.49,18.405,18.64,33,132,0.5643,0.993,0.0026,0.0031,-0.017,21.14,21.99,18.42,18.46
2026-09-29T17:07:06+00:00,QQQ,2026-09-29,0,736.41,719.0,C,17.33,17.49,17.41,17.34,7,80,0.5463,0.9925,0.0028,0.0032,-0.0174,18.07,19.25,17.33,17.445
2026-09-29T17:07:06+00:00,QQQ,2026-09-29,0,736.41,720.0,C,16.33,16.49,16.41,16.39,131,861,0.5188,0.992,0.0032,0.0034,-0.0179,19.07,19.85,16.37,16.69
2026-09-29T17:07:06+00:00,QQQ,2026-09-29,0,736.41,721.0,C,15.33,15.49,15.41,15.99,30,377,0.4913,0.9914,0.0036,0.0037,-0.0185,17.55,18.6,15.9,15.565
2026-09-29T17:07:06+00:00,QQQ,2026-09-29,0,736.41,722.0,C,14.34,14.49,14.415,15.4,13,81,0.4708,0.9906,0.0041,0.004,-0.0193,16.41,16.63,14.8,14.52
2026-09-29T17:07:06+00:00,QQQ,2026-09-29,0,736.41,723.0,C,13.33,13.49,13.41,13.92,113,98,0.4426,0.9895,0.0047,0.0044,-0.0206,17.01,17.01,13.58,13.705
2026-09-29T17:07:06+00:00,QQQ,2026-09-29,0,736.41,724.0,C,12.34,12.5,12.42,13.63,315,121,0.4204,0.9881,0.0056,0.0049,-0.0224,14.03,15.75,12.36,12.72
2026-09-29T17:07:06+00:00,QQQ,2026-09-29,0,736.41,725.0,C,11.35,11.5,11.425,11.99,403,712,0.3914,0.9861,0.0068,0.0056,-0.0252,12.81,15.0,11.5,11.795
2026-09-29T17:07:06+00:00,QQQ,2026-09-29,0,736.41,726.0,C,10.35,10.5,10.425,10.28,90,129,0.3674,0.9832,0.0085,0.0067,-0.0294,13.36,13.8,10.21,10.83
2026-09-29T17:07:06+00:00,QQQ,2026-09-29,0,736.41,727.0,C,9.36,9.51,9.435,9.49,322,392,0.3423,0.9789,0.0109,0.0081,-0.036,13.0,13.0,9.14,10.06
2026-09-29T17:07:06+00:00,QQQ,2026-09-29,0,736.41,728.0,C,8.37,8.52,8.445,8.52,241,448,0.32,0.9725,0.0144,0.0101,-0.046,11.8,11.82,7.51,9.205
2026-09-29T17:07:06+00:00,QQQ,2026-09-29,0,736.41,729.0,C,7.38,7.53,7.455,7.5,162,184,0.2956,0.963,0.0194,0.0128,-0.0612,8.31,11.06,6.53,8.345
2026-09-29T17:07:06+00:00,QQQ,2026-09-29,0,736.41,730.0,C,6.41,6.55,6.48,6.77,1072,716,0.2776,0.9488,0.0267,0.0166,-0.0843,10.08,10.11,5.6,7.505
2026-09-29T17:07:06+00:00,QQQ,2026-09-29,0,736.41,731.0,C,5.44,5.58,5.51,5.58,1540,572,0.2617,0.9274,0.0371,0.0216,-0.12,9.06,9.09,4.69,6.705
2026-09-29T17:07:06+00:00,QQQ,2026-09-29,0,736.41,732.0,C,4.51,4.64,4.575,4.84,3554,819,0.2447,0.8951,0.0516,0.0282,-0.1765,7.65,8.0,3.76,5.935
2026-09-29T17:07:06+00:00,QQQ,2026-09-29,0,736.41,733.0,C,3.61,3.69,3.65,3.83,3578,2372,0.2259,0.8463,0.071,0.0364,-0.2677,7.56,7.56,2.93,5.195
2026-09-29T17:07:06+00:00,QQQ,2026-09-29,0,736.41,734.0,C,2.78,2.8,2.79,2.8,8273,1299,0.2088,0.7745,0.0943,0.0457,-0.416,6.71,6.74,2.15,4.515
2026-09-29T17:07:06+00:00,QQQ,2026-09-29,0,736.41,735.0,C,2.03,2.04,2.035,2.04,22765,3186,0.2033,0.6756,0.1172,0.0542,-0.6524,5.74,6.0,1.51,3.885
2026-09-29T17:07:06+00:00,QQQ,2026-09-29,0,736.41,736.0,C,1.38,1.4,1.39,1.39,76763,5006,0.2005,0.5526,0.1321,0.0594,-1.0101,4.88,5.15,1.0,3.315
2026-09-29T17:07:06+00:00,QQQ,2026-09-29,0,736.41,737.0,C,0.89,0.9,0.895,0.9,217290,7852,0.1979,0.4193,0.1319,0.0587,-0.9031,4.25,4.25,0.62,2.795
2026-09-29T17:07:06+00:00,QQQ,2026-09-29,0,736.41,738.0,C,0.55,0.56,0.555,0.55,271587,5652,0.1988,0.2953,0.1159,0.0522,-0.5543,3.49,3.65,0.37,2.325
2026-09-29T17:07:06+00:00,QQQ,2026-09-29,0,736.41,739.0,C,0.32,0.33,0.325,0.33,281168,6169,0.2037,0.1967,0.091,0.0424,-0.3324,2.72,2.93,0.22,1.915
2026-09-29T17:07:06+00:00,QQQ,2026-09-29,0,736.41,740.0,C,0.2,0.21,0.205,0.21,336771,7897,0.2121,0.1281,0.0662,0.0324,-0.2021,2.2,2.36,0.15,1.555
2026-09-29T17:07:06+00:00,QQQ,2026-09-29,0,736.41,741.0,C,0.13,0.14,0.135,0.14,186811,3074,0.2252,0.0845,0.0464,0.0242,-0.1287,1.77,1.89,0.1,1.255
2026-09-29T17:07:06+00:00,QQQ,2026-09-29,0,736.41,742.0,C,0.09,0.1,0.095,0.09,118437,6546,0.2409,0.0577,0.0326,0.0182,-0.0869,1.29,1.45,0.07,1.005
2026-09-29T17:07:06+00:00,QQQ,2026-09-29,0,736.41,743.0,C,0.06,0.07,0.065,0.07,79018,7202,0.254,0.0409,0.0232,0.0139,-0.062,1.0,1.03,0.04,0.785
2026-09-29T17:07:06+00:00,QQQ,2026-09-29,0,736.41,744.0,C,0.04,0.05,0.045,0.04,47550,3156,0.2669,0.0301,0.017,0.0109,-0.0463,0.7,0.76,0.04,0.615
2026-09-29T17:07:06+00:00,QQQ,2026-09-29,0,736.41,745.0,C,0.03,0.04,0.035,0.03,43721,7854,0.2841,0.0229,0.0127,0.0087,-0.0362,0.51,0.57,0.03,0.475
2026-09-29T17:07:06+00:00,QQQ,2026-09-29,0,736.41,746.0,C,0.02,0.03,0.025,0.03,27015,2194,0.2966,0.0181,0.0098,0.0071,-0.0294,0.41,0.43,0.03,0.365
2026-09-29T17:07:06+00:00,QQQ,2026-09-29,0,736.41,747.0,C,0.02,0.03,0.025,0.03,24343,5519,0.3227,0.0149,0.0078,0.006,-0.025,0.27,0.27,0.02,0.275
2026-09-29T17:07:06+00:00,QQQ,2026-09-29,0,736.41,748.0,C,0.02,0.03,0.025,0.03,15879,2137,0.3486,0.0126,0.0064,0.0052,-0.0221,0.19,0.19,0.02,0.215
2026-09-29T17:07:06+00:00,QQQ,2026-09-29,0,736.41,749.0,C,0.01,0.02,0.015,0.02,6936,2383,0.3505,0.011,0.0053,0.0046,-0.0201,0.14,0.14,0.01,0.165
2026-09-29T17:07:06+00:00,QQQ,2026-09-29,0,736.41,750.0,C,0.01,0.02,0.015,0.01,17745,7884,0.3746,0.0099,0.0046,0.0042,-0.0188,0.1,0.1,0.01,0.125
2026-09-29T17:07:06+00:00,QQQ,2026-09-29,0,736.41,751.0,C,0.01,0.02,0.015,0.01,2654,2831,0.3985,0.009,0.004,0.0038,-0.0179,0.08,0.08,0.01,0.105
2026-09-29T17:07:06+00:00,QQQ,2026-09-29,0,736.41,752.0,C,0.0,0.01,0.01,0.01,4256,2702,0.3755,0.0083,0.0035,0.0036,-0.0172,0.05,0.05,0.01,0.075
2026-09-29T17:07:06+00:00,QQQ,2026-09-29,0,736.41,753.0,C,0.0,0.01,0.02,0.02,1737,3736,0.3968,0.0077,0.0031,0.0034,-0.0168,0.04,0.04,0.01,0.065
2026-09-29T17:07:06+00:00,QQQ,2026-09-29,0,736.41,754.0,C,0.0,0.01,0.01,0.01,2257,2488,0.4181,0.0073,0.0028,0.0032,-0.0164,0.05,0.05,0.01,0.055
2026-09-29T17:07:06+00:00,QQQ,2026-09-29,0,736.41,755.0,C,0.0,0.01,0.01,0.01,5853,2761,0.4392,0.0069,0.0026,0.003,-0.0161,0.02,0.03,0.01,0.045
2026-09-29T17:07:06+00:00,QQQ,2026-09-29,0,736.41,756.0,C,0.0,0.01,0.01,0.01,638,1635,0.4602,0.0065,0.0024,0.0029,-0.0158,0.01,0.02,0.01,0.035
2026-09-29T17:07:06+00:00,QQQ,2026-09-29,0,736.41,757.0,C,0.0,0.01,0.01,0.01,883,2262,0.4811,0.0062,0.0022,0.0027,-0.0156,0.02,0.02,0.01,0.035
2026-09-29T17:07:06+00:00,QQQ,2026-09-29,0,736.41,758.0,C,0.0,0.01,0.01,0.01,105,637,0.5019,0.0059,0.002,0.0026,-0.0154,0.02,0.02,0.01,0.025
2026-09-29T17:07:06+00:00,QQQ,2026-09-29,0,736.41,759.0,C,0.0,0.01,0.01,0.01,556,1121,0.5226,0.0056,0.0018,0.0025,-0.0152,0.01,0.02,0.01,0.025
2026-09-29T17:07:06+00:00,QQQ,2026-09-29,0,736.41,760.0,C,0.0,0.01,0.01,0.01,428,4773,0.5432,0.0054,0.0017,0.0024,-0.015,0.02,0.02,0.01,0.025
2026-09-29T17:07:06+00:00,QQQ,2026-09-29,0,736.41,761.0,C,0.0,0.01,0.01,0.01,462,718,0.5637,0.0052,0.0016,0.0023,-0.0148,0.01,0.02,0.01,0.015
2026-09-29T17:07:06+00:00,QQQ,2026-09-29,0,736.41,762.0,C,0.0,0.01,0.01,0.01,187,607,0.5841,0.005,0.0015,0.0022,-0.0146,0.01,0.01,0.01,0.015
2026-09-29T17:07:06+00:00,QQQ,2026-09-29,0,736.41,763.0,C,0.0,0.01,0.01,0.01,541,1090,0.6044,0.0048,0.0014,0.0021,-0.0144,0.01,0.02,0.01,0.015
2026-09-29T17:07:06+00:00,QQQ,2026-09-29,0,736.41,764.0,C,0.0,0.01,0.01,0.01,3,440,0.6246,0.0046,0.0013,0.0021,-0.0143,0.01,0.01,0.01,0.015
2026-09-29T17:07:06+00:00,QQQ,2026-09-29,0,736.41,765.0,C,0.0,0.01,0.01,0.01,5,1443,0.6448,0.0044,0.0012,0.002,-0.0141,0.01,0.01,0.01,0.015
2026-09-29T17:07:06+00:00,QQQ,2026-09-29,0,736.41,766.0,C,0.0,0.01,0.01,0.01,48,340,0.6649,0.0042,0.0011,0.0019,-0.0139,0.01,0.01,0.01,0.015
2026-09-29T17:07:06+00:00,QQQ,2026-09-29,0,736.41,767.0,C,0.0,0.01,0.01,0.01,0,368,0.6848,0.0041,0.0011,0.0019,-0.0137,0.0,0.0,0.0,0.015
2026-09-29T17:07:06+00:00,QQQ,2026-09-29,0,736.41,768.0,C,0.0,0.01,0.01,0.01,8,6756,0.7048,0.004,0.001,0.0018,-0.0136,0.01,0.01,0.01,0.005
2026-09-29T17:07:06+00:00,QQQ,2026-09-29,0,736.41,769.0,C,0.0,0.01,0.01,0.01,0,545,0.7246,0.0038,0.001,0.0017,-0.0134,0.0,0.0,0.0,0.005
2026-09-29T17:07:06+00:00,QQQ,2026-09-29,0,736.41,770.0,C,0.0,0.01,0.01,0.01,2,919,0.7444,0.0037,0.0009,0.0017,-0.0132,0.01,0.01,0.01,0.005
2026-09-29T17:07:06+00:00,QQQ,2026-09-29,0,736.41,771.0,C,0.0,0.01,0.01,0.01,0,444,0.764,0.0036,0.0008,0.0016,-0.0131,0.0,0.0,0.0,0.005
2026-09-29T17:07:06+00:00,QQQ,2026-09-29,0,736.41,772.0,C,0.0,0.01,0.02,0.02,0,288,0.7837,0.0034,0.0008,0.0016,-0.0129,0.0,0.0,0.0,0.005
2026-09-29T17:07:06+00:00,QQQ,2026-09-29,0,736.41,773.0,C,0.0,0.01,0.01,0.01,0,75,0.8032,0.0033,0.0008,0.0015,-0.0127,0.0,0.0,0.0,0.005
2026-09-29T17:07:06+00:00,QQQ,2026-09-29,0,736.41,820.0,C,0.0,0.01,0.01,0.01,1,110,1.6648,0.001,0.0001,0.0005,-0.0069,0.01,0.01,0.01,0.005
2026-09-29T17:07:06+00:00,QQQ,2026-09-29,0,736.41,830.0,C,0.0,0.01,0.01,0.01,20,94,1.8365,0.0008,0.0001,0.0004,-0.006,0.01,0.01,0.01,0.005
2026-09-29T17:07:06+00:00,QQQ,2026-09-29,0,736.41,840.0,C,0.0,0.01,0.01,0.01,10,138,2.005,0.0007,0.0001,0.0004,-0.0052,0.01,0.01,0.01,0.005
2026-09-29T17:07:06+00:00,QQQ,2026-09-29,0,736.41,895.0,C,0.0,0.01,0.01,0.01,126,80,2.8803,0.0002,0.0,0.0001,-0.0022,0.01,0.01,0.01,0.005
2026-09-29T17:07:06+00:00,QQQ,2026-09-29,0,736.41,900.0,C,0.0,0.01,0.01,0.01,11,68,2.9561,0.0002,0.0,0.0001,-0.0021,0.01,0.01,0.01,0.005
2026-09-29T17:07:06+00:00,QQQ,2026-09-29,0,736.41,450.0,P,0.0,0.01,0.01,0.01,4,155,6.9885,0.0,0.0,0.0,0.0,0.01,0.01,0.01,0.005
2026-09-29T17:07:06+00:00,QQQ,2026-09-29,0,736.41,640.0,P,0.0,0.01,0.01,0.01,8,445,2.1484,-0.0006,0.0001,0.0003,-0.0045,0.01,0.01,0.01,0.015
2026-09-29T17:07:06+00:00,QQQ,2026-09-29,0,736.41,650.0,P,0.0,0.01,0.01,0.01,5,368,1.9269,-0.0008,0.0001,0.0004,-0.0055,0.01,0.01,0.01,0.015
2026-09-29T17:07:06+00:00,QQQ,2026-09-29,0,736.41,660.0,P,0.0,0.01,0.01,0.01,3,4256,1.7073,-0.001,0.0001,0.0005,-0.0067,0.01,0.01,0.01,0.015
2026-09-29T17:07:06+00:00,QQQ,2026-09-29,0,736.41,670.0,P,0.0,0.01,0.01,0.01,1,4367,1.4892,-0.0013,0.0002,0.0006,-0.008,0.01,0.01,0.01,0.015
2026-09-29T17:07:06+00:00,QQQ,2026-09-29,0,736.41,675.0,P,0.0,0.01,0.01,0.01,1,1278,1.3806,-0.0015,0.0002,0.0007,-0.0087,0.01,0.01,0.01,0.015
2026-09-29T17:07:06+00:00,QQQ,2026-09-29,0,736.41,677.0,P,0.0,0.01,0.01,0.01,1,464,1.3372,-0.0016,0.0002,0.0008,-0.009,0.01,0.01,0.01,0.015
2026-09-29T17:07:06+00:00,QQQ,2026-09-29,0,736.41,678.0,P,0.0,0.01,0.01,0.01,13,1161,1.3155,-0.0016,0.0002,0.0008,-0.0092,0.01,0.01,0.01,0.015
2026-09-29T17:07:06+00:00,QQQ,2026-09-29,0,736.41,679.0,P,0.0,0.01,0.01,0.01,1,1019,1.2939,-0.0017,0.0003,0.0008,-0.0093,0.01,0.01,0.01,0.015
2026-09-29T17:07:06+00:00,QQQ,2026-09-29,0,736.41,681.0,P,0.0,0.01,0.01,0.01,6,240,1.2506,-0.0018,0.0003,0.0008,-0.0096,0.01,0.01,0.01,0.015
2026-09-29T17:07:06+00:00,QQQ,2026-09-29,0,736.41,684.0,P,0.0,0.01,0.01,0.01,2,131,1.1856,-0.0019,0.0003,0.0009,-0.0101,0.01,0.01,0.01,0.015
2026-09-29T17:07:06+00:00,QQQ,2026-09-29,0,736.41,685.0,P,0.0,0.01,0.01,0.01,2,376,1.164,-0.002,0.0003,0.001,-0.0103,0.01,0.01,0.01,0.015
2026-09-29T17:07:06+00:00,QQQ,2026-09-29,0,736.41,687.0,P,0.0,0.01,0.01,0.01,1,77,1.1207,-0.0021,0.0004,0.001,-0.0106,0.01,0.01,0.01,0.015
2026-09-29T17:07:06+00:00,QQQ,2026-09-29,0,736.41,688.0,P,0.0,0.01,0.01,0.01,1,76,1.0991,-0.0022,0.0004,0.001,-0.0108,0.01,0.01,0.01,0.015
2026-09-29T17:07:06+00:00,QQQ,2026-09-29,0,736.41,690.0,P,0.0,0.01,0.01,0.01,1,477,1.0558,-0.0023,0.0004,0.0011,-0.0111,0.01,0.01,0.01,0.015
2026-09-29T17:07:06+00:00,QQQ,2026-09-29,0,736.41,692.0,P,0.0,0.01,0.01,0.01,14,486,1.0126,-0.0025,0.0005,0.0012,-0.0115,0.01,0.01,0.01,0.025
2026-09-29T17:07:06+00:00,QQQ,2026-09-29,0,736.41,693.0,P,0.0,0.01,0.01,0.01,2,332,0.991,-0.0026,0.0005,0.0012,-0.0117,0.01,0.01,0.01,0.025
2026-09-29T17:07:06+00:00,QQQ,2026-09-29,0,736.41,694.0,P,0.0,0.01,0.01,0.01,5,351,0.9693,-0.0026,0.0005,0.0012,-0.0118,0.01,0.01,0.01,0.025
2026-09-29T17:07:06+00:00,QQQ,2026-09-29,0,736.41,695.0,P,0.0,0.01,0.01,0.01,20,876,0.9477,-0.0027,0.0005,0.0013,-0.012,0.01,0.01,0.01,0.025
2026-09-29T17:07:06+00:00,QQQ,2026-09-29,0,736.41,698.0,P,0.0,0.01,0.01,0.01,4,301,0.8828,-0.003,0.0006,0.0014,-0.0126,0.01,0.01,0.01,0.025
2026-09-29T17:07:06+00:00,QQQ,2026-09-29,0,736.41,699.0,P,0.0,0.01,0.01,0.01,3,280,0.8611,-0.0031,0.0007,0.0014,-0.0128,0.01,0.01,0.01,0.025
2026-09-29T17:07:06+00:00,QQQ,2026-09-29,0,736.41,700.0,P,0.0,0.01,0.01,0.01,16,2253,0.8394,-0.0032,0.0007,0.0015,-0.013,0.01,0.01,0.01,0.025
2026-09-29T17:07:06+00:00,QQQ,2026-09-29,0,736.41,701.0,P,0.0,0.01,0.01,0.01,6,626,0.8178,-0.0033,0.0008,0.0015,-0.0132,0.01,0.01,0.01,0.025
2026-09-29T17:07:06+00:00,QQQ,2026-09-29,0,736.41,702.0,P,0.0,0.01,0.01,0.01,65,430,0.7961,-0.0035,0.0008,0.0016,-0.0134,0.01,0.01,0.01,0.025
2026-09-29T17:07:06+00:00,QQQ,2026-09-29,0,736.41,703.0,P,0.0,0.01,0.01,0.01,1863,780,0.7744,-0.0036,0.0008,0.0016,-0.0136,0.01,0.01,0.01,0.035
2026-09-29T17:07:06+00:00,QQQ,2026-09-29,0,736.41,704.0,P,0.0,0.01,0.01,0.01,2933,611,0.7526,-0.0037,0.0009,0.0017,-0.0138,0.01,0.02,0.01,0.035
2026-09-29T17:07:06+00:00,QQQ,2026-09-29,0,736.41,705.0,P,0.0,0.01,0.01,0.01,4520,1921,0.7309,-0.0039,0.001,0.0018,-0.014,0.01,0.02,0.01,0.035
2026-09-29T17:07:06+00:00,QQQ,2026-09-29,0,736.41,706.0,P,0.0,0.01,0.01,0.01,6151,555,0.7091,-0.004,0.001,0.0018,-0.0142,0.01,0.02,0.01,0.035
2026-09-29T17:07:06+00:00,QQQ,2026-09-29,0,736.41,707.0,P,0.0,0.01,0.01,0.01,8935,1640,0.6874,-0.0042,0.0011,0.0019,-0.0144,0.01,0.02,0.01,0.035
2026-09-29T17:07:06+00:00,QQQ,2026-09-29,0,736.41,708.0,P,0.0,0.01,0.01,0.01,12740,1993,0.6655,-0.0044,0.0012,0.002,-0.0146,0.01,0.02,0.01,0.035
2026-09-29T17:07:06+00:00,QQQ,2026-09-29,0,736.41,709.0,P,0.0,0.01,0.01,0.01,6618,553,0.6437,-0.0046,0.0012,0.002,-0.0148,0.01,0.02,0.01,0.045
2026-09-29T17:07:06+00:00,QQQ,2026-09-29,0,736.41,710.0,P,0.0,0.01,0.01,0.01,7413,1837,0.6218,-0.0048,0.0013,0.0021,-0.015,0.02,0.02,0.01,0.045
2026-09-29T17:07:06+00:00,QQQ,2026-09-29,0,736.41,711.0,P,0.01,0.02,0.015,0.02,614,1572,0.6687,-0.005,0.0014,0.0022,-0.0152,0.02,0.02,0.01,0.045
2026-09-29T17:07:06+00:00,QQQ,2026-09-29,0,736.41,712.0,P,0.01,0.02,0.015,0.01,96,3319,0.6447,-0.0052,0.0015,0.0023,-0.0155,0.01,0.02,0.01,0.055
2026-09-29T17:07:06+00:00,QQQ,2026-09-29,0,736.41,713.0,P,0.01,0.02,0.015,0.01,268,911,0.6207,-0.0054,0.0017,0.0024,-0.0157,0.02,0.02,0.01,0.055
2026-09-29T17:07:06+00:00,QQQ,2026-09-29,0,736.41,714.0,P,0.01,0.02,0.015,0.01,995,1308,0.5966,-0.0057,0.0018,0.0025,-0.0159,0.02,0.02,0.01,0.065
2026-09-29T17:07:06+00:00,QQQ,2026-09-29,0,736.41,715.0,P,0.01,0.02,0.015,0.02,2151,4270,0.5724,-0.006,0.002,0.0026,-0.0162,0.01,0.03,0.01,0.065
2026-09-29T17:07:06+00:00,QQQ,2026-09-29,0,736.41,716.0,P,0.01,0.02,0.015,0.01,1735,820,0.5482,-0.0063,0.0021,0.0028,-0.0164,0.02,0.03,0.01,0.075
2026-09-29T17:07:06+00:00,QQQ,2026-09-29,0,736.41,717.0,P,0.01,0.02,0.015,0.01,3256,3256,0.5239,-0.0066,0.0023,0.0029,-0.0167,0.02,0.03,0.01,0.085
2026-09-29T17:07:06+00:00,QQQ,2026-09-29,0,736.41,718.0,P,0.01,0.02,0.015,0.01,2676,1481,0.4995,-0.007,0.0026,0.0031,-0.017,0.02,0.04,0.01,0.105
2026-09-29T17:07:06+00:00,QQQ,2026-09-29,0,736.41,719.0,P,0.01,0.02,0.015,0.02,2416,1987,0.475,-0.0075,0.0028,0.0032,-0.0174,0.03,0.04,0.01,0.115
2026-09-29T17:07:06+00:00,QQQ,2026-09-29,0,736.41,720.0,P,0.01,0.02,0.015,0.02,4516,3318,0.4505,-0.008,0.0032,0.0034,-0.0179,0.03,0.04,0.01,0.135
2026-09-29T17:07:06+00:00,QQQ,2026-09-29,0,736.41,721.0,P,0.01,0.02,0.015,0.02,3725,1429,0.4258,-0.0086,0.0036,0.0037,-0.0185,0.07,0.07,0.01,0.165
2026-09-29T17:07:06+00:00,QQQ,2026-09-29,0,736.41,722.0,P,0.01,0.02,0.015,0.03,3896,4199,0.401,-0.0094,0.0041,0.004,-0.0193,0.01,0.06,0.01,0.195
2026-09-29T17:07:06+00:00,QQQ,2026-09-29,0,736.41,723.0,P,0.02,0.03,0.025,0.03,7860,3042,0.4012,-0.0105,0.0047,0.0044,-0.0206,0.03,0.07,0.02,0.235
2026-09-29T17:07:06+00:00,QQQ,2026-09-29,0,736.41,724.0,P,0.02,0.03,0.025,0.03,3958,2502,0.3748,-0.0119,0.0056,0.0049,-0.0224,0.03,0.09,0.02,0.285
2026-09-29T17:07:06+00:00,QQQ,2026-09-29,0,736.41,725.0,P,0.02,0.03,0.025,0.03,9008,23031,0.3483,-0.0139,0.0068,0.0056,-0.0252,0.04,0.1,0.02,0.345
2026-09-29T17:07:06+00:00,QQQ,2026-09-29,0,736.41,726.0,P,0.03,0.04,0.035,0.03,12882,2792,0.3375,-0.0168,0.0085,0.0067,-0.0294,0.07,0.13,0.02,0.415
2026-09-29T17:07:06+00:00,QQQ,2026-09-29,0,736.41,727.0,P,0.03,0.04,0.035,0.04,12347,3407,0.3094,-0.0211,0.0109,0.0081,-0.036,0.06,0.18,0.03,0.505
2026-09-29T17:07:06+00:00,QQQ,2026-09-29,0,736.41,728.0,P,0.04,0.05,0.045,0.04,16395,3742,0.2927,-0.0275,0.0144,0.0101,-0.046,0.1,0.22,0.03,0.625
2026-09-29T17:07:06+00:00,QQQ,2026-09-29,0,736.41,729.0,P,0.05,0.06,0.055,0.05,20712,5320,0.2725,-0.037,0.0194,0.0128,-0.0612,0.12,0.29,0.04,0.755
2026-09-29T17:07:06+00:00,QQQ,2026-09-29,0,736.41,730.0,P,0.07,0.08,0.075,0.07,94405,27107,0.2564,-0.0512,0.0267,0.0166,-0.0843,0.15,0.39,0.06,0.925
2026-09-29T17:07:06+00:00,QQQ,2026-09-29,0,736.41,731.0,P,0.11,0.12,0.115,0.12,42097,4142,0.2456,-0.0726,0.0371,0.0216,-0.12,0.21,0.52,0.07,1.115
2026-09-29T17:07:06+00:00,QQQ,2026-09-29,0,736.41,732.0,P,0.17,0.18,0.175,0.18,84971,10155,0.234,-0.1049,0.0516,0.0282,-0.1765,0.25,0.69,0.1,1.355
2026-09-29T17:07:06+00:00,QQQ,2026-09-29,0,736.41,733.0,P,0.26,0.27,0.265,0.27,90592,6459,0.2217,-0.1537,0.071,0.0364,-0.2677,0.35,0.91,0.14,1.625
2026-09-29T17:07:06+00:00,QQQ,2026-09-29,0,736.41,734.0,P,0.41,0.42,0.415,0.42,135509,3616,0.2121,-0.2255,0.0943,0.0457,-0.416,0.42,1.19,0.2,1.945
2026-09-29T17:07:06+00:00,QQQ,2026-09-29,0,736.41,735.0,P,0.65,0.66,0.655,0.66,289589,39284,0.2051,-0.3244,0.1172,0.0542,-0.6524,0.54,1.54,0.28,2.32
2026-09-29T17:07:06+00:00,QQQ,2026-09-29,0,736.41,736.0,P,1.01,1.02,1.015,1.01,287135,17831,0.2005,-0.4474,0.1321,0.0594,-1.0101,0.78,1.96,0.39,2.745
2026-09-29T17:07:06+00:00,QQQ,2026-09-29,0,736.41,737.0,P,1.52,1.53,1.525,1.52,299360,2306,0.1979,-0.5807,0.1319,0.0587,-0.9031,0.94,2.45,0.57,3.22
2026-09-29T17:07:06+00:00,QQQ,2026-09-29,0,736.41,738.0,P,2.15,2.18,2.165,2.18,198596,2642,0.1988,-0.7047,0.1159,0.0522,-0.5543,1.28,3.03,0.81,3.755
2026-09-29T17:07:06+00:00,QQQ,2026-09-29,0,736.41,739.0,P,2.91,2.98,2.945,2.87,116088,1545,0.2013,-0.8033,0.091,0.0424,-0.3324,1.66,3.9,1.13,4.345
2026-09-29T17:07:06+00:00,QQQ,2026-09-29,0,736.41,740.0,P,3.77,3.86,3.815,3.8,68932,3267,0.2089,-0.8718,0.0662,0.0324,-0.2021,2.1,4.81,1.56,4.98
2026-09-29T17:07:06+00:00,QQQ,2026-09-29,0,736.41,741.0,P,4.67,4.81,4.74,4.7,13917,1303,0.2118,-0.9155,0.0464,0.0242,-0.1287,2.54,5.67,2.1,5.67
2026-09-29T17:07:06+00:00,QQQ,2026-09-29,0,736.41,742.0,P,5.62,5.77,5.695,5.3,4262,916,0.2192,-0.9423,0.0326,0.0182,-0.0869,3.12,6.66,2.74,6.415
2026-09-29T17:07:06+00:00,QQQ,2026-09-29,0,736.41,743.0,P,6.6,6.74,6.67,6.38,1511,891,0.2278,-0.9591,0.0232,0.0139,-0.062,4.13,7.53,3.5,7.195
2026-09-29T17:07:06+00:00,QQQ,2026-09-29,0,736.41,744.0,P,7.58,7.72,7.65,7.8,1576,1056,0.2264,-0.9699,0.017,0.0109,-0.0463,4.96,8.62,4.31,7.975
2026-09-29T17:07:06+00:00,QQQ,2026-09-29,0,736.41,745.0,P,8.56,8.71,8.635,8.65,1067,2006,0.2211,-0.9771,0.0127,0.0087,-0.0362,5.22,9.6,5.2,8.94
2026-09-29T17:07:06+00:00,QQQ,2026-09-29,0,736.41,746.0,P,9.55,9.71,9.63,10.5,369,184,0.0,-0.9819,0.0098,0.0071,-0.0294,7.22,10.5,6.2,9.75
2026-09-29T17:07:06+00:00,QQQ,2026-09-29,0,736.41,747.0,P,10.55,10.71,10.63,10.4,738,463,0.0,-0.9851,0.0078,0.006,-0.025,7.79,10.62,7.14,10.68
2026-09-29T17:07:06+00:00,QQQ,2026-09-29,0,736.41,748.0,P,11.55,11.7,11.625,12.53,214,251,0.0,-0.9874,0.0064,0.0052,-0.0221,8.95,12.53,8.1,11.62
2026-09-29T17:07:06+00:00,QQQ,2026-09-29,0,736.41,749.0,P,12.54,12.69,12.615,12.55,161,38,0.0,-0.989,0.0053,0.0046,-0.0201,9.65,12.58,9.04,12.58
2026-09-29T17:07:06+00:00,QQQ,2026-09-29,0,736.41,750.0,P,13.54,13.7,13.62,13.58,76,10,0.0,-0.9901,0.0046,0.0042,-0.0188,10.79,13.58,10.07,13.525
2026-09-29T17:07:06+00:00,QQQ,2026-09-29,0,736.41,751.0,P,14.54,14.69,14.615,14.7,42,1,0.0,-0.991,0.004,0.0038,-0.0179,11.86,15.58,11.2,14.48
2026-09-29T17:07:06+00:00,QQQ,2026-09-29,0,736.41,752.0,P,15.53,15.69,15.61,15.07,20,7,0.0,-0.9917,0.0035,0.0036,-0.0172,12.07,15.1,12.07,15.47
2026-09-29T17:07:06+00:00,QQQ,2026-09-29,0,736.41,753.0,P,16.53,16.69,16.61,15.98,14,0,0.0,-0.9923,0.0031,0.0034,-0.0168,15.34,16.65,13.3,16.46
2026-09-29T17:07:06+00:00,QQQ,2026-09-29,0,736.41,754.0,P,17.53,17.69,17.61,17.83,39,1,0.0,-0.9927,0.0028,0.0032,-0.0164,15.82,17.83,14.62,17.385
2026-09-29T17:07:06+00:00,QQQ,2026-09-29,0,736.41,755.0,P,18.53,18.69,18.61,17.93,33,27,0.0,-0.9931,0.0026,0.003,-0.0161,18.1,18.7,15.23,18.365
2026-09-29T17:07:06+00:00,QQQ,2026-09-29,0,736.41,756.0,P,19.53,19.69,19.61,19.78,17,0,0.0,-0.9935,0.0024,0.0029,-0.0158,19.0,19.82,16.79,19.385
2026-09-29T17:07:06+00:00,QQQ,2026-09-29,0,736.41,757.0,P,20.53,20.69,20.61,19.59,29,0,0.0,-0.9938,0.0022,0.0027,-0.0156,18.94,20.75,17.56,20.37
2026-09-29T17:07:06+00:00,QQQ,2026-09-29,0,736.41,758.0,P,21.53,21.69,21.61,21.83,15,0,0.0,-0.9941,0.002,0.0026,-0.0154,20.98,21.83,19.9,21.38
2026-09-29T17:07:06+00:00,QQQ,2026-09-29,0,736.41,759.0,P,22.53,22.68,22.605,22.19,46,0,0.0,-0.9944,0.0018,0.0025,-0.0152,21.84,22.95,19.36,23.13
2026-09-29T17:07:06+00:00,QQQ,2026-09-29,0,736.41,760.0,P,23.53,23.69,23.61,24.19,58,38,0.0,-0.9946,0.0017,0.0024,-0.015,20.4,24.45,20.1,23.37
2026-09-29T17:07:06+00:00,QQQ,2026-09-29,0,736.41,761.0,P,23.11,26.35,24.73,24.73,88,0,0.8268,-0.9948,0.0016,0.0023,-0.0148,24.11,25.22,23.36,24.37
2026-09-29T17:07:06+00:00,QQQ,2026-09-29,0,736.41,762.0,P,24.07,27.37,25.72,25.73,264,0,0.8485,-0.995,0.0015,0.0022,-0.0146,24.62,26.6,23.44,25.38
2026-09-29T17:07:06+00:00,QQQ,2026-09-29,0,736.41,763.0,P,25.11,28.37,26.74,27.17,327,0,0.893,-0.9952,0.0014,0.0021,-0.0144,25.54,27.59,22.79,26.375
2026-09-29T17:07:06+00:00,QQQ,2026-09-29,0,736.41,764.0,P,26.11,29.35,27.73,28.09,227,0,0.9089,-0.9954,0.0013,0.0021,-0.0143,25.66,28.94,22.63,27.38
2026-09-29T17:07:06+00:00,QQQ,2026-09-29,0,736.41,765.0,P,27.1,30.37,28.735,28.2,156,0,0.942,-0.9956,0.0012,0.002,-0.0141,27.86,29.5,25.08,28.36
2026-09-29T17:07:06+00:00,QQQ,2026-09-29,0,736.41,766.0,P,28.01,31.37,29.69,29.11,124,0,0.9066,-0.9958,0.0011,0.0019,-0.0139,28.09,31.09,26.0,29.365
2026-09-29T17:07:06+00:00,QQQ,2026-09-29,0,736.41,767.0,P,29.1,32.49,30.795,31.05,165,0,1.066,-0.9959,0.0011,0.0019,-0.0137,28.8,31.11,26.2,30.375
2026-09-29T17:07:06+00:00,QQQ,2026-09-29,0,736.41,768.0,P,30.02,33.49,31.755,31.97,162,0,1.0468,-0.996,0.001,0.0018,-0.0136,30.86,32.03,28.16,31.38
2026-09-29T17:07:06+00:00,QQQ,2026-09-29,0,736.41,769.0,P,30.73,34.49,32.61,33.04,136,0,0.3462,-0.9962,0.001,0.0017,-0.0134,30.44,33.13,29.28,32.365
2026-09-29T17:07:06+00:00,QQQ,2026-09-29,0,736.41,770.0,P,31.75,35.49,33.62,33.97,194,0,0.7932,-0.9963,0.0009,0.0017,-0.0132,32.85,34.05,30.54,33.38
2026-09-29T17:07:06+00:00,QQQ,2026-09-29,0,736.41,771.0,P,32.73,36.49,34.61,34.92,177,0,0.3666,-0.9964,0.0008,0.0016,-0.0131,33.35,35.06,31.35,34.38
2026-09-29T17:07:06+00:00,QQQ,2026-09-29,0,736.41,772.0,P,33.73,37.49,35.61,35.92,153,0,0.3764,-0.9966,0.0008,0.0016,-0.0129,34.26,36.66,32.35,35.38
2026-09-29T17:07:06+00:00,QQQ,2026-09-29,0,736.41,773.0,P,35.15,38.38,36.765,36.14,94,0,1.1932,-0.9967,0.0008,0.0015,-0.0127,34.9,37.65,33.47,37.125
2026-09-29T17:07:06+00:00,QQQ,2026-09-29,0,736.41,774.0,P,36.07,39.49,37.78,37.06,102,0,1.2319,-0.9968,0.0007,0.0015,-0.0126,34.89,37.58,34.34,37.63
2026-09-29T17:07:06+00:00,QQQ,2026-09-29,0,736.41,775.0,P,36.75,40.44,38.595,38.07,79,0,0.0,-0.9969,0.0007,0.0014,-0.0124,35.82,38.49,35.27,38.64
2026-09-29T17:07:06+00:00,QQQ,2026-09-29,0,736.41,780.0,P,41.94,45.4,43.67,40.36,14,0,1.2216,-0.9973,0.0006,0.0013,-0.0117,42.25,43.03,40.3,43.635
2026-09-29T17:07:06+00:00,QQQ,2026-09-29,0,736.41,785.0,P,47.06,50.44,48.75,47.14,18,0,1.4837,-0.9976,0.0004,0.0011,-0.011,46.72,47.7,44.94,48.635
2026-09-29T17:07:06+00:00,QQQ,2026-09-29,0,736.41,790.0,P,52.06,55.4,53.73,53.99,4,0,1.5743,-0.9979,0.0004,0.001,-0.0103,53.31,53.99,52.06,53.64
2026-09-29T17:07:06+00:00,QQQ,2026-09-29,0,736.41,795.0,P,57.06,60.44,58.75,58.92,6,0,1.7311,-0.9982,0.0003,0.0009,-0.0096,57.12,58.92,57.12,58.64
2026-09-29T17:07:06+00:00,QQQ,2026-09-29,0,736.41,800.0,P,63.33,65.37,64.35,64.42,7,0,2.4335,-0.9984,0.0002,0.0008,-0.009,63.69,64.42,62.08,63.635
2026-09-29T17:07:06+00:00,QQQ,2026-09-29,0,736.41,805.0,P,67.48,70.41,68.945,69.23,5,0,2.241,-0.9986,0.0002,0.0007,-0.0084,66.99,69.35,66.99,68.62
2026-09-29T17:07:06+00:00,QQQ,2026-09-29,0,736.41,810.0,P,71.87,75.41,73.64,74.16,5,0,1.7468,-0.9987,0.0002,0.0006,-0.0079,72.14,74.16,72.14,73.64
2026-09-29T17:07:06+00:00,QQQ,2026-09-29,0,736.41,815.0,P,76.75,80.41,78.58,78.93,6,0,0.0,-0.9988,0.0002,0.0006,-0.0074,77.15,78.93,77.15,78.615
2026-09-29T17:07:06+00:00,QQQ,2026-09-29,0,736.41,820.0,P,82.16,85.41,83.785,83.78,8,0,2.3875,-0.999,0.0001,0.0005,-0.0069,82.25,83.86,82.25,83.62
2026-09-29T17:07:06+00:00,QQQ,2026-09-29,0,736.41,825.0,P,86.75,90.41,88.58,88.71,5,0,0.0,-0.9991,0.0001,0.0005,-0.0064,87.25,88.71,87.25,88.64
2026-09-29T17:07:06+00:00,QQQ,2026-09-29,0,736.41,830.0,P,92.16,95.41,93.785,93.96,3,0,2.6167,-0.9992,0.0001,0.0004,-0.006,92.37,93.96,92.37,93.64
2026-09-29T17:07:06+00:00,QQQ,2026-09-29,0,736.41,835.0,P,97.16,100.41,98.785,98.87,4,0,2.7293,-0.9992,0.0001,0.0004,-0.0056,97.54,98.89,97.54,98.64
2026-09-29T17:07:06+00:00,QQQ,2026-09-29,0,736.41,840.0,P,101.74,105.41,103.575,103.8,3,0,0.0,-0.9993,0.0001,0.0004,-0.0052,102.45,103.8,100.47,103.64
2026-09-29T17:22:04+00:00,QQQ,2026-09-29,0,736.08,485.0,C,249.23,252.81,251.02,252.92,6,0,6.165,1.0,0.0,0.0,0.0,253.15,253.15,252.92,251.46
2026-09-29T17:22:04+00:00,QQQ,2026-09-29,0,736.08,490.0,C,244.23,247.81,246.02,247.92,6,0,6.0214,1.0,0.0,0.0,0.0,248.22,248.22,247.92,246.46
2026-09-29T17:22:04+00:00,QQQ,2026-09-29,0,736.08,505.0,C,229.23,232.81,231.02,231.97,2,8,5.5984,1.0,0.0,0.0,-0.0001,231.97,231.97,231.97,231.435
2026-09-29T17:22:04+00:00,QQQ,2026-09-29,0,736.08,510.0,C,224.23,227.81,226.02,227.04,2,0,5.4599,1.0,0.0,0.0,-0.0001,227.04,227.04,227.04,226.465
2026-09-29T17:22:04+00:00,QQQ,2026-09-29,0,736.08,525.0,C,209.23,212.81,211.02,211.03,1,0,5.0518,1.0,0.0,0.0,-0.0002,211.03,211.03,211.03,211.46
2026-09-29T17:22:04+00:00,QQQ,2026-09-29,0,736.08,530.0,C,204.23,207.7,205.965,206.1,2,0,0.0,1.0,0.0,0.0,-0.0002,206.99,206.99,206.1,206.46
2026-09-29T17:22:04+00:00,QQQ,2026-09-29,0,736.08,535.0,C,199.23,202.7,200.965,201.22,2,0,0.0,1.0,0.0,0.0,-0.0003,202.06,202.06,201.22,201.465
2026-09-29T17:22:04+00:00,QQQ,2026-09-29,0,736.08,540.0,C,194.23,197.7,195.965,196.29,1,0,0.0,1.0,0.0,0.0,-0.0003,196.29,196.29,196.29,196.465
2026-09-29T17:22:04+00:00,QQQ,2026-09-29,0,736.08,545.0,C,189.23,192.7,190.965,191.17,1,0,0.0,1.0,0.0,0.0,-0.0004,191.17,191.17,191.17,191.47
2026-09-29T17:22:04+00:00,QQQ,2026-09-29,0,736.08,550.0,C,184.23,187.7,185.965,186.24,2,0,0.0,1.0,0.0,0.0,-0.0004,186.93,186.93,186.24,186.47
2026-09-29T17:22:04+00:00,QQQ,2026-09-29,0,736.08,555.0,C,179.23,182.7,180.965,182.0,1,0,0.0,1.0,0.0,0.0,-0.0005,182.0,182.0,182.0,181.47
2026-09-29T17:22:04+00:00,QQQ,2026-09-29,0,736.08,560.0,C,174.23,177.7,175.965,176.03,1,0,0.0,0.9999,0.0,0.0,-0.0006,176.03,176.03,176.03,176.47
2026-09-29T17:22:04+00:00,QQQ,2026-09-29,0,736.08,565.0,C,169.23,172.7,170.965,171.1,1,0,0.0,0.9999,0.0,0.0,-0.0007,171.1,171.1,171.1,171.47
2026-09-29T17:22:04+00:00,QQQ,2026-09-29,0,736.08,615.0,C,119.23,122.7,120.965,121.22,1,0,0.0,0.9997,0.0,0.0001,-0.0027,121.22,121.22,121.22,121.48
2026-09-29T17:22:04+00:00,QQQ,2026-09-29,0,736.08,620.0,C,114.23,117.81,116.02,116.29,1,0,2.6754,0.9996,0.0,0.0002,-0.0031,116.29,116.29,116.29,116.48
2026-09-29T17:22:04+00:00,QQQ,2026-09-29,0,736.08,640.0,C,94.23,97.81,96.02,96.07,3,0,2.2111,0.9994,0.0001,0.0003,-0.0047,96.31,96.31,96.07,96.48
2026-09-29T17:22:04+00:00,QQQ,2026-09-29,0,736.08,645.0,C,89.21,92.81,91.01,91.14,3,0,0.0,0.9993,0.0001,0.0003,-0.0052,91.38,91.38,91.14,91.495
2026-09-29T17:22:04+00:00,QQQ,2026-09-29,0,736.08,660.0,C,74.22,77.81,76.015,77.83,1,0,0.0,0.999,0.0001,0.0005,-0.0068,77.83,77.83,77.83,76.51
2026-09-29T17:22:04+00:00,QQQ,2026-09-29,0,736.08,661.0,C,73.23,76.81,75.02,76.89,1,0,1.7328,0.999,0.0001,0.0005,-0.007,76.89,76.89,76.89,75.505
2026-09-29T17:22:04+00:00,QQQ,2026-09-29,0,736.08,663.0,C,71.23,74.81,73.02,74.17,1,0,1.6877,0.9989,0.0001,0.0005,-0.0072,74.17,74.17,74.17,73.505
2026-09-29T17:22:04+00:00,QQQ,2026-09-29,0,736.08,664.0,C,70.23,73.81,72.02,73.22,1,0,1.6651,0.9989,0.0001,0.0005,-0.0074,73.22,73.22,73.22,72.505
2026-09-29T17:22:04+00:00,QQQ,2026-09-29,0,736.08,666.0,C,68.23,71.81,70.02,71.47,1,0,1.6201,0.9988,0.0002,0.0006,-0.0076,71.47,71.47,71.47,70.51
2026-09-29T17:22:04+00:00,QQQ,2026-09-29,0,736.08,667.0,C,67.23,70.81,69.02,70.52,1,0,1.5976,0.9988,0.0002,0.0006,-0.0078,70.52,70.52,70.52,69.51
2026-09-29T17:22:04+00:00,QQQ,2026-09-29,0,736.08,669.0,C,65.23,68.81,67.02,69.1,1,0,1.5526,0.9987,0.0002,0.0006,-0.008,69.1,69.1,69.1,67.505
2026-09-29T17:22:04+00:00,QQQ,2026-09-29,0,736.08,670.0,C,64.23,67.81,66.02,68.18,1,1,1.5301,0.9987,0.0002,0.0006,-0.0082,68.18,68.18,68.18,66.505
2026-09-29T17:22:04+00:00,QQQ,2026-09-29,0,736.08,671.0,C,63.23,66.81,65.02,66.09,1,0,1.5077,0.9986,0.0002,0.0006,-0.0083,66.09,66.09,66.09,65.505
2026-09-29T17:22:04+00:00,QQQ,2026-09-29,0,736.08,672.0,C,62.22,65.81,64.015,65.15,1,0,0.0,0.9986,0.0002,0.0006,-0.0084,65.15,65.15,65.15,64.505
2026-09-29T17:22:04+00:00,QQQ,2026-09-29,0,736.08,674.0,C,60.23,63.7,61.965,62.3,20,0,0.0,0.9985,0.0002,0.0007,-0.0087,63.12,63.53,62.3,62.515
2026-09-29T17:22:04+00:00,QQQ,2026-09-29,0,736.08,675.0,C,59.21,62.7,60.955,61.37,20,3,0.0,0.9985,0.0002,0.0007,-0.0089,62.18,62.6,61.37,61.515
2026-09-29T17:22:04+00:00,QQQ,2026-09-29,0,736.08,676.0,C,58.21,61.69,59.95,60.22,1,0,0.0,0.9984,0.0002,0.0007,-0.009,60.22,60.22,60.22,60.51
2026-09-29T17:22:04+00:00,QQQ,2026-09-29,0,736.08,677.0,C,58.4,60.69,59.545,59.29,8,0,2.4148,0.9984,0.0002,0.0008,-0.0092,60.66,60.66,59.09,59.515
2026-09-29T17:22:04+00:00,QQQ,2026-09-29,0,736.08,678.0,C,57.7,59.69,58.695,58.34,14,0,2.4963,0.9984,0.0003,0.0008,-0.0093,59.74,59.74,58.16,58.52
2026-09-29T17:22:04+00:00,QQQ,2026-09-29,0,736.08,679.0,C,55.3,58.7,57.0,57.74,7,0,0.0,0.9983,0.0003,0.0008,-0.0095,58.28,58.42,57.66,57.52
2026-09-29T17:22:04+00:00,QQQ,2026-09-29,0,736.08,680.0,C,54.17,57.7,55.935,57.29,1,1,0.0,0.9982,0.0003,0.0008,-0.0096,57.29,57.29,57.29,56.52
2026-09-29T17:22:04+00:00,QQQ,2026-09-29,0,736.08,681.0,C,53.23,56.7,54.965,56.37,1,0,0.0,0.9982,0.0003,0.0008,-0.0098,56.37,56.37,56.37,55.53
2026-09-29T17:22:04+00:00,QQQ,2026-09-29,0,736.08,682.0,C,52.17,55.7,53.935,54.12,7,0,0.0,0.9982,0.0003,0.0008,-0.0099,55.89,55.89,54.12,54.515
2026-09-29T17:22:04+00:00,QQQ,2026-09-29,0,736.08,683.0,C,51.31,54.7,53.005,53.19,14,0,0.0,0.9981,0.0003,0.0009,-0.0101,54.95,54.95,53.19,53.515
2026-09-29T17:22:04+00:00,QQQ,2026-09-29,0,736.08,684.0,C,50.23,53.7,51.965,52.86,7,0,0.0,0.998,0.0003,0.0009,-0.0103,52.98,52.99,52.86,52.525
2026-09-29T17:22:04+00:00,QQQ,2026-09-29,0,736.08,685.0,C,49.21,52.69,50.95,52.17,1,1,0.0,0.998,0.0004,0.0009,-0.0104,52.17,52.17,52.17,51.525
2026-09-29T17:22:04+00:00,QQQ,2026-09-29,0,736.08,686.0,C,48.23,51.7,49.965,51.24,1,2,0.0,0.9979,0.0004,0.001,-0.0106,51.24,51.24,51.24,50.525
2026-09-29T17:22:04+00:00,QQQ,2026-09-29,0,736.08,687.0,C,47.17,50.7,48.935,49.8,2,1,0.0,0.9978,0.0004,0.001,-0.0108,52.59,52.59,49.8,49.53
2026-09-29T17:22:04+00:00,QQQ,2026-09-29,0,736.08,688.0,C,46.17,49.7,47.935,51.65,1,0,0.0,0.9978,0.0004,0.001,-0.0109,51.65,51.65,51.65,48.525
2026-09-29T17:22:04+00:00,QQQ,2026-09-29,0,736.08,690.0,C,44.17,47.7,45.935,47.19,33,34,0.0,0.9976,0.0004,0.0011,-0.0113,48.2,49.11,47.19,46.525
2026-09-29T17:22:04+00:00,QQQ,2026-09-29,0,736.08,691.0,C,43.17,46.7,44.935,47.68,1,0,0.0,0.9976,0.0005,0.0011,-0.0114,47.68,47.68,47.68,45.535
2026-09-29T17:22:04+00:00,QQQ,2026-09-29,0,736.08,692.0,C,42.23,45.7,43.965,46.08,1,0,0.0,0.9975,0.0005,0.0011,-0.0116,46.08,46.08,46.08,44.54
2026-09-29T17:22:04+00:00,QQQ,2026-09-29,0,736.08,693.0,C,41.22,44.7,42.96,45.15,1,12,0.0,0.9974,0.0005,0.0012,-0.0118,45.15,45.15,45.15,43.535
2026-09-29T17:22:04+00:00,QQQ,2026-09-29,0,736.08,694.0,C,40.23,43.71,41.97,42.74,1,0,0.0,0.9973,0.0005,0.0012,-0.012,42.74,42.74,42.74,42.54
2026-09-29T17:22:04+00:00,QQQ,2026-09-29,0,736.08,695.0,C,39.21,42.71,40.96,41.81,1,1,0.0,0.9972,0.0006,0.0012,-0.0122,41.81,41.81,41.81,41.53
2026-09-29T17:22:04+00:00,QQQ,2026-09-29,0,736.08,696.0,C,38.22,41.71,39.965,40.89,1,0,0.0,0.9971,0.0006,0.0013,-0.0124,40.89,40.89,40.89,40.535
2026-09-29T17:22:04+00:00,QQQ,2026-09-29,0,736.08,697.0,C,37.23,40.71,38.97,39.95,3,1,0.0,0.997,0.0006,0.0013,-0.0125,41.14,41.14,39.95,39.535
2026-09-29T17:22:04+00:00,QQQ,2026-09-29,0,736.08,698.0,C,36.23,39.71,37.97,40.04,3,3,0.0,0.9969,0.0006,0.0014,-0.0127,40.15,40.15,40.04,38.55
2026-09-29T17:22:04+00:00,QQQ,2026-09-29,0,736.08,699.0,C,35.23,38.71,36.97,35.6,10,3,0.0,0.9968,0.0007,0.0014,-0.0129,39.04,40.58,35.6,37.545
2026-09-29T17:22:04+00:00,QQQ,2026-09-29,0,736.08,700.0,C,34.22,37.71,35.965,36.19,107,65,0.0,0.9967,0.0007,0.0015,-0.0131,39.0,40.06,36.19,36.405
2026-09-29T17:22:04+00:00,QQQ,2026-09-29,0,736.08,701.0,C,33.23,36.71,34.97,36.11,45,7,0.0,0.9966,0.0008,0.0015,-0.0133,37.17,39.38,35.32,35.435
2026-09-29T17:22:04+00:00,QQQ,2026-09-29,0,736.08,702.0,C,32.19,35.71,33.95,35.09,36,33,0.0,0.9965,0.0008,0.0016,-0.0135,35.13,38.44,34.26,34.43
2026-09-29T17:22:04+00:00,QQQ,2026-09-29,0,736.08,703.0,C,31.23,34.71,32.97,33.67,28,15,0.0,0.9964,0.0009,0.0016,-0.0137,34.21,38.05,33.67,33.435
2026-09-29T17:22:04+00:00,QQQ,2026-09-29,0,736.08,704.0,C,31.26,33.71,32.485,31.65,43,16,1.4154,0.9962,0.0009,0.0017,-0.0139,33.01,36.55,31.65,32.44
2026-09-29T17:22:04+00:00,QQQ,2026-09-29,0,736.08,705.0,C,29.61,32.7,31.155,31.18,24,230,1.1054,0.9961,0.001,0.0017,-0.0141,31.79,35.35,30.59,31.415
2026-09-29T17:22:04+00:00,QQQ,2026-09-29,0,736.08,706.0,C,29.52,31.15,30.335,29.54,32,5,1.2425,0.9959,0.001,0.0018,-0.0143,30.46,34.04,29.2,30.445
2026-09-29T17:22:04+00:00,QQQ,2026-09-29,0,736.08,707.0,C,28.38,30.68,29.53,29.18,23,17,1.3333,0.9957,0.0011,0.0019,-0.0145,29.96,33.11,28.49,29.415
2026-09-29T17:22:04+00:00,QQQ,2026-09-29,0,736.08,708.0,C,27.42,29.68,28.55,29.2,35,9,1.3075,0.9956,0.0012,0.0019,-0.0147,28.58,32.1,28.26,28.465
2026-09-29T17:22:04+00:00,QQQ,2026-09-29,0,736.08,709.0,C,26.46,28.25,27.355,27.64,44,49,1.1531,0.9954,0.0013,0.002,-0.0149,27.54,31.02,27.35,27.46
2026-09-29T17:22:04+00:00,QQQ,2026-09-29,0,736.08,710.0,C,24.67,27.69,26.18,26.78,71,564,0.9771,0.9952,0.0014,0.0021,-0.0151,26.97,29.62,26.29,26.425
2026-09-29T17:22:04+00:00,QQQ,2026-09-29,0,736.08,711.0,C,23.67,26.69,25.18,25.12,107,51,0.9453,0.995,0.0015,0.0022,-0.0153,25.96,29.0,24.8,25.43
2026-09-29T17:22:04+00:00,QQQ,2026-09-29,0,736.08,712.0,C,23.94,24.07,24.005,24.84,67,15,0.0,0.9947,0.0016,0.0023,-0.0155,25.0,28.05,23.58,24.48
2026-09-29T17:22:04+00:00,QQQ,2026-09-29,0,736.08,713.0,C,22.98,23.12,23.05,23.2,80,34,0.0,0.9945,0.0017,0.0024,-0.0158,23.99,26.95,23.2,23.41
2026-09-29T17:22:04+00:00,QQQ,2026-09-29,0,736.08,714.0,C,21.99,22.12,22.055,22.38,30,43,0.0,0.9942,0.0018,0.0025,-0.016,23.69,26.07,21.7,22.48
2026-09-29T17:22:04+00:00,QQQ,2026-09-29,0,736.08,715.0,C,20.94,21.07,21.005,20.85,36,485,0.0,0.9939,0.002,0.0026,-0.0162,23.93,25.04,20.85,21.395
2026-09-29T17:22:04+00:00,QQQ,2026-09-29,0,736.08,716.0,C,19.94,20.07,20.005,20.9,28,190,0.0,0.9936,0.0022,0.0027,-0.0164,21.22,23.9,20.9,20.4
2026-09-29T17:22:04+00:00,QQQ,2026-09-29,0,736.08,717.0,C,18.94,19.07,19.005,19.39,32,102,0.0,0.9933,0.0024,0.0028,-0.0167,20.02,22.24,19.39,19.42
2026-09-29T17:22:04+00:00,QQQ,2026-09-29,0,736.08,718.0,C,17.95,18.07,18.01,18.64,33,132,0.0,0.9929,0.0026,0.003,-0.0169,21.14,21.99,18.42,18.46
2026-09-29T17:22:04+00:00,QQQ,2026-09-29,0,736.08,719.0,C,16.94,17.07,17.005,17.34,7,80,0.0,0.9925,0.0029,0.0032,-0.0172,18.07,19.25,17.33,17.445
2026-09-29T17:22:04+00:00,QQQ,2026-09-29,0,736.08,720.0,C,15.95,16.08,16.015,16.03,132,861,0.0,0.992,0.0033,0.0033,-0.0175,19.07,19.85,16.03,16.69
2026-09-29T17:22:04+00:00,QQQ,2026-09-29,0,736.08,721.0,C,14.95,15.07,15.01,15.99,30,377,0.0,0.9914,0.0037,0.0036,-0.0179,17.55,18.6,15.9,15.565
2026-09-29T17:22:04+00:00,QQQ,2026-09-29,0,736.08,722.0,C,13.95,14.09,14.02,15.4,13,81,0.0,0.9907,0.0041,0.0038,-0.0184,16.41,16.63,14.8,14.52
2026-09-29T17:22:04+00:00,QQQ,2026-09-29,0,736.08,723.0,C,12.95,13.09,13.02,13.92,113,98,0.0,0.9899,0.0048,0.0042,-0.0191,17.01,17.01,13.58,13.705
2026-09-29T17:22:04+00:00,QQQ,2026-09-29,0,736.08,724.0,C,11.95,12.09,12.02,13.63,315,121,0.0,0.9887,0.0056,0.0046,-0.0203,14.03,15.75,12.36,12.72
2026-09-29T17:22:04+00:00,QQQ,2026-09-29,0,736.08,725.0,C,11.0,11.13,11.065,11.99,403,712,0.0,0.987,0.0067,0.0052,-0.0222,12.81,15.0,11.5,11.795
2026-09-29T17:22:04+00:00,QQQ,2026-09-29,0,736.08,726.0,C,10.0,10.12,10.06,10.28,90,129,0.2648,0.9845,0.0083,0.006,-0.0255,13.36,13.8,10.21,10.83
2026-09-29T17:22:04+00:00,QQQ,2026-09-29,0,736.08,727.0,C,9.01,9.14,9.075,9.49,322,392,0.2408,0.9806,0.0107,0.0073,-0.0309,13.0,13.0,9.14,10.06
2026-09-29T17:22:04+00:00,QQQ,2026-09-29,0,736.08,728.0,C,8.03,8.15,8.09,8.4,242,448,0.2474,0.9744,0.0144,0.0092,-0.0399,11.8,11.82,7.51,9.205
2026-09-29T17:22:04+00:00,QQQ,2026-09-29,0,736.08,729.0,C,7.03,7.16,7.095,7.15,166,184,0.2437,0.9646,0.02,0.012,-0.0545,8.31,11.06,6.53,8.345
2026-09-29T17:22:04+00:00,QQQ,2026-09-29,0,736.08,730.0,C,6.01,6.15,6.08,5.98,1099,716,0.2378,0.9493,0.0282,0.0159,-0.0781,10.08,10.11,5.6,7.505
2026-09-29T17:22:04+00:00,QQQ,2026-09-29,0,736.08,731.0,C,5.05,5.19,5.12,5.11,1563,572,0.2272,0.9256,0.0403,0.0213,-0.116,9.06,9.09,4.69,6.705
2026-09-29T17:22:04+00:00,QQQ,2026-09-29,0,736.08,732.0,C,4.17,4.26,4.215,4.2,3840,819,0.225,0.8889,0.0573,0.0284,-0.1778,7.65,8.0,3.76,5.935
2026-09-29T17:22:04+00:00,QQQ,2026-09-29,0,736.08,733.0,C,3.33,3.38,3.355,3.3,3852,2372,0.2218,0.8327,0.0798,0.0371,-0.28,7.56,7.56,2.93,5.195
2026-09-29T17:22:04+00:00,QQQ,2026-09-29,0,736.08,734.0,C,2.46,2.49,2.475,2.5,8997,1299,0.2083,0.75,0.1059,0.0466,-0.4491,6.71,6.74,2.15,4.515
2026-09-29T17:22:04+00:00,QQQ,2026-09-29,0,736.08,735.0,C,1.75,1.76,1.755,1.78,28594,3186,0.2019,0.6376,0.1292,0.0546,-0.7201,5.74,6.0,1.49,3.885
2026-09-29T17:22:04+00:00,QQQ,2026-09-29,0,736.08,736.0,C,1.15,1.16,1.155,1.18,92720,5006,0.1982,0.5029,0.1402,0.0579,-1.1283,4.88,5.15,0.97,3.315
2026-09-29T17:22:04+00:00,QQQ,2026-09-29,0,736.08,737.0,C,0.73,0.74,0.735,0.73,234620,7852,0.1969,0.365,0.1325,0.0547,-0.708,4.25,4.25,0.6,2.795
2026-09-29T17:22:04+00:00,QQQ,2026-09-29,0,736.08,738.0,C,0.42,0.43,0.425,0.43,282700,5652,0.1996,0.2464,0.1094,0.0463,-0.4211,3.49,3.65,0.36,2.325
2026-09-29T17:22:04+00:00,QQQ,2026-09-29,0,736.08,739.0,C,0.25,0.26,0.255,0.26,293024,6169,0.2072,0.1597,0.0814,0.0361,-0.2504,2.72,2.93,0.22,1.915
2026-09-29T17:22:04+00:00,QQQ,2026-09-29,0,736.08,740.0,C,0.15,0.16,0.155,0.16,343649,7897,0.217,0.1038,0.0573,0.0271,-0.1553,2.2,2.36,0.14,1.555
2026-09-29T17:22:04+00:00,QQQ,2026-09-29,0,736.08,741.0,C,0.1,0.11,0.105,0.11,189485,3074,0.2326,0.0696,0.0398,0.0203,-0.1026,1.77,1.89,0.1,1.255
2026-09-29T17:22:04+00:00,QQQ,2026-09-29,0,736.08,742.0,C,0.07,0.08,0.075,0.07,119832,6546,0.2495,0.0485,0.0281,0.0154,-0.0718,1.29,1.45,0.07,1.005
2026-09-29T17:22:04+00:00,QQQ,2026-09-29,0,736.08,743.0,C,0.05,0.06,0.055,0.05,80460,7202,0.2664,0.035,0.0202,0.0119,-0.0524,1.0,1.03,0.04,0.785
2026-09-29T17:22:04+00:00,QQQ,2026-09-29,0,736.08,744.0,C,0.04,0.05,0.045,0.04,48880,3156,0.2872,0.0259,0.0148,0.0093,-0.0396,0.7,0.76,0.03,0.615
2026-09-29T17:22:04+00:00,QQQ,2026-09-29,0,736.08,745.0,C,0.03,0.04,0.035,0.03,44188,7854,0.3045,0.0198,0.0111,0.0074,-0.031,0.51,0.57,0.03,0.475
2026-09-29T17:22:04+00:00,QQQ,2026-09-29,0,736.08,746.0,C,0.02,0.03,0.025,0.02,27059,2194,0.3169,0.0156,0.0085,0.0061,-0.0251,0.41,0.43,0.02,0.365
2026-09-29T17:22:04+00:00,QQQ,2026-09-29,0,736.08,747.0,C,0.01,0.02,0.015,0.02,25097,5519,0.3216,0.0127,0.0068,0.0051,-0.0211,0.27,0.27,0.01,0.275
2026-09-29T17:22:04+00:00,QQQ,2026-09-29,0,736.08,748.0,C,0.01,0.02,0.015,0.01,18571,2137,0.3469,0.0107,0.0055,0.0044,-0.0184,0.19,0.19,0.01,0.215
2026-09-29T17:22:04+00:00,QQQ,2026-09-29,0,736.08,749.0,C,0.01,0.02,0.015,0.01,7142,2383,0.3719,0.0093,0.0046,0.0038,-0.0166,0.14,0.14,0.01,0.165
2026-09-29T17:22:04+00:00,QQQ,2026-09-29,0,736.08,750.0,C,0.01,0.02,0.015,0.01,17775,7884,0.3967,0.0082,0.0039,0.0035,-0.0153,0.1,0.1,0.01,0.125
2026-09-29T17:22:04+00:00,QQQ,2026-09-29,0,736.08,751.0,C,0.01,0.02,0.015,0.01,2920,2831,0.4213,0.0074,0.0034,0.0032,-0.0144,0.08,0.08,0.01,0.105
2026-09-29T17:22:04+00:00,QQQ,2026-09-29,0,736.08,752.0,C,0.0,0.01,0.01,0.01,4525,2702,0.3966,0.0068,0.003,0.0029,-0.0138,0.05,0.05,0.01,0.075
2026-09-29T17:22:04+00:00,QQQ,2026-09-29,0,736.08,753.0,C,0.0,0.01,0.01,0.01,1741,3736,0.4187,0.0064,0.0027,0.0027,-0.0134,0.04,0.04,0.01,0.065
2026-09-29T17:22:04+00:00,QQQ,2026-09-29,0,736.08,754.0,C,0.0,0.01,0.01,0.01,2258,2488,0.4406,0.0059,0.0024,0.0026,-0.013,0.05,0.05,0.01,0.055
2026-09-29T17:22:04+00:00,QQQ,2026-09-29,0,736.08,755.0,C,0.0,0.01,0.01,0.01,5857,2761,0.4624,0.0056,0.0022,0.0024,-0.0127,0.02,0.03,0.01,0.045
2026-09-29T17:22:04+00:00,QQQ,2026-09-29,0,736.08,756.0,C,0.0,0.01,0.01,0.01,638,1635,0.4841,0.0053,0.002,0.0023,-0.0125,0.01,0.02,0.01,0.035
2026-09-29T17:22:04+00:00,QQQ,2026-09-29,0,736.08,757.0,C,0.0,0.01,0.01,0.01,883,2262,0.5056,0.005,0.0018,0.0022,-0.0123,0.02,0.02,0.01,0.035
2026-09-29T17:22:04+00:00,QQQ,2026-09-29,0,736.08,758.0,C,0.0,0.01,0.01,0.01,105,637,0.5271,0.0048,0.0017,0.0021,-0.0121,0.02,0.02,0.01,0.025
2026-09-29T17:22:04+00:00,QQQ,2026-09-29,0,736.08,759.0,C,0.0,0.01,0.01,0.01,556,1121,0.5485,0.0046,0.0015,0.002,-0.0119,0.01,0.02,0.01,0.025
2026-09-29T17:22:04+00:00,QQQ,2026-09-29,0,736.08,760.0,C,0.0,0.01,0.01,0.01,428,4773,0.5697,0.0044,0.0014,0.0019,-0.0117,0.02,0.02,0.01,0.025
2026-09-29T17:22:04+00:00,QQQ,2026-09-29,0,736.08,761.0,C,0.0,0.01,0.01,0.01,462,718,0.5909,0.0042,0.0013,0.0018,-0.0116,0.01,0.02,0.01,0.015
2026-09-29T17:22:04+00:00,QQQ,2026-09-29,0,736.08,762.0,C,0.0,0.01,0.01,0.01,187,607,0.6119,0.004,0.0012,0.0018,-0.0114,0.01,0.01,0.01,0.015
2026-09-29T17:22:04+00:00,QQQ,2026-09-29,0,736.08,763.0,C,0.0,0.01,0.01,0.01,541,1090,0.6329,0.0038,0.0012,0.0017,-0.0113,0.01,0.02,0.01,0.015
2026-09-29T17:22:04+00:00,QQQ,2026-09-29,0,736.08,764.0,C,0.0,0.01,0.01,0.01,3,440,0.6538,0.0037,0.0011,0.0016,-0.0111,0.01,0.01,0.01,0.015
2026-09-29T17:22:04+00:00,QQQ,2026-09-29,0,736.08,765.0,C,0.0,0.01,0.01,0.01,5,1443,0.6746,0.0036,0.001,0.0016,-0.011,0.01,0.01,0.01,0.015
2026-09-29T17:22:04+00:00,QQQ,2026-09-29,0,736.08,766.0,C,0.0,0.01,0.01,0.01,48,340,0.6953,0.0034,0.001,0.0015,-0.0108,0.01,0.01,0.01,0.015
2026-09-29T17:22:04+00:00,QQQ,2026-09-29,0,736.08,767.0,C,0.0,0.01,0.01,0.01,0,368,0.716,0.0033,0.0009,0.0015,-0.0107,0.0,0.0,0.0,0.015
2026-09-29T17:22:04+00:00,QQQ,2026-09-29,0,736.08,768.0,C,0.0,0.01,0.01,0.01,8,6756,0.7365,0.0032,0.0008,0.0014,-0.0106,0.01,0.01,0.01,0.005
2026-09-29T17:22:04+00:00,QQQ,2026-09-29,0,736.08,769.0,C,0.0,0.01,0.01,0.01,0,545,0.757,0.0031,0.0008,0.0014,-0.0104,0.0,0.0,0.0,0.005
2026-09-29T17:22:04+00:00,QQQ,2026-09-29,0,736.08,770.0,C,0.0,0.01,0.01,0.01,2,919,0.7774,0.003,0.0008,0.0013,-0.0103,0.01,0.01,0.01,0.005
2026-09-29T17:22:04+00:00,QQQ,2026-09-29,0,736.08,771.0,C,0.0,0.01,0.01,0.01,0,444,0.7978,0.0029,0.0007,0.0013,-0.0101,0.0,0.0,0.0,0.005
2026-09-29T17:22:04+00:00,QQQ,2026-09-29,0,736.08,772.0,C,0.0,0.01,0.02,0.02,0,288,0.818,0.0028,0.0007,0.0013,-0.01,0.0,0.0,0.0,0.005
2026-09-29T17:22:04+00:00,QQQ,2026-09-29,0,736.08,820.0,C,0.0,0.01,0.01,0.01,1,110,1.7286,0.0008,0.0001,0.0004,-0.0051,0.01,0.01,0.01,0.005
2026-09-29T17:22:04+00:00,QQQ,2026-09-29,0,736.08,830.0,C,0.0,0.01,0.01,0.01,20,94,1.906,0.0007,0.0001,0.0003,-0.0044,0.01,0.01,0.01,0.005
2026-09-29T17:22:04+00:00,QQQ,2026-09-29,0,736.08,840.0,C,0.0,0.01,0.01,0.01,10,138,2.08,0.0005,0.0001,0.0003,-0.0038,0.01,0.01,0.01,0.005
2026-09-29T17:22:04+00:00,QQQ,2026-09-29,0,736.08,895.0,C,0.0,0.01,0.01,0.01,126,80,2.9842,0.0002,0.0,0.0001,-0.0016,0.01,0.01,0.01,0.005
2026-09-29T17:22:04+00:00,QQQ,2026-09-29,0,736.08,900.0,C,0.0,0.01,0.01,0.01,11,68,3.0625,0.0002,0.0,0.0001,-0.0015,0.01,0.01,0.01,0.005
2026-09-29T17:22:04+00:00,QQQ,2026-09-29,0,736.08,450.0,P,0.0,0.01,0.01,0.01,4,155,7.2168,0.0,0.0,0.0,0.0,0.01,0.01,0.01,0.005
2026-09-29T17:22:04+00:00,QQQ,2026-09-29,0,736.08,635.0,P,0.0,0.01,0.01,0.01,6201,873,2.3286,-0.0005,0.0,0.0003,-0.0042,0.01,0.01,0.01,0.015
2026-09-29T17:22:04+00:00,QQQ,2026-09-29,0,736.08,640.0,P,0.0,0.01,0.01,0.01,8,445,2.2133,-0.0006,0.0001,0.0003,-0.0047,0.01,0.01,0.01,0.015
2026-09-29T17:22:04+00:00,QQQ,2026-09-29,0,736.08,650.0,P,0.0,0.01,0.01,0.01,5,368,1.9843,-0.0008,0.0001,0.0004,-0.0057,0.01,0.01,0.01,0.015
2026-09-29T17:22:04+00:00,QQQ,2026-09-29,0,736.08,660.0,P,0.0,0.01,0.01,0.01,3,4256,1.7572,-0.001,0.0001,0.0005,-0.0068,0.01,0.01,0.01,0.015
2026-09-29T17:22:04+00:00,QQQ,2026-09-29,0,736.08,670.0,P,0.0,0.01,0.01,0.01,1,4367,1.5317,-0.0013,0.0002,0.0006,-0.0082,0.01,0.01,0.01,0.015
2026-09-29T17:22:04+00:00,QQQ,2026-09-29,0,736.08,675.0,P,0.0,0.01,0.01,0.01,1,1278,1.4194,-0.0015,0.0002,0.0007,-0.0089,0.01,0.01,0.01,0.015
2026-09-29T17:22:04+00:00,QQQ,2026-09-29,0,736.08,677.0,P,0.0,0.01,0.01,0.01,1,464,1.3745,-0.0016,0.0002,0.0008,-0.0092,0.01,0.01,0.01,0.015
2026-09-29T17:22:04+00:00,QQQ,2026-09-29,0,736.08,678.0,P,0.0,0.01,0.01,0.01,13,1161,1.3521,-0.0016,0.0003,0.0008,-0.0093,0.01,0.01,0.01,0.015
2026-09-29T17:22:04+00:00,QQQ,2026-09-29,0,736.08,679.0,P,0.0,0.01,0.01,0.01,1,1019,1.3297,-0.0017,0.0003,0.0008,-0.0095,0.01,0.01,0.01,0.015
2026-09-29T17:22:04+00:00,QQQ,2026-09-29,0,736.08,681.0,P,0.0,0.01,0.01,0.01,6,240,1.2849,-0.0018,0.0003,0.0008,-0.0098,0.01,0.01,0.01,0.015
2026-09-29T17:22:04+00:00,QQQ,2026-09-29,0,736.08,684.0,P,0.0,0.01,0.01,0.01,2,131,1.2178,-0.002,0.0003,0.0009,-0.0103,0.01,0.01,0.01,0.015
2026-09-29T17:22:04+00:00,QQQ,2026-09-29,0,736.08,685.0,P,0.0,0.01,0.01,0.01,2,376,1.1954,-0.002,0.0004,0.0009,-0.0104,0.01,0.01,0.01,0.015
2026-09-29T17:22:04+00:00,QQQ,2026-09-29,0,736.08,687.0,P,0.0,0.01,0.01,0.01,1,77,1.1507,-0.0022,0.0004,0.001,-0.0108,0.01,0.01,0.01,0.015
2026-09-29T17:22:04+00:00,QQQ,2026-09-29,0,736.08,688.0,P,0.0,0.01,0.01,0.01,1,76,1.1283,-0.0022,0.0004,0.001,-0.0109,0.01,0.01,0.01,0.015
2026-09-29T17:22:04+00:00,QQQ,2026-09-29,0,736.08,690.0,P,0.0,0.01,0.01,0.01,1,477,1.0836,-0.0024,0.0004,0.0011,-0.0113,0.01,0.01,0.01,0.015
2026-09-29T17:22:04+00:00,QQQ,2026-09-29,0,736.08,692.0,P,0.0,0.01,0.01,0.01,14,486,1.0388,-0.0025,0.0005,0.0011,-0.0116,0.01,0.01,0.01,0.025
2026-09-29T17:22:04+00:00,QQQ,2026-09-29,0,736.08,693.0,P,0.0,0.01,0.01,0.01,2,332,1.0165,-0.0026,0.0005,0.0012,-0.0118,0.01,0.01,0.01,0.025
2026-09-29T17:22:04+00:00,QQQ,2026-09-29,0,736.08,694.0,P,0.0,0.01,0.01,0.01,5,351,0.9941,-0.0027,0.0005,0.0012,-0.012,0.01,0.01,0.01,0.025
2026-09-29T17:22:04+00:00,QQQ,2026-09-29,0,736.08,695.0,P,0.0,0.01,0.01,0.01,20,876,0.9717,-0.0028,0.0006,0.0012,-0.0122,0.01,0.01,0.01,0.025
2026-09-29T17:22:04+00:00,QQQ,2026-09-29,0,736.08,698.0,P,0.0,0.01,0.01,0.01,4,301,0.9045,-0.0031,0.0006,0.0014,-0.0127,0.01,0.01,0.01,0.025
2026-09-29T17:22:04+00:00,QQQ,2026-09-29,0,736.08,699.0,P,0.0,0.01,0.01,0.01,3,280,0.8821,-0.0032,0.0007,0.0014,-0.0129,0.01,0.01,0.01,0.025
2026-09-29T17:22:04+00:00,QQQ,2026-09-29,0,736.08,700.0,P,0.0,0.01,0.01,0.01,16,2253,0.8597,-0.0033,0.0007,0.0015,-0.0131,0.01,0.01,0.01,0.025
2026-09-29T17:22:04+00:00,QQQ,2026-09-29,0,736.08,701.0,P,0.0,0.01,0.01,0.01,6,626,0.8373,-0.0034,0.0008,0.0015,-0.0133,0.01,0.01,0.01,0.025
2026-09-29T17:22:04+00:00,QQQ,2026-09-29,0,736.08,702.0,P,0.0,0.01,0.01,0.01,65,430,0.8149,-0.0035,0.0008,0.0016,-0.0135,0.01,0.01,0.01,0.025
2026-09-29T17:22:04+00:00,QQQ,2026-09-29,0,736.08,703.0,P,0.0,0.01,0.01,0.01,1863,780,0.7924,-0.0036,0.0009,0.0016,-0.0137,0.01,0.01,0.01,0.035
2026-09-29T17:22:04+00:00,QQQ,2026-09-29,0,736.08,704.0,P,0.0,0.01,0.01,0.01,2933,611,0.7699,-0.0038,0.0009,0.0017,-0.0139,0.01,0.02,0.01,0.035
2026-09-29T17:22:04+00:00,QQQ,2026-09-29,0,736.08,705.0,P,0.0,0.01,0.01,0.01,4520,1921,0.7474,-0.0039,0.001,0.0017,-0.0141,0.01,0.02,0.01,0.035
2026-09-29T17:22:04+00:00,QQQ,2026-09-29,0,736.08,706.0,P,0.0,0.01,0.01,0.01,6766,555,0.7249,-0.0041,0.001,0.0018,-0.0143,0.01,0.02,0.01,0.035
2026-09-29T17:22:04+00:00,QQQ,2026-09-29,0,736.08,707.0,P,0.0,0.01,0.01,0.01,8935,1640,0.7024,-0.0043,0.0011,0.0019,-0.0145,0.01,0.02,0.01,0.035
2026-09-29T17:22:04+00:00,QQQ,2026-09-29,0,736.08,708.0,P,0.0,0.01,0.01,0.01,12744,1993,0.6798,-0.0044,0.0012,0.0019,-0.0147,0.01,0.02,0.01,0.035
2026-09-29T17:22:04+00:00,QQQ,2026-09-29,0,736.08,709.0,P,0.0,0.01,0.01,0.01,7450,553,0.6572,-0.0046,0.0013,0.002,-0.0149,0.01,0.02,0.01,0.045
2026-09-29T17:22:04+00:00,QQQ,2026-09-29,0,736.08,710.0,P,0.0,0.01,0.01,0.01,7704,1837,0.6346,-0.0048,0.0014,0.0021,-0.0151,0.02,0.02,0.01,0.045
2026-09-29T17:22:04+00:00,QQQ,2026-09-29,0,736.08,711.0,P,0.01,0.02,0.015,0.01,765,1572,0.6822,-0.005,0.0015,0.0022,-0.0153,0.02,0.02,0.01,0.045
2026-09-29T17:22:04+00:00,QQQ,2026-09-29,0,736.08,712.0,P,0.01,0.02,0.015,0.01,131,3319,0.6574,-0.0053,0.0016,0.0023,-0.0155,0.01,0.02,0.01,0.055
2026-09-29T17:22:04+00:00,QQQ,2026-09-29,0,736.08,713.0,P,0.01,0.02,0.015,0.02,269,911,0.6325,-0.0055,0.0017,0.0024,-0.0158,0.02,0.02,0.01,0.055
2026-09-29T17:22:04+00:00,QQQ,2026-09-29,0,736.08,714.0,P,0.01,0.02,0.015,0.01,995,1308,0.6076,-0.0058,0.0018,0.0025,-0.016,0.02,0.02,0.01,0.065
2026-09-29T17:22:04+00:00,QQQ,2026-09-29,0,736.08,715.0,P,0.01,0.02,0.015,0.02,2200,4270,0.5826,-0.0061,0.002,0.0026,-0.0162,0.01,0.03,0.01,0.065
2026-09-29T17:22:04+00:00,QQQ,2026-09-29,0,736.08,716.0,P,0.01,0.02,0.015,0.01,1785,820,0.5575,-0.0064,0.0022,0.0027,-0.0164,0.02,0.03,0.01,0.075
2026-09-29T17:22:04+00:00,QQQ,2026-09-29,0,736.08,717.0,P,0.01,0.02,0.015,0.02,3466,3256,0.5323,-0.0067,0.0024,0.0028,-0.0167,0.02,0.03,0.01,0.085
2026-09-29T17:22:04+00:00,QQQ,2026-09-29,0,736.08,718.0,P,0.01,0.02,0.015,0.01,2681,1481,0.5071,-0.0071,0.0026,0.003,-0.0169,0.02,0.04,0.01,0.105
2026-09-29T17:22:04+00:00,QQQ,2026-09-29,0,736.08,719.0,P,0.01,0.02,0.015,0.02,2429,1987,0.4818,-0.0075,0.0029,0.0032,-0.0172,0.03,0.04,0.01,0.115
2026-09-29T17:22:04+00:00,QQQ,2026-09-29,0,736.08,720.0,P,0.01,0.02,0.015,0.01,4534,3318,0.4563,-0.008,0.0033,0.0033,-0.0175,0.03,0.04,0.01,0.135
2026-09-29T17:22:04+00:00,QQQ,2026-09-29,0,736.08,721.0,P,0.01,0.02,0.015,0.01,3835,1429,0.4308,-0.0086,0.0037,0.0036,-0.0179,0.07,0.07,0.01,0.165
2026-09-29T17:22:04+00:00,QQQ,2026-09-29,0,736.08,722.0,P,0.01,0.02,0.015,0.01,4068,4199,0.4051,-0.0093,0.0041,0.0038,-0.0184,0.01,0.06,0.01,0.195
2026-09-29T17:22:04+00:00,QQQ,2026-09-29,0,736.08,723.0,P,0.02,0.03,0.025,0.02,7878,3042,0.4047,-0.0101,0.0048,0.0042,-0.0191,0.03,0.07,0.02,0.235
2026-09-29T17:22:04+00:00,QQQ,2026-09-29,0,736.08,724.0,P,0.02,0.03,0.025,0.03,3984,2502,0.3774,-0.0113,0.0056,0.0046,-0.0203,0.03,0.09,0.02,0.285
2026-09-29T17:22:04+00:00,QQQ,2026-09-29,0,736.08,725.0,P,0.02,0.03,0.025,0.02,15256,23031,0.3498,-0.013,0.0067,0.0052,-0.0222,0.04,0.1,0.02,0.345
2026-09-29T17:22:04+00:00,QQQ,2026-09-29,0,736.08,726.0,P,0.02,0.03,0.025,0.02,13296,2792,0.3221,-0.0155,0.0083,0.006,-0.0255,0.07,0.13,0.02,0.415
2026-09-29T17:22:04+00:00,QQQ,2026-09-29,0,736.08,727.0,P,0.03,0.04,0.035,0.04,12445,3407,0.3091,-0.0194,0.0107,0.0073,-0.0309,0.06,0.18,0.03,0.505
2026-09-29T17:22:04+00:00,QQQ,2026-09-29,0,736.08,728.0,P,0.04,0.05,0.045,0.04,16720,3742,0.2913,-0.0256,0.0144,0.0092,-0.0399,0.1,0.22,0.03,0.625
2026-09-29T17:22:04+00:00,QQQ,2026-09-29,0,736.08,729.0,P,0.05,0.06,0.055,0.05,20965,5320,0.2699,-0.0354,0.02,0.012,-0.0545,0.12,0.29,0.04,0.755
2026-09-29T17:22:04+00:00,QQQ,2026-09-29,0,736.08,730.0,P,0.07,0.08,0.075,0.08,105604,27107,0.2526,-0.0507,0.0282,0.0159,-0.0781,0.15,0.39,0.06,0.925
2026-09-29T17:22:04+00:00,QQQ,2026-09-29,0,736.08,731.0,P,0.11,0.12,0.115,0.12,44343,4142,0.2403,-0.0744,0.0403,0.0213,-0.116,0.21,0.52,0.07,1.115
2026-09-29T17:22:04+00:00,QQQ,2026-09-29,0,736.08,732.0,P,0.17,0.18,0.175,0.18,87913,10155,0.2269,-0.1111,0.0573,0.0284,-0.1778,0.25,0.69,0.1,1.355
2026-09-29T17:22:04+00:00,QQQ,2026-09-29,0,736.08,733.0,P,0.27,0.28,0.275,0.28,95195,6459,0.2178,-0.1673,0.0798,0.0371,-0.28,0.35,0.91,0.14,1.625
2026-09-29T17:22:04+00:00,QQQ,2026-09-29,0,736.08,734.0,P,0.45,0.46,0.455,0.44,144973,3616,0.2083,-0.25,0.1059,0.0466,-0.4491,0.42,1.19,0.2,1.945
2026-09-29T17:22:04+00:00,QQQ,2026-09-29,0,736.08,735.0,P,0.69,0.7,0.695,0.69,313814,39284,0.1992,-0.3624,0.1292,0.0546,-0.7201,0.54,1.54,0.28,2.32
2026-09-29T17:22:04+00:00,QQQ,2026-09-29,0,736.08,736.0,P,1.09,1.1,1.095,1.09,314715,17831,0.1956,-0.4971,0.1402,0.0579,-1.1283,0.78,1.96,0.39,2.745
2026-09-29T17:22:04+00:00,QQQ,2026-09-29,0,736.08,737.0,P,1.67,1.68,1.675,1.71,305741,2306,0.1951,-0.635,0.1325,0.0547,-0.708,0.94,2.45,0.57,3.22
2026-09-29T17:22:04+00:00,QQQ,2026-09-29,0,736.08,738.0,P,2.32,2.37,2.345,2.37,200317,2642,0.1985,-0.7536,0.1094,0.0463,-0.4211,1.28,3.03,0.81,3.755
2026-09-29T17:22:04+00:00,QQQ,2026-09-29,0,736.08,739.0,P,3.19,3.26,3.225,3.21,116804,1545,0.2058,-0.8403,0.0814,0.0361,-0.2504,1.66,3.9,1.13,4.345
2026-09-29T17:22:04+00:00,QQQ,2026-09-29,0,736.08,740.0,P,4.08,4.18,4.13,4.15,69190,3267,0.2226,-0.8962,0.0573,0.0271,-0.1553,2.1,4.81,1.56,4.98
2026-09-29T17:22:04+00:00,QQQ,2026-09-29,0,736.08,741.0,P,4.99,5.13,5.06,5.12,14057,1303,0.2469,-0.9304,0.0398,0.0203,-0.1026,2.54,5.67,2.1,5.67
2026-09-29T17:22:04+00:00,QQQ,2026-09-29,0,736.08,742.0,P,5.96,6.09,6.025,6.0,4315,916,0.2621,-0.9515,0.0281,0.0154,-0.0718,3.12,6.66,2.74,6.415
2026-09-29T17:22:04+00:00,QQQ,2026-09-29,0,736.08,743.0,P,6.99,7.12,7.055,7.06,1525,891,0.2823,-0.965,0.0202,0.0119,-0.0524,4.13,7.53,3.5,7.195
2026-09-29T17:22:04+00:00,QQQ,2026-09-29,0,736.08,744.0,P,7.95,8.07,8.01,8.06,1608,1056,0.3019,-0.9741,0.0148,0.0093,-0.0396,4.96,8.62,4.31,7.975
2026-09-29T17:22:04+00:00,QQQ,2026-09-29,0,736.08,745.0,P,8.95,9.06,9.005,9.12,1103,2006,0.3276,-0.9802,0.0111,0.0074,-0.031,5.22,9.6,5.2,8.94
2026-09-29T17:22:04+00:00,QQQ,2026-09-29,0,736.08,746.0,P,9.91,10.04,9.975,10.5,369,184,0.3397,-0.9844,0.0085,0.0061,-0.0251,7.22,10.5,6.2,9.75
2026-09-29T17:22:04+00:00,QQQ,2026-09-29,0,736.08,747.0,P,10.9,11.03,10.965,10.4,738,463,0.381,-0.9873,0.0068,0.0051,-0.0211,7.79,10.62,7.14,10.68
2026-09-29T17:22:04+00:00,QQQ,2026-09-29,0,736.08,748.0,P,11.95,12.08,12.015,12.22,215,251,0.3884,-0.9893,0.0055,0.0044,-0.0184,8.95,12.53,8.1,11.62
2026-09-29T17:22:04+00:00,QQQ,2026-09-29,0,736.08,749.0,P,12.93,13.08,13.005,12.55,161,38,0.4238,-0.9907,0.0046,0.0038,-0.0166,9.65,12.58,9.04,12.58
2026-09-29T17:22:04+00:00,QQQ,2026-09-29,0,736.08,750.0,P,13.91,14.04,13.975,13.58,76,10,0.4512,-0.9918,0.0039,0.0035,-0.0153,10.79,13.58,10.07,13.525
2026-09-29T17:22:04+00:00,QQQ,2026-09-29,0,736.08,751.0,P,14.88,15.03,14.955,14.7,42,1,0.4598,-0.9926,0.0034,0.0032,-0.0144,11.86,15.58,11.2,14.48
2026-09-29T17:22:04+00:00,QQQ,2026-09-29,0,736.08,752.0,P,15.95,16.08,16.015,15.07,20,7,0.486,-0.9932,0.003,0.0029,-0.0138,12.07,15.1,12.07,15.47
2026-09-29T17:22:04+00:00,QQQ,2026-09-29,0,736.08,753.0,P,16.94,17.07,17.005,15.98,14,0,0.5225,-0.9936,0.0027,0.0027,-0.0134,15.34,16.65,13.3,16.46
2026-09-29T17:22:04+00:00,QQQ,2026-09-29,0,736.08,754.0,P,17.88,18.02,17.95,17.83,39,1,0.5487,-0.9941,0.0024,0.0026,-0.013,15.82,17.83,14.62,17.385
2026-09-29T17:22:04+00:00,QQQ,2026-09-29,0,736.08,755.0,P,18.94,19.07,19.005,17.93,33,27,0.5358,-0.9944,0.0022,0.0024,-0.0127,18.1,18.7,15.23,18.365
2026-09-29T17:22:04+00:00,QQQ,2026-09-29,0,736.08,756.0,P,19.93,20.07,20.0,19.78,17,0,0.5754,-0.9947,0.002,0.0023,-0.0125,19.0,19.82,16.79,19.385
2026-09-29T17:22:04+00:00,QQQ,2026-09-29,0,736.08,757.0,P,20.89,21.03,20.96,21.36,34,0,0.5845,-0.995,0.0018,0.0022,-0.0123,18.94,21.36,17.56,20.37
2026-09-29T17:22:04+00:00,QQQ,2026-09-29,0,736.08,758.0,P,21.94,22.07,22.005,21.83,15,0,0.6087,-0.9952,0.0017,0.0021,-0.0121,20.98,21.83,19.9,21.38
2026-09-29T17:22:04+00:00,QQQ,2026-09-29,0,736.08,759.0,P,22.85,23.01,22.93,22.19,46,0,0.587,-0.9954,0.0015,0.002,-0.0119,21.84,22.95,19.36,23.13
2026-09-29T17:22:04+00:00,QQQ,2026-09-29,0,736.08,760.0,P,23.89,24.04,23.965,24.08,59,38,0.6095,-0.9956,0.0014,0.0019,-0.0117,20.4,24.45,20.1,23.37
2026-09-29T17:22:04+00:00,QQQ,2026-09-29,0,736.08,761.0,P,23.19,26.77,24.98,25.0,105,0,0.0,-0.9958,0.0013,0.0018,-0.0116,24.11,25.22,23.36,24.37
2026-09-29T17:22:04+00:00,QQQ,2026-09-29,0,736.08,762.0,P,24.19,27.77,25.98,25.95,280,0,0.0,-0.996,0.0012,0.0018,-0.0114,24.62,26.6,23.44,25.38
2026-09-29T17:22:04+00:00,QQQ,2026-09-29,0,736.08,763.0,P,25.19,28.77,26.98,26.98,350,0,0.0,-0.9962,0.0012,0.0017,-0.0113,25.54,27.59,22.79,26.375
2026-09-29T17:22:04+00:00,QQQ,2026-09-29,0,736.08,764.0,P,26.19,29.77,27.98,27.98,250,0,0.0,-0.9963,0.0011,0.0016,-0.0111,25.66,28.94,22.63,27.38
2026-09-29T17:22:04+00:00,QQQ,2026-09-29,0,736.08,765.0,P,27.19,30.79,28.99,28.86,163,0,0.6754,-0.9964,0.001,0.0016,-0.011,27.86,29.5,25.08,28.36
2026-09-29T17:22:04+00:00,QQQ,2026-09-29,0,736.08,766.0,P,28.19,31.77,29.98,29.99,137,0,0.0,-0.9966,0.001,0.0015,-0.0108,28.09,31.09,26.0,29.365
2026-09-29T17:22:04+00:00,QQQ,2026-09-29,0,736.08,767.0,P,29.19,32.79,30.99,30.99,183,0,0.7168,-0.9967,0.0009,0.0015,-0.0107,28.8,31.11,26.2,30.375
2026-09-29T17:22:04+00:00,QQQ,2026-09-29,0,736.08,768.0,P,30.19,33.79,31.99,31.99,174,0,0.7373,-0.9968,0.0008,0.0014,-0.0106,30.86,32.03,28.16,31.38
2026-09-29T17:22:04+00:00,QQQ,2026-09-29,0,736.08,769.0,P,31.19,34.78,32.985,32.98,167,0,0.5643,-0.9969,0.0008,0.0014,-0.0104,30.44,33.13,29.28,32.365
2026-09-29T17:22:04+00:00,QQQ,2026-09-29,0,736.08,770.0,P,32.19,35.79,33.99,33.98,225,0,0.7783,-0.997,0.0008,0.0013,-0.0103,32.85,34.05,30.54,33.38
2026-09-29T17:22:04+00:00,QQQ,2026-09-29,0,736.08,771.0,P,33.19,36.79,34.99,34.92,177,0,0.7986,-0.9971,0.0007,0.0013,-0.0101,33.35,35.06,31.35,34.38
2026-09-29T17:22:04+00:00,QQQ,2026-09-29,0,736.08,772.0,P,34.19,37.79,35.99,35.92,153,0,0.8189,-0.9972,0.0007,0.0013,-0.01,34.26,36.66,32.35,35.38
2026-09-29T17:22:04+00:00,QQQ,2026-09-29,0,736.08,773.0,P,35.19,38.79,36.99,36.78,95,0,0.8392,-0.9973,0.0006,0.0012,-0.0099,34.9,37.65,33.47,37.125
2026-09-29T17:22:04+00:00,QQQ,2026-09-29,0,736.08,774.0,P,36.19,39.79,37.99,37.78,103,0,0.8593,-0.9974,0.0006,0.0012,-0.0098,34.89,37.78,34.34,37.63
2026-09-29T17:22:04+00:00,QQQ,2026-09-29,0,736.08,775.0,P,37.3,40.79,39.045,38.07,79,0,1.1375,-0.9975,0.0006,0.0012,-0.0096,35.82,38.49,35.27,38.64
2026-09-29T17:22:04+00:00,QQQ,2026-09-29,0,736.08,780.0,P,42.3,45.77,44.035,40.36,14,0,1.2321,-0.9978,0.0005,0.001,-0.009,42.25,43.03,40.3,43.635
2026-09-29T17:22:04+00:00,QQQ,2026-09-29,0,736.08,785.0,P,47.3,50.77,49.035,47.14,18,0,1.3503,-0.9981,0.0004,0.0009,-0.0084,46.72,47.7,44.94,48.635
2026-09-29T17:22:04+00:00,QQQ,2026-09-29,0,736.08,790.0,P,52.3,55.73,54.015,53.99,4,0,1.3856,-0.9984,0.0003,0.0008,-0.0079,53.31,53.99,52.06,53.64
2026-09-29T17:22:04+00:00,QQQ,2026-09-29,0,736.08,795.0,P,57.3,60.73,59.015,58.92,6,0,1.495,-0.9986,0.0002,0.0007,-0.0073,57.12,58.92,57.12,58.64
2026-09-29T17:22:04+00:00,QQQ,2026-09-29,0,736.08,800.0,P,63.15,65.77,64.46,64.42,7,0,2.3269,-0.9987,0.0002,0.0006,-0.0068,63.69,64.42,62.08,63.635
2026-09-29T17:22:04+00:00,QQQ,2026-09-29,0,736.08,805.0,P,67.3,70.77,69.035,69.23,5,0,1.8052,-0.9989,0.0002,0.0005,-0.0064,66.99,69.35,66.99,68.62
2026-09-29T17:22:04+00:00,QQQ,2026-09-29,0,736.08,810.0,P,72.3,75.73,74.015,74.16,5,0,1.8146,-0.999,0.0001,0.0005,-0.0059,72.14,74.16,72.14,73.64
2026-09-29T17:22:04+00:00,QQQ,2026-09-29,0,736.08,815.0,P,77.3,80.77,79.035,78.93,6,0,2.0236,-0.9991,0.0001,0.0004,-0.0055,77.15,78.93,77.15,78.615
2026-09-29T17:22:04+00:00,QQQ,2026-09-29,0,736.08,820.0,P,82.3,85.77,84.035,83.78,8,0,2.1308,-0.9992,0.0001,0.0004,-0.0051,82.25,83.86,82.25,83.62
2026-09-29T17:22:04+00:00,QQQ,2026-09-29,0,736.08,825.0,P,87.19,90.77,88.98,88.71,5,0,0.0,-0.9993,0.0001,0.0004,-0.0048,87.25,88.71,87.25,88.64
2026-09-29T17:22:04+00:00,QQQ,2026-09-29,0,736.08,830.0,P,92.19,95.77,93.98,93.96,3,0,0.0,-0.9993,0.0001,0.0003,-0.0044,92.37,93.96,92.37,93.64
2026-09-29T17:22:04+00:00,QQQ,2026-09-29,0,736.08,835.0,P,97.19,100.77,98.98,98.87,4,0,0.0,-0.9994,0.0001,0.0003,-0.0041,97.54,98.89,97.54,98.64
2026-09-29T17:22:04+00:00,QQQ,2026-09-29,0,736.08,840.0,P,102.19,105.73,103.96,103.8,3,0,0.0,-0.9995,0.0001,0.0003,-0.0038,102.45,103.8,100.47,103.64
2026-09-29T17:22:04+00:00,QQQ,2026-09-29,0,736.08,845.0,P,107.19,110.73,108.96,108.74,1,0,0.0,-0.9995,0.0001,0.0002,-0.0035,108.74,108.74,108.74,108.64
2026-09-29T17:22:04+00:00,QQQ,2026-09-29,0,736.08,850.0,P,112.19,115.77,113.98,113.67,1,0,0.0,-0.9996,0.0,0.0002,-0.0033,113.67,113.67,113.67,113.62
2026-09-29T17:37:05+00:00,QQQ,2026-09-29,0,736.199,485.0,C,249.23,252.86,251.045,252.92,6,0,0.0,1.0,0.0,0.0,0.0,253.15,253.15,252.92,251.46
2026-09-29T17:37:05+00:00,QQQ,2026-09-29,0,736.199,490.0,C,244.23,247.86,246.045,247.92,6,0,0.0,1.0,0.0,0.0,0.0,248.22,248.22,247.92,246.46
2026-09-29T17:37:05+00:00,QQQ,2026-09-29,0,736.199,505.0,C,229.23,232.86,231.045,231.97,2,8,0.0,1.0,0.0,0.0,-0.0001,231.97,231.97,231.97,231.435
2026-09-29T17:37:05+00:00,QQQ,2026-09-29,0,736.199,510.0,C,224.23,227.86,226.045,227.04,2,0,0.0,1.0,0.0,0.0,-0.0001,227.04,227.04,227.04,226.465
2026-09-29T17:37:05+00:00,QQQ,2026-09-29,0,736.199,525.0,C,209.23,212.86,211.045,211.03,1,0,0.0,1.0,0.0,0.0,-0.0002,211.03,211.03,211.03,211.46
2026-09-29T17:37:05+00:00,QQQ,2026-09-29,0,736.199,530.0,C,204.23,208.02,206.125,206.1,2,0,0.0,1.0,0.0,0.0,-0.0002,206.99,206.99,206.1,206.46
2026-09-29T17:37:05+00:00,QQQ,2026-09-29,0,736.199,535.0,C,199.23,203.02,201.125,201.22,2,0,0.0,1.0,0.0,0.0,-0.0003,202.06,202.06,201.22,201.465
2026-09-29T17:37:05+00:00,QQQ,2026-09-29,0,736.199,540.0,C,194.23,198.02,196.125,196.29,1,0,0.0,1.0,0.0,0.0,-0.0003,196.29,196.29,196.29,196.465
2026-09-29T17:37:05+00:00,QQQ,2026-09-29,0,736.199,545.0,C,189.23,193.02,191.125,191.17,1,0,0.0,1.0,0.0,0.0,-0.0004,191.17,191.17,191.17,191.47
2026-09-29T17:37:05+00:00,QQQ,2026-09-29,0,736.199,550.0,C,184.23,188.02,186.125,186.24,2,0,0.0,1.0,0.0,0.0,-0.0004,186.93,186.93,186.24,186.47
2026-09-29T17:37:05+00:00,QQQ,2026-09-29,0,736.199,555.0,C,179.23,183.02,181.125,182.0,1,0,0.0,1.0,0.0,0.0,-0.0005,182.0,182.0,182.0,181.47
2026-09-29T17:37:05+00:00,QQQ,2026-09-29,0,736.199,560.0,C,174.23,178.02,176.125,176.03,1,0,0.0,0.9999,0.0,0.0,-0.0006,176.03,176.03,176.03,176.47
2026-09-29T17:37:05+00:00,QQQ,2026-09-29,0,736.199,565.0,C,169.28,173.02,171.15,171.1,1,0,0.0,0.9999,0.0,0.0,-0.0007,171.1,171.1,171.1,171.47
2026-09-29T17:37:05+00:00,QQQ,2026-09-29,0,736.199,615.0,C,119.23,123.02,121.125,121.22,1,0,0.0,0.9997,0.0,0.0001,-0.0025,121.22,121.22,121.22,121.48
2026-09-29T17:37:05+00:00,QQQ,2026-09-29,0,736.199,620.0,C,114.23,117.86,116.045,116.29,1,0,0.0,0.9997,0.0,0.0002,-0.0028,116.29,116.29,116.29,116.48
2026-09-29T17:37:05+00:00,QQQ,2026-09-29,0,736.199,640.0,C,94.23,97.86,96.045,96.07,3,0,0.0,0.9994,0.0001,0.0003,-0.0043,96.31,96.31,96.07,96.48
2026-09-29T17:37:05+00:00,QQQ,2026-09-29,0,736.199,645.0,C,89.21,92.86,91.035,91.14,3,0,0.0,0.9994,0.0001,0.0003,-0.0047,91.38,91.38,91.14,91.495
2026-09-29T17:37:05+00:00,QQQ,2026-09-29,0,736.199,660.0,C,74.22,77.86,76.04,77.83,1,0,0.0,0.9991,0.0001,0.0004,-0.0062,77.83,77.83,77.83,76.51
2026-09-29T17:37:05+00:00,QQQ,2026-09-29,0,736.199,661.0,C,73.23,76.86,75.045,76.89,1,0,0.0,0.999,0.0001,0.0004,-0.0063,76.89,76.89,76.89,75.505
2026-09-29T17:37:05+00:00,QQQ,2026-09-29,0,736.199,663.0,C,71.23,74.86,73.045,74.17,1,0,0.0,0.999,0.0001,0.0005,-0.0066,74.17,74.17,74.17,73.505
2026-09-29T17:37:05+00:00,QQQ,2026-09-29,0,736.199,664.0,C,70.23,73.86,72.045,73.22,1,0,0.0,0.999,0.0001,0.0005,-0.0067,73.22,73.22,73.22,72.505
2026-09-29T17:37:05+00:00,QQQ,2026-09-29,0,736.199,666.0,C,68.23,71.86,70.045,71.47,1,0,0.0,0.9989,0.0001,0.0005,-0.0069,71.47,71.47,71.47,70.51
2026-09-29T17:37:05+00:00,QQQ,2026-09-29,0,736.199,667.0,C,67.23,70.86,69.045,70.52,1,0,0.0,0.9989,0.0002,0.0005,-0.007,70.52,70.52,70.52,69.51
2026-09-29T17:37:05+00:00,QQQ,2026-09-29,0,736.199,669.0,C,65.23,68.86,67.045,69.1,1,0,0.0,0.9988,0.0002,0.0005,-0.0073,69.1,69.1,69.1,67.505
2026-09-29T17:37:05+00:00,QQQ,2026-09-29,0,736.199,670.0,C,64.23,67.86,66.045,68.18,1,1,0.0,0.9988,0.0002,0.0006,-0.0074,68.18,68.18,68.18,66.505
2026-09-29T17:37:05+00:00,QQQ,2026-09-29,0,736.199,671.0,C,63.23,66.86,65.045,66.09,1,0,0.0,0.9988,0.0002,0.0006,-0.0075,66.09,66.09,66.09,65.505
2026-09-29T17:37:05+00:00,QQQ,2026-09-29,0,736.199,672.0,C,62.22,65.86,64.04,65.15,1,0,0.0,0.9987,0.0002,0.0006,-0.0076,65.15,65.15,65.15,64.505
2026-09-29T17:37:05+00:00,QQQ,2026-09-29,0,736.199,674.0,C,60.23,64.02,62.125,62.41,25,0,0.0,0.9986,0.0002,0.0006,-0.0079,63.12,63.53,62.3,62.515
2026-09-29T17:37:05+00:00,QQQ,2026-09-29,0,736.199,675.0,C,59.31,62.71,61.01,61.03,26,3,0.0,0.9986,0.0002,0.0006,-0.008,62.18,62.6,61.03,61.515
2026-09-29T17:37:05+00:00,QQQ,2026-09-29,0,736.199,676.0,C,58.21,61.97,60.09,60.08,3,0,0.0,0.9986,0.0002,0.0006,-0.0082,60.22,60.45,60.08,60.51
2026-09-29T17:37:05+00:00,QQQ,2026-09-29,0,736.199,677.0,C,57.7,61.02,59.36,59.52,9,0,0.0,0.9985,0.0002,0.0007,-0.0083,60.66,60.66,59.09,59.515
2026-09-29T17:37:05+00:00,QQQ,2026-09-29,0,736.199,678.0,C,56.21,60.02,58.115,58.34,14,0,0.0,0.9985,0.0002,0.0007,-0.0084,59.74,59.74,58.16,58.52
2026-09-29T17:37:05+00:00,QQQ,2026-09-29,0,736.199,679.0,C,55.3,59.02,57.16,57.74,7,0,0.0,0.9984,0.0002,0.0007,-0.0086,58.28,58.42,57.66,57.52
2026-09-29T17:37:05+00:00,QQQ,2026-09-29,0,736.199,680.0,C,54.17,58.02,56.095,57.29,1,1,0.0,0.9984,0.0003,0.0007,-0.0087,57.29,57.29,57.29,56.52
2026-09-29T17:37:05+00:00,QQQ,2026-09-29,0,736.199,681.0,C,53.23,56.69,54.96,56.37,1,0,0.0,0.9984,0.0003,0.0007,-0.0088,56.37,56.37,56.37,55.53
2026-09-29T17:37:05+00:00,QQQ,2026-09-29,0,736.199,682.0,C,52.17,56.02,54.095,54.21,13,0,0.0,0.9983,0.0003,0.0008,-0.009,55.89,55.89,53.93,54.515
2026-09-29T17:37:05+00:00,QQQ,2026-09-29,0,736.199,683.0,C,51.19,55.01,53.1,53.28,20,0,0.0,0.9982,0.0003,0.0008,-0.0091,54.95,54.95,53.0,53.515
2026-09-29T17:37:05+00:00,QQQ,2026-09-29,0,736.199,684.0,C,50.27,54.02,52.145,52.86,7,0,0.0,0.9982,0.0003,0.0008,-0.0093,52.98,52.99,52.86,52.525
2026-09-29T17:37:05+00:00,QQQ,2026-09-29,0,736.199,685.0,C,49.21,52.83,51.02,52.17,1,1,0.0,0.9982,0.0003,0.0008,-0.0094,52.17,52.17,52.17,51.525
2026-09-29T17:37:05+00:00,QQQ,2026-09-29,0,736.199,686.0,C,48.23,51.93,50.08,51.24,1,2,0.0,0.9981,0.0003,0.0008,-0.0096,51.24,51.24,51.24,50.525
2026-09-29T17:37:05+00:00,QQQ,2026-09-29,0,736.199,687.0,C,47.3,51.02,49.16,49.8,2,1,0.0,0.998,0.0004,0.0009,-0.0097,52.59,52.59,49.8,49.53
2026-09-29T17:37:05+00:00,QQQ,2026-09-29,0,736.199,688.0,C,46.38,50.02,48.2,51.65,1,0,1.2493,0.998,0.0004,0.0009,-0.0099,51.65,51.65,51.65,48.525
2026-09-29T17:37:05+00:00,QQQ,2026-09-29,0,736.199,690.0,C,44.34,48.02,46.18,47.19,33,34,0.0,0.9978,0.0004,0.001,-0.0102,48.2,49.11,47.19,46.525
2026-09-29T17:37:05+00:00,QQQ,2026-09-29,0,736.199,691.0,C,43.38,47.02,45.2,47.68,1,0,1.1759,0.9978,0.0004,0.001,-0.0103,47.68,47.68,47.68,45.535
2026-09-29T17:37:05+00:00,QQQ,2026-09-29,0,736.199,692.0,C,42.34,46.02,44.18,46.08,1,0,0.0,0.9977,0.0004,0.001,-0.0105,46.08,46.08,46.08,44.54
2026-09-29T17:37:05+00:00,QQQ,2026-09-29,0,736.199,693.0,C,41.34,45.02,43.18,45.15,1,12,0.0,0.9976,0.0005,0.001,-0.0106,45.15,45.15,45.15,43.535
2026-09-29T17:37:05+00:00,QQQ,2026-09-29,0,736.199,694.0,C,40.28,44.01,42.145,42.74,1,0,0.0,0.9976,0.0005,0.0011,-0.0108,42.74,42.74,42.74,42.54
2026-09-29T17:37:05+00:00,QQQ,2026-09-29,0,736.199,695.0,C,39.34,43.16,41.25,41.81,1,1,1.3093,0.9975,0.0005,0.0011,-0.011,41.81,41.81,41.81,41.53
2026-09-29T17:37:05+00:00,QQQ,2026-09-29,0,736.199,696.0,C,38.25,41.97,40.11,40.89,1,0,0.0,0.9974,0.0005,0.0011,-0.0111,40.89,40.89,40.89,40.535
2026-09-29T17:37:05+00:00,QQQ,2026-09-29,0,736.199,697.0,C,37.36,41.16,39.26,39.95,3,1,1.277,0.9973,0.0006,0.0012,-0.0113,41.14,41.14,39.95,39.535
2026-09-29T17:37:05+00:00,QQQ,2026-09-29,0,736.199,698.0,C,36.34,40.03,38.185,40.04,3,3,0.0,0.9972,0.0006,0.0012,-0.0114,40.15,40.15,40.04,38.55
2026-09-29T17:37:05+00:00,QQQ,2026-09-29,0,736.199,699.0,C,35.23,38.93,37.08,35.6,10,3,0.0,0.9971,0.0006,0.0012,-0.0116,39.04,40.58,35.6,37.545
2026-09-29T17:37:05+00:00,QQQ,2026-09-29,0,736.199,700.0,C,34.34,38.03,36.185,36.19,107,65,0.0,0.997,0.0007,0.0013,-0.0118,39.0,40.06,36.19,36.405
2026-09-29T17:37:05+00:00,QQQ,2026-09-29,0,736.199,701.0,C,33.34,37.03,35.185,36.11,45,7,0.0,0.9969,0.0007,0.0013,-0.012,37.17,39.38,35.32,35.435
2026-09-29T17:37:05+00:00,QQQ,2026-09-29,0,736.199,702.0,C,32.35,36.03,34.19,35.09,36,33,0.0,0.9968,0.0008,0.0014,-0.0121,35.13,38.44,34.26,34.43
2026-09-29T17:37:05+00:00,QQQ,2026-09-29,0,736.199,703.0,C,31.4,35.16,33.28,33.67,28,15,1.1401,0.9967,0.0008,0.0014,-0.0123,34.21,38.05,33.67,33.435
2026-09-29T17:37:05+00:00,QQQ,2026-09-29,0,736.199,704.0,C,30.23,33.74,31.985,31.65,43,16,0.0,0.9965,0.0008,0.0015,-0.0125,33.01,36.55,31.65,32.44
2026-09-29T17:37:05+00:00,QQQ,2026-09-29,0,736.199,705.0,C,29.33,32.83,31.08,31.18,24,230,0.0,0.9964,0.0009,0.0015,-0.0127,31.79,35.35,30.59,31.415
2026-09-29T17:37:05+00:00,QQQ,2026-09-29,0,736.199,706.0,C,28.2,31.89,30.045,29.54,32,5,0.0,0.9963,0.001,0.0016,-0.0128,30.46,34.04,29.2,30.445
2026-09-29T17:37:05+00:00,QQQ,2026-09-29,0,736.199,707.0,C,27.78,30.69,29.235,29.18,23,17,0.9266,0.9961,0.001,0.0016,-0.013,29.96,33.11,28.49,29.415
2026-09-29T17:37:05+00:00,QQQ,2026-09-29,0,736.199,708.0,C,26.69,29.69,28.19,29.2,35,9,0.0,0.996,0.0011,0.0017,-0.0132,28.58,32.1,28.26,28.465
2026-09-29T17:37:05+00:00,QQQ,2026-09-29,0,736.199,709.0,C,26.44,28.87,27.655,27.64,44,49,1.2859,0.9958,0.0012,0.0018,-0.0134,27.54,31.02,27.35,27.46
2026-09-29T17:37:05+00:00,QQQ,2026-09-29,0,736.199,710.0,C,25.94,27.98,26.96,26.81,78,564,1.4053,0.9956,0.0013,0.0018,-0.0136,26.97,29.62,25.97,26.425
2026-09-29T17:37:05+00:00,QQQ,2026-09-29,0,736.199,711.0,C,25.07,25.31,25.19,25.24,116,51,0.0,0.9954,0.0014,0.0019,-0.0138,25.96,29.0,24.8,25.43
2026-09-29T17:37:05+00:00,QQQ,2026-09-29,0,736.199,712.0,C,24.15,24.27,24.21,24.84,67,15,0.7098,0.9952,0.0015,0.002,-0.014,25.0,28.05,23.58,24.48
2026-09-29T17:37:05+00:00,QQQ,2026-09-29,0,736.199,713.0,C,23.15,23.27,23.21,23.07,81,34,0.6833,0.995,0.0016,0.0021,-0.0142,23.99,26.95,23.07,23.41
2026-09-29T17:37:05+00:00,QQQ,2026-09-29,0,736.199,714.0,C,22.15,22.27,22.21,22.38,30,43,0.6567,0.9947,0.0017,0.0022,-0.0144,23.69,26.07,21.7,22.48
2026-09-29T17:37:05+00:00,QQQ,2026-09-29,0,736.199,715.0,C,21.15,21.27,21.21,20.85,36,485,0.63,0.9945,0.0019,0.0023,-0.0146,23.93,25.04,20.85,21.395
2026-09-29T17:37:05+00:00,QQQ,2026-09-29,0,736.199,716.0,C,20.16,20.27,20.215,20.07,31,190,0.6197,0.9942,0.002,0.0024,-0.0148,21.22,23.9,20.07,20.4
2026-09-29T17:37:05+00:00,QQQ,2026-09-29,0,736.199,717.0,C,19.16,19.28,19.22,19.39,32,102,0.606,0.9939,0.0022,0.0025,-0.015,20.02,22.24,19.39,19.42
2026-09-29T17:37:05+00:00,QQQ,2026-09-29,0,736.199,718.0,C,18.16,18.29,18.225,18.64,33,132,0.5898,0.9935,0.0024,0.0026,-0.0152,21.14,21.99,18.42,18.46
2026-09-29T17:37:05+00:00,QQQ,2026-09-29,0,736.199,719.0,C,17.16,17.29,17.225,16.89,8,80,0.5612,0.9931,0.0027,0.0028,-0.0154,18.07,19.25,16.89,17.445
2026-09-29T17:37:05+00:00,QQQ,2026-09-29,0,736.199,720.0,C,16.16,16.28,16.22,16.03,132,861,0.5216,0.9927,0.003,0.003,-0.0156,19.07,19.85,16.03,16.69
2026-09-29T17:37:05+00:00,QQQ,2026-09-29,0,736.199,721.0,C,15.16,15.3,15.23,15.04,32,377,0.5131,0.9922,0.0034,0.0031,-0.0159,17.55,18.6,15.04,15.565
2026-09-29T17:37:05+00:00,QQQ,2026-09-29,0,736.199,722.0,C,14.16,14.3,14.23,15.4,13,81,0.4837,0.9917,0.0038,0.0034,-0.0162,16.41,16.63,14.8,14.52
2026-09-29T17:37:05+00:00,QQQ,2026-09-29,0,736.199,723.0,C,13.16,13.3,13.23,13.92,113,98,0.4541,0.991,0.0043,0.0036,-0.0167,17.01,17.01,13.58,13.705
2026-09-29T17:37:05+00:00,QQQ,2026-09-29,0,736.199,724.0,C,12.16,12.28,12.22,13.63,315,121,0.4071,0.99,0.005,0.0039,-0.0175,14.03,15.75,12.36,12.72
2026-09-29T17:37:05+00:00,QQQ,2026-09-29,0,736.199,725.0,C,11.17,11.29,11.23,11.12,404,712,0.3942,0.9888,0.006,0.0044,-0.0187,12.81,15.0,11.12,11.795
2026-09-29T17:37:05+00:00,QQQ,2026-09-29,0,736.199,726.0,C,10.17,10.28,10.225,10.18,91,129,0.3566,0.9868,0.0073,0.005,-0.0209,13.36,13.8,10.18,10.83
2026-09-29T17:37:05+00:00,QQQ,2026-09-29,0,736.199,727.0,C,9.18,9.29,9.235,9.49,322,392,0.3396,0.9838,0.0094,0.006,-0.0247,13.0,13.0,9.14,10.06
2026-09-29T17:37:05+00:00,QQQ,2026-09-29,0,736.199,728.0,C,8.18,8.29,8.235,8.3,245,448,0.3081,0.9789,0.0125,0.0076,-0.0313,11.8,11.82,7.51,9.205
2026-09-29T17:37:05+00:00,QQQ,2026-09-29,0,736.199,729.0,C,7.2,7.31,7.255,6.79,168,184,0.295,0.9709,0.0174,0.0098,-0.0426,8.31,11.06,6.53,8.345
2026-09-29T17:37:05+00:00,QQQ,2026-09-29,0,736.199,730.0,C,6.21,6.35,6.28,5.96,1116,716,0.2787,0.9581,0.0248,0.0132,-0.061,10.08,10.11,5.6,7.505
2026-09-29T17:37:05+00:00,QQQ,2026-09-29,0,736.199,731.0,C,5.24,5.38,5.31,5.15,1567,572,0.2588,0.938,0.036,0.0179,-0.0908,9.06,9.09,4.69,6.705
2026-09-29T17:37:05+00:00,QQQ,2026-09-29,0,736.199,732.0,C,4.29,4.4,4.345,4.3,4194,819,0.2351,0.9065,0.0524,0.0242,-0.1393,7.65,8.0,3.76,5.935
2026-09-29T17:37:05+00:00,QQQ,2026-09-29,0,736.199,733.0,C,3.39,3.46,3.425,3.45,4150,2372,0.2197,0.8569,0.0752,0.0324,-0.2205,7.56,7.56,2.93,5.195
2026-09-29T17:37:05+00:00,QQQ,2026-09-29,0,736.199,734.0,C,2.52,2.57,2.545,2.56,9871,1299,0.2051,0.78,0.104,0.042,-0.3603,6.71,6.74,2.15,4.515
2026-09-29T17:37:05+00:00,QQQ,2026-09-29,0,736.199,735.0,C,1.78,1.79,1.785,1.81,33219,3186,0.1955,0.6691,0.1326,0.0509,-0.597,5.74,6.0,1.49,3.885
2026-09-29T17:37:05+00:00,QQQ,2026-09-29,0,736.199,736.0,C,1.16,1.17,1.165,1.17,106444,5006,0.1916,0.5291,0.1491,0.0556,-0.9726,4.88,5.15,0.96,3.315
2026-09-29T17:37:05+00:00,QQQ,2026-09-29,0,736.199,737.0,C,0.7,0.71,0.705,0.7,252978,7852,0.1904,0.3808,0.1436,0.0534,-0.7036,4.25,4.25,0.58,2.795
2026-09-29T17:37:05+00:00,QQQ,2026-09-29,0,736.199,738.0,C,0.4,0.41,0.405,0.41,292673,5652,0.193,0.2516,0.1184,0.0451,-0.4048,3.49,3.65,0.34,2.325
2026-09-29T17:37:05+00:00,QQQ,2026-09-29,0,736.199,739.0,C,0.23,0.24,0.235,0.23,298518,6169,0.2012,0.1583,0.0864,0.0346,-0.2319,2.72,2.93,0.2,1.915
2026-09-29T17:37:05+00:00,QQQ,2026-09-29,0,736.199,740.0,C,0.14,0.15,0.145,0.14,350270,7897,0.2143,0.1,0.0593,0.0255,-0.1397,2.2,2.36,0.12,1.555
2026-09-29T17:37:05+00:00,QQQ,2026-09-29,0,736.199,741.0,C,0.08,0.09,0.085,0.08,193541,3074,0.2241,0.0658,0.0403,0.0188,-0.091,1.77,1.89,0.08,1.255
2026-09-29T17:37:05+00:00,QQQ,2026-09-29,0,736.199,742.0,C,0.06,0.07,0.065,0.07,120464,6546,0.2461,0.0454,0.028,0.0141,-0.0634,1.29,1.45,0.06,1.005
2026-09-29T17:37:05+00:00,QQQ,2026-09-29,0,736.199,743.0,C,0.04,0.05,0.045,0.04,81603,7202,0.2617,0.0326,0.0198,0.0108,-0.0463,1.0,1.03,0.04,0.785
2026-09-29T17:37:05+00:00,QQQ,2026-09-29,0,736.199,744.0,C,0.03,0.04,0.035,0.04,49642,3156,0.2812,0.0241,0.0144,0.0084,-0.0352,0.7,0.76,0.03,0.615
2026-09-29T17:37:05+00:00,QQQ,2026-09-29,0,736.199,745.0,C,0.02,0.03,0.025,0.03,45761,7854,0.2959,0.0185,0.0108,0.0068,-0.0278,0.51,0.57,0.02,0.475
2026-09-29T17:37:05+00:00,QQQ,2026-09-29,0,736.199,746.0,C,0.02,0.03,0.025,0.02,27148,2194,0.3243,0.0147,0.0083,0.0056,-0.0228,0.41,0.43,0.02,0.365
2026-09-29T17:37:05+00:00,QQQ,2026-09-29,0,736.199,747.0,C,0.01,0.02,0.015,0.01,25582,5519,0.3294,0.0122,0.0066,0.0047,-0.0196,0.27,0.27,0.01,0.275
2026-09-29T17:37:05+00:00,QQQ,2026-09-29,0,736.199,748.0,C,0.01,0.02,0.015,0.02,18593,2137,0.3558,0.0104,0.0054,0.0041,-0.0174,0.19,0.19,0.01,0.215
2026-09-29T17:37:05+00:00,QQQ,2026-09-29,0,736.199,749.0,C,0.01,0.02,0.015,0.02,7537,2383,0.3818,0.0091,0.0046,0.0036,-0.016,0.14,0.14,0.01,0.165
2026-09-29T17:37:05+00:00,QQQ,2026-09-29,0,736.199,750.0,C,0.0,0.01,0.01,0.01,19033,7884,0.3616,0.0082,0.0039,0.0033,-0.015,0.1,0.1,0.01,0.125
2026-09-29T17:37:05+00:00,QQQ,2026-09-29,0,736.199,751.0,C,0.0,0.01,0.01,0.01,2986,2831,0.3849,0.0075,0.0034,0.003,-0.0144,0.08,0.08,0.01,0.105
2026-09-29T17:37:05+00:00,QQQ,2026-09-29,0,736.199,752.0,C,0.0,0.01,0.01,0.01,4561,2702,0.408,0.0069,0.003,0.0028,-0.0139,0.05,0.05,0.01,0.075
2026-09-29T17:37:05+00:00,QQQ,2026-09-29,0,736.199,753.0,C,0.0,0.01,0.01,0.01,1841,3736,0.4309,0.0065,0.0027,0.0027,-0.0135,0.04,0.04,0.01,0.065
2026-09-29T17:37:05+00:00,QQQ,2026-09-29,0,736.199,754.0,C,0.0,0.01,0.01,0.01,2258,2488,0.4537,0.0061,0.0024,0.0025,-0.0132,0.05,0.05,0.01,0.055
2026-09-29T17:37:05+00:00,QQQ,2026-09-29,0,736.199,755.0,C,0.0,0.01,0.01,0.01,5857,2761,0.4764,0.0057,0.0022,0.0024,-0.013,0.02,0.03,0.01,0.045
2026-09-29T17:37:05+00:00,QQQ,2026-09-29,0,736.199,756.0,C,0.0,0.01,0.01,0.01,638,1635,0.499,0.0054,0.002,0.0023,-0.0128,0.01,0.02,0.01,0.035
2026-09-29T17:37:05+00:00,QQQ,2026-09-29,0,736.199,757.0,C,0.0,0.01,0.01,0.01,883,2262,0.5214,0.0052,0.0019,0.0022,-0.0126,0.02,0.02,0.01,0.035
2026-09-29T17:37:05+00:00,QQQ,2026-09-29,0,736.199,758.0,C,0.0,0.01,0.01,0.01,105,637,0.5437,0.0049,0.0017,0.0021,-0.0124,0.02,0.02,0.01,0.025
2026-09-29T17:37:05+00:00,QQQ,2026-09-29,0,736.199,759.0,C,0.0,0.01,0.01,0.01,556,1121,0.5659,0.0047,0.0016,0.002,-0.0123,0.01,0.02,0.01,0.025
2026-09-29T17:37:05+00:00,QQQ,2026-09-29,0,736.199,760.0,C,0.0,0.01,0.01,0.01,428,4773,0.588,0.0045,0.0015,0.0019,-0.0121,0.02,0.02,0.01,0.025
2026-09-29T17:37:05+00:00,QQQ,2026-09-29,0,736.199,761.0,C,0.0,0.01,0.01,0.01,462,718,0.61,0.0043,0.0014,0.0018,-0.012,0.01,0.02,0.01,0.015
2026-09-29T17:37:05+00:00,QQQ,2026-09-29,0,736.199,762.0,C,0.0,0.01,0.01,0.01,187,607,0.6319,0.0041,0.0013,0.0018,-0.0118,0.01,0.01,0.01,0.015
2026-09-29T17:37:05+00:00,QQQ,2026-09-29,0,736.199,763.0,C,0.0,0.01,0.01,0.01,541,1090,0.6537,0.004,0.0012,0.0017,-0.0117,0.01,0.02,0.01,0.015
2026-09-29T17:37:05+00:00,QQQ,2026-09-29,0,736.199,764.0,C,0.0,0.01,0.01,0.01,3,440,0.6754,0.0038,0.0011,0.0016,-0.0115,0.01,0.01,0.01,0.015
2026-09-29T17:37:05+00:00,QQQ,2026-09-29,0,736.199,765.0,C,0.0,0.01,0.01,0.01,5,1443,0.6971,0.0037,0.001,0.0016,-0.0114,0.01,0.01,0.01,0.015
2026-09-29T17:37:05+00:00,QQQ,2026-09-29,0,736.199,766.0,C,0.0,0.01,0.01,0.01,48,340,0.7186,0.0036,0.001,0.0015,-0.0112,0.01,0.01,0.01,0.015
2026-09-29T17:37:05+00:00,QQQ,2026-09-29,0,736.199,767.0,C,0.0,0.01,0.01,0.01,0,368,0.74,0.0034,0.0009,0.0015,-0.0111,0.0,0.0,0.0,0.015
2026-09-29T17:37:05+00:00,QQQ,2026-09-29,0,736.199,768.0,C,0.0,0.01,0.01,0.01,8,6756,0.7614,0.0033,0.0009,0.0014,-0.011,0.01,0.01,0.01,0.005
2026-09-29T17:37:05+00:00,QQQ,2026-09-29,0,736.199,769.0,C,0.0,0.01,0.01,0.01,0,545,0.7827,0.0032,0.0008,0.0014,-0.0108,0.0,0.0,0.0,0.005
2026-09-29T17:37:05+00:00,QQQ,2026-09-29,0,736.199,770.0,C,0.0,0.01,0.01,0.01,2,919,0.8039,0.0031,0.0008,0.0013,-0.0107,0.01,0.01,0.01,0.005
2026-09-29T17:37:05+00:00,QQQ,2026-09-29,0,736.199,771.0,C,0.0,0.01,0.01,0.01,0,444,0.8251,0.003,0.0007,0.0013,-0.0106,0.0,0.0,0.0,0.005
2026-09-29T17:37:05+00:00,QQQ,2026-09-29,0,736.199,772.0,C,0.0,0.01,0.02,0.02,0,288,0.8462,0.0029,0.0007,0.0012,-0.0104,0.0,0.0,0.0,0.005
2026-09-29T17:37:05+00:00,QQQ,2026-09-29,0,736.199,773.0,C,0.0,0.01,0.01,0.01,0,75,0.8672,0.0028,0.0007,0.0012,-0.0103,0.0,0.0,0.0,0.005
2026-09-29T17:37:05+00:00,QQQ,2026-09-29,0,736.199,820.0,C,0.0,0.01,0.01,0.01,1,110,1.7923,0.0009,0.0001,0.0004,-0.0056,0.01,0.01,0.01,0.005
2026-09-29T17:37:05+00:00,QQQ,2026-09-29,0,736.199,830.0,C,0.0,0.01,0.01,0.01,20,94,1.9768,0.0007,0.0001,0.0003,-0.0048,0.01,0.01,0.01,0.005
2026-09-29T17:37:05+00:00,QQQ,2026-09-29,0,736.199,840.0,C,0.0,0.01,0.01,0.01,10,138,2.1577,0.0006,0.0001,0.0003,-0.0042,0.01,0.01,0.01,0.005
2026-09-29T17:37:05+00:00,QQQ,2026-09-29,0,736.199,895.0,C,0.0,0.01,0.01,0.01,126,80,3.0977,0.0002,0.0,0.0001,-0.0018,0.01,0.01,0.01,0.005
2026-09-29T17:37:05+00:00,QQQ,2026-09-29,0,736.199,900.0,C,0.0,0.01,0.01,0.01,11,68,3.1791,0.0002,0.0,0.0001,-0.0017,0.01,0.01,0.01,0.005
2026-09-29T17:37:05+00:00,QQQ,2026-09-29,0,736.199,450.0,P,0.0,0.01,0.01,0.01,4,155,7.5024,0.0,0.0,0.0,0.0,0.01,0.01,0.01,0.005
2026-09-29T17:37:05+00:00,QQQ,2026-09-29,0,736.199,575.0,P,0.0,0.01,0.01,0.01,2,277,3.9147,-0.0001,0.0,0.0,-0.0009,0.01,0.01,0.01,0.005
2026-09-29T17:37:05+00:00,QQQ,2026-09-29,0,736.199,635.0,P,0.0,0.01,0.01,0.01,6201,873,2.4233,-0.0005,0.0,0.0002,-0.0039,0.01,0.01,0.01,0.015
2026-09-29T17:37:05+00:00,QQQ,2026-09-29,0,736.199,640.0,P,0.0,0.01,0.01,0.01,8,445,2.3035,-0.0006,0.0001,0.0003,-0.0043,0.01,0.01,0.01,0.015
2026-09-29T17:37:05+00:00,QQQ,2026-09-29,0,736.199,650.0,P,0.0,0.01,0.01,0.01,5,368,2.0657,-0.0007,0.0001,0.0003,-0.0052,0.01,0.01,0.01,0.015
2026-09-29T17:37:05+00:00,QQQ,2026-09-29,0,736.199,660.0,P,0.0,0.01,0.01,0.01,3,4256,1.8298,-0.0009,0.0001,0.0004,-0.0062,0.01,0.01,0.01,0.015
2026-09-29T17:37:05+00:00,QQQ,2026-09-29,0,736.199,670.0,P,0.0,0.01,0.01,0.01,1,4367,1.5956,-0.0012,0.0002,0.0006,-0.0074,0.01,0.01,0.01,0.015
2026-09-29T17:37:05+00:00,QQQ,2026-09-29,0,736.199,675.0,P,0.0,0.01,0.01,0.01,1,1278,1.479,-0.0014,0.0002,0.0006,-0.008,0.01,0.01,0.01,0.015
2026-09-29T17:37:05+00:00,QQQ,2026-09-29,0,736.199,677.0,P,0.0,0.01,0.01,0.01,1,464,1.4324,-0.0015,0.0002,0.0007,-0.0083,0.01,0.01,0.01,0.015
2026-09-29T17:37:05+00:00,QQQ,2026-09-29,0,736.199,678.0,P,0.0,0.01,0.01,0.01,13,1161,1.4091,-0.0015,0.0002,0.0007,-0.0084,0.01,0.01,0.01,0.015
2026-09-29T17:37:05+00:00,QQQ,2026-09-29,0,736.199,679.0,P,0.0,0.01,0.01,0.01,1,1019,1.3858,-0.0016,0.0002,0.0007,-0.0086,0.01,0.01,0.01,0.015
2026-09-29T17:37:05+00:00,QQQ,2026-09-29,0,736.199,681.0,P,0.0,0.01,0.01,0.01,6,240,1.3393,-0.0016,0.0003,0.0007,-0.0088,0.01,0.01,0.01,0.015
2026-09-29T17:37:05+00:00,QQQ,2026-09-29,0,736.199,684.0,P,0.0,0.01,0.01,0.01,2,131,1.2696,-0.0018,0.0003,0.0008,-0.0093,0.01,0.01,0.01,0.015
2026-09-29T17:37:05+00:00,QQQ,2026-09-29,0,736.199,685.0,P,0.0,0.01,0.01,0.01,2,376,1.2464,-0.0018,0.0003,0.0008,-0.0094,0.01,0.01,0.01,0.015
2026-09-29T17:37:05+00:00,QQQ,2026-09-29,0,736.199,687.0,P,0.0,0.01,0.01,0.01,1,77,1.1999,-0.002,0.0004,0.0009,-0.0097,0.01,0.01,0.01,0.015
2026-09-29T17:37:05+00:00,QQQ,2026-09-29,0,736.199,688.0,P,0.0,0.01,0.01,0.01,1,76,1.1767,-0.002,0.0004,0.0009,-0.0099,0.01,0.01,0.01,0.015
2026-09-29T17:37:05+00:00,QQQ,2026-09-29,0,736.199,690.0,P,0.0,0.01,0.01,0.01,1,477,1.1302,-0.0022,0.0004,0.001,-0.0102,0.01,0.01,0.01,0.015
2026-09-29T17:37:05+00:00,QQQ,2026-09-29,0,736.199,692.0,P,0.0,0.01,0.01,0.01,14,486,1.0833,-0.0023,0.0004,0.001,-0.0105,0.01,0.01,0.01,0.025
2026-09-29T17:37:05+00:00,QQQ,2026-09-29,0,736.199,693.0,P,0.0,0.01,0.01,0.01,2,332,1.06,-0.0024,0.0005,0.001,-0.0106,0.01,0.01,0.01,0.025
2026-09-29T17:37:05+00:00,QQQ,2026-09-29,0,736.199,694.0,P,0.0,0.01,0.01,0.01,5,351,1.0368,-0.0024,0.0005,0.0011,-0.0108,0.01,0.01,0.01,0.025
2026-09-29T17:37:05+00:00,QQQ,2026-09-29,0,736.199,695.0,P,0.0,0.01,0.01,0.01,20,876,1.0136,-0.0025,0.0005,0.0011,-0.011,0.01,0.01,0.01,0.025
2026-09-29T17:37:05+00:00,QQQ,2026-09-29,0,736.199,698.0,P,0.0,0.01,0.01,0.01,4,301,0.9438,-0.0028,0.0006,0.0012,-0.0114,0.01,0.01,0.01,0.025
2026-09-29T17:37:05+00:00,QQQ,2026-09-29,0,736.199,699.0,P,0.0,0.01,0.01,0.01,3,280,0.9205,-0.0029,0.0006,0.0012,-0.0116,0.01,0.01,0.01,0.025
2026-09-29T17:37:05+00:00,QQQ,2026-09-29,0,736.199,700.0,P,0.0,0.01,0.01,0.01,16,2253,0.8972,-0.003,0.0007,0.0013,-0.0118,0.01,0.01,0.01,0.025
2026-09-29T17:37:05+00:00,QQQ,2026-09-29,0,736.199,701.0,P,0.0,0.01,0.01,0.01,6,626,0.8739,-0.0031,0.0007,0.0013,-0.012,0.01,0.01,0.01,0.025
2026-09-29T17:37:05+00:00,QQQ,2026-09-29,0,736.199,702.0,P,0.0,0.01,0.01,0.01,65,430,0.8506,-0.0032,0.0008,0.0014,-0.0121,0.01,0.01,0.01,0.025
2026-09-29T17:37:05+00:00,QQQ,2026-09-29,0,736.199,703.0,P,0.0,0.01,0.01,0.01,1863,780,0.8273,-0.0033,0.0008,0.0014,-0.0123,0.01,0.01,0.01,0.035
2026-09-29T17:37:05+00:00,QQQ,2026-09-29,0,736.199,704.0,P,0.0,0.01,0.01,0.01,2933,611,0.8039,-0.0035,0.0008,0.0015,-0.0125,0.01,0.02,0.01,0.035
2026-09-29T17:37:05+00:00,QQQ,2026-09-29,0,736.199,705.0,P,0.0,0.01,0.01,0.01,4520,1921,0.7806,-0.0036,0.0009,0.0015,-0.0127,0.01,0.02,0.01,0.035
2026-09-29T17:37:05+00:00,QQQ,2026-09-29,0,736.199,706.0,P,0.0,0.01,0.01,0.01,6811,555,0.7572,-0.0037,0.001,0.0016,-0.0128,0.01,0.02,0.01,0.035
2026-09-29T17:37:05+00:00,QQQ,2026-09-29,0,736.199,707.0,P,0.0,0.01,0.01,0.01,8935,1640,0.7338,-0.0039,0.001,0.0016,-0.013,0.01,0.02,0.01,0.035
2026-09-29T17:37:05+00:00,QQQ,2026-09-29,0,736.199,708.0,P,0.0,0.01,0.01,0.01,12744,1993,0.7104,-0.004,0.0011,0.0017,-0.0132,0.01,0.02,0.01,0.035
2026-09-29T17:37:05+00:00,QQQ,2026-09-29,0,736.199,709.0,P,0.0,0.01,0.01,0.01,7521,553,0.6869,-0.0042,0.0012,0.0018,-0.0134,0.01,0.02,0.01,0.045
2026-09-29T17:37:05+00:00,QQQ,2026-09-29,0,736.199,710.0,P,0.0,0.01,0.01,0.01,7732,1837,0.6634,-0.0044,0.0013,0.0018,-0.0136,0.02,0.02,0.01,0.045
2026-09-29T17:37:05+00:00,QQQ,2026-09-29,0,736.199,711.0,P,0.0,0.01,0.01,0.01,831,1572,0.6399,-0.0046,0.0014,0.0019,-0.0138,0.02,0.02,0.01,0.045
2026-09-29T17:37:05+00:00,QQQ,2026-09-29,0,736.199,712.0,P,0.0,0.01,0.01,0.01,354,3319,0.6163,-0.0048,0.0015,0.002,-0.014,0.01,0.02,0.01,0.055
2026-09-29T17:37:05+00:00,QQQ,2026-09-29,0,736.199,713.0,P,0.0,0.01,0.01,0.01,420,911,0.5927,-0.005,0.0016,0.0021,-0.0142,0.02,0.02,0.01,0.055
2026-09-29T17:37:05+00:00,QQQ,2026-09-29,0,736.199,714.0,P,0.0,0.01,0.01,0.01,1114,1308,0.569,-0.0053,0.0017,0.0022,-0.0144,0.02,0.02,0.01,0.065
2026-09-29T17:37:05+00:00,QQQ,2026-09-29,0,736.199,715.0,P,0.0,0.01,0.01,0.01,2443,4270,0.5454,-0.0055,0.0019,0.0023,-0.0146,0.01,0.03,0.01,0.065
2026-09-29T17:37:05+00:00,QQQ,2026-09-29,0,736.199,716.0,P,0.0,0.01,0.01,0.01,2146,820,0.5216,-0.0058,0.002,0.0024,-0.0148,0.02,0.03,0.01,0.075
2026-09-29T17:37:05+00:00,QQQ,2026-09-29,0,736.199,717.0,P,0.01,0.02,0.015,0.01,3998,3256,0.5576,-0.0061,0.0022,0.0025,-0.015,0.02,0.03,0.01,0.085
2026-09-29T17:37:05+00:00,QQQ,2026-09-29,0,736.199,718.0,P,0.01,0.02,0.015,0.01,2681,1481,0.5314,-0.0065,0.0024,0.0026,-0.0152,0.02,0.04,0.01,0.105
2026-09-29T17:37:05+00:00,QQQ,2026-09-29,0,736.199,719.0,P,0.01,0.02,0.015,0.01,2513,1987,0.5051,-0.0069,0.0027,0.0028,-0.0154,0.03,0.04,0.01,0.115
2026-09-29T17:37:05+00:00,QQQ,2026-09-29,0,736.199,720.0,P,0.01,0.02,0.015,0.01,4561,3318,0.4787,-0.0073,0.003,0.003,-0.0156,0.03,0.04,0.01,0.135
2026-09-29T17:37:05+00:00,QQQ,2026-09-29,0,736.199,721.0,P,0.01,0.02,0.015,0.02,3885,1429,0.4522,-0.0078,0.0034,0.0031,-0.0159,0.07,0.07,0.01,0.165
2026-09-29T17:37:05+00:00,QQQ,2026-09-29,0,736.199,722.0,P,0.01,0.02,0.015,0.01,4317,4199,0.4255,-0.0083,0.0038,0.0034,-0.0162,0.01,0.06,0.01,0.195
2026-09-29T17:37:05+00:00,QQQ,2026-09-29,0,736.199,723.0,P,0.01,0.02,0.015,0.01,7900,3042,0.3987,-0.0091,0.0043,0.0036,-0.0167,0.03,0.07,0.01,0.235
2026-09-29T17:37:05+00:00,QQQ,2026-09-29,0,736.199,724.0,P,0.01,0.02,0.015,0.01,4286,2502,0.3718,-0.01,0.005,0.0039,-0.0175,0.03,0.09,0.01,0.285
2026-09-29T17:37:05+00:00,QQQ,2026-09-29,0,736.199,725.0,P,0.01,0.02,0.015,0.01,16747,23031,0.3447,-0.0112,0.006,0.0044,-0.0187,0.04,0.1,0.01,0.345
2026-09-29T17:37:05+00:00,QQQ,2026-09-29,0,736.199,726.0,P,0.02,0.03,0.025,0.03,13336,2792,0.3396,-0.0132,0.0073,0.005,-0.0209,0.07,0.13,0.02,0.415
2026-09-29T17:37:05+00:00,QQQ,2026-09-29,0,736.199,727.0,P,0.02,0.03,0.025,0.03,12510,3407,0.3106,-0.0162,0.0094,0.006,-0.0247,0.06,0.18,0.02,0.505
2026-09-29T17:37:05+00:00,QQQ,2026-09-29,0,736.199,728.0,P,0.03,0.04,0.035,0.04,16772,3742,0.2959,-0.0211,0.0125,0.0076,-0.0313,0.1,0.22,0.03,0.625
2026-09-29T17:37:05+00:00,QQQ,2026-09-29,0,736.199,729.0,P,0.04,0.05,0.045,0.05,21220,5320,0.2763,-0.0291,0.0174,0.0098,-0.0426,0.12,0.29,0.04,0.755
2026-09-29T17:37:05+00:00,QQQ,2026-09-29,0,736.199,730.0,P,0.06,0.07,0.065,0.07,107101,27107,0.2611,-0.0419,0.0248,0.0132,-0.061,0.15,0.39,0.06,0.925
2026-09-29T17:37:05+00:00,QQQ,2026-09-29,0,736.199,731.0,P,0.09,0.1,0.095,0.09,50467,4142,0.2454,-0.062,0.036,0.0179,-0.0908,0.21,0.52,0.07,1.115
2026-09-29T17:37:05+00:00,QQQ,2026-09-29,0,736.199,732.0,P,0.13,0.14,0.135,0.14,91117,10155,0.2267,-0.0935,0.0524,0.0242,-0.1393,0.25,0.69,0.1,1.355
2026-09-29T17:37:05+00:00,QQQ,2026-09-29,0,736.199,733.0,P,0.21,0.22,0.215,0.21,98756,6459,0.2134,-0.1431,0.0752,0.0324,-0.2205,0.35,0.91,0.14,1.625
2026-09-29T17:37:05+00:00,QQQ,2026-09-29,0,736.199,734.0,P,0.35,0.36,0.355,0.36,155298,3616,0.2027,-0.22,0.104,0.042,-0.3603,0.42,1.19,0.2,1.945
2026-09-29T17:37:05+00:00,QQQ,2026-09-29,0,736.199,735.0,P,0.59,0.6,0.595,0.59,328170,39284,0.1955,-0.3309,0.1326,0.0509,-0.597,0.54,1.54,0.28,2.32
2026-09-29T17:37:05+00:00,QQQ,2026-09-29,0,736.199,736.0,P,0.96,0.97,0.965,0.97,334044,17831,0.1898,-0.4709,0.1491,0.0556,-0.9726,0.78,1.96,0.39,2.745
2026-09-29T17:37:05+00:00,QQQ,2026-09-29,0,736.199,737.0,P,1.51,1.52,1.515,1.51,311508,2306,0.1885,-0.6192,0.1436,0.0534,-0.7036,0.94,2.45,0.57,3.22
2026-09-29T17:37:05+00:00,QQQ,2026-09-29,0,736.199,738.0,P,2.19,2.23,2.21,2.15,201275,2642,0.1919,-0.7484,0.1184,0.0451,-0.4048,1.28,3.03,0.81,3.755
2026-09-29T17:37:05+00:00,QQQ,2026-09-29,0,736.199,739.0,P,3.0,3.07,3.035,2.97,117094,1545,0.1967,-0.8417,0.0864,0.0346,-0.2319,1.66,3.9,1.13,4.345
2026-09-29T17:37:05+00:00,QQQ,2026-09-29,0,736.199,740.0,P,3.92,3.99,3.955,4.09,69319,3267,0.2122,-0.9,0.0593,0.0255,-0.1397,2.1,4.81,1.56,4.98
2026-09-29T17:37:05+00:00,QQQ,2026-09-29,0,736.199,741.0,P,4.82,4.94,4.88,4.9,14107,1303,0.2083,-0.9342,0.0403,0.0188,-0.091,2.54,5.67,2.1,5.67
2026-09-29T17:37:05+00:00,QQQ,2026-09-29,0,736.199,742.0,P,5.8,5.91,5.855,5.9,4342,916,0.2297,-0.9546,0.028,0.0141,-0.0634,3.12,6.66,2.74,6.415
2026-09-29T17:37:05+00:00,QQQ,2026-09-29,0,736.199,743.0,P,6.77,6.89,6.83,7.06,1525,891,0.2302,-0.9674,0.0198,0.0108,-0.0463,4.13,7.53,3.5,7.195
2026-09-29T17:37:05+00:00,QQQ,2026-09-29,0,736.199,744.0,P,7.77,7.88,7.825,8.06,1619,1056,0.2361,-0.9759,0.0144,0.0084,-0.0352,4.96,8.62,4.31,7.975
2026-09-29T17:37:05+00:00,QQQ,2026-09-29,0,736.199,745.0,P,8.73,8.88,8.805,9.26,1105,2006,0.0,-0.9815,0.0108,0.0068,-0.0278,5.22,9.6,5.2,8.94
2026-09-29T17:37:05+00:00,QQQ,2026-09-29,0,736.199,746.0,P,9.75,9.87,9.81,9.81,371,184,0.1248,-0.9853,0.0083,0.0056,-0.0228,7.22,10.5,6.2,9.75
2026-09-29T17:37:05+00:00,QQQ,2026-09-29,0,736.199,747.0,P,10.73,10.87,10.8,10.4,738,463,0.0,-0.9878,0.0066,0.0047,-0.0196,7.79,10.62,7.14,10.68
2026-09-29T17:37:05+00:00,QQQ,2026-09-29,0,736.199,748.0,P,11.75,11.87,11.81,12.22,215,251,0.1493,-0.9896,0.0054,0.0041,-0.0174,8.95,12.53,8.1,11.62
2026-09-29T17:37:05+00:00,QQQ,2026-09-29,0,736.199,749.0,P,12.75,12.86,12.805,12.55,161,38,0.0,-0.9909,0.0046,0.0036,-0.016,9.65,12.58,9.04,12.58
2026-09-29T17:37:05+00:00,QQQ,2026-09-29,0,736.199,750.0,P,13.75,13.86,13.805,13.94,91,10,0.0,-0.9918,0.0039,0.0033,-0.015,10.79,13.94,10.07,13.525
2026-09-29T17:37:05+00:00,QQQ,2026-09-29,0,736.199,751.0,P,14.74,14.86,14.8,14.7,42,1,0.0,-0.9925,0.0034,0.003,-0.0144,11.86,15.58,11.2,14.48
2026-09-29T17:37:05+00:00,QQQ,2026-09-29,0,736.199,752.0,P,15.72,15.85,15.785,15.07,20,7,0.0,-0.9931,0.003,0.0028,-0.0139,12.07,15.1,12.07,15.47
2026-09-29T17:37:05+00:00,QQQ,2026-09-29,0,736.199,753.0,P,16.74,16.85,16.795,15.98,14,0,0.0,-0.9935,0.0027,0.0027,-0.0135,15.34,16.65,13.3,16.46
2026-09-29T17:37:05+00:00,QQQ,2026-09-29,0,736.199,754.0,P,17.74,17.85,17.795,17.83,39,1,0.0,-0.9939,0.0024,0.0025,-0.0132,15.82,17.83,14.62,17.385
2026-09-29T17:37:05+00:00,QQQ,2026-09-29,0,736.199,755.0,P,18.74,18.85,18.795,17.93,33,27,0.0,-0.9943,0.0022,0.0024,-0.013,18.1,18.7,15.23,18.365
2026-09-29T17:37:05+00:00,QQQ,2026-09-29,0,736.199,756.0,P,19.74,19.85,19.795,19.78,17,0,0.0,-0.9946,0.002,0.0023,-0.0128,19.0,19.82,16.79,19.385
2026-09-29T17:37:05+00:00,QQQ,2026-09-29,0,736.199,757.0,P,20.74,20.85,20.795,21.36,34,0,0.0,-0.9948,0.0019,0.0022,-0.0126,18.94,21.36,17.56,20.37
2026-09-29T17:37:05+00:00,QQQ,2026-09-29,0,736.199,758.0,P,21.74,21.85,21.795,21.83,15,0,0.0,-0.9951,0.0017,0.0021,-0.0124,20.98,21.83,19.9,21.38
2026-09-29T17:37:05+00:00,QQQ,2026-09-29,0,736.199,759.0,P,22.71,22.9,22.805,22.19,46,0,0.0,-0.9953,0.0016,0.002,-0.0123,21.84,22.95,19.36,23.13
2026-09-29T17:37:05+00:00,QQQ,2026-09-29,0,736.199,760.0,P,23.71,23.9,23.805,24.08,59,38,0.0,-0.9955,0.0015,0.0019,-0.0121,20.4,24.45,20.1,23.37
2026-09-29T17:37:05+00:00,QQQ,2026-09-29,0,736.199,761.0,P,23.14,26.77,24.955,25.0,105,0,0.9224,-0.9957,0.0014,0.0018,-0.012,24.11,25.22,23.36,24.37
2026-09-29T17:37:05+00:00,QQQ,2026-09-29,0,736.199,762.0,P,24.14,27.76,25.95,25.95,280,0,0.9471,-0.9959,0.0013,0.0018,-0.0118,24.62,26.6,23.44,25.38
2026-09-29T17:37:05+00:00,QQQ,2026-09-29,0,736.199,763.0,P,25.14,28.77,26.955,26.98,350,0,0.9827,-0.996,0.0012,0.0017,-0.0117,25.54,27.59,22.79,26.375
2026-09-29T17:37:05+00:00,QQQ,2026-09-29,0,736.199,764.0,P,26.14,29.77,27.955,27.98,250,0,1.0126,-0.9962,0.0011,0.0016,-0.0115,25.66,28.94,22.63,27.38
2026-09-29T17:37:05+00:00,QQQ,2026-09-29,0,736.199,765.0,P,27.14,30.79,28.965,28.86,163,0,1.0537,-0.9963,0.001,0.0016,-0.0114,27.86,29.5,25.08,28.36
2026-09-29T17:37:05+00:00,QQQ,2026-09-29,0,736.199,766.0,P,28.14,31.77,29.955,29.99,137,0,1.0718,-0.9964,0.001,0.0015,-0.0112,28.09,31.09,26.0,29.365
2026-09-29T17:37:05+00:00,QQQ,2026-09-29,0,736.199,767.0,P,29.14,32.77,30.955,30.99,183,0,1.1012,-0.9966,0.0009,0.0015,-0.0111,28.8,31.11,26.2,30.375
2026-09-29T17:37:05+00:00,QQQ,2026-09-29,0,736.199,768.0,P,30.14,33.78,31.96,31.99,174,0,1.1366,-0.9967,0.0009,0.0014,-0.011,30.86,32.03,28.16,31.38
2026-09-29T17:37:05+00:00,QQQ,2026-09-29,0,736.199,769.0,P,31.14,34.78,32.96,32.98,167,0,1.1658,-0.9968,0.0008,0.0014,-0.0108,30.44,33.13,29.28,32.365
2026-09-29T17:37:05+00:00,QQQ,2026-09-29,0,736.199,770.0,P,32.14,35.78,33.96,33.98,225,0,1.1948,-0.9969,0.0008,0.0013,-0.0107,32.85,34.05,30.54,33.38
2026-09-29T17:37:05+00:00,QQQ,2026-09-29,0,736.199,771.0,P,33.14,36.79,34.965,34.92,177,0,1.23,-0.997,0.0007,0.0013,-0.0106,33.35,35.06,31.35,34.38
2026-09-29T17:37:05+00:00,QQQ,2026-09-29,0,736.199,772.0,P,34.14,37.79,35.965,35.92,153,0,1.2589,-0.9971,0.0007,0.0012,-0.0104,34.26,36.66,32.35,35.38
2026-09-29T17:37:05+00:00,QQQ,2026-09-29,0,736.199,773.0,P,35.14,38.79,36.965,36.78,95,0,1.2877,-0.9972,0.0007,0.0012,-0.0103,34.9,37.65,33.47,37.125
2026-09-29T17:37:05+00:00,QQQ,2026-09-29,0,736.199,774.0,P,36.14,39.77,37.955,37.78,103,0,1.3028,-0.9973,0.0006,0.0012,-0.0102,34.89,37.78,34.34,37.63
2026-09-29T17:37:05+00:00,QQQ,2026-09-29,0,736.199,775.0,P,36.98,40.61,38.795,38.07,79,0,0.0,-0.9974,0.0006,0.0012,-0.0101,35.82,38.49,35.27,38.64
2026-09-29T17:37:05+00:00,QQQ,2026-09-29,0,736.199,780.0,P,41.98,45.63,43.805,40.36,14,0,0.0,-0.9977,0.0005,0.001,-0.0094,42.25,43.03,40.3,43.635
2026-09-29T17:37:05+00:00,QQQ,2026-09-29,0,736.199,785.0,P,46.98,50.73,48.855,47.14,18,0,1.3811,-0.998,0.0004,0.0009,-0.0088,46.72,47.7,44.94,48.635
2026-09-29T17:37:05+00:00,QQQ,2026-09-29,0,736.199,790.0,P,51.98,55.73,53.855,53.99,4,0,1.5008,-0.9983,0.0003,0.0008,-0.0083,53.31,53.99,52.06,53.64
2026-09-29T17:37:05+00:00,QQQ,2026-09-29,0,736.199,795.0,P,57.79,60.73,59.26,58.92,6,0,2.2411,-0.9985,0.0003,0.0007,-0.0078,57.12,58.92,57.12,58.64
2026-09-29T17:37:05+00:00,QQQ,2026-09-29,0,736.199,800.0,P,63.33,65.77,64.55,64.42,7,0,2.6207,-0.9986,0.0002,0.0006,-0.0073,63.69,64.42,62.08,63.635
2026-09-29T17:37:05+00:00,QQQ,2026-09-29,0,736.199,805.0,P,68.37,70.77,69.57,69.23,5,0,2.7903,-0.9988,0.0002,0.0006,-0.0068,66.99,69.35,66.99,68.62
2026-09-29T17:37:05+00:00,QQQ,2026-09-29,0,736.199,810.0,P,71.98,75.73,73.855,74.16,5,0,1.9626,-0.9989,0.0002,0.0005,-0.0064,72.14,74.16,72.14,73.64
2026-09-29T17:37:05+00:00,QQQ,2026-09-29,0,736.199,815.0,P,76.98,80.77,78.875,78.93,6,0,2.1603,-0.999,0.0001,0.0004,-0.006,77.15,78.93,77.15,78.615
2026-09-29T17:37:05+00:00,QQQ,2026-09-29,0,736.199,820.0,P,81.98,85.73,83.855,83.78,8,0,2.1847,-0.9991,0.0001,0.0004,-0.0056,82.25,83.86,82.25,83.62
2026-09-29T17:37:05+00:00,QQQ,2026-09-29,0,736.199,825.0,P,87.14,90.77,88.955,88.71,5,0,2.6281,-0.9992,0.0001,0.0004,-0.0052,87.25,88.71,87.25,88.64
2026-09-29T17:37:05+00:00,QQQ,2026-09-29,0,736.199,830.0,P,92.14,95.77,93.955,93.96,3,0,2.7482,-0.9993,0.0001,0.0003,-0.0048,92.37,93.96,92.37,93.64
2026-09-29T17:37:05+00:00,QQQ,2026-09-29,0,736.199,835.0,P,97.14,100.77,98.955,98.87,4,0,2.8669,-0.9994,0.0001,0.0003,-0.0045,97.54,98.89,97.54,98.64
2026-09-29T17:37:05+00:00,QQQ,2026-09-29,0,736.199,840.0,P,102.14,105.73,103.935,103.8,3,0,2.93,-0.9994,0.0001,0.0003,-0.0042,102.45,103.8,100.47,103.64
2026-09-29T17:37:05+00:00,QQQ,2026-09-29,0,736.199,845.0,P,107.14,110.73,108.935,108.74,1,0,3.0444,-0.9995,0.0001,0.0002,-0.0039,108.74,108.74,108.74,108.64
2026-09-29T17:37:05+00:00,QQQ,2026-09-29,0,736.199,850.0,P,112.14,115.77,113.955,113.67,1,0,3.2151,-0.9995,0.0,0.0002,-0.0036,113.67,113.67,113.67,113.62
2026-09-29T17:52:05+00:00,QQQ,2026-09-29,0,736.871,485.0,C,249.9,253.87,251.885,252.92,6,0,0.0,1.0,0.0,0.0,0.0,253.15,253.15,252.92,251.46
2026-09-29T17:52:05+00:00,QQQ,2026-09-29,0,736.871,490.0,C,244.9,248.52,246.71,247.92,6,0,0.0,1.0,0.0,0.0,0.0,248.22,248.22,247.92,246.46
2026-09-29T17:52:05+00:00,QQQ,2026-09-29,0,736.871,505.0,C,229.9,233.87,231.885,231.97,2,8,0.0,1.0,0.0,0.0,-0.0001,231.97,231.97,231.97,231.435
2026-09-29T17:52:05+00:00,QQQ,2026-09-29,0,736.871,510.0,C,224.9,228.87,226.885,227.04,2,0,0.0,1.0,0.0,0.0,-0.0001,227.04,227.04,227.04,226.465
2026-09-29T17:52:05+00:00,QQQ,2026-09-29,0,736.871,525.0,C,209.9,213.49,211.695,211.03,1,0,0.0,1.0,0.0,0.0,-0.0002,211.03,211.03,211.03,211.46
2026-09-29T17:52:05+00:00,QQQ,2026-09-29,0,736.871,530.0,C,204.9,208.4,206.65,206.1,2,0,0.0,1.0,0.0,0.0,-0.0002,206.99,206.99,206.1,206.46
2026-09-29T17:52:05+00:00,QQQ,2026-09-29,0,736.871,535.0,C,199.9,203.23,201.565,201.22,2,0,0.0,1.0,0.0,0.0,-0.0003,202.06,202.06,201.22,201.465
2026-09-29T17:52:05+00:00,QQQ,2026-09-29,0,736.871,540.0,C,194.9,198.35,196.625,196.29,1,0,0.0,1.0,0.0,0.0,-0.0003,196.29,196.29,196.29,196.465
2026-09-29T17:52:05+00:00,QQQ,2026-09-29,0,736.871,545.0,C,189.9,193.41,191.655,191.17,1,0,0.0,1.0,0.0,0.0,-0.0004,191.17,191.17,191.17,191.47
2026-09-29T17:52:05+00:00,QQQ,2026-09-29,0,736.871,550.0,C,184.9,188.26,186.58,186.24,2,0,0.0,1.0,0.0,0.0,-0.0004,186.93,186.93,186.24,186.47
2026-09-29T17:52:05+00:00,QQQ,2026-09-29,0,736.871,555.0,C,179.9,183.43,181.665,182.0,1,0,0.0,1.0,0.0,0.0,-0.0005,182.0,182.0,182.0,181.47
2026-09-29T17:52:05+00:00,QQQ,2026-09-29,0,736.871,560.0,C,174.9,178.46,176.68,176.03,1,0,0.0,0.9999,0.0,0.0,-0.0006,176.03,176.03,176.03,176.47
2026-09-29T17:52:05+00:00,QQQ,2026-09-29,0,736.871,565.0,C,169.9,173.42,171.66,171.1,1,0,0.0,0.9999,0.0,0.0,-0.0007,171.1,171.1,171.1,171.47
2026-09-29T17:52:05+00:00,QQQ,2026-09-29,0,736.871,615.0,C,119.9,123.28,121.59,121.22,1,0,0.0,0.9997,0.0,0.0001,-0.0025,121.22,121.22,121.22,121.48
2026-09-29T17:52:05+00:00,QQQ,2026-09-29,0,736.871,620.0,C,114.9,118.28,116.59,116.29,1,0,0.0,0.9997,0.0,0.0001,-0.0028,116.29,116.29,116.29,116.48
2026-09-29T17:52:05+00:00,QQQ,2026-09-29,0,736.871,640.0,C,94.9,98.16,96.53,96.07,3,0,0.0,0.9995,0.0001,0.0002,-0.0041,96.31,96.31,96.07,96.48
2026-09-29T17:52:05+00:00,QQQ,2026-09-29,0,736.871,645.0,C,89.9,93.38,91.64,91.14,3,0,0.0,0.9994,0.0001,0.0003,-0.0045,91.38,91.38,91.14,91.495
2026-09-29T17:52:05+00:00,QQQ,2026-09-29,0,736.871,660.0,C,74.9,78.3,76.6,77.83,1,0,0.0,0.9991,0.0001,0.0004,-0.006,77.83,77.83,77.83,76.51
2026-09-29T17:52:05+00:00,QQQ,2026-09-29,0,736.871,661.0,C,73.9,77.25,75.575,76.89,1,0,0.0,0.9991,0.0001,0.0004,-0.0061,76.89,76.89,76.89,75.505
2026-09-29T17:52:05+00:00,QQQ,2026-09-29,0,736.871,663.0,C,71.9,75.41,73.655,74.17,1,0,0.0,0.999,0.0001,0.0004,-0.0063,74.17,74.17,74.17,73.505
2026-09-29T17:52:05+00:00,QQQ,2026-09-29,0,736.871,664.0,C,70.9,74.55,72.725,73.22,1,0,0.0,0.999,0.0001,0.0004,-0.0064,73.22,73.22,73.22,72.505
2026-09-29T17:52:05+00:00,QQQ,2026-09-29,0,736.871,666.0,C,68.9,72.41,70.655,71.47,1,0,0.0,0.999,0.0001,0.0005,-0.0066,71.47,71.47,71.47,70.51
2026-09-29T17:52:05+00:00,QQQ,2026-09-29,0,736.871,667.0,C,67.9,71.28,69.59,70.52,1,0,0.0,0.9989,0.0001,0.0005,-0.0067,70.52,70.52,70.52,69.51
2026-09-29T17:52:05+00:00,QQQ,2026-09-29,0,736.871,669.0,C,65.9,69.46,67.68,69.1,1,0,0.0,0.9989,0.0002,0.0005,-0.0069,69.1,69.1,69.1,67.505
2026-09-29T17:52:05+00:00,QQQ,2026-09-29,0,736.871,670.0,C,64.9,68.41,66.655,68.18,1,1,0.0,0.9988,0.0002,0.0005,-0.007,68.18,68.18,68.18,66.505
2026-09-29T17:52:05+00:00,QQQ,2026-09-29,0,736.871,671.0,C,63.9,67.13,65.515,66.09,1,0,0.0,0.9988,0.0002,0.0005,-0.0072,66.09,66.09,66.09,65.505
2026-09-29T17:52:05+00:00,QQQ,2026-09-29,0,736.871,672.0,C,62.9,66.66,64.78,65.15,1,0,0.0,0.9988,0.0002,0.0005,-0.0073,65.15,65.15,65.15,64.505
2026-09-29T17:52:05+00:00,QQQ,2026-09-29,0,736.871,674.0,C,60.9,64.38,62.64,62.41,25,0,0.0,0.9987,0.0002,0.0006,-0.0075,63.12,63.53,62.3,62.515
2026-09-29T17:52:05+00:00,QQQ,2026-09-29,0,736.871,675.0,C,61.7,63.24,62.47,61.03,26,3,2.77,0.9987,0.0002,0.0006,-0.0076,62.18,62.6,61.03,61.515
2026-09-29T17:52:05+00:00,QQQ,2026-09-29,0,736.871,676.0,C,58.9,62.44,60.67,60.08,3,0,0.0,0.9986,0.0002,0.0006,-0.0078,60.22,60.45,60.08,60.51
2026-09-29T17:52:05+00:00,QQQ,2026-09-29,0,736.871,677.0,C,57.9,61.4,59.65,59.57,10,0,0.0,0.9986,0.0002,0.0006,-0.0079,60.66,60.66,59.09,59.515
2026-09-29T17:52:05+00:00,QQQ,2026-09-29,0,736.871,678.0,C,56.9,60.29,58.595,58.62,15,0,0.0,0.9986,0.0002,0.0006,-0.008,59.74,59.74,58.16,58.52
2026-09-29T17:52:05+00:00,QQQ,2026-09-29,0,736.871,679.0,C,55.9,59.28,57.59,57.56,8,0,0.0,0.9985,0.0002,0.0006,-0.0081,58.28,58.42,57.56,57.52
2026-09-29T17:52:05+00:00,QQQ,2026-09-29,0,736.871,680.0,C,54.9,58.38,56.64,56.61,2,1,0.0,0.9985,0.0002,0.0006,-0.0083,57.29,57.29,56.61,56.52
2026-09-29T17:52:05+00:00,QQQ,2026-09-29,0,736.871,681.0,C,53.9,57.2,55.55,55.51,4,0,0.0,0.9984,0.0003,0.0007,-0.0084,56.37,56.37,55.0,55.53
2026-09-29T17:52:05+00:00,QQQ,2026-09-29,0,736.871,682.0,C,52.9,56.28,54.59,54.56,16,0,0.0,0.9984,0.0003,0.0007,-0.0085,55.89,55.89,53.93,54.515
2026-09-29T17:52:05+00:00,QQQ,2026-09-29,0,736.871,683.0,C,51.9,55.87,53.885,53.28,20,0,0.0,0.9983,0.0003,0.0007,-0.0087,54.95,54.95,53.0,53.515
2026-09-29T17:52:05+00:00,QQQ,2026-09-29,0,736.871,684.0,C,50.9,54.41,52.655,52.86,7,0,0.0,0.9983,0.0003,0.0007,-0.0088,52.98,52.99,52.86,52.525
2026-09-29T17:52:05+00:00,QQQ,2026-09-29,0,736.871,685.0,C,49.9,53.32,51.61,51.58,4,1,0.0,0.9982,0.0003,0.0008,-0.009,52.17,52.17,51.03,51.525
2026-09-29T17:52:05+00:00,QQQ,2026-09-29,0,736.871,686.0,C,48.9,52.45,50.675,50.63,4,2,0.0,0.9982,0.0003,0.0008,-0.0091,51.24,51.24,50.08,50.525
2026-09-29T17:52:05+00:00,QQQ,2026-09-29,0,736.871,687.0,C,47.9,51.48,49.69,49.48,5,1,0.0,0.9981,0.0003,0.0008,-0.0092,52.59,52.59,49.2,49.53
2026-09-29T17:52:05+00:00,QQQ,2026-09-29,0,736.871,688.0,C,46.9,50.87,48.885,48.53,4,0,0.0,0.9981,0.0004,0.0008,-0.0094,51.65,51.65,48.25,48.525
2026-09-29T17:52:05+00:00,QQQ,2026-09-29,0,736.871,689.0,C,45.9,49.47,47.685,47.42,1,0,0.0,0.998,0.0004,0.0008,-0.0095,47.42,47.42,47.42,47.525
2026-09-29T17:52:05+00:00,QQQ,2026-09-29,0,736.871,690.0,C,44.9,48.47,46.685,46.47,34,34,0.0,0.998,0.0004,0.0009,-0.0096,48.2,49.11,46.47,46.525
2026-09-29T17:52:05+00:00,QQQ,2026-09-29,0,736.871,691.0,C,43.9,47.43,45.665,47.68,1,0,0.0,0.9979,0.0004,0.0009,-0.0098,47.68,47.68,47.68,45.535
2026-09-29T17:52:05+00:00,QQQ,2026-09-29,0,736.871,692.0,C,42.97,46.54,44.755,46.08,1,0,0.0,0.9978,0.0004,0.0009,-0.0099,46.08,46.08,46.08,44.54
2026-09-29T17:52:05+00:00,QQQ,2026-09-29,0,736.871,693.0,C,41.9,45.48,43.69,45.15,1,12,0.0,0.9978,0.0004,0.0009,-0.0101,45.15,45.15,45.15,43.535
2026-09-29T17:52:05+00:00,QQQ,2026-09-29,0,736.871,694.0,C,40.9,44.47,42.685,42.74,1,0,0.0,0.9977,0.0005,0.001,-0.0102,42.74,42.74,42.74,42.54
2026-09-29T17:52:05+00:00,QQQ,2026-09-29,0,736.871,695.0,C,39.9,43.47,41.685,41.81,1,1,0.0,0.9976,0.0005,0.001,-0.0104,41.81,41.81,41.81,41.53
2026-09-29T17:52:05+00:00,QQQ,2026-09-29,0,736.871,696.0,C,38.9,42.47,40.685,40.89,1,0,0.0,0.9975,0.0005,0.001,-0.0105,40.89,40.89,40.89,40.535
2026-09-29T17:52:05+00:00,QQQ,2026-09-29,0,736.871,697.0,C,38.06,41.49,39.775,39.95,3,1,0.0,0.9974,0.0005,0.0011,-0.0107,41.14,41.14,39.95,39.535
2026-09-29T17:52:05+00:00,QQQ,2026-09-29,0,736.871,698.0,C,37.06,40.54,38.8,38.73,4,3,0.0,0.9974,0.0006,0.0011,-0.0108,40.15,40.15,38.73,38.55
2026-09-29T17:52:05+00:00,QQQ,2026-09-29,0,736.871,699.0,C,36.08,39.54,37.81,37.77,11,3,0.0,0.9973,0.0006,0.0011,-0.011,39.04,40.58,35.6,37.545
2026-09-29T17:52:05+00:00,QQQ,2026-09-29,0,736.871,700.0,C,35.08,38.4,36.74,36.19,107,65,0.0,0.9972,0.0006,0.0012,-0.0112,39.0,40.06,36.19,36.405
2026-09-29T17:52:05+00:00,QQQ,2026-09-29,0,736.871,701.0,C,34.06,37.45,35.755,36.11,45,7,0.0,0.9971,0.0007,0.0012,-0.0113,37.17,39.38,35.32,35.435
2026-09-29T17:52:05+00:00,QQQ,2026-09-29,0,736.871,702.0,C,33.06,36.48,34.77,32.85,38,33,0.0,0.997,0.0007,0.0012,-0.0115,35.13,38.44,32.85,34.43
2026-09-29T17:52:05+00:00,QQQ,2026-09-29,0,736.871,703.0,C,32.08,35.48,33.78,33.67,28,15,0.0,0.9969,0.0008,0.0013,-0.0116,34.21,38.05,33.67,33.435
2026-09-29T17:52:05+00:00,QQQ,2026-09-29,0,736.871,704.0,C,31.19,34.24,32.715,32.79,45,16,0.0,0.9968,0.0008,0.0013,-0.0118,33.01,36.55,31.65,32.44
2026-09-29T17:52:05+00:00,QQQ,2026-09-29,0,736.871,705.0,C,29.92,33.4,31.66,32.58,26,230,0.0,0.9966,0.0008,0.0014,-0.012,31.79,35.35,30.59,31.415
2026-09-29T17:52:05+00:00,QQQ,2026-09-29,0,736.871,706.0,C,29.07,32.3,30.685,31.56,34,5,0.0,0.9965,0.0009,0.0014,-0.0121,30.46,34.04,29.2,30.445
2026-09-29T17:52:05+00:00,QQQ,2026-09-29,0,736.871,707.0,C,28.06,31.27,29.665,29.67,25,17,0.0,0.9964,0.001,0.0015,-0.0123,29.96,33.11,28.49,29.415
2026-09-29T17:52:05+00:00,QQQ,2026-09-29,0,736.871,708.0,C,27.03,30.55,28.79,28.57,37,9,0.0,0.9962,0.001,0.0015,-0.0125,28.58,32.1,28.26,28.465
2026-09-29T17:52:05+00:00,QQQ,2026-09-29,0,736.871,709.0,C,27.45,29.18,28.315,28.13,46,49,1.341,0.996,0.0011,0.0016,-0.0126,27.54,31.02,27.35,27.46
2026-09-29T17:52:05+00:00,QQQ,2026-09-29,0,736.871,710.0,C,25.93,28.27,27.1,27.34,80,564,1.1325,0.9959,0.0012,0.0017,-0.0128,26.97,29.62,25.97,26.425
2026-09-29T17:52:05+00:00,QQQ,2026-09-29,0,736.871,711.0,C,24.07,27.2,25.635,25.89,135,51,0.0,0.9957,0.0012,0.0017,-0.013,25.96,29.0,24.8,25.43
2026-09-29T17:52:05+00:00,QQQ,2026-09-29,0,736.871,712.0,C,24.45,26.27,25.36,24.84,67,15,1.2513,0.9955,0.0014,0.0018,-0.0132,25.0,28.05,23.58,24.48
2026-09-29T17:52:05+00:00,QQQ,2026-09-29,0,736.871,713.0,C,23.84,23.97,23.905,23.97,83,34,0.7105,0.9953,0.0015,0.0019,-0.0134,23.99,26.95,23.07,23.41
2026-09-29T17:52:05+00:00,QQQ,2026-09-29,0,736.871,714.0,C,22.84,22.97,22.905,22.38,30,43,0.6835,0.9951,0.0016,0.002,-0.0135,23.69,26.07,21.7,22.48
2026-09-29T17:52:05+00:00,QQQ,2026-09-29,0,736.871,715.0,C,21.85,21.97,21.91,22.06,47,485,0.678,0.9949,0.0017,0.002,-0.0137,23.93,25.04,20.85,21.395
2026-09-29T17:52:05+00:00,QQQ,2026-09-29,0,736.871,716.0,C,20.85,20.97,20.91,20.07,31,190,0.6501,0.9946,0.0019,0.0021,-0.0139,21.22,23.9,20.07,20.4
2026-09-29T17:52:05+00:00,QQQ,2026-09-29,0,736.871,717.0,C,19.85,19.98,19.915,19.39,32,102,0.6221,0.9943,0.002,0.0022,-0.0141,20.02,22.24,19.39,19.42
2026-09-29T17:52:05+00:00,QQQ,2026-09-29,0,736.871,718.0,C,18.84,18.98,18.91,18.64,33,132,0.6103,0.994,0.0022,0.0024,-0.0143,21.14,21.99,18.42,18.46
2026-09-29T17:52:05+00:00,QQQ,2026-09-29,0,736.871,719.0,C,17.84,17.98,17.91,17.17,9,80,0.5815,0.9937,0.0024,0.0025,-0.0145,18.07,19.25,16.89,17.445
2026-09-29T17:52:05+00:00,QQQ,2026-09-29,0,736.871,720.0,C,16.85,16.99,16.92,16.03,132,861,0.5657,0.9933,0.0027,0.0026,-0.0147,19.07,19.85,16.03,16.69
2026-09-29T17:52:05+00:00,QQQ,2026-09-29,0,736.871,721.0,C,15.83,15.98,15.905,15.17,36,377,0.5362,0.9929,0.003,0.0028,-0.0149,17.55,18.6,15.04,15.565
2026-09-29T17:52:05+00:00,QQQ,2026-09-29,0,736.871,722.0,C,14.85,14.99,14.92,15.4,13,81,0.5065,0.9924,0.0034,0.0029,-0.0151,16.41,16.63,14.8,14.52
2026-09-29T17:52:05+00:00,QQQ,2026-09-29,0,736.871,723.0,C,13.84,13.99,13.915,13.92,113,98,0.4868,0.9919,0.0038,0.0031,-0.0154,17.01,17.01,13.58,13.705
2026-09-29T17:52:05+00:00,QQQ,2026-09-29,0,736.871,724.0,C,12.85,12.99,12.92,13.63,315,121,0.4651,0.9912,0.0043,0.0034,-0.0157,14.03,15.75,12.36,12.72
2026-09-29T17:52:05+00:00,QQQ,2026-09-29,0,736.871,725.0,C,11.85,11.99,11.92,11.8,408,712,0.4163,0.9904,0.005,0.0036,-0.0162,12.81,15.0,11.12,11.795
2026-09-29T17:52:05+00:00,QQQ,2026-09-29,0,736.871,726.0,C,10.84,10.99,10.915,11.01,92,129,0.4024,0.9893,0.0059,0.004,-0.0171,13.36,13.8,10.18,10.83
2026-09-29T17:52:05+00:00,QQQ,2026-09-29,0,736.871,727.0,C,9.84,9.99,9.915,9.95,329,392,0.3632,0.9877,0.0072,0.0046,-0.0186,13.0,13.0,9.14,10.06
2026-09-29T17:52:05+00:00,QQQ,2026-09-29,0,736.871,728.0,C,8.87,8.99,8.93,8.3,245,448,0.3316,0.9852,0.0091,0.0054,-0.0212,11.8,11.82,7.51,9.205
2026-09-29T17:52:05+00:00,QQQ,2026-09-29,0,736.871,729.0,C,7.86,8.0,7.93,8.05,169,184,0.3177,0.9811,0.0121,0.0066,-0.0261,8.31,11.06,6.53,8.345
2026-09-29T17:52:05+00:00,QQQ,2026-09-29,0,736.871,730.0,C,6.86,7.0,6.93,7.2,1178,716,0.2732,0.9742,0.0168,0.0086,-0.0346,10.08,10.11,5.6,7.505
2026-09-29T17:52:05+00:00,QQQ,2026-09-29,0,736.871,731.0,C,5.88,6.02,5.95,5.54,1594,572,0.2581,0.9627,0.0245,0.0116,-0.0492,9.06,9.09,4.69,6.705
2026-09-29T17:52:05+00:00,QQQ,2026-09-29,0,736.871,732.0,C,4.92,5.04,4.98,5.03,4474,819,0.239,0.9438,0.0365,0.0159,-0.0738,7.65,8.0,3.76,5.935
2026-09-29T17:52:05+00:00,QQQ,2026-09-29,0,736.871,733.0,C,3.94,4.06,4.0,4.1,4417,2372,0.2175,0.9129,0.0551,0.0221,-0.1154,7.56,7.56,2.93,5.195
2026-09-29T17:52:05+00:00,QQQ,2026-09-29,0,736.871,734.0,C,3.02,3.1,3.06,3.13,10999,1299,0.1971,0.8611,0.0827,0.0305,-0.1892,6.71,6.74,2.15,4.515
2026-09-29T17:52:05+00:00,QQQ,2026-09-29,0,736.871,735.0,C,2.17,2.22,2.195,2.2,37024,3186,0.1826,0.7753,0.1192,0.0407,-0.3269,5.74,6.0,1.49,3.885
2026-09-29T17:52:05+00:00,QQQ,2026-09-29,0,736.871,736.0,C,1.44,1.45,1.445,1.44,123511,5006,0.1784,0.6455,0.1544,0.05,-0.5792,4.88,5.15,0.96,3.315
2026-09-29T17:52:05+00:00,QQQ,2026-09-29,0,736.871,737.0,C,0.87,0.88,0.875,0.87,285622,7852,0.1755,0.4829,0.1682,0.0533,-0.8942,4.25,4.25,0.58,2.795
2026-09-29T17:52:05+00:00,QQQ,2026-09-29,0,736.871,738.0,C,0.48,0.49,0.485,0.49,312453,5652,0.1773,0.323,0.1499,0.0483,-0.504,3.49,3.65,0.34,2.325
2026-09-29T17:52:05+00:00,QQQ,2026-09-29,0,736.871,739.0,C,0.27,0.28,0.275,0.27,307661,6169,0.1857,0.1997,0.1124,0.0381,-0.2771,2.72,2.93,0.2,1.915
2026-09-29T17:52:05+00:00,QQQ,2026-09-29,0,736.871,740.0,C,0.15,0.16,0.155,0.16,357498,7897,0.1969,0.1215,0.0762,0.0279,-0.1584,2.2,2.36,0.12,1.555
2026-09-29T17:52:05+00:00,QQQ,2026-09-29,0,736.871,741.0,C,0.09,0.1,0.095,0.09,196188,3074,0.2124,0.0764,0.0502,0.0201,-0.0977,1.77,1.89,0.08,1.255
2026-09-29T17:52:05+00:00,QQQ,2026-09-29,0,736.871,742.0,C,0.06,0.07,0.065,0.06,121708,6546,0.2317,0.0502,0.0335,0.0146,-0.0645,1.29,1.45,0.06,1.005
2026-09-29T17:52:05+00:00,QQQ,2026-09-29,0,736.871,743.0,C,0.04,0.05,0.045,0.05,81932,7202,0.2497,0.0343,0.0228,0.0108,-0.0447,1.0,1.03,0.04,0.785
2026-09-29T17:52:05+00:00,QQQ,2026-09-29,0,736.871,744.0,C,0.03,0.04,0.035,0.03,49809,3156,0.2713,0.0244,0.016,0.0082,-0.0324,0.7,0.76,0.03,0.615
2026-09-29T17:52:05+00:00,QQQ,2026-09-29,0,736.871,745.0,C,0.02,0.03,0.025,0.02,46794,7854,0.2878,0.018,0.0115,0.0064,-0.0246,0.51,0.57,0.02,0.475
2026-09-29T17:52:05+00:00,QQQ,2026-09-29,0,736.871,746.0,C,0.02,0.03,0.025,0.02,27197,2194,0.3177,0.014,0.0087,0.0051,-0.0198,0.41,0.43,0.02,0.365
2026-09-29T17:52:05+00:00,QQQ,2026-09-29,0,736.871,747.0,C,0.01,0.02,0.015,0.01,26280,5519,0.3244,0.0114,0.0068,0.0043,-0.0168,0.27,0.27,0.01,0.275
2026-09-29T17:52:05+00:00,QQQ,2026-09-29,0,736.871,748.0,C,0.01,0.02,0.015,0.01,18833,2137,0.352,0.0096,0.0055,0.0037,-0.0149,0.19,0.19,0.01,0.215
2026-09-29T17:52:05+00:00,QQQ,2026-09-29,0,736.871,749.0,C,0.01,0.02,0.015,0.01,7772,2383,0.3794,0.0084,0.0046,0.0033,-0.0137,0.14,0.14,0.01,0.165
2026-09-29T17:52:05+00:00,QQQ,2026-09-29,0,736.871,750.0,C,0.0,0.01,0.01,0.01,19089,7884,0.3603,0.0076,0.0039,0.003,-0.013,0.1,0.1,0.01,0.125
2026-09-29T17:52:05+00:00,QQQ,2026-09-29,0,736.871,751.0,C,0.0,0.01,0.02,0.02,3056,2831,0.3847,0.007,0.0034,0.0027,-0.0125,0.08,0.08,0.01,0.105
2026-09-29T17:52:05+00:00,QQQ,2026-09-29,0,736.871,752.0,C,0.0,0.01,0.01,0.01,4713,2702,0.4089,0.0064,0.003,0.0026,-0.0121,0.05,0.05,0.01,0.075
2026-09-29T17:52:05+00:00,QQQ,2026-09-29,0,736.871,753.0,C,0.0,0.01,0.01,0.01,1844,3736,0.433,0.006,0.0027,0.0024,-0.0119,0.04,0.04,0.01,0.065
2026-09-29T17:52:05+00:00,QQQ,2026-09-29,0,736.871,754.0,C,0.0,0.01,0.01,0.01,2258,2488,0.4569,0.0057,0.0024,0.0023,-0.0117,0.05,0.05,0.01,0.055
2026-09-29T17:52:05+00:00,QQQ,2026-09-29,0,736.871,755.0,C,0.0,0.01,0.01,0.01,5857,2761,0.4806,0.0054,0.0022,0.0022,-0.0115,0.02,0.03,0.01,0.045
2026-09-29T17:52:05+00:00,QQQ,2026-09-29,0,736.871,756.0,C,0.0,0.01,0.01,0.01,668,1635,0.5043,0.0051,0.002,0.002,-0.0113,0.01,0.02,0.01,0.035
2026-09-29T17:52:05+00:00,QQQ,2026-09-29,0,736.871,757.0,C,0.0,0.01,0.01,0.01,883,2262,0.5278,0.0048,0.0018,0.0019,-0.0112,0.02,0.02,0.01,0.035
2026-09-29T17:52:05+00:00,QQQ,2026-09-29,0,736.871,758.0,C,0.0,0.01,0.01,0.01,105,637,0.5512,0.0046,0.0017,0.0019,-0.011,0.02,0.02,0.01,0.025
2026-09-29T17:52:05+00:00,QQQ,2026-09-29,0,736.871,759.0,C,0.0,0.01,0.01,0.01,556,1121,0.5744,0.0044,0.0016,0.0018,-0.0109,0.01,0.02,0.01,0.025
2026-09-29T17:52:05+00:00,QQQ,2026-09-29,0,736.871,760.0,C,0.0,0.01,0.01,0.01,428,4773,0.5976,0.0042,0.0014,0.0017,-0.0108,0.02,0.02,0.01,0.025
2026-09-29T17:52:05+00:00,QQQ,2026-09-29,0,736.871,761.0,C,0.0,0.01,0.01,0.01,462,718,0.6206,0.004,0.0013,0.0016,-0.0106,0.01,0.02,0.01,0.015
2026-09-29T17:52:05+00:00,QQQ,2026-09-29,0,736.871,762.0,C,0.0,0.01,0.01,0.01,187,607,0.6435,0.0038,0.0012,0.0016,-0.0105,0.01,0.01,0.01,0.015
2026-09-29T17:52:05+00:00,QQQ,2026-09-29,0,736.871,763.0,C,0.0,0.01,0.01,0.01,541,1090,0.6664,0.0037,0.0012,0.0015,-0.0104,0.01,0.02,0.01,0.015
2026-09-29T17:52:05+00:00,QQQ,2026-09-29,0,736.871,764.0,C,0.0,0.01,0.01,0.01,4,440,0.6891,0.0036,0.0011,0.0015,-0.0102,0.01,0.01,0.01,0.015
2026-09-29T17:52:05+00:00,QQQ,2026-09-29,0,736.871,765.0,C,0.0,0.01,0.01,0.01,5,1443,0.7117,0.0034,0.001,0.0014,-0.0101,0.01,0.01,0.01,0.015
2026-09-29T17:52:05+00:00,QQQ,2026-09-29,0,736.871,766.0,C,0.0,0.01,0.01,0.01,48,340,0.7343,0.0033,0.001,0.0014,-0.01,0.01,0.01,0.01,0.015
2026-09-29T17:52:05+00:00,QQQ,2026-09-29,0,736.871,767.0,C,0.0,0.01,0.01,0.01,2,368,0.7567,0.0032,0.0009,0.0013,-0.0099,0.01,0.01,0.01,0.015
2026-09-29T17:52:05+00:00,QQQ,2026-09-29,0,736.871,768.0,C,0.0,0.01,0.01,0.01,8,6756,0.7791,0.0031,0.0008,0.0013,-0.0098,0.01,0.01,0.01,0.005
2026-09-29T17:52:05+00:00,QQQ,2026-09-29,0,736.871,769.0,C,0.0,0.01,0.01,0.01,0,545,0.8014,0.003,0.0008,0.0012,-0.0096,0.0,0.0,0.0,0.005
2026-09-29T17:52:05+00:00,QQQ,2026-09-29,0,736.871,770.0,C,0.0,0.01,0.01,0.01,2,919,0.8236,0.0028,0.0008,0.0012,-0.0095,0.01,0.01,0.01,0.005
2026-09-29T17:52:05+00:00,QQQ,2026-09-29,0,736.871,771.0,C,0.0,0.01,0.01,0.01,0,444,0.8457,0.0028,0.0007,0.0012,-0.0094,0.0,0.0,0.0,0.005
2026-09-29T17:52:05+00:00,QQQ,2026-09-29,0,736.871,772.0,C,0.0,0.01,0.02,0.02,0,288,0.8678,0.0027,0.0007,0.0011,-0.0093,0.0,0.0,0.0,0.005
2026-09-29T17:52:05+00:00,QQQ,2026-09-29,0,736.871,773.0,C,0.0,0.01,0.01,0.01,0,75,0.8898,0.0026,0.0006,0.0011,-0.0092,0.0,0.0,0.0,0.005
2026-09-29T17:52:05+00:00,QQQ,2026-09-29,0,736.871,820.0,C,0.0,0.01,0.01,0.01,1,110,1.8573,0.0008,0.0001,0.0004,-0.005,0.01,0.01,0.01,0.005
2026-09-29T17:52:05+00:00,QQQ,2026-09-29,0,736.871,830.0,C,0.0,0.01,0.01,0.01,20,94,2.0501,0.0006,0.0001,0.0003,-0.0043,0.01,0.01,0.01,0.005
2026-09-29T17:52:05+00:00,QQQ,2026-09-29,0,736.871,840.0,C,0.0,0.01,0.01,0.01,10,138,2.2392,0.0005,0.0001,0.0002,-0.0037,0.01,0.01,0.01,0.005
2026-09-29T17:52:05+00:00,QQQ,2026-09-29,0,736.871,895.0,C,0.0,0.01,0.01,0.01,126,80,3.2224,0.0002,0.0,0.0001,-0.0016,0.01,0.01,0.01,0.005
2026-09-29T17:52:05+00:00,QQQ,2026-09-29,0,736.871,900.0,C,0.0,0.01,0.01,0.01,11,68,3.3074,0.0002,0.0,0.0001,-0.0015,0.01,0.01,0.01,0.005
2026-09-29T17:52:05+00:00,QQQ,2026-09-29,0,736.871,450.0,P,0.0,0.01,0.01,0.01,4,155,7.8543,0.0,0.0,0.0,0.0,0.01,0.01,0.01,0.005
2026-09-29T17:52:05+00:00,QQQ,2026-09-29,0,736.871,575.0,P,0.0,0.01,0.01,0.01,2,277,4.106,-0.0001,0.0,0.0,-0.0009,0.01,0.01,0.01,0.005
2026-09-29T17:52:05+00:00,QQQ,2026-09-29,0,736.871,635.0,P,0.0,0.01,0.01,0.01,6201,873,2.5474,-0.0005,0.0,0.0002,-0.0037,0.01,0.01,0.01,0.015
2026-09-29T17:52:05+00:00,QQQ,2026-09-29,0,736.871,640.0,P,0.0,0.01,0.01,0.01,8,445,2.4223,-0.0005,0.0001,0.0002,-0.0041,0.01,0.01,0.01,0.015
2026-09-29T17:52:05+00:00,QQQ,2026-09-29,0,736.871,650.0,P,0.0,0.01,0.01,0.01,5,368,2.1736,-0.0007,0.0001,0.0003,-0.005,0.01,0.01,0.01,0.015
2026-09-29T17:52:05+00:00,QQQ,2026-09-29,0,736.871,660.0,P,0.0,0.01,0.01,0.01,3,4256,1.927,-0.0009,0.0001,0.0004,-0.006,0.01,0.01,0.01,0.015
2026-09-29T17:52:05+00:00,QQQ,2026-09-29,0,736.871,670.0,P,0.0,0.01,0.01,0.01,1,4367,1.6827,-0.0012,0.0002,0.0005,-0.0071,0.01,0.01,0.01,0.015
2026-09-29T17:52:05+00:00,QQQ,2026-09-29,0,736.871,675.0,P,0.0,0.01,0.01,0.01,1,1278,1.5605,-0.0013,0.0002,0.0006,-0.0076,0.01,0.01,0.01,0.015
2026-09-29T17:52:05+00:00,QQQ,2026-09-29,0,736.871,677.0,P,0.0,0.01,0.01,0.01,1,464,1.5119,-0.0014,0.0002,0.0006,-0.0079,0.01,0.01,0.01,0.015
2026-09-29T17:52:05+00:00,QQQ,2026-09-29,0,736.871,678.0,P,0.0,0.01,0.01,0.01,13,1161,1.4876,-0.0014,0.0002,0.0006,-0.008,0.01,0.01,0.01,0.015
2026-09-29T17:52:05+00:00,QQQ,2026-09-29,0,736.871,679.0,P,0.0,0.01,0.01,0.01,1,1019,1.4633,-0.0015,0.0002,0.0006,-0.0081,0.01,0.01,0.01,0.015
2026-09-29T17:52:05+00:00,QQQ,2026-09-29,0,736.871,681.0,P,0.0,0.01,0.01,0.01,6,240,1.4147,-0.0016,0.0003,0.0007,-0.0084,0.01,0.01,0.01,0.015
2026-09-29T17:52:05+00:00,QQQ,2026-09-29,0,736.871,684.0,P,0.0,0.01,0.01,0.01,2,131,1.3419,-0.0017,0.0003,0.0007,-0.0088,0.01,0.01,0.01,0.015
2026-09-29T17:52:05+00:00,QQQ,2026-09-29,0,736.871,685.0,P,0.0,0.01,0.01,0.01,2,376,1.3176,-0.0018,0.0003,0.0008,-0.009,0.01,0.01,0.01,0.015
2026-09-29T17:52:05+00:00,QQQ,2026-09-29,0,736.871,687.0,P,0.0,0.01,0.01,0.01,1,77,1.2691,-0.0019,0.0003,0.0008,-0.0092,0.01,0.01,0.01,0.015
2026-09-29T17:52:05+00:00,QQQ,2026-09-29,0,736.871,688.0,P,0.0,0.01,0.01,0.01,1,76,1.2448,-0.0019,0.0004,0.0008,-0.0094,0.01,0.01,0.01,0.015
2026-09-29T17:52:05+00:00,QQQ,2026-09-29,0,736.871,690.0,P,0.0,0.01,0.01,0.01,5,477,1.1963,-0.002,0.0004,0.0009,-0.0096,0.01,0.01,0.01,0.015
2026-09-29T17:52:05+00:00,QQQ,2026-09-29,0,736.871,692.0,P,0.0,0.01,0.01,0.01,14,486,1.1478,-0.0022,0.0004,0.0009,-0.0099,0.01,0.01,0.01,0.025
2026-09-29T17:52:05+00:00,QQQ,2026-09-29,0,736.871,693.0,P,0.0,0.01,0.01,0.01,2,332,1.1236,-0.0022,0.0004,0.0009,-0.0101,0.01,0.01,0.01,0.025
2026-09-29T17:52:05+00:00,QQQ,2026-09-29,0,736.871,694.0,P,0.0,0.01,0.01,0.01,5,351,1.0993,-0.0023,0.0005,0.001,-0.0102,0.01,0.01,0.01,0.025
2026-09-29T17:52:05+00:00,QQQ,2026-09-29,0,736.871,695.0,P,0.0,0.01,0.01,0.01,21,876,1.075,-0.0024,0.0005,0.001,-0.0104,0.01,0.01,0.01,0.025
2026-09-29T17:52:05+00:00,QQQ,2026-09-29,0,736.871,698.0,P,0.0,0.01,0.01,0.01,4,301,1.0022,-0.0026,0.0006,0.0011,-0.0108,0.01,0.01,0.01,0.025
2026-09-29T17:52:05+00:00,QQQ,2026-09-29,0,736.871,699.0,P,0.0,0.01,0.01,0.01,3,280,0.9779,-0.0027,0.0006,0.0011,-0.011,0.01,0.01,0.01,0.025
2026-09-29T17:52:05+00:00,QQQ,2026-09-29,0,736.871,700.0,P,0.0,0.01,0.01,0.01,17,2253,0.9536,-0.0028,0.0006,0.0012,-0.0112,0.01,0.01,0.01,0.025
2026-09-29T17:52:05+00:00,QQQ,2026-09-29,0,736.871,701.0,P,0.0,0.01,0.01,0.01,6,626,0.9293,-0.0029,0.0007,0.0012,-0.0113,0.01,0.01,0.01,0.025
2026-09-29T17:52:05+00:00,QQQ,2026-09-29,0,736.871,702.0,P,0.0,0.01,0.01,0.01,65,430,0.905,-0.003,0.0007,0.0012,-0.0115,0.01,0.01,0.01,0.025
2026-09-29T17:52:05+00:00,QQQ,2026-09-29,0,736.871,703.0,P,0.0,0.01,0.01,0.01,1863,780,0.8807,-0.0031,0.0008,0.0013,-0.0116,0.01,0.01,0.01,0.035
2026-09-29T17:52:05+00:00,QQQ,2026-09-29,0,736.871,704.0,P,0.0,0.01,0.01,0.01,2933,611,0.8563,-0.0032,0.0008,0.0013,-0.0118,0.01,0.02,0.01,0.035
2026-09-29T17:52:05+00:00,QQQ,2026-09-29,0,736.871,705.0,P,0.0,0.01,0.01,0.01,4520,1921,0.832,-0.0034,0.0008,0.0014,-0.012,0.01,0.02,0.01,0.035
2026-09-29T17:52:05+00:00,QQQ,2026-09-29,0,736.871,706.0,P,0.0,0.01,0.01,0.01,6811,555,0.8076,-0.0035,0.0009,0.0014,-0.0121,0.01,0.02,0.01,0.035
2026-09-29T17:52:05+00:00,QQQ,2026-09-29,0,736.871,707.0,P,0.0,0.01,0.01,0.01,8935,1640,0.7832,-0.0036,0.001,0.0015,-0.0123,0.01,0.02,0.01,0.035
2026-09-29T17:52:05+00:00,QQQ,2026-09-29,0,736.871,708.0,P,0.0,0.01,0.01,0.01,12749,1993,0.7587,-0.0038,0.001,0.0015,-0.0125,0.01,0.02,0.01,0.035
2026-09-29T17:52:05+00:00,QQQ,2026-09-29,0,736.871,709.0,P,0.0,0.01,0.01,0.01,7521,553,0.7342,-0.004,0.0011,0.0016,-0.0126,0.01,0.02,0.01,0.045
2026-09-29T17:52:05+00:00,QQQ,2026-09-29,0,736.871,710.0,P,0.0,0.01,0.01,0.01,7735,1837,0.7098,-0.0041,0.0012,0.0017,-0.0128,0.02,0.02,0.01,0.045
2026-09-29T17:52:05+00:00,QQQ,2026-09-29,0,736.871,711.0,P,0.0,0.01,0.01,0.01,831,1572,0.6852,-0.0043,0.0012,0.0017,-0.013,0.02,0.02,0.01,0.045
2026-09-29T17:52:05+00:00,QQQ,2026-09-29,0,736.871,712.0,P,0.0,0.01,0.01,0.01,355,3319,0.6606,-0.0045,0.0014,0.0018,-0.0132,0.01,0.02,0.01,0.055
2026-09-29T17:52:05+00:00,QQQ,2026-09-29,0,736.871,713.0,P,0.0,0.01,0.01,0.01,425,911,0.636,-0.0047,0.0015,0.0019,-0.0134,0.02,0.02,0.01,0.055
2026-09-29T17:52:05+00:00,QQQ,2026-09-29,0,736.871,714.0,P,0.0,0.01,0.01,0.01,1114,1308,0.6114,-0.0049,0.0016,0.002,-0.0135,0.02,0.02,0.01,0.065
2026-09-29T17:52:05+00:00,QQQ,2026-09-29,0,736.871,715.0,P,0.0,0.01,0.01,0.01,2597,4270,0.5867,-0.0051,0.0017,0.002,-0.0137,0.01,0.03,0.01,0.065
2026-09-29T17:52:05+00:00,QQQ,2026-09-29,0,736.871,716.0,P,0.0,0.01,0.01,0.01,2194,820,0.5619,-0.0054,0.0019,0.0021,-0.0139,0.02,0.03,0.01,0.075
2026-09-29T17:52:05+00:00,QQQ,2026-09-29,0,736.871,717.0,P,0.01,0.02,0.015,0.01,4114,3256,0.6013,-0.0057,0.002,0.0022,-0.0141,0.02,0.03,0.01,0.085
2026-09-29T17:52:05+00:00,QQQ,2026-09-29,0,736.871,718.0,P,0.01,0.02,0.015,0.01,2832,1481,0.574,-0.006,0.0022,0.0024,-0.0143,0.02,0.04,0.01,0.105
2026-09-29T17:52:05+00:00,QQQ,2026-09-29,0,736.871,719.0,P,0.01,0.02,0.015,0.01,2513,1987,0.5466,-0.0063,0.0024,0.0025,-0.0145,0.03,0.04,0.01,0.115
2026-09-29T17:52:05+00:00,QQQ,2026-09-29,0,736.871,720.0,P,0.01,0.02,0.015,0.01,4570,3318,0.5191,-0.0067,0.0027,0.0026,-0.0147,0.03,0.04,0.01,0.135
2026-09-29T17:52:05+00:00,QQQ,2026-09-29,0,736.871,721.0,P,0.01,0.02,0.015,0.01,3901,1429,0.4915,-0.0071,0.003,0.0028,-0.0149,0.07,0.07,0.01,0.165
2026-09-29T17:52:05+00:00,QQQ,2026-09-29,0,736.871,722.0,P,0.01,0.02,0.015,0.01,4531,4199,0.4638,-0.0076,0.0034,0.0029,-0.0151,0.01,0.06,0.01,0.195
2026-09-29T17:52:05+00:00,QQQ,2026-09-29,0,736.871,723.0,P,0.01,0.02,0.015,0.01,7960,3042,0.4359,-0.0081,0.0038,0.0031,-0.0154,0.03,0.07,0.01,0.235
2026-09-29T17:52:05+00:00,QQQ,2026-09-29,0,736.871,724.0,P,0.01,0.02,0.015,0.01,4441,2502,0.4079,-0.0088,0.0043,0.0034,-0.0157,0.03,0.09,0.01,0.285
2026-09-29T17:52:05+00:00,QQQ,2026-09-29,0,736.871,725.0,P,0.01,0.02,0.015,0.01,22550,23031,0.3797,-0.0096,0.005,0.0036,-0.0162,0.04,0.1,0.01,0.345
2026-09-29T17:52:05+00:00,QQQ,2026-09-29,0,736.871,726.0,P,0.01,0.02,0.015,0.01,13561,2792,0.3514,-0.0107,0.0059,0.004,-0.0171,0.07,0.13,0.01,0.415
2026-09-29T17:52:05+00:00,QQQ,2026-09-29,0,736.871,727.0,P,0.01,0.02,0.015,0.01,12907,3407,0.3228,-0.0123,0.0072,0.0046,-0.0186,0.06,0.18,0.01,0.505
2026-09-29T17:52:05+00:00,QQQ,2026-09-29,0,736.871,728.0,P,0.02,0.03,0.025,0.03,17148,3742,0.3152,-0.0148,0.0091,0.0054,-0.0213,0.1,0.22,0.01,0.625
2026-09-29T17:52:05+00:00,QQQ,2026-09-29,0,736.871,729.0,P,0.02,0.03,0.025,0.02,21957,5320,0.2844,-0.0189,0.0121,0.0066,-0.0261,0.12,0.29,0.02,0.755
2026-09-29T17:52:05+00:00,QQQ,2026-09-29,0,736.871,730.0,P,0.03,0.04,0.035,0.03,108464,27107,0.267,-0.0258,0.0168,0.0086,-0.0346,0.15,0.39,0.02,0.925
2026-09-29T17:52:05+00:00,QQQ,2026-09-29,0,736.871,731.0,P,0.05,0.06,0.055,0.05,51659,4142,0.2537,-0.0373,0.0245,0.0116,-0.0492,0.21,0.52,0.04,1.115
2026-09-29T17:52:05+00:00,QQQ,2026-09-29,0,736.871,732.0,P,0.07,0.08,0.075,0.07,93794,10155,0.2324,-0.0562,0.0365,0.0159,-0.0738,0.25,0.69,0.07,1.355
2026-09-29T17:52:05+00:00,QQQ,2026-09-29,0,736.871,733.0,P,0.1,0.11,0.105,0.11,103445,6459,0.2102,-0.0872,0.0551,0.0221,-0.1155,0.35,0.91,0.1,1.625
2026-09-29T17:52:05+00:00,QQQ,2026-09-29,0,736.871,734.0,P,0.17,0.18,0.175,0.17,165748,3616,0.1953,-0.1389,0.0827,0.0305,-0.1894,0.42,1.19,0.15,1.945
2026-09-29T17:52:05+00:00,QQQ,2026-09-29,0,736.871,735.0,P,0.32,0.33,0.325,0.31,343991,39284,0.1876,-0.2247,0.1192,0.0407,-0.3269,0.54,1.54,0.28,2.32
2026-09-29T17:52:05+00:00,QQQ,2026-09-29,0,736.871,736.0,P,0.58,0.59,0.585,0.57,358850,17831,0.1814,-0.3545,0.1544,0.05,-0.5792,0.78,1.96,0.39,2.745
2026-09-29T17:52:05+00:00,QQQ,2026-09-29,0,736.871,737.0,P,1.0,1.01,1.005,1.01,327208,2306,0.1763,-0.5171,0.1682,0.0533,-0.8942,0.94,2.45,0.57,3.22
2026-09-29T17:52:05+00:00,QQQ,2026-09-29,0,736.871,738.0,P,1.61,1.62,1.615,1.6,204027,2642,0.1783,-0.677,0.1499,0.0483,-0.504,1.28,3.03,0.81,3.755
2026-09-29T17:52:05+00:00,QQQ,2026-09-29,0,736.871,739.0,P,2.38,2.43,2.405,2.38,117670,1545,0.187,-0.8003,0.1124,0.0381,-0.2771,1.66,3.9,1.13,4.345
2026-09-29T17:52:05+00:00,QQQ,2026-09-29,0,736.871,740.0,P,3.23,3.32,3.275,3.28,69754,3267,0.1987,-0.8785,0.0762,0.0279,-0.1584,2.1,4.81,1.56,4.98
2026-09-29T17:52:05+00:00,QQQ,2026-09-29,0,736.871,741.0,P,4.12,4.26,4.19,4.07,14209,1303,0.207,-0.9236,0.0502,0.0201,-0.0977,2.54,5.67,2.1,5.67
2026-09-29T17:52:05+00:00,QQQ,2026-09-29,0,736.871,742.0,P,5.09,5.21,5.15,4.92,4368,916,0.2111,-0.9498,0.0335,0.0146,-0.0645,3.12,6.66,2.74,6.415
2026-09-29T17:52:05+00:00,QQQ,2026-09-29,0,736.871,743.0,P,6.07,6.21,6.14,6.35,1532,891,0.2188,-0.9657,0.0228,0.0108,-0.0447,4.13,7.53,3.5,7.195
2026-09-29T17:52:05+00:00,QQQ,2026-09-29,0,736.871,744.0,P,7.06,7.2,7.13,6.84,1652,1056,0.2267,-0.9757,0.016,0.0082,-0.0324,4.96,8.62,4.31,7.975
2026-09-29T17:52:05+00:00,QQQ,2026-09-29,0,736.871,745.0,P,8.05,8.2,8.125,8.0,1132,2006,0.2542,-0.982,0.0115,0.0063,-0.0246,5.22,9.6,5.2,8.94
2026-09-29T17:52:05+00:00,QQQ,2026-09-29,0,736.871,746.0,P,9.04,9.17,9.105,9.5,372,184,0.0,-0.986,0.0087,0.0051,-0.0198,7.22,10.5,6.2,9.75
2026-09-29T17:52:05+00:00,QQQ,2026-09-29,0,736.871,747.0,P,10.04,10.18,10.11,10.22,745,463,0.0,-0.9886,0.0068,0.0043,-0.0168,7.79,10.76,7.14,10.68
2026-09-29T17:52:05+00:00,QQQ,2026-09-29,0,736.871,748.0,P,11.04,11.17,11.105,11.35,216,251,0.0,-0.9904,0.0055,0.0037,-0.0149,8.95,12.53,8.1,11.62
2026-09-29T17:52:05+00:00,QQQ,2026-09-29,0,736.871,749.0,P,12.03,12.16,12.095,12.14,201,38,0.0,-0.9916,0.0046,0.0033,-0.0137,9.65,12.58,9.04,12.58
2026-09-29T17:52:05+00:00,QQQ,2026-09-29,0,736.871,750.0,P,13.03,13.16,13.095,13.68,116,10,0.0,-0.9924,0.0039,0.003,-0.013,10.79,13.94,10.07,13.525
2026-09-29T17:52:05+00:00,QQQ,2026-09-29,0,736.871,751.0,P,14.03,14.18,14.105,14.7,42,1,0.0,-0.993,0.0034,0.0027,-0.0125,11.86,15.58,11.2,14.48
2026-09-29T17:52:05+00:00,QQQ,2026-09-29,0,736.871,752.0,P,15.03,15.18,15.105,15.07,20,7,0.0,-0.9936,0.003,0.0026,-0.0121,12.07,15.1,12.07,15.47
2026-09-29T17:52:05+00:00,QQQ,2026-09-29,0,736.871,753.0,P,16.04,16.17,16.105,15.98,14,0,0.0,-0.994,0.0027,0.0024,-0.0119,15.34,16.65,13.3,16.46
2026-09-29T17:52:05+00:00,QQQ,2026-09-29,0,736.871,754.0,P,17.04,17.17,17.105,17.83,39,1,0.0,-0.9943,0.0024,0.0023,-0.0117,15.82,17.83,14.62,17.385
2026-09-29T17:52:05+00:00,QQQ,2026-09-29,0,736.871,755.0,P,18.03,18.15,18.09,18.37,34,27,0.0,-0.9946,0.0022,0.0022,-0.0115,18.1,18.7,15.23,18.365
2026-09-29T17:52:05+00:00,QQQ,2026-09-29,0,736.871,756.0,P,19.03,19.17,19.1,19.78,17,0,0.0,-0.9949,0.002,0.002,-0.0113,19.0,19.82,16.79,19.385
2026-09-29T17:52:05+00:00,QQQ,2026-09-29,0,736.871,757.0,P,20.03,20.16,20.095,21.36,34,0,0.0,-0.9952,0.0018,0.0019,-0.0112,18.94,21.36,17.56,20.37
2026-09-29T17:52:05+00:00,QQQ,2026-09-29,0,736.871,758.0,P,21.03,21.16,21.095,21.83,15,0,0.0,-0.9954,0.0017,0.0019,-0.011,20.98,21.83,19.9,21.38
2026-09-29T17:52:05+00:00,QQQ,2026-09-29,0,736.871,759.0,P,22.03,22.19,22.11,22.19,46,0,0.0,-0.9956,0.0016,0.0018,-0.0109,21.84,22.95,19.36,23.13
2026-09-29T17:52:05+00:00,QQQ,2026-09-29,0,736.871,760.0,P,23.03,23.2,23.115,24.08,59,38,0.0,-0.9958,0.0014,0.0017,-0.0108,20.4,24.45,20.1,23.37
2026-09-29T17:52:05+00:00,QQQ,2026-09-29,0,736.871,761.0,P,24.03,24.2,24.115,25.0,105,0,0.0,-0.996,0.0013,0.0016,-0.0106,24.11,25.22,23.36,24.37
2026-09-29T17:52:05+00:00,QQQ,2026-09-29,0,736.871,762.0,P,23.48,26.94,25.21,25.95,280,0,0.9228,-0.9962,0.0012,0.0016,-0.0105,24.62,26.6,23.44,25.38
2026-09-29T17:52:05+00:00,QQQ,2026-09-29,0,736.871,763.0,P,24.53,27.94,26.235,26.98,350,0,0.992,-0.9963,0.0012,0.0015,-0.0104,25.54,27.59,22.79,26.375
2026-09-29T17:52:05+00:00,QQQ,2026-09-29,0,736.871,764.0,P,25.5,28.94,27.22,27.98,250,0,0.9973,-0.9964,0.0011,0.0015,-0.0102,25.66,28.94,22.63,27.38
2026-09-29T17:52:05+00:00,QQQ,2026-09-29,0,736.871,765.0,P,26.53,29.93,28.23,28.86,163,0,1.0411,-0.9966,0.001,0.0014,-0.0101,27.86,29.5,25.08,28.36
2026-09-29T17:52:05+00:00,QQQ,2026-09-29,0,736.871,766.0,P,27.53,30.94,29.235,29.99,137,0,1.0846,-0.9967,0.001,0.0014,-0.01,28.09,31.09,26.0,29.365
2026-09-29T17:52:05+00:00,QQQ,2026-09-29,0,736.871,767.0,P,28.5,31.93,30.215,30.99,183,0,1.0803,-0.9968,0.0009,0.0013,-0.0099,28.8,31.11,26.2,30.375
2026-09-29T17:52:05+00:00,QQQ,2026-09-29,0,736.871,768.0,P,29.48,32.99,31.235,31.99,174,0,1.1388,-0.997,0.0008,0.0013,-0.0098,30.86,32.03,28.16,31.38
2026-09-29T17:52:05+00:00,QQQ,2026-09-29,0,736.871,769.0,P,30.53,33.99,32.26,32.98,167,0,1.2018,-0.997,0.0008,0.0012,-0.0096,30.44,33.13,29.28,32.365
2026-09-29T17:52:05+00:00,QQQ,2026-09-29,0,736.871,770.0,P,31.53,34.99,33.26,33.98,225,0,1.2323,-0.9972,0.0008,0.0012,-0.0095,32.85,34.05,30.54,33.38
2026-09-29T17:52:05+00:00,QQQ,2026-09-29,0,736.871,771.0,P,32.13,35.99,34.06,34.92,177,0,0.0,-0.9972,0.0007,0.0012,-0.0094,33.35,35.06,31.35,34.38
2026-09-29T17:52:05+00:00,QQQ,2026-09-29,0,736.871,772.0,P,33.56,36.97,35.265,35.92,153,0,1.2995,-0.9973,0.0007,0.0011,-0.0093,34.26,36.66,32.35,35.38
2026-09-29T17:52:05+00:00,QQQ,2026-09-29,0,736.871,773.0,P,34.58,37.97,36.275,36.78,95,0,1.3426,-0.9974,0.0006,0.0011,-0.0092,34.9,37.65,33.47,37.125
2026-09-29T17:52:05+00:00,QQQ,2026-09-29,0,736.871,774.0,P,35.56,38.97,37.265,37.78,103,0,1.3729,-0.9975,0.0006,0.001,-0.009,34.89,37.78,34.34,37.63
2026-09-29T17:52:05+00:00,QQQ,2026-09-29,0,736.871,775.0,P,36.56,39.97,38.265,38.07,79,0,1.4031,-0.9976,0.0006,0.001,-0.0089,35.82,38.49,35.27,38.64
2026-09-29T17:52:05+00:00,QQQ,2026-09-29,0,736.871,780.0,P,41.5,44.97,43.235,40.36,14,0,1.4907,-0.9979,0.0004,0.0009,-0.0084,42.25,43.03,40.3,43.635
2026-09-29T17:52:05+00:00,QQQ,2026-09-29,0,736.871,785.0,P,46.5,49.97,48.235,47.14,18,0,1.6323,-0.9982,0.0004,0.0008,-0.0079,46.72,47.7,44.94,48.635
2026-09-29T17:52:05+00:00,QQQ,2026-09-29,0,736.871,790.0,P,51.56,55.1,53.33,53.99,4,0,1.921,-0.9984,0.0003,0.0007,-0.0074,53.31,53.99,52.06,53.64
2026-09-29T17:52:05+00:00,QQQ,2026-09-29,0,736.871,795.0,P,56.56,60.1,58.33,58.92,6,0,2.0662,-0.9986,0.0002,0.0006,-0.0069,57.12,58.92,57.12,58.64
2026-09-29T17:52:05+00:00,QQQ,2026-09-29,0,736.871,800.0,P,62.33,65.09,63.71,64.42,7,0,2.6095,-0.9988,0.0002,0.0005,-0.0065,63.69,64.42,62.08,63.635
2026-09-29T17:52:05+00:00,QQQ,2026-09-29,0,736.871,805.0,P,66.5,70.1,68.3,69.23,5,0,2.3009,-0.9989,0.0002,0.0005,-0.0061,66.99,69.35,66.99,68.62
2026-09-29T17:52:05+00:00,QQQ,2026-09-29,0,736.871,810.0,P,71.5,75.1,73.3,74.16,5,0,2.4373,-0.999,0.0001,0.0004,-0.0057,72.14,74.16,72.14,73.64
2026-09-29T17:52:05+00:00,QQQ,2026-09-29,0,736.871,815.0,P,76.55,80.1,78.325,78.93,6,0,2.6162,-0.9991,0.0001,0.0004,-0.0053,77.15,78.93,77.15,78.615
2026-09-29T17:52:05+00:00,QQQ,2026-09-29,0,736.871,820.0,P,81.55,85.1,83.325,83.78,8,0,2.7506,-0.9992,0.0001,0.0004,-0.005,82.25,83.86,82.25,83.62
2026-09-29T17:52:05+00:00,QQQ,2026-09-29,0,736.871,825.0,P,86.55,90.1,88.325,88.71,5,0,2.8833,-0.9993,0.0001,0.0003,-0.0046,87.25,88.71,87.25,88.64
2026-09-29T17:52:05+00:00,QQQ,2026-09-29,0,736.871,830.0,P,91.58,95.1,93.34,93.96,3,0,3.0422,-0.9994,0.0001,0.0003,-0.0043,92.37,93.96,92.37,93.64
2026-09-29T17:52:05+00:00,QQQ,2026-09-29,0,736.871,835.0,P,96.58,100.1,98.34,98.87,4,0,3.1725,-0.9994,0.0001,0.0003,-0.004,97.54,98.89,97.54,98.64
2026-09-29T17:52:05+00:00,QQQ,2026-09-29,0,736.871,840.0,P,101.58,105.1,103.34,103.8,3,0,3.3013,-0.9995,0.0001,0.0002,-0.0037,102.45,103.8,100.47,103.64
2026-09-29T17:52:05+00:00,QQQ,2026-09-29,0,736.871,845.0,P,106.58,110.1,108.34,108.74,1,0,3.4286,-0.9995,0.0001,0.0002,-0.0035,108.74,108.74,108.74,108.64
2026-09-29T17:52:05+00:00,QQQ,2026-09-29,0,736.871,850.0,P,111.58,115.1,113.34,113.67,1,0,3.5546,-0.9996,0.0,0.0002,-0.0032,113.67,113.67,113.67,113.62
2026-09-29T18:07:05+00:00,QQQ,2026-09-29,0,736.285,485.0,C,249.74,253.38,251.56,252.92,6,0,0.0,1.0,0.0,0.0,0.0,253.15,253.15,252.92,251.46
2026-09-29T18:07:05+00:00,QQQ,2026-09-29,0,736.285,490.0,C,244.75,248.38,246.565,247.92,6,0,0.0,1.0,0.0,0.0,-0.0001,248.22,248.22,247.92,246.46
2026-09-29T18:07:05+00:00,QQQ,2026-09-29,0,736.285,505.0,C,229.74,233.38,231.56,231.97,2,8,0.0,1.0,0.0,0.0,-0.0001,231.97,231.97,231.97,231.435
2026-09-29T18:07:05+00:00,QQQ,2026-09-29,0,736.285,510.0,C,224.75,228.38,226.565,227.04,2,0,0.0,1.0,0.0,0.0,-0.0001,227.04,227.04,227.04,226.465
2026-09-29T18:07:05+00:00,QQQ,2026-09-29,0,736.285,525.0,C,209.74,213.38,211.56,211.03,1,0,8.3458,1.0,0.0,0.0,-0.0002,211.03,211.03,211.03,211.46
2026-09-29T18:07:05+00:00,QQQ,2026-09-29,0,736.285,530.0,C,204.75,208.37,206.56,206.1,2,0,7.928,1.0,0.0,0.0,-0.0002,206.99,206.99,206.1,206.46
2026-09-29T18:07:05+00:00,QQQ,2026-09-29,0,736.285,535.0,C,199.74,203.23,201.485,201.22,2,0,7.744,1.0,0.0,0.0,-0.0003,202.06,202.06,201.22,201.465
2026-09-29T18:07:05+00:00,QQQ,2026-09-29,0,736.285,540.0,C,194.76,198.35,196.555,196.29,1,0,7.5218,1.0,0.0,0.0,-0.0004,196.29,196.29,196.29,196.465
2026-09-29T18:07:05+00:00,QQQ,2026-09-29,0,736.285,545.0,C,189.74,193.37,191.555,191.17,1,0,7.548,1.0,0.0,0.0,-0.0004,191.17,191.17,191.17,191.47
2026-09-29T18:07:05+00:00,QQQ,2026-09-29,0,736.285,550.0,C,184.76,188.26,186.51,186.24,2,0,6.9628,1.0,0.0,0.0,-0.0005,186.93,186.93,186.24,186.47
2026-09-29T18:07:05+00:00,QQQ,2026-09-29,0,736.285,555.0,C,179.74,183.37,181.555,182.0,1,0,7.1403,1.0,0.0,0.0,-0.0006,182.0,182.0,182.0,181.47
2026-09-29T18:07:05+00:00,QQQ,2026-09-29,0,736.285,560.0,C,174.74,178.37,176.555,176.03,1,0,6.9082,0.9999,0.0,0.0,-0.0006,176.03,176.03,176.03,176.47
2026-09-29T18:07:05+00:00,QQQ,2026-09-29,0,736.285,565.0,C,169.76,173.37,171.565,171.1,1,0,6.5315,0.9999,0.0,0.0,-0.0007,171.1,171.1,171.1,171.47
2026-09-29T18:07:05+00:00,QQQ,2026-09-29,0,736.285,615.0,C,119.72,123.28,121.5,121.22,1,0,4.6915,0.9997,0.0,0.0001,-0.0025,121.22,121.22,121.22,121.48
2026-09-29T18:07:05+00:00,QQQ,2026-09-29,0,736.285,620.0,C,114.75,118.28,116.515,116.29,1,0,4.4437,0.9997,0.0,0.0001,-0.0027,116.29,116.29,116.29,116.48
2026-09-29T18:07:05+00:00,QQQ,2026-09-29,0,736.285,640.0,C,94.74,98.16,96.45,96.07,3,0,3.6588,0.9995,0.0001,0.0002,-0.0041,96.31,96.31,96.07,96.48
2026-09-29T18:07:05+00:00,QQQ,2026-09-29,0,736.285,645.0,C,89.74,93.38,91.56,91.14,3,0,3.6746,0.9994,0.0001,0.0003,-0.0044,91.38,91.38,91.14,91.495
2026-09-29T18:07:05+00:00,QQQ,2026-09-29,0,736.285,660.0,C,74.73,78.38,76.555,77.83,1,0,3.1034,0.9991,0.0001,0.0004,-0.0058,77.83,77.83,77.83,76.51
2026-09-29T18:07:05+00:00,QQQ,2026-09-29,0,736.285,661.0,C,73.76,77.25,75.505,76.89,1,0,2.9432,0.9991,0.0001,0.0004,-0.0059,76.89,76.89,76.89,75.505
2026-09-29T18:07:05+00:00,QQQ,2026-09-29,0,736.285,663.0,C,71.74,75.38,73.56,74.17,1,0,3.0009,0.9991,0.0001,0.0004,-0.0061,74.17,74.17,74.17,73.505
2026-09-29T18:07:05+00:00,QQQ,2026-09-29,0,736.285,664.0,C,70.75,74.38,72.565,73.22,1,0,2.924,0.999,0.0001,0.0004,-0.0062,73.22,73.22,73.22,72.505
2026-09-29T18:07:05+00:00,QQQ,2026-09-29,0,736.285,666.0,C,68.75,72.38,70.565,71.47,1,0,2.851,0.999,0.0001,0.0004,-0.0064,71.47,71.47,71.47,70.51
2026-09-29T18:07:05+00:00,QQQ,2026-09-29,0,736.285,667.0,C,67.74,71.28,69.51,70.52,1,0,2.7984,0.999,0.0001,0.0004,-0.0065,70.52,70.52,70.52,69.51
2026-09-29T18:07:05+00:00,QQQ,2026-09-29,0,736.285,669.0,C,65.74,69.38,67.56,69.1,1,0,2.7797,0.9989,0.0002,0.0005,-0.0067,69.1,69.1,69.1,67.505
2026-09-29T18:07:05+00:00,QQQ,2026-09-29,0,736.285,670.0,C,64.74,68.38,66.56,68.18,1,1,2.7051,0.9989,0.0002,0.0005,-0.0068,68.18,68.18,68.18,66.505
2026-09-29T18:07:05+00:00,QQQ,2026-09-29,0,736.285,671.0,C,63.74,67.13,65.435,66.09,1,0,2.5318,0.9988,0.0002,0.0005,-0.0069,66.09,66.09,66.09,65.505
2026-09-29T18:07:05+00:00,QQQ,2026-09-29,0,736.285,672.0,C,62.74,66.35,64.545,65.15,1,0,2.6691,0.9988,0.0002,0.0005,-0.007,65.15,65.15,65.15,64.505
2026-09-29T18:07:05+00:00,QQQ,2026-09-29,0,736.285,674.0,C,60.76,64.37,62.565,62.41,25,0,2.5047,0.9987,0.0002,0.0005,-0.0073,63.12,63.53,62.3,62.515
2026-09-29T18:07:05+00:00,QQQ,2026-09-29,0,736.285,675.0,C,60.61,63.36,61.985,61.03,26,3,3.0116,0.9987,0.0002,0.0005,-0.0074,62.18,62.6,61.03,61.515
2026-09-29T18:07:05+00:00,QQQ,2026-09-29,0,736.285,676.0,C,58.79,62.36,60.575,60.08,3,0,2.5484,0.9987,0.0002,0.0006,-0.0075,60.22,60.45,60.08,60.51
2026-09-29T18:07:05+00:00,QQQ,2026-09-29,0,736.285,677.0,C,57.73,61.37,59.55,59.57,10,0,2.4776,0.9986,0.0002,0.0006,-0.0076,60.66,60.66,59.09,59.515
2026-09-29T18:07:05+00:00,QQQ,2026-09-29,0,736.285,678.0,C,57.56,60.37,58.965,58.62,15,0,2.8586,0.9986,0.0002,0.0006,-0.0077,59.74,59.74,58.16,58.52
2026-09-29T18:07:05+00:00,QQQ,2026-09-29,0,736.285,679.0,C,55.74,59.28,57.51,57.56,8,0,2.3692,0.9986,0.0002,0.0006,-0.0079,58.28,58.42,57.56,57.52
2026-09-29T18:07:05+00:00,QQQ,2026-09-29,0,736.285,680.0,C,54.73,58.37,56.55,56.61,2,1,2.2964,0.9985,0.0002,0.0006,-0.008,57.29,57.29,56.61,56.52
2026-09-29T18:07:05+00:00,QQQ,2026-09-29,0,736.285,681.0,C,53.73,57.37,55.55,55.51,4,0,2.3233,0.9985,0.0003,0.0006,-0.0081,56.37,56.37,55.0,55.53
2026-09-29T18:07:05+00:00,QQQ,2026-09-29,0,736.285,682.0,C,52.74,56.28,54.51,54.56,16,0,2.2596,0.9984,0.0003,0.0006,-0.0082,55.89,55.89,53.93,54.515
2026-09-29T18:07:05+00:00,QQQ,2026-09-29,0,736.285,683.0,C,51.74,55.37,53.555,53.28,20,0,2.2623,0.9984,0.0003,0.0007,-0.0084,54.95,54.95,53.0,53.515
2026-09-29T18:07:05+00:00,QQQ,2026-09-29,0,736.285,684.0,C,50.74,54.37,52.555,52.86,7,0,2.2252,0.9983,0.0003,0.0007,-0.0085,52.98,52.99,52.86,52.525
2026-09-29T18:07:05+00:00,QQQ,2026-09-29,0,736.285,685.0,C,49.74,53.37,51.555,51.58,4,1,2.1881,0.9983,0.0003,0.0007,-0.0086,52.17,52.17,51.03,51.525
2026-09-29T18:07:05+00:00,QQQ,2026-09-29,0,736.285,686.0,C,48.74,52.37,50.555,50.63,4,2,2.1448,0.9982,0.0003,0.0007,-0.0087,51.24,51.24,50.08,50.525
2026-09-29T18:07:05+00:00,QQQ,2026-09-29,0,736.285,687.0,C,47.74,51.37,49.555,49.48,5,1,2.1138,0.9982,0.0003,0.0007,-0.0089,52.59,52.59,49.2,49.53
2026-09-29T18:07:05+00:00,QQQ,2026-09-29,0,736.285,688.0,C,46.74,50.37,48.555,48.53,4,0,2.0645,0.9981,0.0004,0.0008,-0.009,51.65,51.65,48.25,48.525
2026-09-29T18:07:05+00:00,QQQ,2026-09-29,0,736.285,689.0,C,45.74,49.37,47.555,47.42,1,0,2.0393,0.9981,0.0004,0.0008,-0.0091,47.42,47.42,47.42,47.525
2026-09-29T18:07:05+00:00,QQQ,2026-09-29,0,736.285,690.0,C,44.74,48.37,46.555,46.47,34,34,2.002,0.998,0.0004,0.0008,-0.0093,48.2,49.11,46.47,46.525
2026-09-29T18:07:05+00:00,QQQ,2026-09-29,0,736.285,691.0,C,43.74,47.37,45.555,45.64,4,0,1.9647,0.9979,0.0004,0.0008,-0.0094,47.68,47.68,45.64,45.535
2026-09-29T18:07:05+00:00,QQQ,2026-09-29,0,736.285,692.0,C,42.74,46.37,44.555,44.69,4,0,1.9273,0.9979,0.0004,0.0009,-0.0095,46.08,46.08,44.69,44.54
2026-09-29T18:07:05+00:00,QQQ,2026-09-29,0,736.285,693.0,C,41.74,45.37,43.555,45.15,1,12,1.8786,0.9978,0.0004,0.0009,-0.0097,45.15,45.15,45.15,43.535
2026-09-29T18:07:05+00:00,QQQ,2026-09-29,0,736.285,694.0,C,40.74,44.37,42.555,42.74,1,0,1.8469,0.9977,0.0005,0.0009,-0.0098,42.74,42.74,42.74,42.54
2026-09-29T18:07:05+00:00,QQQ,2026-09-29,0,736.285,695.0,C,39.73,43.37,41.55,41.81,1,1,1.7456,0.9977,0.0005,0.0009,-0.01,41.81,41.81,41.81,41.53
2026-09-29T18:07:05+00:00,QQQ,2026-09-29,0,736.285,696.0,C,38.73,42.37,40.55,40.89,1,0,1.7091,0.9976,0.0005,0.001,-0.0101,40.89,40.89,40.89,40.535
2026-09-29T18:07:05+00:00,QQQ,2026-09-29,0,736.285,697.0,C,37.76,41.37,39.565,39.95,3,1,1.75,0.9975,0.0005,0.001,-0.0102,41.14,41.14,39.95,39.535
2026-09-29T18:07:05+00:00,QQQ,2026-09-29,0,736.285,698.0,C,36.74,40.37,38.555,38.73,4,3,1.7019,0.9974,0.0006,0.001,-0.0104,40.15,40.15,38.73,38.55
2026-09-29T18:07:05+00:00,QQQ,2026-09-29,0,736.285,699.0,C,35.76,39.33,37.545,37.77,11,3,1.6692,0.9973,0.0006,0.0011,-0.0105,39.04,40.58,35.6,37.545
2026-09-29T18:07:05+00:00,QQQ,2026-09-29,0,736.285,700.0,C,34.74,38.33,36.535,36.19,107,65,1.6213,0.9972,0.0006,0.0011,-0.0107,39.0,40.06,36.19,36.405
2026-09-29T18:07:05+00:00,QQQ,2026-09-29,0,736.285,701.0,C,33.74,37.35,35.545,35.65,48,7,1.5883,0.9971,0.0007,0.0011,-0.0108,37.17,39.38,35.32,35.435
2026-09-29T18:07:05+00:00,QQQ,2026-09-29,0,736.285,702.0,C,32.74,36.37,34.555,34.7,41,33,1.5503,0.997,0.0007,0.0012,-0.011,35.13,38.44,32.85,34.43
2026-09-29T18:07:05+00:00,QQQ,2026-09-29,0,736.285,703.0,C,31.74,35.37,33.555,33.6,34,15,1.5122,0.9969,0.0008,0.0012,-0.0111,34.21,38.05,33.6,33.435
2026-09-29T18:07:05+00:00,QQQ,2026-09-29,0,736.285,704.0,C,31.19,34.24,32.715,32.65,51,16,1.6157,0.9968,0.0008,0.0012,-0.0113,33.01,36.55,31.65,32.44
2026-09-29T18:07:05+00:00,QQQ,2026-09-29,0,736.285,705.0,C,29.74,33.31,31.525,32.58,26,230,1.4218,0.9967,0.0008,0.0013,-0.0114,31.79,35.35,30.59,31.415
2026-09-29T18:07:05+00:00,QQQ,2026-09-29,0,736.285,706.0,C,28.79,32.3,30.545,30.56,38,5,1.4018,0.9966,0.0009,0.0013,-0.0116,30.46,34.04,29.2,30.445
2026-09-29T18:07:05+00:00,QQQ,2026-09-29,0,736.285,707.0,C,27.96,31.27,29.615,29.61,29,17,1.4205,0.9964,0.001,0.0014,-0.0118,29.96,33.11,28.49,29.415
2026-09-29T18:07:05+00:00,QQQ,2026-09-29,0,736.285,708.0,C,27.87,30.33,29.1,28.57,37,9,1.6702,0.9963,0.001,0.0014,-0.0119,28.58,32.1,28.26,28.465
2026-09-29T18:07:05+00:00,QQQ,2026-09-29,0,736.285,709.0,C,27.04,29.2,28.12,28.13,46,49,1.6345,0.9961,0.0011,0.0015,-0.0121,27.54,31.02,27.35,27.46
2026-09-29T18:07:05+00:00,QQQ,2026-09-29,0,736.285,710.0,C,25.85,28.27,27.06,27.34,80,564,1.5599,0.996,0.0012,0.0016,-0.0122,26.97,29.62,25.97,26.425
2026-09-29T18:07:05+00:00,QQQ,2026-09-29,0,736.285,711.0,C,24.95,27.02,25.985,26.0,137,51,1.4776,0.9958,0.0013,0.0016,-0.0124,25.96,29.0,24.8,25.43
2026-09-29T18:07:05+00:00,QQQ,2026-09-29,0,736.285,712.0,C,24.04,26.11,25.075,25.05,69,15,1.4759,0.9956,0.0014,0.0017,-0.0126,25.0,28.05,23.58,24.48
2026-09-29T18:07:05+00:00,QQQ,2026-09-29,0,736.285,713.0,C,23.2,23.34,23.27,23.97,83,34,0.5438,0.9954,0.0015,0.0018,-0.0127,23.99,26.95,23.07,23.41
2026-09-29T18:07:05+00:00,QQQ,2026-09-29,0,736.285,714.0,C,22.2,22.34,22.27,22.38,30,43,0.5216,0.9952,0.0016,0.0018,-0.0129,23.69,26.07,21.7,22.48
2026-09-29T18:07:05+00:00,QQQ,2026-09-29,0,736.285,715.0,C,21.2,21.34,21.27,22.06,47,485,0.6028,0.9949,0.0017,0.0019,-0.0131,23.93,25.04,20.85,21.395
2026-09-29T18:07:05+00:00,QQQ,2026-09-29,0,736.285,716.0,C,20.21,20.34,20.275,20.07,31,190,0.5766,0.9947,0.0019,0.002,-0.0132,21.22,23.9,20.07,20.4
2026-09-29T18:07:05+00:00,QQQ,2026-09-29,0,736.285,717.0,C,19.21,19.34,19.275,19.39,32,102,0.5504,0.9944,0.0021,0.0021,-0.0134,20.02,22.24,19.39,19.42
2026-09-29T18:07:05+00:00,QQQ,2026-09-29,0,736.285,718.0,C,18.21,18.34,18.275,18.64,33,132,0.5242,0.9941,0.0023,0.0022,-0.0136,21.14,21.99,18.42,18.46
2026-09-29T18:07:05+00:00,QQQ,2026-09-29,0,736.285,719.0,C,17.21,17.34,17.275,17.17,9,80,0.5554,0.9937,0.0025,0.0024,-0.0138,18.07,19.25,16.89,17.445
2026-09-29T18:07:05+00:00,QQQ,2026-09-29,0,736.285,720.0,C,16.21,16.34,16.275,16.61,133,861,0.5444,0.9934,0.0028,0.0025,-0.014,19.07,19.85,16.03,16.69
2026-09-29T18:07:05+00:00,QQQ,2026-09-29,0,736.285,721.0,C,15.21,15.36,15.285,15.17,36,377,0.4975,0.9929,0.0031,0.0026,-0.0141,17.55,18.6,15.04,15.565
2026-09-29T18:07:05+00:00,QQQ,2026-09-29,0,736.285,722.0,C,14.21,14.34,14.275,15.4,13,81,0.4846,0.9925,0.0035,0.0028,-0.0143,16.41,16.63,14.8,14.52
2026-09-29T18:07:05+00:00,QQQ,2026-09-29,0,736.285,723.0,C,13.21,13.34,13.275,13.92,113,98,0.4544,0.9919,0.004,0.003,-0.0145,17.01,17.01,13.58,13.705
2026-09-29T18:07:05+00:00,QQQ,2026-09-29,0,736.285,724.0,C,12.21,12.34,12.275,13.63,315,121,0.4241,0.9913,0.0045,0.0032,-0.0148,14.03,15.75,12.36,12.72
2026-09-29T18:07:05+00:00,QQQ,2026-09-29,0,736.285,725.0,C,11.21,11.34,11.275,11.51,409,712,0.3936,0.9905,0.0053,0.0034,-0.0151,12.81,15.0,11.12,11.795
2026-09-29T18:07:05+00:00,QQQ,2026-09-29,0,736.285,726.0,C,10.22,10.34,10.28,11.01,92,129,0.3628,0.9895,0.0062,0.0038,-0.0156,13.36,13.8,10.18,10.83
2026-09-29T18:07:05+00:00,QQQ,2026-09-29,0,736.285,727.0,C,9.22,9.35,9.285,9.82,332,392,0.3317,0.9881,0.0075,0.0042,-0.0166,13.0,13.0,9.14,10.06
2026-09-29T18:07:05+00:00,QQQ,2026-09-29,0,736.285,728.0,C,8.22,8.36,8.29,8.51,246,448,0.3004,0.9858,0.0095,0.005,-0.0186,11.8,11.82,7.51,9.205
2026-09-29T18:07:05+00:00,QQQ,2026-09-29,0,736.285,729.0,C,7.23,7.35,7.29,7.59,176,184,0.2851,0.9818,0.0128,0.0062,-0.0228,8.31,11.06,6.53,8.345
2026-09-29T18:07:05+00:00,QQQ,2026-09-29,0,736.285,730.0,C,6.24,6.36,6.3,6.4,1217,716,0.2578,0.9745,0.0185,0.0081,-0.0308,10.08,10.11,5.6,7.505
2026-09-29T18:07:05+00:00,QQQ,2026-09-29,0,736.285,731.0,C,5.25,5.37,5.31,5.78,1700,572,0.2375,0.9614,0.0281,0.0114,-0.0459,9.06,9.09,4.69,6.705
2026-09-29T18:07:05+00:00,QQQ,2026-09-29,0,736.285,732.0,C,4.28,4.39,4.335,4.5,4619,819,0.2208,0.9384,0.044,0.0164,-0.0734,7.65,8.0,3.76,5.935
2026-09-29T18:07:05+00:00,QQQ,2026-09-29,0,736.285,733.0,C,3.33,3.45,3.39,3.47,4499,2372,0.2011,0.8983,0.0694,0.0236,-0.1236,7.56,7.56,2.93,5.195
2026-09-29T18:07:05+00:00,QQQ,2026-09-29,0,736.285,734.0,C,2.46,2.53,2.495,2.5,11354,1299,0.188,0.8277,0.1071,0.0334,-0.2204,6.71,6.74,2.15,4.515
2026-09-29T18:07:05+00:00,QQQ,2026-09-29,0,736.285,735.0,C,1.67,1.71,1.69,1.65,41116,3186,0.1741,0.71,0.1517,0.0442,-0.4113,5.74,6.0,1.49,3.885
2026-09-29T18:07:05+00:00,QQQ,2026-09-29,0,736.285,736.0,C,1.02,1.03,1.025,1.02,136269,5006,0.172,0.5449,0.1803,0.0507,-0.7609,4.88,5.15,0.96,3.315
2026-09-29T18:07:05+00:00,QQQ,2026-09-29,0,736.285,737.0,C,0.56,0.57,0.565,0.56,311121,7852,0.1727,0.3671,0.1701,0.0483,-0.5573,4.25,4.25,0.54,2.795
2026-09-29T18:07:05+00:00,QQQ,2026-09-29,0,736.285,738.0,C,0.29,0.3,0.295,0.3,324771,5652,0.1798,0.2239,0.1297,0.0388,-0.2975,3.49,3.65,0.29,2.325
2026-09-29T18:07:05+00:00,QQQ,2026-09-29,0,736.285,739.0,C,0.16,0.17,0.165,0.16,319657,6169,0.1932,0.1334,0.0871,0.0284,-0.1658,2.72,2.93,0.15,1.915
2026-09-29T18:07:05+00:00,QQQ,2026-09-29,0,736.285,740.0,C,0.1,0.11,0.105,0.11,363352,7897,0.2129,0.0826,0.0565,0.0204,-0.1012,2.2,2.36,0.1,1.555
2026-09-29T18:07:05+00:00,QQQ,2026-09-29,0,736.285,741.0,C,0.06,0.07,0.065,0.06,197435,3074,0.2292,0.0539,0.0372,0.0148,-0.0667,1.77,1.89,0.06,1.255
2026-09-29T18:07:05+00:00,QQQ,2026-09-29,0,736.285,742.0,C,0.05,0.06,0.055,0.05,122666,6546,0.2583,0.0367,0.0251,0.0109,-0.0463,1.29,1.45,0.05,1.005
2026-09-29T18:07:05+00:00,QQQ,2026-09-29,0,736.285,743.0,C,0.03,0.04,0.035,0.03,82162,7202,0.2722,0.026,0.0174,0.0082,-0.0336,1.0,1.03,0.03,0.785
2026-09-29T18:07:05+00:00,QQQ,2026-09-29,0,736.285,744.0,C,0.02,0.03,0.025,0.02,51569,3156,0.29,0.0192,0.0126,0.0064,-0.0257,0.7,0.76,0.02,0.615
2026-09-29T18:07:05+00:00,QQQ,2026-09-29,0,736.285,745.0,C,0.01,0.02,0.015,0.02,47126,7854,0.2998,0.0149,0.0094,0.0052,-0.0208,0.51,0.57,0.02,0.475
2026-09-29T18:07:05+00:00,QQQ,2026-09-29,0,736.285,746.0,C,0.01,0.02,0.015,0.02,27526,2194,0.3292,0.0122,0.0074,0.0043,-0.0177,0.41,0.43,0.01,0.365
2026-09-29T18:07:05+00:00,QQQ,2026-09-29,0,736.285,747.0,C,0.01,0.02,0.015,0.02,26466,5519,0.3582,0.0104,0.006,0.0038,-0.0159,0.27,0.27,0.01,0.275
2026-09-29T18:07:05+00:00,QQQ,2026-09-29,0,736.285,748.0,C,0.01,0.02,0.015,0.01,18840,2137,0.3875,0.0091,0.005,0.0033,-0.0147,0.19,0.19,0.01,0.215
2026-09-29T18:07:05+00:00,QQQ,2026-09-29,0,736.285,749.0,C,0.01,0.02,0.015,0.02,7990,2383,0.4159,0.0082,0.0043,0.003,-0.014,0.14,0.14,0.01,0.165
2026-09-29T18:07:05+00:00,QQQ,2026-09-29,0,736.285,750.0,C,0.0,0.01,0.02,0.02,19147,7884,0.394,0.0076,0.0037,0.0028,-0.0135,0.1,0.1,0.01,0.125
2026-09-29T18:07:05+00:00,QQQ,2026-09-29,0,736.285,751.0,C,0.0,0.01,0.01,0.01,3059,2831,0.4194,0.007,0.0033,0.0026,-0.0132,0.08,0.08,0.01,0.105
2026-09-29T18:07:05+00:00,QQQ,2026-09-29,0,736.285,752.0,C,0.0,0.01,0.01,0.01,4713,2702,0.4446,0.0066,0.0029,0.0025,-0.0129,0.05,0.05,0.01,0.075
2026-09-29T18:07:05+00:00,QQQ,2026-09-29,0,736.285,753.0,C,0.0,0.01,0.01,0.01,1845,3736,0.4697,0.0062,0.0026,0.0023,-0.0127,0.04,0.04,0.01,0.065
2026-09-29T18:07:05+00:00,QQQ,2026-09-29,0,736.285,754.0,C,0.0,0.01,0.01,0.01,2258,2488,0.4946,0.0058,0.0024,0.0022,-0.0125,0.05,0.05,0.01,0.055
2026-09-29T18:07:05+00:00,QQQ,2026-09-29,0,736.285,755.0,C,0.0,0.01,0.01,0.01,5857,2761,0.5194,0.0055,0.0022,0.0021,-0.0124,0.02,0.03,0.01,0.045
2026-09-29T18:07:05+00:00,QQQ,2026-09-29,0,736.285,756.0,C,0.0,0.01,0.01,0.01,668,1635,0.544,0.0052,0.002,0.002,-0.0122,0.01,0.02,0.01,0.035
2026-09-29T18:07:05+00:00,QQQ,2026-09-29,0,736.285,757.0,C,0.0,0.01,0.01,0.01,1023,2262,0.5685,0.005,0.0018,0.0019,-0.0121,0.02,0.02,0.01,0.035
2026-09-29T18:07:05+00:00,QQQ,2026-09-29,0,736.285,758.0,C,0.0,0.01,0.01,0.01,105,637,0.5928,0.0048,0.0017,0.0018,-0.012,0.02,0.02,0.01,0.025
2026-09-29T18:07:05+00:00,QQQ,2026-09-29,0,736.285,759.0,C,0.0,0.01,0.01,0.01,556,1121,0.6171,0.0046,0.0016,0.0018,-0.0118,0.01,0.02,0.01,0.025
2026-09-29T18:07:05+00:00,QQQ,2026-09-29,0,736.285,760.0,C,0.0,0.01,0.01,0.01,428,4773,0.6412,0.0044,0.0014,0.0017,-0.0117,0.02,0.02,0.01,0.025
2026-09-29T18:07:05+00:00,QQQ,2026-09-29,0,736.285,761.0,C,0.0,0.01,0.01,0.01,462,718,0.6652,0.0042,0.0013,0.0016,-0.0115,0.01,0.02,0.01,0.015
2026-09-29T18:07:05+00:00,QQQ,2026-09-29,0,736.285,762.0,C,0.0,0.01,0.01,0.01,187,607,0.6892,0.004,0.0012,0.0016,-0.0114,0.01,0.01,0.01,0.015
2026-09-29T18:07:05+00:00,QQQ,2026-09-29,0,736.285,763.0,C,0.0,0.01,0.01,0.01,541,1090,0.713,0.0039,0.0012,0.0015,-0.0113,0.01,0.02,0.01,0.015
2026-09-29T18:07:05+00:00,QQQ,2026-09-29,0,736.285,764.0,C,0.0,0.01,0.01,0.01,4,440,0.7367,0.0037,0.0011,0.0014,-0.0111,0.01,0.01,0.01,0.015
2026-09-29T18:07:05+00:00,QQQ,2026-09-29,0,736.285,765.0,C,0.0,0.01,0.01,0.01,5,1443,0.7603,0.0036,0.001,0.0014,-0.011,0.01,0.01,0.01,0.015
2026-09-29T18:07:05+00:00,QQQ,2026-09-29,0,736.285,766.0,C,0.0,0.01,0.01,0.01,48,340,0.7838,0.0035,0.001,0.0014,-0.0109,0.01,0.01,0.01,0.015
2026-09-29T18:07:05+00:00,QQQ,2026-09-29,0,736.285,767.0,C,0.0,0.01,0.01,0.01,2,368,0.8073,0.0033,0.0009,0.0013,-0.0108,0.01,0.01,0.01,0.015
2026-09-29T18:07:05+00:00,QQQ,2026-09-29,0,736.285,768.0,C,0.0,0.01,0.01,0.01,8,6756,0.8306,0.0032,0.0009,0.0013,-0.0106,0.01,0.01,0.01,0.005
2026-09-29T18:07:05+00:00,QQQ,2026-09-29,0,736.285,769.0,C,0.0,0.01,0.01,0.01,0,545,0.8539,0.0031,0.0008,0.0012,-0.0105,0.0,0.0,0.0,0.005
2026-09-29T18:07:05+00:00,QQQ,2026-09-29,0,736.285,770.0,C,0.0,0.01,0.01,0.01,2,919,0.877,0.003,0.0008,0.0012,-0.0104,0.01,0.01,0.01,0.005
2026-09-29T18:07:05+00:00,QQQ,2026-09-29,0,736.285,771.0,C,0.0,0.01,0.01,0.01,0,444,0.9001,0.0029,0.0007,0.0012,-0.0103,0.0,0.0,0.0,0.005
2026-09-29T18:07:05+00:00,QQQ,2026-09-29,0,736.285,772.0,C,0.0,0.01,0.02,0.02,0,288,0.9231,0.0028,0.0007,0.0011,-0.0102,0.0,0.0,0.0,0.005
2026-09-29T18:07:05+00:00,QQQ,2026-09-29,0,736.285,773.0,C,0.0,0.01,0.01,0.01,0,75,0.9461,0.0027,0.0006,0.0011,-0.01,0.0,0.0,0.0,0.005
2026-09-29T18:07:05+00:00,QQQ,2026-09-29,0,736.285,820.0,C,0.0,0.01,0.01,0.01,1,110,1.9564,0.0009,0.0001,0.0004,-0.0056,0.01,0.01,0.01,0.005
2026-09-29T18:07:05+00:00,QQQ,2026-09-29,0,736.285,830.0,C,0.0,0.01,0.01,0.01,20,94,2.1578,0.0007,0.0001,0.0003,-0.005,0.01,0.01,0.01,0.005
2026-09-29T18:07:05+00:00,QQQ,2026-09-29,0,736.285,840.0,C,0.0,0.01,0.01,0.01,10,138,2.3554,0.0006,0.0001,0.0003,-0.0044,0.01,0.01,0.01,0.005
2026-09-29T18:07:05+00:00,QQQ,2026-09-29,0,736.285,895.0,C,0.0,0.01,0.01,0.01,126,80,3.3819,0.0002,0.0,0.0001,-0.002,0.01,0.01,0.01,0.005
2026-09-29T18:07:05+00:00,QQQ,2026-09-29,0,736.285,900.0,C,0.0,0.01,0.01,0.01,11,68,3.4707,0.0002,0.0,0.0001,-0.0019,0.01,0.01,0.01,0.005
2026-09-29T18:07:05+00:00,QQQ,2026-09-29,0,736.285,450.0,P,0.0,0.01,0.01,0.01,4,155,8.1955,0.0,0.0,0.0,0.0,0.01,0.01,0.01,0.005
2026-09-29T18:07:05+00:00,QQQ,2026-09-29,0,736.285,575.0,P,0.0,0.01,0.01,0.01,2,277,4.2774,-0.0001,0.0,0.0,-0.001,0.01,0.01,0.01,0.005
2026-09-29T18:07:05+00:00,QQQ,2026-09-29,0,736.285,635.0,P,0.0,0.01,0.01,0.01,6201,873,2.6479,-0.0005,0.0,0.0002,-0.0037,0.01,0.01,0.01,0.015
2026-09-29T18:07:05+00:00,QQQ,2026-09-29,0,736.285,640.0,P,0.0,0.01,0.01,0.01,8,445,2.5171,-0.0005,0.0001,0.0002,-0.0041,0.01,0.01,0.01,0.015
2026-09-29T18:07:05+00:00,QQQ,2026-09-29,0,736.285,650.0,P,0.0,0.01,0.01,0.01,5,368,2.2572,-0.0007,0.0001,0.0003,-0.0049,0.01,0.01,0.01,0.015
2026-09-29T18:07:05+00:00,QQQ,2026-09-29,0,736.285,660.0,P,0.0,0.01,0.01,0.01,3,4256,1.9996,-0.0009,0.0001,0.0004,-0.0058,0.01,0.01,0.01,0.015
2026-09-29T18:07:05+00:00,QQQ,2026-09-29,0,736.285,670.0,P,0.0,0.01,0.01,0.01,1,4367,1.7437,-0.0011,0.0002,0.0005,-0.0068,0.01,0.01,0.01,0.015
2026-09-29T18:07:05+00:00,QQQ,2026-09-29,0,736.285,675.0,P,0.0,0.01,0.01,0.01,1,1278,1.6163,-0.0013,0.0002,0.0005,-0.0074,0.01,0.01,0.01,0.015
2026-09-29T18:07:05+00:00,QQQ,2026-09-29,0,736.285,677.0,P,0.0,0.01,0.01,0.01,1,464,1.5654,-0.0014,0.0002,0.0006,-0.0076,0.01,0.01,0.01,0.015
2026-09-29T18:07:05+00:00,QQQ,2026-09-29,0,736.285,678.0,P,0.0,0.01,0.01,0.01,14,1161,1.5399,-0.0014,0.0002,0.0006,-0.0077,0.01,0.01,0.01,0.015
2026-09-29T18:07:05+00:00,QQQ,2026-09-29,0,736.285,679.0,P,0.0,0.01,0.01,0.01,1,1019,1.5145,-0.0014,0.0002,0.0006,-0.0079,0.01,0.01,0.01,0.015
2026-09-29T18:07:05+00:00,QQQ,2026-09-29,0,736.285,681.0,P,0.0,0.01,0.01,0.01,6,240,1.4637,-0.0015,0.0003,0.0006,-0.0081,0.01,0.01,0.01,0.015
2026-09-29T18:07:05+00:00,QQQ,2026-09-29,0,736.285,684.0,P,0.0,0.01,0.01,0.01,2,131,1.3875,-0.0017,0.0003,0.0007,-0.0085,0.01,0.01,0.01,0.015
2026-09-29T18:07:05+00:00,QQQ,2026-09-29,0,736.285,685.0,P,0.0,0.01,0.01,0.01,2,376,1.3621,-0.0017,0.0003,0.0007,-0.0086,0.01,0.01,0.01,0.015
2026-09-29T18:07:05+00:00,QQQ,2026-09-29,0,736.285,687.0,P,0.0,0.01,0.01,0.01,1,77,1.3114,-0.0018,0.0003,0.0007,-0.0089,0.01,0.01,0.01,0.015
2026-09-29T18:07:05+00:00,QQQ,2026-09-29,0,736.285,688.0,P,0.0,0.01,0.01,0.01,1,76,1.286,-0.0019,0.0004,0.0008,-0.009,0.01,0.01,0.01,0.015
2026-09-29T18:07:05+00:00,QQQ,2026-09-29,0,736.285,690.0,P,0.0,0.01,0.01,0.01,5,477,1.2352,-0.002,0.0004,0.0008,-0.0093,0.01,0.01,0.01,0.015
2026-09-29T18:07:05+00:00,QQQ,2026-09-29,0,736.285,692.0,P,0.0,0.01,0.01,0.01,14,486,1.1845,-0.0021,0.0004,0.0009,-0.0095,0.01,0.01,0.01,0.025
2026-09-29T18:07:05+00:00,QQQ,2026-09-29,0,736.285,693.0,P,0.0,0.01,0.01,0.01,2,332,1.1591,-0.0022,0.0004,0.0009,-0.0097,0.01,0.01,0.01,0.025
2026-09-29T18:07:05+00:00,QQQ,2026-09-29,0,736.285,694.0,P,0.0,0.01,0.01,0.01,5,351,1.1337,-0.0023,0.0005,0.0009,-0.0098,0.01,0.01,0.01,0.025
2026-09-29T18:07:05+00:00,QQQ,2026-09-29,0,736.285,695.0,P,0.0,0.01,0.01,0.01,21,876,1.1083,-0.0023,0.0005,0.0009,-0.01,0.01,0.01,0.01,0.025
2026-09-29T18:07:05+00:00,QQQ,2026-09-29,0,736.285,698.0,P,0.0,0.01,0.01,0.01,4,301,1.0321,-0.0026,0.0006,0.001,-0.0104,0.01,0.01,0.01,0.025
2026-09-29T18:07:05+00:00,QQQ,2026-09-29,0,736.285,699.0,P,0.0,0.01,0.01,0.01,3,280,1.0067,-0.0027,0.0006,0.0011,-0.0105,0.01,0.01,0.01,0.025
2026-09-29T18:07:05+00:00,QQQ,2026-09-29,0,736.285,700.0,P,0.0,0.01,0.01,0.01,17,2253,0.9813,-0.0028,0.0006,0.0011,-0.0107,0.01,0.01,0.01,0.025
2026-09-29T18:07:05+00:00,QQQ,2026-09-29,0,736.285,701.0,P,0.0,0.01,0.01,0.01,6,626,0.9558,-0.0029,0.0007,0.0011,-0.0108,0.01,0.01,0.01,0.025
2026-09-29T18:07:05+00:00,QQQ,2026-09-29,0,736.285,702.0,P,0.0,0.01,0.01,0.01,65,430,0.9304,-0.003,0.0007,0.0012,-0.011,0.01,0.01,0.01,0.025
2026-09-29T18:07:05+00:00,QQQ,2026-09-29,0,736.285,703.0,P,0.0,0.01,0.01,0.01,1865,780,0.9049,-0.0031,0.0008,0.0012,-0.0111,0.01,0.01,0.01,0.035
2026-09-29T18:07:05+00:00,QQQ,2026-09-29,0,736.285,704.0,P,0.0,0.01,0.01,0.01,2933,611,0.8794,-0.0032,0.0008,0.0012,-0.0113,0.01,0.02,0.01,0.035
2026-09-29T18:07:05+00:00,QQQ,2026-09-29,0,736.285,705.0,P,0.0,0.01,0.01,0.01,4520,1921,0.8539,-0.0033,0.0008,0.0013,-0.0114,0.01,0.02,0.01,0.035
2026-09-29T18:07:05+00:00,QQQ,2026-09-29,0,736.285,706.0,P,0.0,0.01,0.01,0.01,6886,555,0.8284,-0.0034,0.0009,0.0013,-0.0116,0.01,0.02,0.01,0.035
2026-09-29T18:07:05+00:00,QQQ,2026-09-29,0,736.285,707.0,P,0.0,0.01,0.01,0.01,8935,1640,0.8028,-0.0036,0.001,0.0014,-0.0118,0.01,0.02,0.01,0.035
2026-09-29T18:07:05+00:00,QQQ,2026-09-29,0,736.285,708.0,P,0.0,0.01,0.01,0.01,12751,1993,0.7772,-0.0037,0.001,0.0014,-0.0119,0.01,0.02,0.01,0.035
2026-09-29T18:07:05+00:00,QQQ,2026-09-29,0,736.285,709.0,P,0.0,0.01,0.01,0.01,7621,553,0.7516,-0.0039,0.0011,0.0015,-0.0121,0.01,0.02,0.01,0.045
2026-09-29T18:07:05+00:00,QQQ,2026-09-29,0,736.285,710.0,P,0.0,0.01,0.01,0.01,7737,1837,0.7259,-0.004,0.0012,0.0016,-0.0122,0.02,0.02,0.01,0.045
2026-09-29T18:07:05+00:00,QQQ,2026-09-29,0,736.285,711.0,P,0.0,0.01,0.01,0.01,831,1572,0.7002,-0.0042,0.0013,0.0016,-0.0124,0.02,0.02,0.01,0.045
2026-09-29T18:07:05+00:00,QQQ,2026-09-29,0,736.285,712.0,P,0.0,0.01,0.01,0.01,355,3319,0.6745,-0.0044,0.0014,0.0017,-0.0126,0.01,0.02,0.01,0.055
2026-09-29T18:07:05+00:00,QQQ,2026-09-29,0,736.285,713.0,P,0.0,0.01,0.01,0.01,425,911,0.6487,-0.0046,0.0015,0.0018,-0.0127,0.02,0.02,0.01,0.055
2026-09-29T18:07:05+00:00,QQQ,2026-09-29,0,736.285,714.0,P,0.0,0.01,0.01,0.01,1114,1308,0.6229,-0.0048,0.0016,0.0018,-0.0129,0.02,0.02,0.01,0.065
2026-09-29T18:07:05+00:00,QQQ,2026-09-29,0,736.285,715.0,P,0.0,0.01,0.01,0.01,2598,4270,0.597,-0.0051,0.0017,0.0019,-0.0131,0.01,0.03,0.01,0.065
2026-09-29T18:07:05+00:00,QQQ,2026-09-29,0,736.285,716.0,P,0.0,0.01,0.01,0.01,2518,820,0.5711,-0.0053,0.0019,0.002,-0.0132,0.02,0.03,0.01,0.075
2026-09-29T18:07:05+00:00,QQQ,2026-09-29,0,736.285,717.0,P,0.0,0.01,0.01,0.01,4801,3256,0.5451,-0.0056,0.0021,0.0021,-0.0134,0.02,0.03,0.01,0.085
2026-09-29T18:07:05+00:00,QQQ,2026-09-29,0,736.285,718.0,P,0.01,0.02,0.015,0.01,3122,1481,0.5819,-0.0059,0.0023,0.0022,-0.0136,0.02,0.04,0.01,0.105
2026-09-29T18:07:05+00:00,QQQ,2026-09-29,0,736.285,719.0,P,0.01,0.02,0.015,0.01,2514,1987,0.5532,-0.0063,0.0025,0.0024,-0.0138,0.03,0.04,0.01,0.115
2026-09-29T18:07:05+00:00,QQQ,2026-09-29,0,736.285,720.0,P,0.01,0.02,0.015,0.01,4570,3318,0.5244,-0.0066,0.0028,0.0025,-0.014,0.03,0.04,0.01,0.135
2026-09-29T18:07:05+00:00,QQQ,2026-09-29,0,736.285,721.0,P,0.01,0.02,0.015,0.02,3937,1429,0.4954,-0.0071,0.0031,0.0026,-0.0141,0.07,0.07,0.01,0.165
2026-09-29T18:07:05+00:00,QQQ,2026-09-29,0,736.285,722.0,P,0.01,0.02,0.015,0.01,4589,4199,0.4663,-0.0075,0.0035,0.0028,-0.0143,0.01,0.06,0.01,0.195
2026-09-29T18:07:05+00:00,QQQ,2026-09-29,0,736.285,723.0,P,0.01,0.02,0.015,0.01,7974,3042,0.4371,-0.0081,0.004,0.003,-0.0145,0.03,0.07,0.01,0.235
2026-09-29T18:07:05+00:00,QQQ,2026-09-29,0,736.285,724.0,P,0.01,0.02,0.015,0.01,4556,2502,0.4077,-0.0087,0.0045,0.0032,-0.0148,0.03,0.09,0.01,0.285
2026-09-29T18:07:05+00:00,QQQ,2026-09-29,0,736.285,725.0,P,0.01,0.02,0.015,0.01,23267,23031,0.3781,-0.0095,0.0053,0.0034,-0.0151,0.04,0.1,0.01,0.345
2026-09-29T18:07:05+00:00,QQQ,2026-09-29,0,736.285,726.0,P,0.01,0.02,0.015,0.01,13578,2792,0.3482,-0.0105,0.0062,0.0038,-0.0156,0.07,0.13,0.01,0.415
2026-09-29T18:07:05+00:00,QQQ,2026-09-29,0,736.285,727.0,P,0.01,0.02,0.015,0.02,13163,3407,0.3182,-0.0119,0.0075,0.0042,-0.0166,0.06,0.18,0.01,0.505
2026-09-29T18:07:05+00:00,QQQ,2026-09-29,0,736.285,728.0,P,0.01,0.02,0.015,0.02,17564,3742,0.2878,-0.0142,0.0095,0.005,-0.0186,0.1,0.22,0.01,0.625
2026-09-29T18:07:05+00:00,QQQ,2026-09-29,0,736.285,729.0,P,0.02,0.03,0.025,0.02,22208,5320,0.2765,-0.0182,0.0128,0.0062,-0.0228,0.12,0.29,0.02,0.755
2026-09-29T18:07:05+00:00,QQQ,2026-09-29,0,736.285,730.0,P,0.03,0.04,0.035,0.04,109306,27107,0.2571,-0.0255,0.0185,0.0081,-0.0308,0.15,0.39,0.02,0.925
2026-09-29T18:07:05+00:00,QQQ,2026-09-29,0,736.285,731.0,P,0.04,0.05,0.045,0.04,52439,4142,0.2324,-0.0386,0.0281,0.0114,-0.0459,0.21,0.52,0.04,1.115
2026-09-29T18:07:05+00:00,QQQ,2026-09-29,0,736.285,732.0,P,0.07,0.08,0.075,0.07,94952,10155,0.2173,-0.0616,0.044,0.0164,-0.0734,0.25,0.69,0.05,1.355
2026-09-29T18:07:05+00:00,QQQ,2026-09-29,0,736.285,733.0,P,0.12,0.13,0.125,0.12,107037,6459,0.2009,-0.1017,0.0694,0.0236,-0.1236,0.35,0.91,0.09,1.625
2026-09-29T18:07:05+00:00,QQQ,2026-09-29,0,736.285,734.0,P,0.21,0.22,0.215,0.22,173385,3616,0.1878,-0.1723,0.1071,0.0334,-0.2204,0.42,1.19,0.15,1.945
2026-09-29T18:07:05+00:00,QQQ,2026-09-29,0,736.285,735.0,P,0.4,0.41,0.405,0.4,352405,39284,0.1774,-0.29,0.1517,0.0442,-0.4113,0.54,1.54,0.28,2.32
2026-09-29T18:07:05+00:00,QQQ,2026-09-29,0,736.285,736.0,P,0.73,0.74,0.735,0.74,381128,17831,0.1729,-0.4551,0.1803,0.0507,-0.7609,0.78,1.96,0.39,2.745
2026-09-29T18:07:05+00:00,QQQ,2026-09-29,0,736.285,737.0,P,1.27,1.28,1.275,1.28,342386,2306,0.1737,-0.6329,0.1701,0.0483,-0.5573,0.94,2.45,0.57,3.22
2026-09-29T18:07:05+00:00,QQQ,2026-09-29,0,736.285,738.0,P,1.99,2.02,2.005,2.02,207170,2642,0.1809,-0.7761,0.1297,0.0388,-0.2975,1.28,3.03,0.81,3.755
2026-09-29T18:07:05+00:00,QQQ,2026-09-29,0,736.285,739.0,P,2.85,2.92,2.885,2.94,118146,1545,0.1984,-0.8666,0.0871,0.0284,-0.1658,1.66,3.9,1.13,4.345
2026-09-29T18:07:05+00:00,QQQ,2026-09-29,0,736.285,740.0,P,3.77,3.87,3.82,3.8,70089,3267,0.2074,-0.9174,0.0565,0.0204,-0.1012,2.1,4.81,1.56,4.98
2026-09-29T18:07:05+00:00,QQQ,2026-09-29,0,736.285,741.0,P,4.74,4.86,4.8,4.78,14323,1303,0.2288,-0.9461,0.0372,0.0148,-0.0667,2.54,5.67,2.1,5.67
2026-09-29T18:07:05+00:00,QQQ,2026-09-29,0,736.285,742.0,P,5.73,5.84,5.785,5.71,4410,916,0.2484,-0.9633,0.0251,0.0109,-0.0463,3.12,6.66,2.74,6.415
2026-09-29T18:07:05+00:00,QQQ,2026-09-29,0,736.285,743.0,P,6.7,6.8,6.75,6.7,1554,891,0.2572,-0.974,0.0174,0.0082,-0.0336,4.13,7.53,3.5,7.195
2026-09-29T18:07:05+00:00,QQQ,2026-09-29,0,736.285,744.0,P,7.7,7.82,7.76,6.84,1652,1056,0.2798,-0.9808,0.0126,0.0064,-0.0257,4.96,8.62,4.31,7.975
2026-09-29T18:07:05+00:00,QQQ,2026-09-29,0,736.285,745.0,P,8.69,8.81,8.75,8.57,1177,2006,0.2831,-0.9851,0.0094,0.0052,-0.0208,5.22,9.6,5.2,8.94
2026-09-29T18:07:05+00:00,QQQ,2026-09-29,0,736.285,746.0,P,9.68,9.81,9.745,9.5,372,184,0.3112,-0.9878,0.0074,0.0043,-0.0177,7.22,10.5,6.2,9.75
2026-09-29T18:07:05+00:00,QQQ,2026-09-29,0,736.285,747.0,P,10.69,10.82,10.755,10.25,746,463,0.3389,-0.9896,0.006,0.0038,-0.0159,7.79,10.76,7.14,10.68
2026-09-29T18:07:05+00:00,QQQ,2026-09-29,0,736.285,748.0,P,11.66,11.81,11.735,11.35,216,251,0.3665,-0.9909,0.005,0.0033,-0.0147,8.95,12.53,8.1,11.62
2026-09-29T18:07:05+00:00,QQQ,2026-09-29,0,736.285,749.0,P,12.67,12.81,12.74,12.26,206,38,0.0,-0.9918,0.0043,0.003,-0.014,9.65,12.58,9.04,12.58
2026-09-29T18:07:05+00:00,QQQ,2026-09-29,0,736.285,750.0,P,13.66,13.81,13.735,13.68,116,10,0.0,-0.9924,0.0037,0.0028,-0.0135,10.79,13.94,10.07,13.525
2026-09-29T18:07:05+00:00,QQQ,2026-09-29,0,736.285,751.0,P,14.68,14.8,14.74,14.7,61,1,0.0,-0.993,0.0033,0.0026,-0.0132,11.86,15.58,11.2,14.48
2026-09-29T18:07:05+00:00,QQQ,2026-09-29,0,736.285,752.0,P,15.67,15.81,15.74,15.07,20,7,0.0,-0.9934,0.0029,0.0025,-0.0129,12.07,15.1,12.07,15.47
2026-09-29T18:07:05+00:00,QQQ,2026-09-29,0,736.285,753.0,P,16.67,16.81,16.74,15.98,14,0,0.0,-0.9938,0.0026,0.0023,-0.0127,15.34,16.65,13.3,16.46
2026-09-29T18:07:05+00:00,QQQ,2026-09-29,0,736.285,754.0,P,17.67,17.8,17.735,17.83,39,1,0.0,-0.9942,0.0024,0.0022,-0.0125,15.82,17.83,14.62,17.385
2026-09-29T18:07:05+00:00,QQQ,2026-09-29,0,736.285,755.0,P,18.67,18.8,18.735,18.37,34,27,0.0,-0.9945,0.0022,0.0021,-0.0124,18.1,18.7,15.23,18.365
2026-09-29T18:07:05+00:00,QQQ,2026-09-29,0,736.285,756.0,P,19.67,19.8,19.735,19.78,17,0,0.0,-0.9947,0.002,0.002,-0.0122,19.0,19.82,16.79,19.385
2026-09-29T18:07:05+00:00,QQQ,2026-09-29,0,736.285,757.0,P,20.67,20.8,20.735,21.36,34,0,0.0,-0.995,0.0018,0.0019,-0.0121,18.94,21.36,17.56,20.37
2026-09-29T18:07:05+00:00,QQQ,2026-09-29,0,736.285,758.0,P,21.67,21.8,21.735,21.83,15,0,0.0,-0.9952,0.0017,0.0018,-0.0119,20.98,21.83,19.9,21.38
2026-09-29T18:07:05+00:00,QQQ,2026-09-29,0,736.285,759.0,P,22.62,22.81,22.715,22.19,46,0,0.6104,-0.9954,0.0016,0.0018,-0.0118,21.84,22.95,19.36,23.13
2026-09-29T18:07:05+00:00,QQQ,2026-09-29,0,736.285,760.0,P,23.62,23.81,23.715,24.08,59,38,0.6343,-0.9956,0.0014,0.0017,-0.0117,20.4,24.45,20.1,23.37
2026-09-29T18:07:05+00:00,QQQ,2026-09-29,0,736.285,761.0,P,24.62,24.8,24.71,24.62,108,0,0.6581,-0.9958,0.0013,0.0016,-0.0115,24.11,25.22,23.36,24.37
2026-09-29T18:07:05+00:00,QQQ,2026-09-29,0,736.285,762.0,P,23.62,27.26,25.44,25.52,283,0,0.0,-0.996,0.0012,0.0016,-0.0114,24.62,26.6,23.44,25.38
2026-09-29T18:07:05+00:00,QQQ,2026-09-29,0,736.285,763.0,P,24.62,28.25,26.435,26.98,350,0,0.0,-0.9961,0.0012,0.0015,-0.0113,25.54,27.59,22.79,26.375
2026-09-29T18:07:05+00:00,QQQ,2026-09-29,0,736.285,764.0,P,25.62,29.26,27.44,27.98,250,0,0.0,-0.9963,0.0011,0.0014,-0.0111,25.66,28.94,22.63,27.38
2026-09-29T18:07:05+00:00,QQQ,2026-09-29,0,736.285,765.0,P,26.62,30.26,28.44,28.86,163,0,0.0,-0.9964,0.001,0.0014,-0.011,27.86,29.5,25.08,28.36
2026-09-29T18:07:05+00:00,QQQ,2026-09-29,0,736.285,766.0,P,27.62,31.26,29.44,29.99,137,0,0.0,-0.9965,0.001,0.0014,-0.0109,28.09,31.09,26.0,29.365
2026-09-29T18:07:05+00:00,QQQ,2026-09-29,0,736.285,767.0,P,28.62,32.26,30.44,30.99,183,0,0.0,-0.9967,0.0009,0.0013,-0.0108,28.8,31.11,26.2,30.375
2026-09-29T18:07:05+00:00,QQQ,2026-09-29,0,736.285,768.0,P,29.62,33.26,31.44,31.99,174,0,0.0,-0.9968,0.0009,0.0013,-0.0106,30.86,32.03,28.16,31.38
2026-09-29T18:07:05+00:00,QQQ,2026-09-29,0,736.285,769.0,P,30.62,34.27,32.445,32.98,167,0,0.0,-0.9969,0.0008,0.0012,-0.0105,30.44,33.13,29.28,32.365
2026-09-29T18:07:05+00:00,QQQ,2026-09-29,0,736.285,770.0,P,31.62,35.26,33.44,33.98,225,0,0.0,-0.997,0.0008,0.0012,-0.0104,32.85,34.05,30.54,33.38
2026-09-29T18:07:05+00:00,QQQ,2026-09-29,0,736.285,771.0,P,32.62,36.26,34.44,34.92,177,0,0.0,-0.9971,0.0007,0.0012,-0.0103,33.35,35.06,31.35,34.38
2026-09-29T18:07:05+00:00,QQQ,2026-09-29,0,736.285,772.0,P,33.62,37.27,35.445,35.92,153,0,0.0,-0.9972,0.0007,0.0011,-0.0102,34.26,36.66,32.35,35.38
2026-09-29T18:07:05+00:00,QQQ,2026-09-29,0,736.285,773.0,P,34.65,38.26,36.455,36.78,95,0,0.0,-0.9973,0.0006,0.0011,-0.01,34.9,37.65,33.47,37.125
2026-09-29T18:07:05+00:00,QQQ,2026-09-29,0,736.285,774.0,P,35.65,39.26,37.455,37.78,103,0,0.0,-0.9973,0.0006,0.0011,-0.0099,34.89,37.78,34.34,37.63
2026-09-29T18:07:05+00:00,QQQ,2026-09-29,0,736.285,775.0,P,36.65,40.26,38.455,38.07,79,0,0.0,-0.9974,0.0006,0.001,-0.0098,35.82,38.49,35.27,38.64
2026-09-29T18:07:05+00:00,QQQ,2026-09-29,0,736.285,780.0,P,41.63,45.26,43.445,40.36,14,0,0.0,-0.9978,0.0005,0.0009,-0.0092,42.25,43.03,40.3,43.635
2026-09-29T18:07:05+00:00,QQQ,2026-09-29,0,736.285,785.0,P,46.63,50.28,48.455,47.14,18,0,0.0,-0.998,0.0004,0.0008,-0.0087,46.72,47.7,44.94,48.635
2026-09-29T18:07:05+00:00,QQQ,2026-09-29,0,736.285,790.0,P,51.63,55.26,53.445,53.99,4,0,0.0,-0.9983,0.0003,0.0007,-0.0082,53.31,53.99,52.06,53.64
2026-09-29T18:07:05+00:00,QQQ,2026-09-29,0,736.285,795.0,P,56.63,60.26,58.445,58.92,6,0,0.0,-0.9985,0.0003,0.0006,-0.0077,57.12,58.92,57.12,58.64
2026-09-29T18:07:05+00:00,QQQ,2026-09-29,0,736.285,800.0,P,62.47,65.25,63.86,64.42,7,0,2.094,-0.9986,0.0002,0.0006,-0.0073,63.69,64.42,62.08,63.635
2026-09-29T18:07:05+00:00,QQQ,2026-09-29,0,736.285,805.0,P,68.12,70.24,69.18,69.23,5,0,2.7392,-0.9988,0.0002,0.0005,-0.0068,66.99,69.35,66.99,68.62
2026-09-29T18:07:05+00:00,QQQ,2026-09-29,0,736.285,810.0,P,71.63,75.26,73.445,74.16,5,0,0.0,-0.9989,0.0002,0.0005,-0.0064,72.14,74.16,72.14,73.64
2026-09-29T18:07:05+00:00,QQQ,2026-09-29,0,736.285,815.0,P,76.63,80.26,78.445,78.93,6,0,0.0,-0.999,0.0001,0.0004,-0.006,77.15,78.93,77.15,78.615
2026-09-29T18:07:05+00:00,QQQ,2026-09-29,0,736.285,820.0,P,81.63,85.26,83.445,83.78,8,0,0.0,-0.9991,0.0001,0.0004,-0.0056,82.25,83.86,82.25,83.62
2026-09-29T18:07:05+00:00,QQQ,2026-09-29,0,736.285,825.0,P,86.62,90.28,88.45,88.71,5,0,0.0,-0.9992,0.0001,0.0003,-0.0053,87.25,88.71,87.25,88.64
2026-09-29T18:07:05+00:00,QQQ,2026-09-29,0,736.285,830.0,P,91.62,95.26,93.44,93.96,3,0,0.0,-0.9993,0.0001,0.0003,-0.005,92.37,93.96,92.37,93.64
2026-09-29T18:07:05+00:00,QQQ,2026-09-29,0,736.285,835.0,P,96.62,100.26,98.44,98.87,4,0,0.0,-0.9993,0.0001,0.0003,-0.0046,97.54,98.89,97.54,98.64
2026-09-29T18:07:05+00:00,QQQ,2026-09-29,0,736.285,840.0,P,101.62,105.26,103.44,103.8,3,0,0.0,-0.9994,0.0001,0.0003,-0.0044,102.45,103.8,100.47,103.64
2026-09-29T18:07:05+00:00,QQQ,2026-09-29,0,736.285,845.0,P,106.62,110.26,108.44,108.74,1,0,0.0,-0.9994,0.0001,0.0002,-0.0041,108.74,108.74,108.74,108.64
2026-09-29T18:07:05+00:00,QQQ,2026-09-29,0,736.285,850.0,P,111.62,115.28,113.45,113.67,1,0,0.0,-0.9995,0.0001,0.0002,-0.0038,113.67,113.67,113.67,113.62
2026-09-29T18:22:05+00:00,QQQ,2026-09-29,0,737.22,485.0,C,250.21,253.87,252.04,252.92,6,0,0.0,1.0,0.0,0.0,0.0,253.15,253.15,252.92,251.46
2026-09-29T18:22:05+00:00,QQQ,2026-09-29,0,737.22,490.0,C,245.17,248.87,247.02,247.92,6,0,0.0,1.0,0.0,0.0,0.0,248.22,248.22,247.92,246.46
2026-09-29T18:22:05+00:00,QQQ,2026-09-29,0,737.22,505.0,C,230.17,233.87,232.02,231.97,2,8,0.0,1.0,0.0,0.0,-0.0001,231.97,231.97,231.97,231.435
2026-09-29T18:22:05+00:00,QQQ,2026-09-29,0,737.22,510.0,C,225.17,228.87,227.02,227.04,2,0,0.0,1.0,0.0,0.0,-0.0001,227.04,227.04,227.04,226.465
2026-09-29T18:22:05+00:00,QQQ,2026-09-29,0,737.22,525.0,C,210.17,213.84,212.005,211.03,1,0,0.0,1.0,0.0,0.0,-0.0002,211.03,211.03,211.03,211.46
2026-09-29T18:22:05+00:00,QQQ,2026-09-29,0,737.22,530.0,C,205.17,208.87,207.02,206.1,2,0,0.0,1.0,0.0,0.0,-0.0002,206.99,206.99,206.1,206.46
2026-09-29T18:22:05+00:00,QQQ,2026-09-29,0,737.22,535.0,C,200.17,203.87,202.02,201.22,2,0,0.0,1.0,0.0,0.0,-0.0003,202.06,202.06,201.22,201.465
2026-09-29T18:22:05+00:00,QQQ,2026-09-29,0,737.22,540.0,C,195.17,198.87,197.02,196.29,1,0,0.0,1.0,0.0,0.0,-0.0003,196.29,196.29,196.29,196.465
2026-09-29T18:22:05+00:00,QQQ,2026-09-29,0,737.22,545.0,C,190.17,193.87,192.02,191.17,1,0,0.0,1.0,0.0,0.0,-0.0004,191.17,191.17,191.17,191.47
2026-09-29T18:22:05+00:00,QQQ,2026-09-29,0,737.22,550.0,C,185.17,188.87,187.02,186.24,2,0,0.0,1.0,0.0,0.0,-0.0004,186.93,186.93,186.24,186.47
2026-09-29T18:22:05+00:00,QQQ,2026-09-29,0,737.22,555.0,C,180.17,183.57,181.87,182.0,1,0,0.0,1.0,0.0,0.0,-0.0005,182.0,182.0,182.0,181.47
2026-09-29T18:22:05+00:00,QQQ,2026-09-29,0,737.22,560.0,C,175.17,178.66,176.915,176.03,1,0,0.0,0.9999,0.0,0.0,-0.0006,176.03,176.03,176.03,176.47
2026-09-29T18:22:05+00:00,QQQ,2026-09-29,0,737.22,565.0,C,170.17,173.87,172.02,171.1,1,0,0.0,0.9999,0.0,0.0,-0.0007,171.1,171.1,171.1,171.47
2026-09-29T18:22:05+00:00,QQQ,2026-09-29,0,737.22,615.0,C,120.17,123.87,122.02,121.22,1,0,0.0,0.9998,0.0,0.0001,-0.0023,121.22,121.22,121.22,121.48
2026-09-29T18:22:05+00:00,QQQ,2026-09-29,0,737.22,620.0,C,115.17,118.87,117.02,116.29,1,0,0.0,0.9997,0.0,0.0001,-0.0025,116.29,116.29,116.29,116.48
2026-09-29T18:22:05+00:00,QQQ,2026-09-29,0,737.22,640.0,C,95.17,98.87,97.02,96.07,3,0,0.0,0.9995,0.0,0.0002,-0.0037,96.31,96.31,96.07,96.48
2026-09-29T18:22:05+00:00,QQQ,2026-09-29,0,737.22,645.0,C,90.17,93.87,92.02,91.14,3,0,0.0,0.9994,0.0001,0.0002,-0.0041,91.38,91.38,91.14,91.495
2026-09-29T18:22:05+00:00,QQQ,2026-09-29,0,737.22,660.0,C,75.17,78.73,76.95,77.83,1,0,0.0,0.9992,0.0001,0.0003,-0.0053,77.83,77.83,77.83,76.51
2026-09-29T18:22:05+00:00,QQQ,2026-09-29,0,737.22,661.0,C,74.17,77.87,76.02,76.89,1,0,0.0,0.9992,0.0001,0.0003,-0.0054,76.89,76.89,76.89,75.505
2026-09-29T18:22:05+00:00,QQQ,2026-09-29,0,737.22,663.0,C,72.17,75.63,73.9,74.17,1,0,0.0,0.9991,0.0001,0.0004,-0.0056,74.17,74.17,74.17,73.505
2026-09-29T18:22:05+00:00,QQQ,2026-09-29,0,737.22,664.0,C,71.17,74.39,72.78,73.22,1,0,0.0,0.9991,0.0001,0.0004,-0.0057,73.22,73.22,73.22,72.505
2026-09-29T18:22:05+00:00,QQQ,2026-09-29,0,737.22,666.0,C,69.17,72.87,71.02,71.47,1,0,0.0,0.9991,0.0001,0.0004,-0.0059,71.47,71.47,71.47,70.51
2026-09-29T18:22:05+00:00,QQQ,2026-09-29,0,737.22,667.0,C,68.17,71.55,69.86,70.52,1,0,0.0,0.999,0.0001,0.0004,-0.006,70.52,70.52,70.52,69.51
2026-09-29T18:22:05+00:00,QQQ,2026-09-29,0,737.22,669.0,C,66.17,69.74,67.955,69.1,1,0,0.0,0.999,0.0001,0.0004,-0.0062,69.1,69.1,69.1,67.505
2026-09-29T18:22:05+00:00,QQQ,2026-09-29,0,737.22,670.0,C,65.17,68.87,67.02,68.18,1,1,0.0,0.999,0.0001,0.0004,-0.0063,68.18,68.18,68.18,66.505
2026-09-29T18:22:05+00:00,QQQ,2026-09-29,0,737.22,671.0,C,64.17,67.55,65.86,66.09,1,0,0.0,0.9989,0.0002,0.0004,-0.0064,66.09,66.09,66.09,65.505
2026-09-29T18:22:05+00:00,QQQ,2026-09-29,0,737.22,672.0,C,63.17,66.73,64.95,65.15,1,0,0.0,0.9989,0.0002,0.0004,-0.0065,65.15,65.15,65.15,64.505
2026-09-29T18:22:05+00:00,QQQ,2026-09-29,0,737.22,674.0,C,61.17,64.87,63.02,62.41,25,0,0.0,0.9988,0.0002,0.0005,-0.0067,63.12,63.53,62.3,62.515
2026-09-29T18:22:05+00:00,QQQ,2026-09-29,0,737.22,675.0,C,60.83,63.85,62.34,61.03,26,3,2.374,0.9988,0.0002,0.0005,-0.0068,62.18,62.6,61.03,61.515
2026-09-29T18:22:05+00:00,QQQ,2026-09-29,0,737.22,676.0,C,60.83,62.56,61.695,60.08,3,0,2.9043,0.9988,0.0002,0.0005,-0.0069,60.22,60.45,60.08,60.51
2026-09-29T18:22:05+00:00,QQQ,2026-09-29,0,737.22,677.0,C,58.17,61.86,60.015,59.57,10,0,0.0,0.9987,0.0002,0.0005,-0.007,60.66,60.66,59.09,59.515
2026-09-29T18:22:05+00:00,QQQ,2026-09-29,0,737.22,678.0,C,57.65,60.85,59.25,58.62,15,0,1.9001,0.9987,0.0002,0.0005,-0.0071,59.74,59.74,58.16,58.52
2026-09-29T18:22:05+00:00,QQQ,2026-09-29,0,737.22,679.0,C,56.17,59.86,58.015,57.56,8,0,0.0,0.9987,0.0002,0.0005,-0.0072,58.28,58.42,57.56,57.52
2026-09-29T18:22:05+00:00,QQQ,2026-09-29,0,737.22,680.0,C,55.17,58.63,56.9,56.61,2,1,0.0,0.9986,0.0002,0.0005,-0.0073,57.29,57.29,56.61,56.52
2026-09-29T18:22:05+00:00,QQQ,2026-09-29,0,737.22,681.0,C,54.17,57.87,56.02,55.51,4,0,0.0,0.9986,0.0002,0.0006,-0.0074,56.37,56.37,55.0,55.53
2026-09-29T18:22:05+00:00,QQQ,2026-09-29,0,737.22,682.0,C,53.17,56.87,55.02,54.56,16,0,0.0,0.9986,0.0002,0.0006,-0.0076,55.89,55.89,53.93,54.515
2026-09-29T18:22:05+00:00,QQQ,2026-09-29,0,737.22,683.0,C,52.17,55.74,53.955,53.28,20,0,0.0,0.9985,0.0002,0.0006,-0.0077,54.95,54.95,53.0,53.515
2026-09-29T18:22:05+00:00,QQQ,2026-09-29,0,737.22,684.0,C,51.17,54.57,52.87,52.86,7,0,0.0,0.9985,0.0003,0.0006,-0.0078,52.98,52.99,52.86,52.525
2026-09-29T18:22:05+00:00,QQQ,2026-09-29,0,737.22,685.0,C,50.17,53.54,51.855,51.58,4,1,0.0,0.9984,0.0003,0.0006,-0.0079,52.17,52.17,51.03,51.525
2026-09-29T18:22:05+00:00,QQQ,2026-09-29,0,737.22,686.0,C,49.17,52.38,50.775,50.63,4,2,0.0,0.9984,0.0003,0.0006,-0.008,51.24,51.24,50.08,50.525
2026-09-29T18:22:05+00:00,QQQ,2026-09-29,0,737.22,687.0,C,48.17,51.87,50.02,49.48,5,1,0.0,0.9983,0.0003,0.0006,-0.0081,52.59,52.59,49.2,49.53
2026-09-29T18:22:05+00:00,QQQ,2026-09-29,0,737.22,688.0,C,47.22,50.87,49.045,48.53,4,0,0.0,0.9983,0.0003,0.0007,-0.0083,51.65,51.65,48.25,48.525
2026-09-29T18:22:05+00:00,QQQ,2026-09-29,0,737.22,689.0,C,46.17,49.87,48.02,47.42,1,0,0.0,0.9982,0.0003,0.0007,-0.0084,47.42,47.42,47.42,47.525
2026-09-29T18:22:05+00:00,QQQ,2026-09-29,0,737.22,690.0,C,45.17,48.76,46.965,46.47,34,34,0.0,0.9982,0.0004,0.0007,-0.0085,48.2,49.11,46.47,46.525
2026-09-29T18:22:05+00:00,QQQ,2026-09-29,0,737.22,691.0,C,44.17,47.87,46.02,45.64,4,0,0.0,0.9981,0.0004,0.0007,-0.0086,47.68,47.68,45.64,45.535
2026-09-29T18:22:05+00:00,QQQ,2026-09-29,0,737.22,692.0,C,43.17,46.73,44.95,44.69,4,0,0.0,0.9981,0.0004,0.0008,-0.0088,46.08,46.08,44.69,44.54
2026-09-29T18:22:05+00:00,QQQ,2026-09-29,0,737.22,693.0,C,42.17,45.87,44.02,45.15,1,12,0.0,0.998,0.0004,0.0008,-0.0089,45.15,45.15,45.15,43.535
2026-09-29T18:22:05+00:00,QQQ,2026-09-29,0,737.22,694.0,C,41.17,44.87,43.02,42.74,1,0,0.0,0.9979,0.0004,0.0008,-0.009,42.74,42.74,42.74,42.54
2026-09-29T18:22:05+00:00,QQQ,2026-09-29,0,737.22,695.0,C,40.17,43.87,42.02,41.81,1,1,0.0,0.9979,0.0004,0.0008,-0.0091,41.81,41.81,41.81,41.53
2026-09-29T18:22:05+00:00,QQQ,2026-09-29,0,737.22,696.0,C,39.17,42.6,40.885,40.89,1,0,0.0,0.9978,0.0005,0.0008,-0.0093,40.89,40.89,40.89,40.535
2026-09-29T18:22:05+00:00,QQQ,2026-09-29,0,737.22,697.0,C,38.17,41.87,40.02,39.95,3,1,0.0,0.9977,0.0005,0.0009,-0.0094,41.14,41.14,39.95,39.535
2026-09-29T18:22:05+00:00,QQQ,2026-09-29,0,737.22,698.0,C,37.17,40.82,38.995,38.73,4,3,0.0,0.9976,0.0005,0.0009,-0.0095,40.15,40.15,38.73,38.55
2026-09-29T18:22:05+00:00,QQQ,2026-09-29,0,737.22,699.0,C,36.22,39.87,38.045,37.77,11,3,0.0,0.9976,0.0005,0.0009,-0.0097,39.04,40.58,35.6,37.545
2026-09-29T18:22:05+00:00,QQQ,2026-09-29,0,737.22,700.0,C,35.22,38.87,37.045,36.04,119,65,0.0,0.9975,0.0006,0.001,-0.0098,39.0,40.06,35.8,36.405
2026-09-29T18:22:05+00:00,QQQ,2026-09-29,0,737.22,701.0,C,34.24,38.07,36.155,35.09,50,7,0.0,0.9974,0.0006,0.001,-0.0099,37.17,39.38,35.09,35.435
2026-09-29T18:22:05+00:00,QQQ,2026-09-29,0,737.22,702.0,C,33.24,36.57,34.905,34.7,41,33,0.0,0.9973,0.0006,0.001,-0.0101,35.13,38.44,32.85,34.43
2026-09-29T18:22:05+00:00,QQQ,2026-09-29,0,737.22,703.0,C,32.17,35.58,33.875,33.53,36,15,0.0,0.9972,0.0007,0.001,-0.0102,34.21,38.05,33.53,33.435
2026-09-29T18:22:05+00:00,QQQ,2026-09-29,0,737.22,704.0,C,31.24,34.54,32.89,32.58,53,16,0.0,0.9971,0.0007,0.0011,-0.0104,33.01,36.55,31.65,32.44
2026-09-29T18:22:05+00:00,QQQ,2026-09-29,0,737.22,705.0,C,31.07,33.74,32.405,32.58,26,230,1.4173,0.997,0.0008,0.0011,-0.0105,31.79,35.35,30.59,31.415
2026-09-29T18:22:05+00:00,QQQ,2026-09-29,0,737.22,706.0,C,29.27,32.47,30.87,30.56,38,5,0.0,0.9969,0.0008,0.0012,-0.0106,30.46,34.04,29.2,30.445
2026-09-29T18:22:05+00:00,QQQ,2026-09-29,0,737.22,707.0,C,28.27,31.57,29.92,29.61,29,17,0.0,0.9968,0.0009,0.0012,-0.0108,29.96,33.11,28.49,29.415
2026-09-29T18:22:05+00:00,QQQ,2026-09-29,0,737.22,708.0,C,27.24,30.53,28.885,28.18,38,9,0.0,0.9966,0.0009,0.0013,-0.0109,28.58,32.1,28.18,28.465
2026-09-29T18:22:05+00:00,QQQ,2026-09-29,0,737.22,709.0,C,26.26,29.52,27.89,27.25,52,49,0.0,0.9965,0.001,0.0013,-0.0111,27.54,31.02,27.23,27.46
2026-09-29T18:22:05+00:00,QQQ,2026-09-29,0,737.22,710.0,C,26.27,28.52,27.395,26.33,87,564,1.2158,0.9963,0.001,0.0014,-0.0112,26.97,29.62,25.76,26.425
2026-09-29T18:22:05+00:00,QQQ,2026-09-29,0,737.22,711.0,C,24.27,27.29,25.78,25.4,144,51,0.0,0.9962,0.0011,0.0014,-0.0114,25.96,29.0,23.52,25.43
2026-09-29T18:22:05+00:00,QQQ,2026-09-29,0,737.22,712.0,C,23.27,26.91,25.09,25.05,69,15,0.0,0.996,0.0012,0.0015,-0.0115,25.0,28.05,23.58,24.48
2026-09-29T18:22:05+00:00,QQQ,2026-09-29,0,737.22,713.0,C,24.13,24.26,24.195,24.08,86,34,0.0,0.9958,0.0013,0.0015,-0.0117,23.99,26.95,23.07,23.41
2026-09-29T18:22:05+00:00,QQQ,2026-09-29,0,737.22,714.0,C,23.13,23.26,23.195,22.92,31,43,0.0,0.9956,0.0014,0.0016,-0.0118,23.69,26.07,21.7,22.48
2026-09-29T18:22:05+00:00,QQQ,2026-09-29,0,737.22,715.0,C,22.09,22.23,22.16,22.02,51,485,0.0,0.9954,0.0015,0.0017,-0.012,23.93,25.04,20.55,21.395
2026-09-29T18:22:05+00:00,QQQ,2026-09-29,0,737.22,716.0,C,21.09,21.23,21.16,20.07,31,190,0.0,0.9952,0.0017,0.0017,-0.0122,21.22,23.9,20.07,20.4
2026-09-29T18:22:05+00:00,QQQ,2026-09-29,0,737.22,717.0,C,20.13,20.26,20.195,19.39,32,102,0.0,0.995,0.0018,0.0018,-0.0123,20.02,22.24,19.39,19.42
2026-09-29T18:22:05+00:00,QQQ,2026-09-29,0,737.22,718.0,C,19.1,19.23,19.165,19.1,38,132,0.0,0.9947,0.002,0.0019,-0.0125,21.14,21.99,18.42,18.46
2026-09-29T18:22:05+00:00,QQQ,2026-09-29,0,737.22,719.0,C,18.13,18.26,18.195,17.17,9,80,0.0,0.9944,0.0022,0.002,-0.0126,18.07,19.25,16.89,17.445
2026-09-29T18:22:05+00:00,QQQ,2026-09-29,0,737.22,720.0,C,17.1,17.24,17.17,17.06,153,861,0.0,0.9941,0.0024,0.0021,-0.0128,19.07,19.85,16.03,16.69
2026-09-29T18:22:05+00:00,QQQ,2026-09-29,0,737.22,721.0,C,16.13,16.26,16.195,15.58,41,377,0.0,0.9937,0.0027,0.0022,-0.013,17.55,18.6,15.04,15.565
2026-09-29T18:22:05+00:00,QQQ,2026-09-29,0,737.22,722.0,C,15.09,15.24,15.165,15.4,13,81,0.0,0.9933,0.003,0.0024,-0.0131,16.41,16.63,14.8,14.52
2026-09-29T18:22:05+00:00,QQQ,2026-09-29,0,737.22,723.0,C,14.08,14.24,14.16,14.09,118,98,0.0,0.9929,0.0034,0.0025,-0.0133,17.01,17.01,13.58,13.705
2026-09-29T18:22:05+00:00,QQQ,2026-09-29,0,737.22,724.0,C,13.13,13.25,13.19,13.63,315,121,0.0,0.9924,0.0038,0.0027,-0.0135,14.03,15.75,12.36,12.72
2026-09-29T18:22:05+00:00,QQQ,2026-09-29,0,737.22,725.0,C,12.13,12.25,12.19,10.83,715,712,0.0,0.9918,0.0044,0.0029,-0.0136,12.81,15.0,10.83,11.795
2026-09-29T18:22:05+00:00,QQQ,2026-09-29,0,737.22,726.0,C,11.14,11.25,11.195,9.83,137,129,0.0,0.9912,0.005,0.0031,-0.0138,13.36,13.8,9.83,10.83
2026-09-29T18:22:05+00:00,QQQ,2026-09-29,0,737.22,727.0,C,10.1,10.25,10.175,10.21,377,392,0.0,0.9904,0.0059,0.0034,-0.014,13.0,13.0,8.53,10.06
2026-09-29T18:22:05+00:00,QQQ,2026-09-29,0,737.22,728.0,C,9.11,9.24,9.175,9.22,247,448,0.0,0.9894,0.007,0.0037,-0.0143,11.8,11.82,7.51,9.205
2026-09-29T18:22:05+00:00,QQQ,2026-09-29,0,737.22,729.0,C,8.1,8.25,8.175,8.22,225,184,0.0,0.988,0.0085,0.0041,-0.015,8.31,11.06,6.53,8.345
2026-09-29T18:22:05+00:00,QQQ,2026-09-29,0,737.22,730.0,C,7.11,7.24,7.175,7.29,1318,716,0.0,0.9855,0.0111,0.0048,-0.0168,10.08,10.11,5.5,7.505
2026-09-29T18:22:05+00:00,QQQ,2026-09-29,0,737.22,731.0,C,6.13,6.28,6.205,6.25,1786,572,0.0,0.9804,0.0157,0.0063,-0.0215,9.06,9.09,4.59,6.705
2026-09-29T18:22:05+00:00,QQQ,2026-09-29,0,737.22,732.0,C,5.11,5.26,5.185,5.2,4837,819,0.2035,0.9697,0.0246,0.009,-0.0327,7.65,8.0,3.6,5.935
2026-09-29T18:22:05+00:00,QQQ,2026-09-29,0,737.22,733.0,C,4.15,4.31,4.23,4.25,4747,2372,0.1774,0.948,0.0408,0.0137,-0.0568,7.56,7.56,2.68,5.195
2026-09-29T18:22:05+00:00,QQQ,2026-09-29,0,737.22,734.0,C,3.21,3.34,3.275,3.24,13523,1299,0.1784,0.9068,0.068,0.0212,-0.1064,6.71,6.74,1.85,4.515
2026-09-29T18:22:05+00:00,QQQ,2026-09-29,0,737.22,735.0,C,2.31,2.41,2.36,2.36,51241,3186,0.1777,0.8321,0.1082,0.0313,-0.2078,5.74,6.0,1.14,3.885
2026-09-29T18:22:05+00:00,QQQ,2026-09-29,0,737.22,736.0,C,1.58,1.59,1.585,1.58,172810,5006,0.1789,0.7091,0.1536,0.0421,-0.4085,4.88,5.15,0.65,3.315
2026-09-29T18:22:05+00:00,QQQ,2026-09-29,0,737.22,737.0,C,0.95,0.96,0.955,0.95,365761,7852,0.1765,0.5413,0.1804,0.0484,-0.77,4.25,4.25,0.34,2.795
2026-09-29T18:22:05+00:00,QQQ,2026-09-29,0,737.22,738.0,C,0.54,0.55,0.545,0.53,356355,5652,0.1829,0.3647,0.1685,0.0459,-0.5563,3.49,3.65,0.18,2.325
2026-09-29T18:22:05+00:00,QQQ,2026-09-29,0,737.22,739.0,C,0.29,0.3,0.295,0.3,334992,6169,0.1926,0.2242,0.1282,0.037,-0.3016,2.72,2.93,0.11,1.915
2026-09-29T18:22:05+00:00,QQQ,2026-09-29,0,737.22,740.0,C,0.17,0.18,0.175,0.17,379741,7897,0.2076,0.1356,0.0866,0.0273,-0.172,2.2,2.36,0.07,1.555
2026-09-29T18:22:05+00:00,QQQ,2026-09-29,0,737.22,741.0,C,0.11,0.12,0.115,0.11,200376,3074,0.2295,0.0856,0.0569,0.0198,-0.1077,1.77,1.89,0.05,1.255
2026-09-29T18:22:05+00:00,QQQ,2026-09-29,0,737.22,742.0,C,0.07,0.08,0.075,0.08,126248,6546,0.2487,0.0569,0.038,0.0146,-0.0725,1.29,1.45,0.04,1.005
2026-09-29T18:22:05+00:00,QQQ,2026-09-29,0,737.22,743.0,C,0.05,0.06,0.055,0.06,83584,7202,0.2719,0.0392,0.026,0.0109,-0.051,1.0,1.03,0.03,0.785
2026-09-29T18:22:05+00:00,QQQ,2026-09-29,0,737.22,744.0,C,0.03,0.04,0.035,0.04,52864,3156,0.2864,0.0278,0.0181,0.0082,-0.037,0.7,0.76,0.02,0.615
2026-09-29T18:22:05+00:00,QQQ,2026-09-29,0,737.22,745.0,C,0.02,0.03,0.025,0.02,48544,7854,0.3051,0.0204,0.013,0.0064,-0.0278,0.51,0.57,0.01,0.475
2026-09-29T18:22:05+00:00,QQQ,2026-09-29,0,737.22,746.0,C,0.01,0.02,0.015,0.02,27766,2194,0.3153,0.0155,0.0096,0.005,-0.0219,0.41,0.43,0.01,0.365
2026-09-29T18:22:05+00:00,QQQ,2026-09-29,0,737.22,747.0,C,0.01,0.02,0.015,0.01,26640,5519,0.3462,0.0123,0.0074,0.0041,-0.0181,0.27,0.27,0.01,0.275
2026-09-29T18:22:05+00:00,QQQ,2026-09-29,0,737.22,748.0,C,0.01,0.02,0.015,0.01,18897,2137,0.3766,0.0102,0.0059,0.0035,-0.0156,0.19,0.19,0.01,0.215
2026-09-29T18:22:05+00:00,QQQ,2026-09-29,0,737.22,749.0,C,0.0,0.01,0.01,0.01,8199,2383,0.3597,0.0088,0.0048,0.0031,-0.014,0.14,0.14,0.01,0.165
2026-09-29T18:22:05+00:00,QQQ,2026-09-29,0,737.22,750.0,C,0.0,0.01,0.01,0.01,19468,7884,0.3868,0.0078,0.0041,0.0027,-0.013,0.1,0.1,0.01,0.125
2026-09-29T18:22:05+00:00,QQQ,2026-09-29,0,737.22,751.0,C,0.0,0.01,0.01,0.01,3061,2831,0.4137,0.007,0.0035,0.0025,-0.0123,0.08,0.08,0.01,0.105
2026-09-29T18:22:05+00:00,QQQ,2026-09-29,0,737.22,752.0,C,0.0,0.01,0.01,0.01,4713,2702,0.4403,0.0064,0.0031,0.0023,-0.0118,0.05,0.05,0.01,0.075
2026-09-29T18:22:05+00:00,QQQ,2026-09-29,0,737.22,753.0,C,0.0,0.01,0.01,0.01,1845,3736,0.4668,0.006,0.0027,0.0022,-0.0115,0.04,0.04,0.01,0.065
2026-09-29T18:22:05+00:00,QQQ,2026-09-29,0,737.22,754.0,C,0.0,0.01,0.01,0.01,2258,2488,0.4931,0.0056,0.0024,0.002,-0.0112,0.05,0.05,0.01,0.055
2026-09-29T18:22:05+00:00,QQQ,2026-09-29,0,737.22,755.0,C,0.0,0.01,0.01,0.01,5857,2761,0.5193,0.0053,0.0022,0.0019,-0.011,0.02,0.03,0.01,0.045
2026-09-29T18:22:05+00:00,QQQ,2026-09-29,0,737.22,756.0,C,0.0,0.01,0.01,0.01,668,1635,0.5453,0.005,0.002,0.0018,-0.0109,0.01,0.02,0.01,0.035
2026-09-29T18:22:05+00:00,QQQ,2026-09-29,0,737.22,757.0,C,0.0,0.01,0.01,0.01,1023,2262,0.5712,0.0047,0.0018,0.0017,-0.0107,0.02,0.02,0.01,0.035
2026-09-29T18:22:05+00:00,QQQ,2026-09-29,0,737.22,758.0,C,0.0,0.01,0.01,0.01,105,637,0.5969,0.0045,0.0017,0.0016,-0.0106,0.02,0.02,0.01,0.025
2026-09-29T18:22:05+00:00,QQQ,2026-09-29,0,737.22,759.0,C,0.0,0.01,0.01,0.01,556,1121,0.6224,0.0043,0.0016,0.0016,-0.0104,0.01,0.02,0.01,0.025
2026-09-29T18:22:05+00:00,QQQ,2026-09-29,0,737.22,760.0,C,0.0,0.01,0.01,0.01,428,4773,0.6479,0.0041,0.0014,0.0015,-0.0103,0.02,0.02,0.01,0.025
2026-09-29T18:22:05+00:00,QQQ,2026-09-29,0,737.22,761.0,C,0.0,0.01,0.01,0.01,462,718,0.6733,0.0039,0.0013,0.0014,-0.0102,0.01,0.02,0.01,0.015
2026-09-29T18:22:05+00:00,QQQ,2026-09-29,0,737.22,762.0,C,0.0,0.01,0.01,0.01,187,607,0.6985,0.0038,0.0012,0.0014,-0.0101,0.01,0.01,0.01,0.015
2026-09-29T18:22:05+00:00,QQQ,2026-09-29,0,737.22,763.0,C,0.0,0.01,0.01,0.01,541,1090,0.7236,0.0036,0.0012,0.0013,-0.0099,0.01,0.02,0.01,0.015
2026-09-29T18:22:05+00:00,QQQ,2026-09-29,0,737.22,764.0,C,0.0,0.01,0.01,0.01,14,440,0.7486,0.0035,0.0011,0.0013,-0.0098,0.01,0.01,0.01,0.015
2026-09-29T18:22:05+00:00,QQQ,2026-09-29,0,737.22,765.0,C,0.0,0.01,0.01,0.01,5,1443,0.7735,0.0033,0.001,0.0012,-0.0097,0.01,0.01,0.01,0.015
2026-09-29T18:22:05+00:00,QQQ,2026-09-29,0,737.22,766.0,C,0.0,0.01,0.01,0.01,48,340,0.7983,0.0032,0.0009,0.0012,-0.0096,0.01,0.01,0.01,0.015
2026-09-29T18:22:05+00:00,QQQ,2026-09-29,0,737.22,767.0,C,0.0,0.01,0.01,0.01,2,368,0.823,0.0031,0.0009,0.0012,-0.0095,0.01,0.01,0.01,0.015
2026-09-29T18:22:05+00:00,QQQ,2026-09-29,0,737.22,768.0,C,0.0,0.01,0.01,0.01,8,6756,0.8476,0.003,0.0008,0.0011,-0.0094,0.01,0.01,0.01,0.005
2026-09-29T18:22:05+00:00,QQQ,2026-09-29,0,737.22,769.0,C,0.0,0.01,0.01,0.01,0,545,0.8721,0.0029,0.0008,0.0011,-0.0093,0.0,0.0,0.0,0.005
2026-09-29T18:22:05+00:00,QQQ,2026-09-29,0,737.22,770.0,C,0.0,0.01,0.01,0.01,2,919,0.8965,0.0028,0.0007,0.001,-0.0092,0.01,0.01,0.01,0.005
2026-09-29T18:22:05+00:00,QQQ,2026-09-29,0,737.22,771.0,C,0.0,0.01,0.01,0.01,0,444,0.9209,0.0027,0.0007,0.001,-0.0091,0.0,0.0,0.0,0.005
2026-09-29T18:22:05+00:00,QQQ,2026-09-29,0,737.22,772.0,C,0.0,0.01,0.02,0.02,0,288,0.9451,0.0026,0.0007,0.001,-0.0089,0.0,0.0,0.0,0.005
2026-09-29T18:22:05+00:00,QQQ,2026-09-29,0,737.22,773.0,C,0.0,0.01,0.01,0.01,0,75,0.9693,0.0025,0.0006,0.001,-0.0088,0.0,0.0,0.0,0.005
2026-09-29T18:22:05+00:00,QQQ,2026-09-29,0,737.22,774.0,C,0.0,0.01,0.01,0.01,0,110,0.9934,0.0024,0.0006,0.0009,-0.0087,0.0,0.0,0.0,0.005
2026-09-29T18:22:05+00:00,QQQ,2026-09-29,0,737.22,820.0,C,0.0,0.01,0.01,0.01,1,110,2.033,0.0008,0.0001,0.0003,-0.0049,0.01,0.01,0.01,0.005
2026-09-29T18:22:05+00:00,QQQ,2026-09-29,0,737.22,830.0,C,0.0,0.01,0.01,0.01,20,94,2.2448,0.0006,0.0001,0.0003,-0.0043,0.01,0.01,0.01,0.005
2026-09-29T18:22:05+00:00,QQQ,2026-09-29,0,737.22,840.0,C,0.0,0.01,0.01,0.01,10,138,2.4525,0.0005,0.0001,0.0002,-0.0038,0.01,0.01,0.01,0.005
2026-09-29T18:22:05+00:00,QQQ,2026-09-29,0,737.22,895.0,C,0.0,0.01,0.01,0.01,126,80,3.5324,0.0002,0.0,0.0001,-0.0018,0.01,0.01,0.01,0.005
2026-09-29T18:22:05+00:00,QQQ,2026-09-29,0,737.22,900.0,C,0.0,0.01,0.01,0.01,11,68,3.6258,0.0002,0.0,0.0001,-0.0016,0.01,0.01,0.01,0.005
2026-09-29T18:22:05+00:00,QQQ,2026-09-29,0,737.22,450.0,P,0.0,0.01,0.01,0.01,4,155,0.0,0.0,0.0,0.0,0.0,0.01,0.01,0.01,0.005
2026-09-29T18:22:05+00:00,QQQ,2026-09-29,0,737.22,575.0,P,0.0,0.01,0.01,0.01,2,277,4.5183,-0.0001,0.0,0.0,-0.0009,0.01,0.01,0.01,0.005
2026-09-29T18:22:05+00:00,QQQ,2026-09-29,0,737.22,635.0,P,0.0,0.01,0.01,0.01,6201,873,2.8063,-0.0004,0.0,0.0002,-0.0034,0.01,0.01,0.01,0.015
2026-09-29T18:22:05+00:00,QQQ,2026-09-29,0,737.22,640.0,P,0.0,0.01,0.01,0.01,8,445,2.6689,-0.0005,0.0,0.0002,-0.0037,0.01,0.01,0.01,0.015
2026-09-29T18:22:05+00:00,QQQ,2026-09-29,0,737.22,650.0,P,0.0,0.01,0.01,0.01,5,368,2.3959,-0.0006,0.0001,0.0003,-0.0045,0.01,0.01,0.01,0.015
2026-09-29T18:22:05+00:00,QQQ,2026-09-29,0,737.22,660.0,P,0.0,0.01,0.01,0.01,3,4256,2.1252,-0.0008,0.0001,0.0003,-0.0053,0.01,0.01,0.01,0.015
2026-09-29T18:22:05+00:00,QQQ,2026-09-29,0,737.22,670.0,P,0.0,0.01,0.01,0.01,1,4367,1.8565,-0.001,0.0001,0.0004,-0.0063,0.01,0.01,0.01,0.015
2026-09-29T18:22:05+00:00,QQQ,2026-09-29,0,737.22,675.0,P,0.0,0.01,0.01,0.01,1,1278,1.7227,-0.0012,0.0002,0.0005,-0.0068,0.01,0.01,0.01,0.015
2026-09-29T18:22:05+00:00,QQQ,2026-09-29,0,737.22,677.0,P,0.0,0.01,0.01,0.01,1,464,1.6693,-0.0013,0.0002,0.0005,-0.007,0.01,0.01,0.01,0.015
2026-09-29T18:22:05+00:00,QQQ,2026-09-29,0,737.22,678.0,P,0.0,0.01,0.01,0.01,14,1161,1.6426,-0.0013,0.0002,0.0005,-0.0071,0.01,0.01,0.01,0.015
2026-09-29T18:22:05+00:00,QQQ,2026-09-29,0,737.22,679.0,P,0.0,0.01,0.01,0.01,1,1019,1.6159,-0.0013,0.0002,0.0005,-0.0072,0.01,0.01,0.01,0.015
2026-09-29T18:22:05+00:00,QQQ,2026-09-29,0,737.22,681.0,P,0.0,0.01,0.01,0.01,6,240,1.5625,-0.0014,0.0002,0.0006,-0.0074,0.01,0.01,0.01,0.015
2026-09-29T18:22:05+00:00,QQQ,2026-09-29,0,737.22,684.0,P,0.0,0.01,0.01,0.01,2,131,1.4826,-0.0015,0.0003,0.0006,-0.0078,0.01,0.01,0.01,0.015
2026-09-29T18:22:05+00:00,QQQ,2026-09-29,0,737.22,685.0,P,0.0,0.01,0.01,0.01,2,376,1.4559,-0.0016,0.0003,0.0006,-0.0079,0.01,0.01,0.01,0.015
2026-09-29T18:22:05+00:00,QQQ,2026-09-29,0,737.22,687.0,P,0.0,0.01,0.01,0.01,1,77,1.4026,-0.0017,0.0003,0.0006,-0.0081,0.01,0.01,0.01,0.015
2026-09-29T18:22:05+00:00,QQQ,2026-09-29,0,737.22,688.0,P,0.0,0.01,0.01,0.01,1,76,1.376,-0.0017,0.0003,0.0007,-0.0083,0.01,0.01,0.01,0.015
2026-09-29T18:22:05+00:00,QQQ,2026-09-29,0,737.22,690.0,P,0.0,0.01,0.01,0.01,5,477,1.3227,-0.0018,0.0004,0.0007,-0.0085,0.01,0.01,0.01,0.015
2026-09-29T18:22:05+00:00,QQQ,2026-09-29,0,737.22,692.0,P,0.0,0.01,0.01,0.01,14,486,1.2694,-0.0019,0.0004,0.0008,-0.0088,0.01,0.01,0.01,0.025
2026-09-29T18:22:05+00:00,QQQ,2026-09-29,0,737.22,693.0,P,0.0,0.01,0.01,0.01,2,332,1.2428,-0.002,0.0004,0.0008,-0.0089,0.01,0.01,0.01,0.025
2026-09-29T18:22:05+00:00,QQQ,2026-09-29,0,737.22,694.0,P,0.0,0.01,0.01,0.01,5,351,1.2162,-0.0021,0.0004,0.0008,-0.009,0.01,0.01,0.01,0.025
2026-09-29T18:22:05+00:00,QQQ,2026-09-29,0,737.22,695.0,P,0.0,0.01,0.01,0.01,21,876,1.1895,-0.0021,0.0004,0.0008,-0.0091,0.01,0.01,0.01,0.025
2026-09-29T18:22:05+00:00,QQQ,2026-09-29,0,737.22,698.0,P,0.0,0.01,0.01,0.01,4,301,1.1096,-0.0024,0.0005,0.0009,-0.0095,0.01,0.01,0.01,0.025
2026-09-29T18:22:05+00:00,QQQ,2026-09-29,0,737.22,699.0,P,0.0,0.01,0.01,0.01,3,280,1.0829,-0.0024,0.0005,0.0009,-0.0097,0.01,0.01,0.01,0.025
2026-09-29T18:22:05+00:00,QQQ,2026-09-29,0,737.22,700.0,P,0.0,0.01,0.01,0.01,17,2253,1.0562,-0.0025,0.0006,0.001,-0.0098,0.01,0.01,0.01,0.025
2026-09-29T18:22:05+00:00,QQQ,2026-09-29,0,737.22,701.0,P,0.0,0.01,0.01,0.01,6,626,1.0295,-0.0026,0.0006,0.001,-0.0099,0.01,0.01,0.01,0.025
2026-09-29T18:22:05+00:00,QQQ,2026-09-29,0,737.22,702.0,P,0.0,0.01,0.01,0.01,65,430,1.0028,-0.0027,0.0006,0.001,-0.0101,0.01,0.01,0.01,0.025
2026-09-29T18:22:05+00:00,QQQ,2026-09-29,0,737.22,703.0,P,0.0,0.01,0.01,0.01,1865,780,0.9761,-0.0028,0.0007,0.001,-0.0102,0.01,0.01,0.01,0.035
2026-09-29T18:22:05+00:00,QQQ,2026-09-29,0,737.22,704.0,P,0.0,0.01,0.01,0.01,2933,611,0.9494,-0.0029,0.0007,0.0011,-0.0104,0.01,0.02,0.01,0.035
2026-09-29T18:22:05+00:00,QQQ,2026-09-29,0,737.22,705.0,P,0.0,0.01,0.01,0.01,4520,1921,0.9226,-0.003,0.0008,0.0011,-0.0105,0.01,0.02,0.01,0.035
2026-09-29T18:22:05+00:00,QQQ,2026-09-29,0,737.22,706.0,P,0.0,0.01,0.01,0.01,6886,555,0.8958,-0.0031,0.0008,0.0012,-0.0106,0.01,0.02,0.01,0.035
2026-09-29T18:22:05+00:00,QQQ,2026-09-29,0,737.22,707.0,P,0.0,0.01,0.01,0.01,8935,1640,0.869,-0.0032,0.0009,0.0012,-0.0108,0.01,0.02,0.01,0.035
2026-09-29T18:22:05+00:00,QQQ,2026-09-29,0,737.22,708.0,P,0.0,0.01,0.01,0.01,12766,1993,0.8422,-0.0034,0.0009,0.0013,-0.0109,0.01,0.02,0.01,0.035
2026-09-29T18:22:05+00:00,QQQ,2026-09-29,0,737.22,709.0,P,0.0,0.01,0.01,0.01,7621,553,0.8153,-0.0035,0.001,0.0013,-0.0111,0.01,0.02,0.01,0.045
2026-09-29T18:22:05+00:00,QQQ,2026-09-29,0,737.22,710.0,P,0.0,0.01,0.01,0.01,7737,1837,0.7884,-0.0037,0.001,0.0014,-0.0112,0.02,0.02,0.01,0.045
2026-09-29T18:22:05+00:00,QQQ,2026-09-29,0,737.22,711.0,P,0.0,0.01,0.01,0.01,831,1572,0.7615,-0.0038,0.0011,0.0014,-0.0114,0.02,0.02,0.01,0.045
2026-09-29T18:22:05+00:00,QQQ,2026-09-29,0,737.22,712.0,P,0.0,0.01,0.01,0.01,355,3319,0.7345,-0.004,0.0012,0.0015,-0.0115,0.01,0.02,0.01,0.055
2026-09-29T18:22:05+00:00,QQQ,2026-09-29,0,737.22,713.0,P,0.0,0.01,0.01,0.01,428,911,0.7075,-0.0042,0.0013,0.0015,-0.0117,0.02,0.02,0.01,0.055
2026-09-29T18:22:05+00:00,QQQ,2026-09-29,0,737.22,714.0,P,0.0,0.01,0.01,0.01,1114,1308,0.6804,-0.0044,0.0014,0.0016,-0.0118,0.02,0.02,0.01,0.065
2026-09-29T18:22:05+00:00,QQQ,2026-09-29,0,737.22,715.0,P,0.0,0.01,0.01,0.01,2608,4270,0.6533,-0.0046,0.0015,0.0017,-0.012,0.01,0.03,0.01,0.065
2026-09-29T18:22:05+00:00,QQQ,2026-09-29,0,737.22,716.0,P,0.0,0.01,0.01,0.01,2518,820,0.6262,-0.0048,0.0017,0.0017,-0.0122,0.02,0.03,0.01,0.075
2026-09-29T18:22:05+00:00,QQQ,2026-09-29,0,737.22,717.0,P,0.0,0.01,0.02,0.02,4802,3256,0.5989,-0.005,0.0018,0.0018,-0.0123,0.02,0.03,0.01,0.085
2026-09-29T18:22:05+00:00,QQQ,2026-09-29,0,737.22,718.0,P,0.0,0.01,0.01,0.01,3196,1481,0.5717,-0.0053,0.002,0.0019,-0.0125,0.02,0.04,0.01,0.105
2026-09-29T18:22:05+00:00,QQQ,2026-09-29,0,737.22,719.0,P,0.0,0.01,0.01,0.01,2666,1987,0.5443,-0.0056,0.0022,0.002,-0.0126,0.03,0.04,0.01,0.115
2026-09-29T18:22:05+00:00,QQQ,2026-09-29,0,737.22,720.0,P,0.0,0.01,0.02,0.02,4607,3318,0.5169,-0.0059,0.0024,0.0021,-0.0128,0.03,0.04,0.01,0.135
2026-09-29T18:22:05+00:00,QQQ,2026-09-29,0,737.22,721.0,P,0.0,0.01,0.01,0.01,3971,1429,0.4893,-0.0063,0.0027,0.0022,-0.013,0.07,0.07,0.01,0.165
2026-09-29T18:22:05+00:00,QQQ,2026-09-29,0,737.22,722.0,P,0.01,0.02,0.015,0.01,5152,4199,0.5194,-0.0067,0.003,0.0024,-0.0131,0.01,0.06,0.01,0.195
2026-09-29T18:22:05+00:00,QQQ,2026-09-29,0,737.22,723.0,P,0.01,0.02,0.015,0.01,8109,3042,0.4889,-0.0071,0.0034,0.0025,-0.0133,0.03,0.07,0.01,0.235
2026-09-29T18:22:05+00:00,QQQ,2026-09-29,0,737.22,724.0,P,0.01,0.02,0.015,0.02,4607,2502,0.4582,-0.0076,0.0038,0.0027,-0.0135,0.03,0.09,0.01,0.285
2026-09-29T18:22:05+00:00,QQQ,2026-09-29,0,737.22,725.0,P,0.01,0.02,0.015,0.01,23307,23031,0.4273,-0.0082,0.0044,0.0029,-0.0136,0.04,0.1,0.01,0.345
2026-09-29T18:22:05+00:00,QQQ,2026-09-29,0,737.22,726.0,P,0.01,0.02,0.015,0.01,13628,2792,0.3962,-0.0088,0.005,0.0031,-0.0138,0.07,0.13,0.01,0.415
2026-09-29T18:22:05+00:00,QQQ,2026-09-29,0,737.22,727.0,P,0.01,0.02,0.015,0.01,13271,3407,0.3649,-0.0096,0.0059,0.0034,-0.014,0.06,0.18,0.01,0.505
2026-09-29T18:22:05+00:00,QQQ,2026-09-29,0,737.22,728.0,P,0.01,0.02,0.015,0.01,18045,3742,0.3334,-0.0106,0.007,0.0037,-0.0143,0.1,0.22,0.01,0.625
2026-09-29T18:22:05+00:00,QQQ,2026-09-29,0,737.22,729.0,P,0.01,0.02,0.015,0.01,22517,5320,0.3015,-0.012,0.0085,0.0041,-0.015,0.12,0.29,0.01,0.755
2026-09-29T18:22:05+00:00,QQQ,2026-09-29,0,737.22,730.0,P,0.01,0.02,0.015,0.01,111296,27107,0.2693,-0.0145,0.0111,0.0048,-0.0168,0.15,0.39,0.01,0.925
2026-09-29T18:22:05+00:00,QQQ,2026-09-29,0,737.22,731.0,P,0.02,0.03,0.025,0.02,54326,4142,0.255,-0.0196,0.0157,0.0063,-0.0215,0.21,0.52,0.02,1.115
2026-09-29T18:22:05+00:00,QQQ,2026-09-29,0,737.22,732.0,P,0.03,0.04,0.035,0.03,98309,10155,0.2326,-0.0303,0.0246,0.009,-0.0327,0.25,0.69,0.03,1.355
2026-09-29T18:22:05+00:00,QQQ,2026-09-29,0,737.22,733.0,P,0.05,0.06,0.055,0.06,117783,6459,0.2129,-0.052,0.0408,0.0137,-0.0568,0.35,0.91,0.05,1.625
2026-09-29T18:22:05+00:00,QQQ,2026-09-29,0,737.22,734.0,P,0.09,0.1,0.095,0.1,186166,3616,0.1954,-0.0932,0.068,0.0212,-0.1064,0.42,1.19,0.09,1.945
2026-09-29T18:22:05+00:00,QQQ,2026-09-29,0,737.22,735.0,P,0.19,0.2,0.195,0.2,389680,39284,0.1863,-0.1679,0.1082,0.0313,-0.2078,0.54,1.54,0.19,2.32
2026-09-29T18:22:05+00:00,QQQ,2026-09-29,0,737.22,736.0,P,0.41,0.42,0.415,0.42,413321,17831,0.1825,-0.2909,0.1536,0.0421,-0.4085,0.78,1.96,0.38,2.745
2026-09-29T18:22:05+00:00,QQQ,2026-09-29,0,737.22,737.0,P,0.79,0.8,0.795,0.8,360543,2306,0.1817,-0.4587,0.1804,0.0484,-0.77,0.94,2.45,0.57,3.22
2026-09-29T18:22:05+00:00,QQQ,2026-09-29,0,737.22,738.0,P,1.39,1.4,1.395,1.35,211286,2642,0.1862,-0.6353,0.1685,0.0459,-0.5563,1.28,3.03,0.81,3.755
2026-09-29T18:22:05+00:00,QQQ,2026-09-29,0,737.22,739.0,P,2.13,2.18,2.155,2.09,119128,1545,0.194,-0.7758,0.1282,0.037,-0.3016,1.66,3.9,1.13,4.345
2026-09-29T18:22:05+00:00,QQQ,2026-09-29,0,737.22,740.0,P,2.96,3.07,3.015,2.98,73584,3267,0.2184,-0.8644,0.0866,0.0273,-0.172,2.1,4.81,1.56,4.98
2026-09-29T18:22:05+00:00,QQQ,2026-09-29,0,737.22,741.0,P,3.87,4.01,3.94,3.73,14744,1303,0.2463,-0.9144,0.0569,0.0198,-0.1077,2.54,5.67,2.1,5.67
2026-09-29T18:22:05+00:00,QQQ,2026-09-29,0,737.22,742.0,P,4.83,4.94,4.885,4.92,4501,916,0.2709,-0.9431,0.038,0.0146,-0.0725,3.12,6.66,2.74,6.415
2026-09-29T18:22:05+00:00,QQQ,2026-09-29,0,737.22,743.0,P,5.82,5.96,5.89,5.85,1692,891,0.3,-0.9608,0.026,0.0109,-0.051,4.13,7.53,3.5,7.195
2026-09-29T18:22:05+00:00,QQQ,2026-09-29,0,737.22,744.0,P,6.8,6.94,6.87,6.97,1951,1056,0.3323,-0.9722,0.0181,0.0082,-0.037,4.96,8.62,4.31,7.975
2026-09-29T18:22:05+00:00,QQQ,2026-09-29,0,737.22,745.0,P,7.79,7.95,7.87,8.3,1201,2006,0.3463,-0.9796,0.013,0.0064,-0.0278,5.22,9.6,5.2,8.94
2026-09-29T18:22:05+00:00,QQQ,2026-09-29,0,737.22,746.0,P,8.78,8.93,8.855,9.2,660,184,0.3883,-0.9845,0.0096,0.005,-0.0219,7.22,10.5,6.2,9.75
2026-09-29T18:22:05+00:00,QQQ,2026-09-29,0,737.22,747.0,P,9.78,9.92,9.85,9.82,828,463,0.4182,-0.9877,0.0074,0.0041,-0.0181,7.79,11.2,7.14,10.68
2026-09-29T18:22:05+00:00,QQQ,2026-09-29,0,737.22,748.0,P,10.77,10.92,10.845,11.0,241,251,0.4464,-0.9898,0.0059,0.0035,-0.0156,8.95,12.53,8.1,11.62
2026-09-29T18:22:05+00:00,QQQ,2026-09-29,0,737.22,749.0,P,11.77,11.93,11.85,12.65,248,38,0.4807,-0.9912,0.0048,0.0031,-0.014,9.65,13.17,9.04,12.58
2026-09-29T18:22:05+00:00,QQQ,2026-09-29,0,737.22,750.0,P,12.77,12.89,12.83,14.05,141,10,0.5065,-0.9922,0.0041,0.0027,-0.013,10.79,14.05,10.07,13.525
2026-09-29T18:22:05+00:00,QQQ,2026-09-29,0,737.22,751.0,P,13.76,13.91,13.835,14.53,62,1,0.5397,-0.993,0.0035,0.0025,-0.0123,11.86,15.58,11.2,14.48
2026-09-29T18:22:05+00:00,QQQ,2026-09-29,0,737.22,752.0,P,14.76,14.9,14.83,15.07,20,7,0.5725,-0.9936,0.0031,0.0023,-0.0118,12.07,15.1,12.07,15.47
2026-09-29T18:22:05+00:00,QQQ,2026-09-29,0,737.22,753.0,P,15.76,15.9,15.83,16.9,33,0,0.5951,-0.994,0.0027,0.0022,-0.0115,15.34,17.2,13.3,16.46
2026-09-29T18:22:05+00:00,QQQ,2026-09-29,0,737.22,754.0,P,16.77,16.9,16.835,17.16,46,1,0.6031,-0.9944,0.0024,0.002,-0.0112,15.82,17.83,14.62,17.385
2026-09-29T18:22:05+00:00,QQQ,2026-09-29,0,737.22,755.0,P,17.76,17.9,17.83,18.91,39,27,0.6586,-0.9947,0.0022,0.0019,-0.011,18.1,18.91,15.23,18.365
2026-09-29T18:22:05+00:00,QQQ,2026-09-29,0,737.22,756.0,P,18.76,18.9,18.83,19.89,19,0,0.69,-0.995,0.002,0.0018,-0.0109,19.0,19.92,16.79,19.385
2026-09-29T18:22:05+00:00,QQQ,2026-09-29,0,737.22,757.0,P,19.77,19.93,19.85,21.36,34,0,0.6946,-0.9953,0.0018,0.0017,-0.0107,18.94,21.36,17.56,20.37
2026-09-29T18:22:05+00:00,QQQ,2026-09-29,0,737.22,758.0,P,20.77,20.93,20.85,21.83,15,0,0.7247,-0.9955,0.0017,0.0016,-0.0106,20.98,21.83,19.9,21.38
2026-09-29T18:22:05+00:00,QQQ,2026-09-29,0,737.22,759.0,P,21.73,21.9,21.815,22.19,46,0,0.6661,-0.9957,0.0016,0.0016,-0.0104,21.84,22.95,19.36,23.13
2026-09-29T18:22:05+00:00,QQQ,2026-09-29,0,737.22,760.0,P,22.75,22.92,22.835,22.89,61,38,0.6478,-0.9959,0.0014,0.0015,-0.0103,20.4,24.45,20.1,23.37
2026-09-29T18:22:05+00:00,QQQ,2026-09-29,0,737.22,761.0,P,23.77,23.93,23.85,24.57,126,0,0.6732,-0.9961,0.0013,0.0014,-0.0102,24.11,25.25,23.36,24.37
2026-09-29T18:22:05+00:00,QQQ,2026-09-29,0,737.22,762.0,P,23.44,26.79,25.115,25.38,301,0,1.2376,-0.9962,0.0012,0.0014,-0.0101,24.62,26.6,23.44,25.38
2026-09-29T18:22:05+00:00,QQQ,2026-09-29,0,737.22,763.0,P,24.44,27.78,26.11,26.31,484,0,1.2725,-0.9964,0.0012,0.0013,-0.0099,25.54,27.59,22.79,26.375
2026-09-29T18:22:05+00:00,QQQ,2026-09-29,0,737.22,764.0,P,25.13,28.83,26.98,27.22,264,0,1.1944,-0.9965,0.0011,0.0013,-0.0098,25.66,28.94,22.63,27.38
2026-09-29T18:22:05+00:00,QQQ,2026-09-29,0,737.22,765.0,P,26.43,29.78,28.105,28.86,163,0,1.345,-0.9967,0.001,0.0012,-0.0097,27.86,29.5,25.08,28.36
2026-09-29T18:22:05+00:00,QQQ,2026-09-29,0,737.22,766.0,P,27.44,30.77,29.105,29.99,137,0,1.3828,-0.9968,0.0009,0.0012,-0.0096,28.09,31.09,26.0,29.365
2026-09-29T18:22:05+00:00,QQQ,2026-09-29,0,737.22,767.0,P,28.13,31.78,29.955,30.59,185,0,1.2722,-0.9969,0.0009,0.0012,-0.0095,28.8,31.11,26.2,30.375
2026-09-29T18:22:05+00:00,QQQ,2026-09-29,0,737.22,768.0,P,29.13,32.83,30.98,31.99,174,0,1.3361,-0.997,0.0008,0.0011,-0.0094,30.86,32.03,28.16,31.38
2026-09-29T18:22:05+00:00,QQQ,2026-09-29,0,737.22,769.0,P,30.13,33.83,31.98,32.98,167,0,1.371,-0.9971,0.0008,0.0011,-0.0093,30.44,33.13,29.28,32.365
2026-09-29T18:22:05+00:00,QQQ,2026-09-29,0,737.22,770.0,P,31.13,34.83,32.98,33.07,231,0,1.4058,-0.9972,0.0007,0.001,-0.0092,32.85,34.05,30.54,33.38
2026-09-29T18:22:05+00:00,QQQ,2026-09-29,0,737.22,771.0,P,32.13,35.83,33.98,33.97,183,0,1.4404,-0.9973,0.0007,0.001,-0.0091,33.35,35.06,31.35,34.38
2026-09-29T18:22:05+00:00,QQQ,2026-09-29,0,737.22,772.0,P,33.13,36.83,34.98,35.64,157,0,1.4748,-0.9974,0.0007,0.001,-0.0089,34.26,36.66,32.35,35.38
2026-09-29T18:22:05+00:00,QQQ,2026-09-29,0,737.22,773.0,P,34.13,37.83,35.98,36.78,95,0,1.509,-0.9975,0.0006,0.001,-0.0088,34.9,37.65,33.47,37.125
2026-09-29T18:22:05+00:00,QQQ,2026-09-29,0,737.22,774.0,P,35.13,38.83,36.98,37.78,103,0,1.5431,-0.9976,0.0006,0.0009,-0.0087,34.89,37.78,34.34,37.63
2026-09-29T18:22:05+00:00,QQQ,2026-09-29,0,737.22,775.0,P,36.13,39.83,37.98,38.64,81,0,1.577,-0.9976,0.0006,0.0009,-0.0086,35.82,38.64,35.27,38.64
2026-09-29T18:22:05+00:00,QQQ,2026-09-29,0,737.22,780.0,P,41.13,44.81,42.97,40.36,14,0,1.7304,-0.998,0.0004,0.0008,-0.0081,42.25,43.03,40.3,43.635
2026-09-29T18:22:05+00:00,QQQ,2026-09-29,0,737.22,785.0,P,46.13,49.81,47.97,48.55,70,0,1.8934,-0.9982,0.0004,0.0007,-0.0076,46.72,48.65,44.94,48.635
2026-09-29T18:22:05+00:00,QQQ,2026-09-29,0,737.22,790.0,P,51.13,54.79,52.96,53.56,6,0,2.0369,-0.9984,0.0003,0.0006,-0.0072,53.31,53.99,52.06,53.64
2026-09-29T18:22:05+00:00,QQQ,2026-09-29,0,737.22,795.0,P,56.13,59.79,57.96,58.92,6,0,2.1931,-0.9986,0.0002,0.0006,-0.0068,57.12,58.92,57.12,58.64
2026-09-29T18:22:05+00:00,QQQ,2026-09-29,0,737.22,800.0,P,62.2,64.83,63.515,64.42,7,0,2.9675,-0.9988,0.0002,0.0005,-0.0064,63.69,64.42,62.08,63.635
2026-09-29T18:22:05+00:00,QQQ,2026-09-29,0,737.22,805.0,P,66.13,69.83,67.98,69.23,5,0,2.5352,-0.9989,0.0002,0.0004,-0.006,66.99,69.35,66.99,68.62
2026-09-29T18:22:05+00:00,QQQ,2026-09-29,0,737.22,810.0,P,71.13,74.83,72.98,73.55,7,0,2.686,-0.999,0.0001,0.0004,-0.0056,72.14,74.16,72.14,73.64
2026-09-29T18:22:05+00:00,QQQ,2026-09-29,0,737.22,815.0,P,76.41,79.83,78.12,78.5,8,0,3.0641,-0.9991,0.0001,0.0004,-0.0053,77.15,78.93,77.15,78.615
2026-09-29T18:22:05+00:00,QQQ,2026-09-29,0,737.22,820.0,P,81.44,84.83,83.135,83.78,8,0,3.2409,-0.9992,0.0001,0.0003,-0.0049,82.25,83.86,82.25,83.62
2026-09-29T18:22:05+00:00,QQQ,2026-09-29,0,737.22,825.0,P,86.44,89.83,88.135,88.71,5,0,3.3948,-0.9993,0.0001,0.0003,-0.0046,87.25,88.71,87.25,88.64
2026-09-29T18:22:05+00:00,QQQ,2026-09-29,0,737.22,830.0,P,91.13,94.83,92.98,93.96,3,0,3.2689,-0.9993,0.0001,0.0003,-0.0043,92.37,93.96,92.37,93.64
2026-09-29T18:22:05+00:00,QQQ,2026-09-29,0,737.22,835.0,P,96.13,99.83,97.98,98.87,4,0,3.4101,-0.9994,0.0001,0.0002,-0.0041,97.54,98.89,97.54,98.64
2026-09-29T18:22:05+00:00,QQQ,2026-09-29,0,737.22,840.0,P,101.33,104.83,103.08,103.8,3,0,3.752,-0.9995,0.0001,0.0002,-0.0038,102.45,103.8,100.47,103.64
2026-09-29T18:22:05+00:00,QQQ,2026-09-29,0,737.22,845.0,P,106.13,109.83,107.98,108.74,1,0,3.6877,-0.9995,0.0001,0.0002,-0.0036,108.74,108.74,108.74,108.64
2026-09-29T18:22:05+00:00,QQQ,2026-09-29,0,737.22,850.0,P,111.44,114.83,113.135,113.67,1,0,4.1362,-0.9996,0.0,0.0002,-0.0033,113.67,113.67,113.67,113.62
