ts_utc,sym,expiry,dte,spot,strike,cp,bid,ask,mid,last,volume,open_interest,iv,delta,gamma,vega,theta,day_open,day_high,day_low,prev_close
2026-10-01T13:00:15+00:00,QQQ,2026-10-01,0,744.33,500.0,C,238.18,242.04,240.11,243.2,46,47,0.0,1.0,0.0,0.0,0.0,243.7,243.7,243.2,243.455
2026-10-01T13:00:15+00:00,QQQ,2026-10-01,0,744.33,505.0,C,233.19,237.02,235.105,239.37,8,9,0.0,1.0,0.0,0.0,0.0,239.37,239.37,239.37,238.255
2026-10-01T13:00:15+00:00,QQQ,2026-10-01,0,744.33,525.0,C,213.19,217.05,215.12,218.28,28,0,0.0,1.0,0.0,0.0,0.0,218.28,218.28,218.28,218.24
2026-10-01T13:00:15+00:00,QQQ,2026-10-01,0,744.33,600.0,C,138.2,142.05,140.125,144.03,10,10,0.0,1.0,0.0,0.0,0.0,144.03,144.03,144.03,143.365
2026-10-01T13:00:15+00:00,QQQ,2026-10-01,0,744.33,630.0,C,108.22,112.06,110.14,113.52,2,2,0.0,1.0,0.0,0.0001,0.0,113.52,113.52,113.52,113.415
2026-10-01T13:00:15+00:00,QQQ,2026-10-01,0,744.33,655.0,C,83.21,87.05,85.13,86.55,6,1,0.0,0.9998,0.0,0.0003,0.0,88.71,90.19,86.55,88.42
2026-10-01T13:00:15+00:00,QQQ,2026-10-01,0,744.33,690.0,C,48.23,52.06,50.145,53.5,31,32,0.0,0.9988,0.0002,0.0016,0.0,53.28,53.6,53.28,53.275
2026-10-01T13:00:15+00:00,QQQ,2026-10-01,0,744.33,695.0,C,43.23,47.06,45.145,48.0,18,11,0.0,0.9983,0.0003,0.0023,-0.0019,48.71,48.71,48.0,48.275
2026-10-01T13:00:15+00:00,QQQ,2026-10-01,0,744.33,699.0,C,39.23,43.08,41.155,45.38,1,1,0.0,0.9977,0.0005,0.003,-0.0048,45.38,45.38,45.38,44.28
2026-10-01T13:00:15+00:00,QQQ,2026-10-01,0,744.33,700.0,C,38.23,42.08,40.155,43.87,2,3,0.0,0.9975,0.0005,0.0032,-0.0056,43.87,43.87,43.87,43.285
2026-10-01T13:00:15+00:00,QQQ,2026-10-01,0,744.33,703.0,C,35.24,39.08,37.16,40.65,2,11,0.0,0.9968,0.0007,0.0041,-0.0086,42.45,42.45,40.65,40.28
2026-10-01T13:00:15+00:00,QQQ,2026-10-01,0,744.33,705.0,C,33.86,36.87,35.365,39.5,1,6,0.0,0.9961,0.0008,0.0048,-0.0111,39.5,39.5,39.5,38.28
2026-10-01T13:00:15+00:00,QQQ,2026-10-01,0,744.33,708.0,C,30.23,33.68,31.955,35.73,2,2,0.0,0.9949,0.0011,0.0061,-0.0159,35.72,35.73,35.72,35.05
2026-10-01T13:00:15+00:00,QQQ,2026-10-01,0,744.33,709.0,C,29.89,32.35,31.12,34.88,6,3,0.0,0.9944,0.0013,0.0067,-0.0178,34.72,35.37,34.72,34.045
2026-10-01T13:00:15+00:00,QQQ,2026-10-01,0,744.33,710.0,C,28.85,31.85,30.35,30.05,17,34,0.0,0.9938,0.0014,0.0073,-0.02,31.85,34.0,30.05,33.045
2026-10-01T13:00:15+00:00,QQQ,2026-10-01,0,744.33,711.0,C,27.85,30.89,29.37,33.01,2,3,0.0,0.9931,0.0016,0.008,-0.0225,32.72,33.01,32.72,32.055
2026-10-01T13:00:15+00:00,QQQ,2026-10-01,0,744.33,712.0,C,26.25,29.61,27.93,31.73,4,1,0.0,0.9924,0.0018,0.0087,-0.0252,31.77,32.01,31.73,30.985
2026-10-01T13:00:15+00:00,QQQ,2026-10-01,0,744.33,713.0,C,25.99,28.83,27.41,30.96,2,16,0.0,0.9915,0.002,0.0096,-0.0283,30.92,30.96,30.92,30.0
2026-10-01T13:00:15+00:00,QQQ,2026-10-01,0,744.33,714.0,C,24.92,27.63,26.275,26.4,5,13,0.0,0.9905,0.0022,0.0106,-0.0319,29.47,29.47,26.4,28.99
2026-10-01T13:00:15+00:00,QQQ,2026-10-01,0,744.33,715.0,C,24.15,26.66,25.405,24.86,70,214,0.3134,0.9893,0.0025,0.0117,-0.036,27.0,28.75,24.86,28.14
2026-10-01T13:00:15+00:00,QQQ,2026-10-01,0,744.33,716.0,C,22.25,25.6,23.925,28.03,3,27,0.0,0.988,0.0028,0.0129,-0.0408,25.57,28.03,25.57,27.025
2026-10-01T13:00:15+00:00,QQQ,2026-10-01,0,744.33,717.0,C,22.17,24.65,23.41,26.38,12,110,0.3024,0.9864,0.0032,0.0144,-0.0463,24.5,26.78,24.5,26.145
2026-10-01T13:00:15+00:00,QQQ,2026-10-01,0,744.33,718.0,C,20.97,23.65,22.31,25.98,2,58,0.0,0.9846,0.0037,0.0161,-0.0529,25.94,25.98,25.94,25.265
2026-10-01T13:00:15+00:00,QQQ,2026-10-01,0,744.33,719.0,C,19.99,22.65,21.32,24.46,9,65,0.0,0.9823,0.0042,0.018,-0.0608,24.71,26.05,24.46,24.235
2026-10-01T13:00:15+00:00,QQQ,2026-10-01,0,744.33,720.0,C,19.01,21.65,20.33,19.88,66,345,0.0,0.9797,0.0048,0.0202,-0.0703,21.79,24.01,19.88,23.29
2026-10-01T13:00:15+00:00,QQQ,2026-10-01,0,744.33,721.0,C,17.29,20.64,18.965,22.23,66,79,0.0,0.9765,0.0056,0.0229,-0.0819,21.71,22.23,21.71,22.07
2026-10-01T13:00:15+00:00,QQQ,2026-10-01,0,744.33,722.0,C,18.23,18.77,18.5,18.55,258,287,0.2437,0.9726,0.0065,0.0259,-0.0962,21.37,21.94,18.55,21.31
2026-10-01T13:00:15+00:00,QQQ,2026-10-01,0,744.33,723.0,C,17.24,17.75,17.495,17.48,112,79,0.2344,0.9678,0.0075,0.0295,-0.1139,20.48,21.41,17.48,20.125
2026-10-01T13:00:15+00:00,QQQ,2026-10-01,0,744.33,724.0,C,16.27,16.81,16.54,19.53,10,36,0.2357,0.962,0.0088,0.0337,-0.136,19.58,20.3,19.09,19.36
2026-10-01T13:00:15+00:00,QQQ,2026-10-01,0,744.33,725.0,C,15.3,15.84,15.57,14.45,2363,2843,0.2327,0.9549,0.0103,0.0386,-0.1638,17.42,18.96,14.04,18.19
2026-10-01T13:00:15+00:00,QQQ,2026-10-01,0,744.33,726.0,C,14.33,14.87,14.6,13.71,9,57,0.228,0.9462,0.012,0.0443,-0.1986,15.92,18.1,13.68,17.225
2026-10-01T13:00:15+00:00,QQQ,2026-10-01,0,744.33,727.0,C,13.39,13.88,13.635,12.75,31,147,0.2242,0.9356,0.0141,0.0508,-0.2424,17.41,17.43,12.71,16.335
2026-10-01T13:00:15+00:00,QQQ,2026-10-01,0,744.33,728.0,C,12.45,12.94,12.695,12.03,38,129,0.2234,0.9228,0.0164,0.0583,-0.2975,12.94,16.98,11.81,15.295
2026-10-01T13:00:15+00:00,QQQ,2026-10-01,0,744.33,729.0,C,11.53,12.01,11.77,11.84,39,397,0.2218,0.9073,0.0191,0.0665,-0.3666,13.04,15.85,10.9,14.5
2026-10-01T13:00:15+00:00,QQQ,2026-10-01,0,744.33,730.0,C,10.77,10.98,10.875,10.28,200,1924,0.2172,0.8888,0.022,0.0756,-0.4528,12.2,14.8,9.95,13.595
2026-10-01T13:00:15+00:00,QQQ,2026-10-01,0,744.33,731.0,C,9.87,10.06,9.965,13.24,240,283,0.2165,0.8671,0.0252,0.0854,-0.5599,10.78,13.81,10.74,12.56
2026-10-01T13:00:15+00:00,QQQ,2026-10-01,0,744.33,732.0,C,9.03,9.21,9.12,8.68,361,798,0.2163,0.8417,0.0286,0.0957,-0.6918,9.34,13.1,8.43,11.645
2026-10-01T13:00:15+00:00,QQQ,2026-10-01,0,744.33,733.0,C,8.2,8.36,8.28,8.09,284,402,0.2154,0.8126,0.032,0.1063,-0.8527,8.75,12.19,7.59,10.77
2026-10-01T13:00:15+00:00,QQQ,2026-10-01,0,744.33,734.0,C,7.4,7.55,7.475,6.97,233,395,0.2143,0.7797,0.0354,0.1166,-1.0465,8.04,11.46,6.83,9.96
2026-10-01T13:00:15+00:00,QQQ,2026-10-01,0,744.33,735.0,C,6.63,6.78,6.705,6.56,3036,1147,0.2134,0.7432,0.0387,0.1265,-1.2768,7.5,10.31,5.94,9.11
2026-10-01T13:00:15+00:00,QQQ,2026-10-01,0,744.33,736.0,C,5.9,6.04,5.97,6.02,508,984,0.213,0.7035,0.0416,0.1354,-1.546,6.69,10.0,5.48,8.29
2026-10-01T13:00:15+00:00,QQQ,2026-10-01,0,744.33,737.0,C,5.23,5.34,5.285,5.38,935,1415,0.2101,0.661,0.0442,0.143,-1.8556,5.8,9.03,4.8,7.5
2026-10-01T13:00:15+00:00,QQQ,2026-10-01,0,744.33,738.0,C,4.56,4.66,4.61,4.75,1707,2161,0.2095,0.6162,0.0464,0.149,-2.2057,5.23,8.31,4.05,6.74
2026-10-01T13:00:15+00:00,QQQ,2026-10-01,0,744.33,739.0,C,3.97,4.05,4.01,4.05,3180,2202,0.2078,0.5695,0.048,0.1532,-2.5883,4.72,7.65,3.31,6.01
2026-10-01T13:00:15+00:00,QQQ,2026-10-01,0,744.33,740.0,C,3.4,3.47,3.435,3.5,12410,7499,0.2063,0.5214,0.0491,0.1552,-2.8925,4.16,6.87,2.92,5.33
2026-10-01T13:00:15+00:00,QQQ,2026-10-01,0,744.33,741.0,C,2.87,2.94,2.905,2.87,13555,2589,0.2042,0.472,0.0496,0.1551,-2.8101,3.69,6.03,2.48,4.68
2026-10-01T13:00:15+00:00,QQQ,2026-10-01,0,744.33,742.0,C,2.39,2.46,2.425,2.4,24441,3129,0.2018,0.4218,0.0495,0.1526,-2.3988,3.07,5.48,2.17,4.08
2026-10-01T13:00:15+00:00,QQQ,2026-10-01,0,744.33,743.0,C,1.96,2.02,1.99,2.08,44670,5423,0.1992,0.3712,0.0486,0.1476,-1.9588,2.63,4.85,1.67,3.515
2026-10-01T13:00:15+00:00,QQQ,2026-10-01,0,744.33,744.0,C,1.57,1.64,1.605,1.6,51690,4469,0.1966,0.3207,0.0469,0.1401,-1.5643,2.42,4.23,1.38,3.005
2026-10-01T13:00:15+00:00,QQQ,2026-10-01,0,744.33,745.0,C,1.23,1.25,1.24,1.24,62707,12409,0.1915,0.2716,0.0443,0.1301,-1.2224,2.0,3.69,1.11,2.545
2026-10-01T13:00:15+00:00,QQQ,2026-10-01,0,744.33,746.0,C,0.94,0.99,0.965,0.96,18824,3085,0.1878,0.2253,0.0409,0.1182,-0.9363,1.62,3.18,0.92,2.125
2026-10-01T13:00:15+00:00,QQQ,2026-10-01,0,744.33,747.0,C,0.7,0.74,0.72,0.7,28113,5889,0.1846,0.1833,0.0367,0.1052,-0.7064,1.33,2.72,0.7,1.755
2026-10-01T13:00:15+00:00,QQQ,2026-10-01,0,744.33,748.0,C,0.51,0.54,0.525,0.52,24325,8284,0.1814,0.1469,0.0321,0.0917,-0.529,1.05,2.31,0.52,1.435
2026-10-01T13:00:15+00:00,QQQ,2026-10-01,0,744.33,749.0,C,0.38,0.42,0.4,0.4,13884,3667,0.1809,0.1168,0.0274,0.0787,-0.3969,0.9,1.93,0.4,1.155
2026-10-01T13:00:15+00:00,QQQ,2026-10-01,0,744.33,750.0,C,0.3,0.33,0.315,0.29,30819,13635,0.1823,0.0928,0.0231,0.067,-0.3009,0.74,1.61,0.29,0.925
2026-10-01T13:00:15+00:00,QQQ,2026-10-01,0,744.33,751.0,C,0.21,0.25,0.23,0.24,10575,2331,0.1848,0.074,0.0193,0.057,-0.2318,0.62,1.34,0.23,0.725
2026-10-01T13:00:15+00:00,QQQ,2026-10-01,0,744.33,752.0,C,0.16,0.19,0.175,0.19,11123,4182,0.1887,0.0595,0.0161,0.0484,-0.1816,0.49,1.09,0.18,0.555
2026-10-01T13:00:15+00:00,QQQ,2026-10-01,0,744.33,753.0,C,0.13,0.16,0.145,0.15,12222,6563,0.1941,0.0482,0.0134,0.0412,-0.1444,0.4,0.87,0.14,0.425
2026-10-01T13:00:15+00:00,QQQ,2026-10-01,0,744.33,754.0,C,0.11,0.13,0.12,0.12,5958,1870,0.1949,0.0394,0.0111,0.0352,-0.1162,0.33,0.7,0.11,0.325
2026-10-01T13:00:15+00:00,QQQ,2026-10-01,0,744.33,755.0,C,0.09,0.1,0.095,0.1,10286,3858,0.1996,0.0323,0.0092,0.03,-0.0944,0.24,0.57,0.07,0.245
2026-10-01T13:00:15+00:00,QQQ,2026-10-01,0,744.33,756.0,C,0.07,0.08,0.075,0.07,6053,3530,0.2027,0.0267,0.0077,0.0257,-0.0772,0.2,0.45,0.05,0.185
2026-10-01T13:00:15+00:00,QQQ,2026-10-01,0,744.33,757.0,C,0.06,0.07,0.065,0.07,5375,7290,0.2087,0.0221,0.0064,0.022,-0.0636,0.14,0.36,0.04,0.135
2026-10-01T13:00:15+00:00,QQQ,2026-10-01,0,744.33,758.0,C,0.04,0.06,0.05,0.05,2575,4226,0.2108,0.0184,0.0054,0.0189,-0.0527,0.11,0.29,0.03,0.105
2026-10-01T13:00:15+00:00,QQQ,2026-10-01,0,744.33,759.0,C,0.03,0.05,0.04,0.04,2804,1948,0.2176,0.0154,0.0045,0.0163,-0.0439,0.1,0.23,0.02,0.085
2026-10-01T13:00:15+00:00,QQQ,2026-10-01,0,744.33,760.0,C,0.03,0.04,0.035,0.04,8395,8612,0.2199,0.0129,0.0038,0.014,-0.0368,0.06,0.18,0.01,0.065
2026-10-01T13:00:15+00:00,QQQ,2026-10-01,0,744.33,761.0,C,0.02,0.03,0.025,0.04,1461,1236,0.22,0.0108,0.0032,0.0121,-0.0308,0.04,0.14,0.01,0.055
2026-10-01T13:00:15+00:00,QQQ,2026-10-01,0,744.33,762.0,C,0.02,0.03,0.025,0.02,3249,4409,0.2292,0.0091,0.0027,0.0105,-0.026,0.02,0.11,0.01,0.045
2026-10-01T13:00:15+00:00,QQQ,2026-10-01,0,744.33,763.0,C,0.01,0.03,0.02,0.02,1270,931,0.2322,0.0077,0.0023,0.009,-0.0219,0.06,0.1,0.02,0.035
2026-10-01T13:00:15+00:00,QQQ,2026-10-01,0,744.33,764.0,C,0.01,0.03,0.02,0.02,895,3041,0.2411,0.0065,0.002,0.0078,-0.0185,0.03,0.08,0.01,0.025
2026-10-01T13:00:15+00:00,QQQ,2026-10-01,0,744.33,765.0,C,0.01,0.03,0.02,0.01,2875,2411,0.2499,0.0055,0.0016,0.0068,-0.0156,0.03,0.06,0.01,0.025
2026-10-01T13:00:15+00:00,QQQ,2026-10-01,0,744.33,766.0,C,0.01,0.03,0.02,0.01,2803,1733,0.2588,0.0047,0.0014,0.0058,-0.0132,0.01,0.05,0.01,0.015
2026-10-01T13:00:15+00:00,QQQ,2026-10-01,0,744.33,767.0,C,0.01,0.03,0.02,0.01,2107,1873,0.2675,0.004,0.0012,0.005,-0.0112,0.03,0.04,0.01,0.015
2026-10-01T13:00:15+00:00,QQQ,2026-10-01,0,744.33,768.0,C,0.0,0.02,0.02,0.02,444,445,0.2568,0.0034,0.001,0.0044,-0.0094,0.02,0.04,0.01,0.015
2026-10-01T13:00:15+00:00,QQQ,2026-10-01,0,744.33,769.0,C,0.0,0.02,0.01,0.01,210,726,0.265,0.0028,0.0008,0.0038,-0.008,0.02,0.03,0.01,0.015
2026-10-01T13:00:15+00:00,QQQ,2026-10-01,0,744.33,770.0,C,0.0,0.02,0.01,0.01,181,745,0.2732,0.0024,0.0007,0.0033,-0.0068,0.01,0.03,0.01,0.015
2026-10-01T13:00:15+00:00,QQQ,2026-10-01,0,744.33,771.0,C,0.0,0.02,0.01,0.01,527,256,0.2813,0.0021,0.0006,0.0028,-0.0058,0.01,0.03,0.01,0.005
2026-10-01T13:00:15+00:00,QQQ,2026-10-01,0,744.33,772.0,C,0.0,0.02,0.03,0.03,412,330,0.2894,0.0018,0.0005,0.0025,-0.005,0.02,0.03,0.01,0.005
2026-10-01T13:00:15+00:00,QQQ,2026-10-01,0,744.33,773.0,C,0.0,0.02,0.01,0.01,215,217,0.2974,0.0015,0.0005,0.0022,-0.0043,0.02,0.02,0.01,0.005
2026-10-01T13:00:15+00:00,QQQ,2026-10-01,0,744.33,774.0,C,0.0,0.02,0.01,0.01,417,529,0.3055,0.0013,0.0004,0.0019,-0.0037,0.01,0.02,0.01,0.005
2026-10-01T13:00:15+00:00,QQQ,2026-10-01,0,744.33,775.0,C,0.0,0.01,0.02,0.02,1645,1534,0.2942,0.0012,0.0003,0.0017,-0.0032,0.01,0.02,0.01,0.005
2026-10-01T13:00:15+00:00,QQQ,2026-10-01,0,744.33,780.0,C,0.0,0.01,0.01,0.01,51,505,0.3318,0.0006,0.0002,0.0009,-0.0018,0.02,0.02,0.01,0.005
2026-10-01T13:00:15+00:00,QQQ,2026-10-01,0,744.33,785.0,C,0.0,0.02,0.01,0.01,131,339,0.3919,0.0004,0.0001,0.0006,-0.001,0.01,0.01,0.01,0.005
2026-10-01T13:00:15+00:00,QQQ,2026-10-01,0,744.33,800.0,C,0.0,0.02,0.02,0.02,80,2128,0.5053,0.0001,0.0,0.0001,-0.0003,0.02,0.02,0.02,0.005
2026-10-01T13:00:15+00:00,QQQ,2026-10-01,0,744.33,585.0,P,0.0,0.02,0.01,0.01,105,580,1.4201,0.0,0.0,0.0,-0.0002,0.01,0.01,0.01,0.005
2026-10-01T13:00:15+00:00,QQQ,2026-10-01,0,744.33,590.0,P,0.0,0.01,0.01,0.01,33,382,1.303,0.0,0.0,0.0,-0.0002,0.01,0.01,0.01,0.005
2026-10-01T13:00:15+00:00,QQQ,2026-10-01,0,744.33,595.0,P,0.0,0.02,0.01,0.01,706,1170,1.3248,0.0,0.0,0.0,-0.0002,0.02,0.02,0.01,0.005
2026-10-01T13:00:15+00:00,QQQ,2026-10-01,0,744.33,600.0,P,0.0,0.01,0.01,0.01,249,680,1.2126,0.0,0.0,0.0,-0.0002,0.01,0.02,0.01,0.005
2026-10-01T13:00:15+00:00,QQQ,2026-10-01,0,744.33,605.0,P,0.0,0.02,0.02,0.02,4,326,1.2306,0.0,0.0,0.0001,-0.0003,0.01,0.02,0.01,0.005
2026-10-01T13:00:15+00:00,QQQ,2026-10-01,0,744.33,615.0,P,0.0,0.02,0.01,0.01,199,364,1.1376,0.0,0.0,0.0001,-0.0004,0.01,0.01,0.01,0.005
2026-10-01T13:00:15+00:00,QQQ,2026-10-01,0,744.33,620.0,P,0.0,0.01,0.01,0.01,273,366,1.0349,0.0,0.0,0.0001,-0.0004,0.02,0.02,0.01,0.005
2026-10-01T13:00:15+00:00,QQQ,2026-10-01,0,744.33,625.0,P,0.0,0.02,0.01,0.01,133,208,1.0457,-0.0001,0.0,0.0001,-0.0004,0.01,0.02,0.01,0.005
2026-10-01T13:00:15+00:00,QQQ,2026-10-01,0,744.33,630.0,P,0.0,0.02,0.01,0.01,19,203,0.9476,-0.0001,0.0,0.0001,-0.0005,0.01,0.02,0.01,0.005
2026-10-01T13:00:15+00:00,QQQ,2026-10-01,0,744.33,635.0,P,0.0,0.01,0.01,0.01,131,188,0.9043,-0.0001,0.0,0.0001,-0.0006,0.02,0.02,0.01,0.005
2026-10-01T13:00:15+00:00,QQQ,2026-10-01,0,744.33,640.0,P,0.0,0.01,0.01,0.01,132,342,0.8613,-0.0001,0.0,0.0002,-0.0007,0.01,0.02,0.01,0.005
2026-10-01T13:00:15+00:00,QQQ,2026-10-01,0,744.33,645.0,P,0.0,0.02,0.01,0.01,351,284,0.8646,-0.0001,0.0,0.0002,-0.0008,0.01,0.02,0.01,0.005
2026-10-01T13:00:15+00:00,QQQ,2026-10-01,0,744.33,650.0,P,0.0,0.02,0.01,0.01,220,328,0.7758,-0.0001,0.0,0.0002,-0.0009,0.01,0.01,0.01,0.005
2026-10-01T13:00:15+00:00,QQQ,2026-10-01,0,744.33,655.0,P,0.0,0.01,0.01,0.01,73,330,0.7333,-0.0002,0.0,0.0003,-0.0011,0.01,0.01,0.01,0.005
2026-10-01T13:00:15+00:00,QQQ,2026-10-01,0,744.33,660.0,P,0.0,0.01,0.01,0.01,37,8848,0.691,-0.0002,0.0,0.0004,-0.0013,0.01,0.02,0.01,0.005
2026-10-01T13:00:15+00:00,QQQ,2026-10-01,0,744.33,665.0,P,0.0,0.01,0.01,0.01,2642,2748,0.6488,-0.0003,0.0,0.0004,-0.0016,0.02,0.02,0.01,0.005
2026-10-01T13:00:15+00:00,QQQ,2026-10-01,0,744.33,666.0,P,0.0,0.01,0.01,0.01,2611,2700,0.6404,-0.0003,0.0,0.0005,-0.0017,0.02,0.02,0.01,0.005
2026-10-01T13:00:15+00:00,QQQ,2026-10-01,0,744.33,667.0,P,0.0,0.01,0.01,0.01,445,209,0.632,-0.0003,0.0,0.0005,-0.0018,0.01,0.02,0.01,0.005
2026-10-01T13:00:15+00:00,QQQ,2026-10-01,0,744.33,668.0,P,0.0,0.01,0.01,0.01,1553,374,0.6236,-0.0003,0.0001,0.0005,-0.0018,0.01,0.02,0.01,0.005
2026-10-01T13:00:15+00:00,QQQ,2026-10-01,0,744.33,669.0,P,0.0,0.01,0.02,0.02,1403,243,0.6152,-0.0004,0.0001,0.0005,-0.0019,0.01,0.02,0.01,0.005
2026-10-01T13:00:15+00:00,QQQ,2026-10-01,0,744.33,670.0,P,0.0,0.01,0.01,0.01,1572,476,0.6068,-0.0004,0.0001,0.0006,-0.002,0.01,0.02,0.01,0.005
2026-10-01T13:00:15+00:00,QQQ,2026-10-01,0,744.33,671.0,P,0.0,0.02,0.02,0.02,244,296,0.6337,-0.0004,0.0001,0.0006,-0.0021,0.02,0.02,0.01,0.005
2026-10-01T13:00:15+00:00,QQQ,2026-10-01,0,744.33,672.0,P,0.0,0.02,0.02,0.02,321,388,0.6249,-0.0004,0.0001,0.0006,-0.0022,0.01,0.02,0.01,0.005
2026-10-01T13:00:15+00:00,QQQ,2026-10-01,0,744.33,673.0,P,0.0,0.02,0.02,0.02,1302,137,0.6161,-0.0004,0.0001,0.0006,-0.0023,0.01,0.02,0.01,0.005
2026-10-01T13:00:15+00:00,QQQ,2026-10-01,0,744.33,674.0,P,0.0,0.02,0.01,0.01,1680,81,0.6073,-0.0005,0.0001,0.0007,-0.0024,0.01,0.02,0.01,0.005
2026-10-01T13:00:15+00:00,QQQ,2026-10-01,0,744.33,675.0,P,0.0,0.02,0.02,0.02,1884,225,0.5985,-0.0005,0.0001,0.0007,-0.0025,0.02,0.02,0.01,0.005
2026-10-01T13:00:15+00:00,QQQ,2026-10-01,0,744.33,676.0,P,0.0,0.02,0.02,0.02,2691,502,0.5897,-0.0005,0.0001,0.0008,-0.0026,0.01,0.02,0.01,0.005
2026-10-01T13:00:15+00:00,QQQ,2026-10-01,0,744.33,677.0,P,0.0,0.02,0.01,0.01,1285,513,0.581,-0.0006,0.0001,0.0008,-0.0027,0.01,0.02,0.01,0.005
2026-10-01T13:00:15+00:00,QQQ,2026-10-01,0,744.33,678.0,P,0.0,0.02,0.01,0.01,1930,205,0.5722,-0.0006,0.0001,0.0008,-0.0029,0.01,0.02,0.01,0.005
2026-10-01T13:00:15+00:00,QQQ,2026-10-01,0,744.33,679.0,P,0.0,0.02,0.01,0.01,1537,341,0.5634,-0.0006,0.0001,0.0009,-0.003,0.02,0.03,0.01,0.005
2026-10-01T13:00:15+00:00,QQQ,2026-10-01,0,744.33,680.0,P,0.01,0.03,0.02,0.03,1321,686,0.5916,-0.0006,0.0001,0.0009,-0.0032,0.01,0.03,0.01,0.005
2026-10-01T13:00:15+00:00,QQQ,2026-10-01,0,744.33,681.0,P,0.0,0.03,0.02,0.02,1040,241,0.5823,-0.0007,0.0001,0.001,-0.0033,0.01,0.02,0.01,0.005
2026-10-01T13:00:15+00:00,QQQ,2026-10-01,0,744.33,682.0,P,0.01,0.03,0.02,0.01,2254,245,0.5731,-0.0007,0.0001,0.001,-0.0035,0.01,0.02,0.01,0.005
2026-10-01T13:00:15+00:00,QQQ,2026-10-01,0,744.33,683.0,P,0.01,0.02,0.015,0.01,2288,306,0.5483,-0.0008,0.0001,0.0011,-0.0037,0.01,0.02,0.01,0.005
2026-10-01T13:00:15+00:00,QQQ,2026-10-01,0,744.33,684.0,P,0.01,0.02,0.015,0.01,2145,348,0.5393,-0.0008,0.0001,0.0012,-0.0039,0.03,0.03,0.01,0.005
2026-10-01T13:00:15+00:00,QQQ,2026-10-01,0,744.33,685.0,P,0.01,0.02,0.015,0.01,3118,844,0.5302,-0.0009,0.0002,0.0012,-0.0041,0.02,0.03,0.01,0.005
2026-10-01T13:00:15+00:00,QQQ,2026-10-01,0,744.33,686.0,P,0.01,0.03,0.02,0.02,1816,748,0.536,-0.0009,0.0002,0.0013,-0.0044,0.03,0.04,0.01,0.005
2026-10-01T13:00:15+00:00,QQQ,2026-10-01,0,744.33,687.0,P,0.01,0.03,0.02,0.02,1614,549,0.5268,-0.001,0.0002,0.0014,-0.0046,0.01,0.02,0.01,0.005
2026-10-01T13:00:15+00:00,QQQ,2026-10-01,0,744.33,688.0,P,0.01,0.02,0.015,0.02,1986,575,0.5031,-0.0011,0.0002,0.0015,-0.0049,0.02,0.02,0.01,0.005
2026-10-01T13:00:15+00:00,QQQ,2026-10-01,0,744.33,689.0,P,0.01,0.03,0.02,0.01,2309,786,0.5082,-0.0011,0.0002,0.0016,-0.0052,0.03,0.03,0.01,0.005
2026-10-01T13:00:15+00:00,QQQ,2026-10-01,0,744.33,690.0,P,0.01,0.03,0.02,0.03,2309,666,0.499,-0.0012,0.0002,0.0016,-0.0055,0.03,0.03,0.01,0.005
2026-10-01T13:00:15+00:00,QQQ,2026-10-01,0,744.33,691.0,P,0.01,0.03,0.02,0.02,2389,559,0.4897,-0.0013,0.0002,0.0018,-0.0058,0.01,0.03,0.01,0.005
2026-10-01T13:00:15+00:00,QQQ,2026-10-01,0,744.33,692.0,P,0.01,0.03,0.02,0.02,1042,255,0.4805,-0.0014,0.0003,0.0019,-0.0062,0.01,0.02,0.01,0.005
2026-10-01T13:00:15+00:00,QQQ,2026-10-01,0,744.33,693.0,P,0.01,0.03,0.02,0.01,2126,770,0.4712,-0.0015,0.0003,0.002,-0.0066,0.03,0.03,0.01,0.015
2026-10-01T13:00:15+00:00,QQQ,2026-10-01,0,744.33,694.0,P,0.01,0.03,0.02,0.02,2921,2137,0.4619,-0.0016,0.0003,0.0021,-0.007,0.02,0.03,0.01,0.015
2026-10-01T13:00:15+00:00,QQQ,2026-10-01,0,744.33,695.0,P,0.01,0.03,0.02,0.02,2696,1661,0.4526,-0.0017,0.0003,0.0023,-0.0075,0.03,0.03,0.01,0.015
2026-10-01T13:00:15+00:00,QQQ,2026-10-01,0,744.33,696.0,P,0.01,0.03,0.02,0.02,1416,872,0.4434,-0.0019,0.0004,0.0024,-0.008,0.02,0.03,0.01,0.015
2026-10-01T13:00:15+00:00,QQQ,2026-10-01,0,744.33,697.0,P,0.01,0.03,0.02,0.01,298,509,0.4341,-0.002,0.0004,0.0026,-0.0086,0.03,0.03,0.01,0.015
2026-10-01T13:00:15+00:00,QQQ,2026-10-01,0,744.33,698.0,P,0.01,0.03,0.02,0.02,267,533,0.4248,-0.0022,0.0004,0.0028,-0.0092,0.03,0.03,0.01,0.015
2026-10-01T13:00:15+00:00,QQQ,2026-10-01,0,744.33,699.0,P,0.01,0.03,0.02,0.02,209,417,0.4155,-0.0024,0.0005,0.003,-0.0098,0.04,0.04,0.01,0.015
2026-10-01T13:00:15+00:00,QQQ,2026-10-01,0,744.33,700.0,P,0.01,0.03,0.02,0.02,3880,4457,0.4062,-0.0026,0.0005,0.0032,-0.0106,0.04,0.04,0.01,0.015
2026-10-01T13:00:15+00:00,QQQ,2026-10-01,0,744.33,701.0,P,0.01,0.03,0.02,0.02,3446,3717,0.3969,-0.0028,0.0006,0.0035,-0.0114,0.04,0.04,0.02,0.015
2026-10-01T13:00:15+00:00,QQQ,2026-10-01,0,744.33,702.0,P,0.01,0.03,0.02,0.02,43,666,0.3876,-0.003,0.0006,0.0038,-0.0122,0.03,0.03,0.01,0.015
2026-10-01T13:00:15+00:00,QQQ,2026-10-01,0,744.33,703.0,P,0.01,0.03,0.02,0.02,225,383,0.3783,-0.0033,0.0007,0.0041,-0.0132,0.04,0.04,0.01,0.015
2026-10-01T13:00:15+00:00,QQQ,2026-10-01,0,744.33,704.0,P,0.01,0.02,0.015,0.02,202,665,0.3582,-0.0036,0.0008,0.0044,-0.0143,0.04,0.04,0.01,0.015
2026-10-01T13:00:15+00:00,QQQ,2026-10-01,0,744.33,705.0,P,0.01,0.03,0.02,0.01,537,1171,0.3597,-0.0039,0.0008,0.0048,-0.0155,0.06,0.06,0.01,0.015
2026-10-01T13:00:15+00:00,QQQ,2026-10-01,0,744.33,706.0,P,0.01,0.03,0.02,0.02,337,418,0.3504,-0.0043,0.0009,0.0052,-0.0168,0.04,0.05,0.01,0.015
2026-10-01T13:00:15+00:00,QQQ,2026-10-01,0,744.33,707.0,P,0.01,0.03,0.02,0.02,2998,2841,0.341,-0.0047,0.001,0.0056,-0.0182,0.04,0.05,0.01,0.015
2026-10-01T13:00:15+00:00,QQQ,2026-10-01,0,744.33,708.0,P,0.01,0.03,0.02,0.03,1094,1111,0.3316,-0.0051,0.0011,0.0061,-0.0199,0.07,0.07,0.01,0.015
2026-10-01T13:00:15+00:00,QQQ,2026-10-01,0,744.33,709.0,P,0.02,0.03,0.025,0.02,699,1548,0.3304,-0.0056,0.0013,0.0067,-0.0217,0.06,0.06,0.01,0.015
2026-10-01T13:00:15+00:00,QQQ,2026-10-01,0,744.33,710.0,P,0.02,0.03,0.025,0.03,618,934,0.3208,-0.0062,0.0014,0.0073,-0.0237,0.07,0.09,0.01,0.015
2026-10-01T13:00:15+00:00,QQQ,2026-10-01,0,744.33,711.0,P,0.02,0.03,0.025,0.03,542,767,0.3112,-0.0069,0.0016,0.008,-0.0261,0.09,0.09,0.01,0.025
2026-10-01T13:00:15+00:00,QQQ,2026-10-01,0,744.33,712.0,P,0.02,0.03,0.025,0.03,752,933,0.3016,-0.0077,0.0018,0.0087,-0.0287,0.08,0.08,0.01,0.025
2026-10-01T13:00:15+00:00,QQQ,2026-10-01,0,744.33,713.0,P,0.02,0.04,0.03,0.04,527,1474,0.292,-0.0085,0.002,0.0096,-0.0317,0.07,0.08,0.02,0.025
2026-10-01T13:00:15+00:00,QQQ,2026-10-01,0,744.33,714.0,P,0.02,0.04,0.03,0.04,752,902,0.2824,-0.0095,0.0022,0.0106,-0.0351,0.1,0.1,0.02,0.025
2026-10-01T13:00:15+00:00,QQQ,2026-10-01,0,744.33,715.0,P,0.02,0.04,0.03,0.04,686,2185,0.2787,-0.0107,0.0025,0.0117,-0.0391,0.13,0.13,0.02,0.025
2026-10-01T13:00:15+00:00,QQQ,2026-10-01,0,744.33,716.0,P,0.03,0.04,0.035,0.05,1651,1396,0.2741,-0.012,0.0028,0.0129,-0.0438,0.12,0.13,0.02,0.025
2026-10-01T13:00:15+00:00,QQQ,2026-10-01,0,744.33,717.0,P,0.03,0.05,0.04,0.05,911,658,0.2686,-0.0136,0.0032,0.0144,-0.0492,0.15,0.15,0.03,0.025
2026-10-01T13:00:15+00:00,QQQ,2026-10-01,0,744.33,718.0,P,0.03,0.06,0.045,0.06,1762,1766,0.2625,-0.0155,0.0037,0.0161,-0.0557,0.19,0.19,0.03,0.035
2026-10-01T13:00:15+00:00,QQQ,2026-10-01,0,744.33,719.0,P,0.04,0.05,0.045,0.05,1154,1173,0.2592,-0.0177,0.0042,0.018,-0.0634,0.17,0.17,0.03,0.045
2026-10-01T13:00:15+00:00,QQQ,2026-10-01,0,744.33,720.0,P,0.05,0.07,0.06,0.05,5964,4655,0.2517,-0.0204,0.0048,0.0202,-0.0728,0.25,0.25,0.03,0.045
2026-10-01T13:00:15+00:00,QQQ,2026-10-01,0,744.33,721.0,P,0.06,0.08,0.07,0.06,1867,1072,0.2466,-0.0236,0.0056,0.0229,-0.0843,0.28,0.29,0.04,0.045
2026-10-01T13:00:15+00:00,QQQ,2026-10-01,0,744.33,722.0,P,0.07,0.09,0.08,0.08,2337,1334,0.2405,-0.0275,0.0065,0.0259,-0.0985,0.34,0.34,0.05,0.055
2026-10-01T13:00:15+00:00,QQQ,2026-10-01,0,744.33,723.0,P,0.09,0.12,0.105,0.11,2695,1704,0.2378,-0.0322,0.0075,0.0295,-0.1161,0.34,0.34,0.06,0.065
2026-10-01T13:00:15+00:00,QQQ,2026-10-01,0,744.33,724.0,P,0.11,0.13,0.12,0.11,2672,1751,0.2335,-0.038,0.0088,0.0337,-0.138,0.42,0.42,0.07,0.075
2026-10-01T13:00:15+00:00,QQQ,2026-10-01,0,744.33,725.0,P,0.14,0.17,0.155,0.15,8121,4320,0.2294,-0.0451,0.0103,0.0386,-0.1657,0.49,0.51,0.08,0.095
2026-10-01T13:00:15+00:00,QQQ,2026-10-01,0,744.33,726.0,P,0.17,0.19,0.18,0.19,7954,3082,0.2277,-0.0538,0.012,0.0443,-0.2004,0.57,0.57,0.1,0.115
2026-10-01T13:00:15+00:00,QQQ,2026-10-01,0,744.33,727.0,P,0.22,0.25,0.235,0.23,5604,2352,0.2239,-0.0644,0.0141,0.0508,-0.2441,0.63,0.67,0.12,0.14
2026-10-01T13:00:15+00:00,QQQ,2026-10-01,0,744.33,728.0,P,0.28,0.3,0.29,0.3,5551,2593,0.2223,-0.0773,0.0164,0.0583,-0.299,0.74,0.8,0.16,0.175
2026-10-01T13:00:15+00:00,QQQ,2026-10-01,0,744.33,729.0,P,0.35,0.37,0.36,0.37,5628,2135,0.2208,-0.0927,0.0191,0.0665,-0.368,0.87,0.87,0.19,0.225
2026-10-01T13:00:15+00:00,QQQ,2026-10-01,0,744.33,730.0,P,0.44,0.48,0.46,0.44,21444,10799,0.2198,-0.1112,0.022,0.0756,-0.4541,1.09,1.09,0.25,0.285
2026-10-01T13:00:15+00:00,QQQ,2026-10-01,0,744.33,731.0,P,0.55,0.59,0.57,0.55,12471,4312,0.2194,-0.133,0.0252,0.0854,-0.5611,1.25,1.25,0.32,0.365
2026-10-01T13:00:15+00:00,QQQ,2026-10-01,0,744.33,732.0,P,0.69,0.72,0.705,0.69,8636,3273,0.2178,-0.1583,0.0286,0.0957,-0.6929,1.34,1.34,0.39,0.455
2026-10-01T13:00:15+00:00,QQQ,2026-10-01,0,744.33,733.0,P,0.85,0.89,0.87,0.88,14663,6219,0.2177,-0.1874,0.032,0.1063,-0.8536,1.68,1.68,0.48,0.565
2026-10-01T13:00:15+00:00,QQQ,2026-10-01,0,744.33,734.0,P,1.04,1.09,1.065,1.08,10014,2859,0.2165,-0.2203,0.0354,0.1166,-1.0473,1.85,1.95,0.58,0.695
2026-10-01T13:00:15+00:00,QQQ,2026-10-01,0,744.33,735.0,P,1.26,1.31,1.285,1.31,15783,3267,0.215,-0.2568,0.0387,0.1265,-1.2775,2.1,2.3,0.7,0.855
2026-10-01T13:00:15+00:00,QQQ,2026-10-01,0,744.33,736.0,P,1.52,1.58,1.55,1.58,16787,3660,0.2134,-0.2965,0.0416,0.1354,-1.5466,2.42,2.43,0.86,1.035
2026-10-01T13:00:15+00:00,QQQ,2026-10-01,0,744.33,737.0,P,1.82,1.89,1.855,1.84,13706,2015,0.2119,-0.3391,0.0442,0.143,-1.856,2.82,2.93,1.02,1.245
2026-10-01T13:00:15+00:00,QQQ,2026-10-01,0,744.33,738.0,P,2.16,2.23,2.195,2.18,12354,2212,0.2102,-0.3839,0.0464,0.149,-2.2061,3.11,3.34,1.24,1.485
2026-10-01T13:00:15+00:00,QQQ,2026-10-01,0,744.33,739.0,P,2.55,2.62,2.585,2.57,14996,2764,0.2085,-0.4306,0.0481,0.1532,-2.5886,3.51,3.88,1.46,1.755
2026-10-01T13:00:15+00:00,QQQ,2026-10-01,0,744.33,740.0,P,2.97,3.05,3.01,3.02,64190,19328,0.2066,-0.4789,0.0492,0.1552,-2.8929,3.99,4.27,1.73,2.075
2026-10-01T13:00:15+00:00,QQQ,2026-10-01,0,744.33,741.0,P,3.44,3.52,3.48,3.31,21307,2224,0.2045,-0.5284,0.0498,0.155,-2.8107,4.39,4.83,2.0,2.425
2026-10-01T13:00:15+00:00,QQQ,2026-10-01,0,744.33,742.0,P,3.96,4.05,4.005,3.86,33673,3264,0.202,-0.5789,0.0498,0.1525,-2.3997,5.11,5.45,2.32,2.825
2026-10-01T13:00:15+00:00,QQQ,2026-10-01,0,744.33,743.0,P,4.52,4.62,4.57,4.45,44275,3330,0.1994,-0.63,0.0491,0.1474,-1.9607,5.47,6.12,2.68,3.265
2026-10-01T13:00:15+00:00,QQQ,2026-10-01,0,744.33,744.0,P,5.13,5.24,5.185,5.05,30376,2131,0.197,-0.6812,0.0476,0.1396,-1.5677,6.22,6.58,3.08,3.755
2026-10-01T13:00:15+00:00,QQQ,2026-10-01,0,744.33,745.0,P,5.77,5.91,5.84,5.83,14951,2400,0.193,-0.7312,0.0452,0.1291,-1.2282,6.78,7.13,3.54,4.29
2026-10-01T13:00:15+00:00,QQQ,2026-10-01,0,744.33,746.0,P,6.47,6.62,6.545,6.69,6324,1023,0.1887,-0.7787,0.042,0.1164,-0.9457,6.73,7.89,4.02,4.87
2026-10-01T13:00:15+00:00,QQQ,2026-10-01,0,744.33,747.0,P,7.2,7.38,7.29,7.97,1944,405,0.1852,-0.822,0.0379,0.103,-0.7206,6.42,8.63,4.58,5.51
2026-10-01T13:00:15+00:00,QQQ,2026-10-01,0,744.33,748.0,P,8.03,8.21,8.12,8.61,621,303,0.1825,-0.8598,0.0333,0.0891,-0.5493,9.2,9.55,5.17,6.165
2026-10-01T13:00:15+00:00,QQQ,2026-10-01,0,744.33,749.0,P,8.89,9.08,8.985,8.54,1182,481,0.1811,-0.8912,0.0285,0.0746,-0.4251,9.11,9.18,6.0,6.885
2026-10-01T13:00:15+00:00,QQQ,2026-10-01,0,744.33,750.0,P,9.67,10.13,9.9,9.86,1423,1309,0.1785,-0.916,0.0239,0.061,-0.3372,9.18,11.4,6.5,7.655
2026-10-01T13:00:15+00:00,QQQ,2026-10-01,0,744.33,751.0,P,10.6,11.08,10.84,12.2,189,54,0.1795,-0.9352,0.0197,0.0513,-0.2754,9.97,12.2,7.23,8.455
2026-10-01T13:00:15+00:00,QQQ,2026-10-01,0,744.33,752.0,P,11.5,12.04,11.77,11.4,100,59,0.1772,-0.9497,0.0162,0.042,-0.2326,10.85,11.71,7.97,9.235
2026-10-01T13:00:15+00:00,QQQ,2026-10-01,0,744.33,753.0,P,12.48,13.02,12.75,12.2,62,17,0.1778,-0.9608,0.0132,0.0344,-0.2023,12.49,12.64,9.03,10.06
2026-10-01T13:00:15+00:00,QQQ,2026-10-01,0,744.33,754.0,P,13.45,14.0,13.725,13.26,132,25,0.1787,-0.9693,0.0107,0.0285,-0.1799,10.12,13.63,9.91,11.025
2026-10-01T13:00:15+00:00,QQQ,2026-10-01,0,744.33,755.0,P,14.44,14.99,14.715,14.43,115,66,0.182,-0.9759,0.0087,0.0233,-0.1637,14.0,14.46,10.81,11.88
2026-10-01T13:00:15+00:00,QQQ,2026-10-01,0,744.33,756.0,P,14.5,16.91,15.705,13.01,165,4,0.0,-0.981,0.007,0.0188,-0.1514,14.56,14.56,11.6,13.03
2026-10-01T13:00:15+00:00,QQQ,2026-10-01,0,744.33,757.0,P,15.06,17.67,16.365,20.16,0,4,0.0,-0.985,0.0057,0.016,-0.142,0.0,0.0,0.0,13.805
2026-10-01T13:00:15+00:00,QQQ,2026-10-01,0,744.33,758.0,P,16.74,18.67,17.705,16.35,16,0,0.0,-0.9881,0.0046,0.0125,-0.1352,14.21,16.35,13.55,14.855
2026-10-01T13:00:15+00:00,QQQ,2026-10-01,0,744.33,759.0,P,17.04,19.68,18.36,15.38,2,0,0.0,-0.9906,0.0037,0.0107,-0.1296,15.66,15.66,15.38,15.77
2026-10-01T13:00:15+00:00,QQQ,2026-10-01,0,744.33,760.0,P,18.73,20.5,19.615,20.05,169,2,0.0,-0.9925,0.003,0.0087,-0.1255,19.25,20.05,15.75,16.835
2026-10-01T13:00:15+00:00,QQQ,2026-10-01,0,744.33,761.0,P,19.75,21.65,20.7,17.9,25,10,0.0,-0.994,0.0024,0.0068,-0.1224,16.41,18.48,16.41,17.765
2026-10-01T13:00:15+00:00,QQQ,2026-10-01,0,744.33,762.0,P,20.01,22.75,21.38,17.76,0,4,0.0,-0.9952,0.002,0.0059,-0.1197,0.0,0.0,0.0,18.75
2026-10-01T13:00:15+00:00,QQQ,2026-10-01,0,744.33,763.0,P,21.01,23.71,22.36,19.63,1,2,0.0,-0.9962,0.0016,0.0048,-0.1178,19.63,19.63,19.63,19.76
2026-10-01T13:00:15+00:00,QQQ,2026-10-01,0,744.33,764.0,P,22.71,24.87,23.79,0.0,0,0,0.0,-0.997,0.0013,0.0037,-0.1163,0.0,0.0,0.0,20.825
2026-10-01T13:00:15+00:00,QQQ,2026-10-01,0,744.33,765.0,P,23.03,25.87,24.45,28.11,0,3,0.0,-0.9976,0.001,0.0031,-0.115,0.0,0.0,0.0,21.73
2026-10-01T13:00:15+00:00,QQQ,2026-10-01,0,744.33,766.0,P,24.01,26.73,25.37,22.63,2,0,0.0,-0.9981,0.0008,0.0026,-0.114,21.85,22.63,21.85,22.755
2026-10-01T13:00:15+00:00,QQQ,2026-10-01,0,744.33,767.0,P,25.06,27.69,26.375,23.18,0,0,0.0,-0.9985,0.0007,0.002,-0.1133,0.0,0.0,0.0,23.73
2026-10-01T13:00:15+00:00,QQQ,2026-10-01,0,744.33,768.0,P,26.72,28.69,27.705,0.0,0,0,0.0,-0.9988,0.0005,0.0016,-0.1127,0.0,0.0,0.0,24.83
2026-10-01T13:00:15+00:00,QQQ,2026-10-01,0,744.33,769.0,P,27.06,29.69,28.375,26.23,10,0,0.0,-0.9991,0.0004,0.0014,-0.1122,26.23,26.23,26.23,25.755
2026-10-01T13:00:15+00:00,QQQ,2026-10-01,0,744.33,770.0,P,28.03,30.69,29.36,26.51,35,30,0.0,-0.9992,0.0003,0.0011,-0.1118,29.31,29.31,25.83,26.62
2026-10-01T13:00:15+00:00,QQQ,2026-10-01,0,744.33,771.0,P,29.0,31.68,30.34,0.0,0,0,0.0,-0.9994,0.0003,0.0009,-0.1116,0.0,0.0,0.0,27.615
2026-10-01T13:00:15+00:00,QQQ,2026-10-01,0,744.33,772.0,P,30.01,32.85,31.43,0.0,0,0,0.0,-0.9995,0.0002,0.0007,-0.1114,0.0,0.0,0.0,28.62
2026-10-01T13:00:15+00:00,QQQ,2026-10-01,0,744.33,773.0,P,31.01,33.68,32.345,30.25,10,0,0.0,-0.9996,0.0002,0.0006,-0.1112,30.25,30.25,30.25,29.6
2026-10-01T13:00:15+00:00,QQQ,2026-10-01,0,744.33,774.0,P,32.01,34.68,33.345,0.0,0,0,0.0,-0.9997,0.0001,0.0005,-0.1111,0.0,0.0,0.0,30.615
2026-10-01T13:00:15+00:00,QQQ,2026-10-01,0,744.33,775.0,P,33.71,35.84,34.775,0.0,0,0,0.0,-0.9997,0.0001,0.0004,-0.111,0.0,0.0,0.0,31.665
2026-10-01T13:00:15+00:00,QQQ,2026-10-01,0,744.33,780.0,P,38.05,41.89,39.97,41.21,14,0,0.4972,-0.9999,0.0,0.0002,-0.1107,37.4,41.21,36.2,36.43
2026-10-01T14:00:10+00:00,QQQ,2026-10-01,0,743.54,699.0,C,42.42,45.99,44.205,43.15,1,1,0.8443,0.9973,0.0005,0.0018,-0.0127,43.15,43.15,43.15,44.28
2026-10-01T14:00:10+00:00,QQQ,2026-10-01,0,743.54,700.0,C,41.5,44.98,43.24,43.1,60,3,1.0267,0.9972,0.0005,0.0018,-0.0128,42.0,43.2,41.7,43.285
2026-10-01T14:00:10+00:00,QQQ,2026-10-01,0,743.54,705.0,C,36.51,39.22,37.865,38.1,3,6,0.0,0.9967,0.0007,0.0021,-0.0138,36.54,38.1,36.54,38.28
2026-10-01T14:00:10+00:00,QQQ,2026-10-01,0,743.54,707.0,C,34.5,36.63,35.565,37.42,2,0,0.0,0.9965,0.0008,0.0023,-0.0143,36.5,37.42,36.5,35.985
2026-10-01T14:00:10+00:00,QQQ,2026-10-01,0,743.54,708.0,C,33.51,35.63,34.57,35.73,0,2,0.0,0.9963,0.0008,0.0024,-0.0146,0.0,0.0,0.0,35.05
2026-10-01T14:00:10+00:00,QQQ,2026-10-01,0,743.54,709.0,C,32.56,34.83,33.695,34.88,0,3,0.0,0.9962,0.0009,0.0024,-0.0148,0.0,0.0,0.0,34.045
2026-10-01T14:00:10+00:00,QQQ,2026-10-01,0,743.54,710.0,C,31.51,33.58,32.545,30.05,0,34,0.0,0.996,0.0009,0.0025,-0.0152,0.0,0.0,0.0,33.045
2026-10-01T14:00:10+00:00,QQQ,2026-10-01,0,743.54,711.0,C,30.51,32.6,31.555,33.01,0,3,0.0,0.9959,0.001,0.0026,-0.0155,0.0,0.0,0.0,32.055
2026-10-01T14:00:10+00:00,QQQ,2026-10-01,0,743.54,712.0,C,29.49,31.6,30.545,31.73,0,1,0.0,0.9957,0.001,0.0027,-0.0159,0.0,0.0,0.0,30.985
2026-10-01T14:00:10+00:00,QQQ,2026-10-01,0,743.54,713.0,C,28.99,30.62,29.805,30.96,0,16,0.0,0.9954,0.0011,0.0029,-0.0163,0.0,0.0,0.0,30.0
2026-10-01T14:00:10+00:00,QQQ,2026-10-01,0,743.54,714.0,C,28.7,29.59,29.145,28.27,1,13,0.5626,0.9952,0.0012,0.003,-0.0168,28.27,28.27,28.27,28.99
2026-10-01T14:00:10+00:00,QQQ,2026-10-01,0,743.54,715.0,C,27.71,28.6,28.155,27.91,3,214,0.571,0.9949,0.0013,0.0032,-0.0173,28.08,28.08,27.91,28.14
2026-10-01T14:00:10+00:00,QQQ,2026-10-01,0,743.54,716.0,C,26.17,27.6,26.885,28.03,0,27,0.0,0.9946,0.0014,0.0033,-0.018,0.0,0.0,0.0,27.025
2026-10-01T14:00:10+00:00,QQQ,2026-10-01,0,743.54,717.0,C,25.09,26.59,25.84,25.82,18,110,0.0,0.9943,0.0016,0.0036,-0.0187,24.77,26.24,24.14,26.145
2026-10-01T14:00:10+00:00,QQQ,2026-10-01,0,743.54,718.0,C,24.71,25.6,25.155,24.92,10,58,0.4918,0.9939,0.0017,0.0038,-0.0196,25.16,25.63,23.59,25.265
2026-10-01T14:00:10+00:00,QQQ,2026-10-01,0,743.54,719.0,C,24.48,24.59,24.535,23.95,6,65,0.0,0.9934,0.0019,0.004,-0.0208,23.95,23.95,23.08,24.235
2026-10-01T14:00:10+00:00,QQQ,2026-10-01,0,743.54,720.0,C,23.47,23.61,23.54,23.16,4,345,0.0,0.9928,0.0021,0.0044,-0.0221,23.16,23.16,23.16,23.29
2026-10-01T14:00:10+00:00,QQQ,2026-10-01,0,743.54,721.0,C,22.47,22.59,22.53,20.73,1,79,0.0,0.9921,0.0023,0.0047,-0.0238,20.73,20.73,20.73,22.07
2026-10-01T14:00:10+00:00,QQQ,2026-10-01,0,743.54,722.0,C,21.48,21.6,21.54,19.84,2,287,0.3895,0.9912,0.0026,0.0052,-0.0259,20.61,20.61,19.84,21.31
2026-10-01T14:00:10+00:00,QQQ,2026-10-01,0,743.54,723.0,C,20.47,20.6,20.535,20.1,1,79,0.3894,0.9901,0.003,0.0058,-0.0287,20.1,20.1,20.1,20.125
2026-10-01T14:00:10+00:00,QQQ,2026-10-01,0,743.54,724.0,C,19.48,19.6,19.54,18.95,1,36,0.0,0.9887,0.0035,0.0065,-0.0322,18.95,18.95,18.95,19.36
2026-10-01T14:00:10+00:00,QQQ,2026-10-01,0,743.54,725.0,C,18.49,18.61,18.55,18.0,18,2843,0.3765,0.9869,0.0041,0.0074,-0.0369,16.81,18.0,16.8,18.19
2026-10-01T14:00:10+00:00,QQQ,2026-10-01,0,743.54,726.0,C,17.49,17.63,17.56,17.34,9,57,0.3482,0.9846,0.0048,0.0085,-0.0432,15.85,17.34,15.85,17.225
2026-10-01T14:00:10+00:00,QQQ,2026-10-01,0,743.54,727.0,C,16.5,16.62,16.56,16.65,1,147,0.3548,0.9816,0.0058,0.0099,-0.0516,16.65,16.65,16.65,16.335
2026-10-01T14:00:10+00:00,QQQ,2026-10-01,0,743.54,728.0,C,15.52,15.64,15.58,14.05,4,129,0.3475,0.9776,0.007,0.0117,-0.0629,14.05,14.05,14.05,15.295
2026-10-01T14:00:10+00:00,QQQ,2026-10-01,0,743.54,729.0,C,14.54,14.67,14.605,12.74,14,397,0.3465,0.9723,0.0086,0.0139,-0.0782,13.24,14.32,12.74,14.5
2026-10-01T14:00:10+00:00,QQQ,2026-10-01,0,743.54,730.0,C,13.55,13.66,13.605,12.55,45,1924,0.3368,0.9654,0.0106,0.0166,-0.0988,12.18,13.82,11.76,13.595
2026-10-01T14:00:10+00:00,QQQ,2026-10-01,0,743.54,731.0,C,12.58,12.7,12.64,13.24,0,283,0.3364,0.9564,0.013,0.02,-0.1264,0.0,0.0,0.0,12.56
2026-10-01T14:00:10+00:00,QQQ,2026-10-01,0,743.54,732.0,C,11.61,11.74,11.675,11.25,36,798,0.3257,0.9449,0.016,0.024,-0.1633,10.34,11.52,9.56,11.645
2026-10-01T14:00:10+00:00,QQQ,2026-10-01,0,743.54,733.0,C,10.65,10.76,10.705,10.27,44,402,0.3223,0.9302,0.0195,0.0288,-0.212,9.8,10.8,8.7,10.77
2026-10-01T14:00:10+00:00,QQQ,2026-10-01,0,743.54,734.0,C,9.71,9.82,9.765,8.75,93,395,0.3202,0.9117,0.0237,0.0342,-0.2758,7.72,9.59,7.72,9.96
2026-10-01T14:00:10+00:00,QQQ,2026-10-01,0,743.54,735.0,C,8.77,8.9,8.835,8.29,108,1147,0.3178,0.8889,0.0285,0.0403,-0.3585,7.93,9.05,6.9,9.11
2026-10-01T14:00:10+00:00,QQQ,2026-10-01,0,743.54,736.0,C,7.88,7.98,7.93,7.55,123,984,0.3141,0.861,0.0338,0.0469,-0.4645,7.51,7.7,6.02,8.29
2026-10-01T14:00:10+00:00,QQQ,2026-10-01,0,743.54,737.0,C,6.99,7.09,7.04,6.9,410,1415,0.3116,0.8276,0.0396,0.0538,-0.5988,6.15,7.18,5.2,7.5
2026-10-01T14:00:10+00:00,QQQ,2026-10-01,0,743.54,738.0,C,6.18,6.24,6.21,5.95,432,2161,0.3038,0.7882,0.0456,0.0608,-0.7668,5.44,6.43,4.5,6.74
2026-10-01T14:00:10+00:00,QQQ,2026-10-01,0,743.54,739.0,C,5.37,5.42,5.395,5.19,1567,2202,0.299,0.7427,0.0516,0.0676,-0.9746,4.52,5.61,3.78,6.01
2026-10-01T14:00:10+00:00,QQQ,2026-10-01,0,743.54,740.0,C,4.6,4.64,4.62,4.56,3152,7499,0.2968,0.6909,0.0572,0.0736,-1.2284,3.75,4.91,3.09,5.33
2026-10-01T14:00:10+00:00,QQQ,2026-10-01,0,743.54,741.0,C,3.89,3.91,3.9,3.9,4582,2589,0.2915,0.6333,0.062,0.0784,-1.5349,3.14,4.22,2.5,4.68
2026-10-01T14:00:10+00:00,QQQ,2026-10-01,0,743.54,742.0,C,3.23,3.25,3.24,3.25,12119,3129,0.2876,0.5707,0.0657,0.0817,-1.9009,2.78,3.52,2.0,4.08
2026-10-01T14:00:10+00:00,QQQ,2026-10-01,0,743.54,743.0,C,2.63,2.65,2.64,2.64,16803,5423,0.284,0.5043,0.0677,0.0829,-2.3327,2.13,2.9,1.58,3.515
2026-10-01T14:00:10+00:00,QQQ,2026-10-01,0,743.54,744.0,C,2.1,2.11,2.105,2.11,17276,4469,0.2806,0.4361,0.0677,0.0819,-1.8756,1.79,2.33,1.2,3.005
2026-10-01T14:00:10+00:00,QQQ,2026-10-01,0,743.54,745.0,C,1.64,1.65,1.645,1.66,26093,12409,0.2774,0.3683,0.0655,0.0786,-1.4518,1.21,1.83,0.88,2.545
2026-10-01T14:00:10+00:00,QQQ,2026-10-01,0,743.54,746.0,C,1.25,1.26,1.255,1.26,16344,3085,0.2752,0.3036,0.0613,0.073,-1.1005,1.01,1.4,0.64,2.125
2026-10-01T14:00:10+00:00,QQQ,2026-10-01,0,743.54,747.0,C,0.94,0.95,0.945,0.95,9404,5889,0.2725,0.2442,0.0554,0.0658,-0.8169,0.7,1.04,0.46,1.755
2026-10-01T14:00:10+00:00,QQQ,2026-10-01,0,743.54,748.0,C,0.69,0.7,0.695,0.68,6634,8284,0.2718,0.1916,0.0483,0.0575,-0.5946,0.43,0.76,0.32,1.435
2026-10-01T14:00:10+00:00,QQQ,2026-10-01,0,743.54,749.0,C,0.49,0.5,0.495,0.5,8317,3667,0.2712,0.1471,0.0408,0.0488,-0.4262,0.32,0.54,0.22,1.155
2026-10-01T14:00:10+00:00,QQQ,2026-10-01,0,743.54,750.0,C,0.35,0.36,0.355,0.35,9323,13635,0.2729,0.1111,0.0335,0.0405,-0.3029,0.19,0.39,0.16,0.925
2026-10-01T14:00:10+00:00,QQQ,2026-10-01,0,743.54,751.0,C,0.24,0.25,0.245,0.25,3089,2331,0.2745,0.0831,0.0268,0.0329,-0.2152,0.15,0.26,0.11,0.725
2026-10-01T14:00:10+00:00,QQQ,2026-10-01,0,743.54,752.0,C,0.17,0.18,0.175,0.18,2773,4182,0.2784,0.0619,0.0212,0.0264,-0.1537,0.09,0.19,0.08,0.555
2026-10-01T14:00:10+00:00,QQQ,2026-10-01,0,743.54,753.0,C,0.12,0.13,0.125,0.13,3068,6563,0.2844,0.0462,0.0165,0.0211,-0.1109,0.06,0.13,0.05,0.425
2026-10-01T14:00:10+00:00,QQQ,2026-10-01,0,743.54,754.0,C,0.09,0.1,0.095,0.09,3121,1870,0.2902,0.0347,0.0128,0.0168,-0.0811,0.05,0.09,0.03,0.325
2026-10-01T14:00:10+00:00,QQQ,2026-10-01,0,743.54,755.0,C,0.06,0.07,0.065,0.07,2320,3858,0.2977,0.0264,0.01,0.0135,-0.0604,0.06,0.07,0.03,0.245
2026-10-01T14:00:10+00:00,QQQ,2026-10-01,0,743.54,756.0,C,0.04,0.05,0.045,0.05,1488,3530,0.3004,0.0203,0.0078,0.0108,-0.046,0.05,0.06,0.01,0.185
2026-10-01T14:00:10+00:00,QQQ,2026-10-01,0,743.54,757.0,C,0.03,0.04,0.035,0.04,1968,7290,0.3085,0.016,0.0062,0.0089,-0.0361,0.04,0.05,0.01,0.135
2026-10-01T14:00:10+00:00,QQQ,2026-10-01,0,743.54,758.0,C,0.03,0.04,0.035,0.03,1373,4226,0.3272,0.013,0.005,0.0074,-0.0294,0.03,0.05,0.01,0.105
2026-10-01T14:00:10+00:00,QQQ,2026-10-01,0,743.54,759.0,C,0.02,0.03,0.025,0.02,554,1948,0.3307,0.0109,0.0042,0.0064,-0.0249,0.05,0.05,0.01,0.085
2026-10-01T14:00:10+00:00,QQQ,2026-10-01,0,743.54,760.0,C,0.02,0.03,0.025,0.03,2165,8612,0.3485,0.0094,0.0035,0.0056,-0.0219,0.03,0.03,0.01,0.065
2026-10-01T14:00:10+00:00,QQQ,2026-10-01,0,743.54,761.0,C,0.01,0.02,0.015,0.02,179,1236,0.3445,0.0084,0.0031,0.0051,-0.02,0.02,0.02,0.01,0.055
2026-10-01T14:00:10+00:00,QQQ,2026-10-01,0,743.54,762.0,C,0.01,0.02,0.015,0.02,1144,4409,0.3612,0.0076,0.0027,0.0046,-0.0187,0.01,0.02,0.01,0.045
2026-10-01T14:00:10+00:00,QQQ,2026-10-01,0,743.54,763.0,C,0.01,0.02,0.015,0.02,591,931,0.3778,0.0071,0.0024,0.0043,-0.0179,0.02,0.02,0.01,0.035
2026-10-01T14:00:10+00:00,QQQ,2026-10-01,0,743.54,764.0,C,0.01,0.02,0.015,0.02,261,3041,0.3943,0.0066,0.0022,0.0041,-0.0173,0.01,0.02,0.01,0.025
2026-10-01T14:00:10+00:00,QQQ,2026-10-01,0,743.54,765.0,C,0.01,0.02,0.015,0.02,277,2411,0.4107,0.0063,0.002,0.0039,-0.0169,0.01,0.02,0.01,0.025
2026-10-01T14:00:10+00:00,QQQ,2026-10-01,0,743.54,766.0,C,0.0,0.01,0.01,0.01,568,1733,0.3825,0.006,0.0019,0.0037,-0.0167,0.02,0.02,0.01,0.015
2026-10-01T14:00:10+00:00,QQQ,2026-10-01,0,743.54,767.0,C,0.0,0.01,0.01,0.01,25,1873,0.3973,0.0057,0.0018,0.0036,-0.0164,0.01,0.02,0.01,0.015
2026-10-01T14:00:10+00:00,QQQ,2026-10-01,0,743.54,768.0,C,0.0,0.01,0.01,0.01,4,445,0.4121,0.0055,0.0016,0.0034,-0.0162,0.01,0.01,0.01,0.015
2026-10-01T14:00:10+00:00,QQQ,2026-10-01,0,743.54,769.0,C,0.0,0.01,0.01,0.01,0,726,0.4268,0.0053,0.0015,0.0033,-0.0161,0.0,0.0,0.0,0.015
2026-10-01T14:00:10+00:00,QQQ,2026-10-01,0,743.54,770.0,C,0.0,0.01,0.01,0.01,2,745,0.4415,0.0051,0.0014,0.0032,-0.0159,0.01,0.01,0.01,0.015
2026-10-01T14:00:10+00:00,QQQ,2026-10-01,0,743.54,771.0,C,0.0,0.01,0.01,0.01,9,256,0.456,0.0049,0.0013,0.0031,-0.0158,0.01,0.01,0.01,0.005
2026-10-01T14:00:10+00:00,QQQ,2026-10-01,0,743.54,772.0,C,0.0,0.01,0.03,0.03,0,330,0.4706,0.0047,0.0013,0.003,-0.0156,0.0,0.0,0.0,0.005
2026-10-01T14:00:10+00:00,QQQ,2026-10-01,0,743.54,773.0,C,0.0,0.01,0.01,0.01,0,217,0.485,0.0046,0.0012,0.0029,-0.0155,0.0,0.0,0.0,0.005
2026-10-01T14:00:10+00:00,QQQ,2026-10-01,0,743.54,774.0,C,0.0,0.01,0.01,0.01,0,529,0.4994,0.0044,0.0011,0.0028,-0.0153,0.0,0.0,0.0,0.005
2026-10-01T14:00:10+00:00,QQQ,2026-10-01,0,743.54,775.0,C,0.0,0.01,0.02,0.02,0,1534,0.5138,0.0043,0.0011,0.0027,-0.0152,0.0,0.0,0.0,0.005
2026-10-01T14:00:10+00:00,QQQ,2026-10-01,0,743.54,780.0,C,0.0,0.01,0.01,0.01,4,505,0.5848,0.0037,0.0008,0.0024,-0.0145,0.01,0.01,0.01,0.005
2026-10-01T14:00:10+00:00,QQQ,2026-10-01,0,743.54,785.0,C,0.0,0.01,0.01,0.01,1,339,0.6547,0.0032,0.0006,0.0021,-0.0138,0.01,0.01,0.01,0.005
2026-10-01T14:00:10+00:00,QQQ,2026-10-01,0,743.54,650.0,P,0.0,0.01,0.01,0.01,2,328,1.4961,-0.0008,0.0001,0.0006,-0.0065,0.01,0.01,0.01,0.005
2026-10-01T14:00:10+00:00,QQQ,2026-10-01,0,743.54,655.0,P,0.0,0.01,0.01,0.01,2,330,1.4163,-0.0009,0.0001,0.0006,-0.007,0.01,0.01,0.01,0.005
2026-10-01T14:00:10+00:00,QQQ,2026-10-01,0,743.54,675.0,P,0.0,0.01,0.01,0.01,11,225,1.1003,-0.0014,0.0002,0.001,-0.0092,0.01,0.01,0.01,0.005
2026-10-01T14:00:10+00:00,QQQ,2026-10-01,0,743.54,682.0,P,0.0,0.01,0.01,0.01,1,245,0.9906,-0.0017,0.0002,0.0011,-0.0101,0.01,0.01,0.01,0.005
2026-10-01T14:00:10+00:00,QQQ,2026-10-01,0,743.54,690.0,P,0.0,0.01,0.01,0.01,1,666,0.8657,-0.0021,0.0003,0.0014,-0.0112,0.01,0.01,0.01,0.005
2026-10-01T14:00:10+00:00,QQQ,2026-10-01,0,743.54,693.0,P,0.0,0.01,0.01,0.01,1,770,0.8188,-0.0023,0.0004,0.0015,-0.0117,0.01,0.01,0.01,0.015
2026-10-01T14:00:10+00:00,QQQ,2026-10-01,0,743.54,696.0,P,0.0,0.01,0.01,0.01,1,872,0.772,-0.0025,0.0004,0.0016,-0.0122,0.01,0.01,0.01,0.015
2026-10-01T14:00:10+00:00,QQQ,2026-10-01,0,743.54,698.0,P,0.0,0.01,0.02,0.02,51,533,0.7408,-0.0026,0.0005,0.0017,-0.0125,0.01,0.02,0.01,0.015
2026-10-01T14:00:10+00:00,QQQ,2026-10-01,0,743.54,699.0,P,0.0,0.01,0.01,0.01,30,417,0.7252,-0.0027,0.0005,0.0018,-0.0127,0.01,0.01,0.01,0.015
2026-10-01T14:00:10+00:00,QQQ,2026-10-01,0,743.54,700.0,P,0.0,0.01,0.01,0.01,5,4457,0.7096,-0.0028,0.0005,0.0018,-0.0128,0.01,0.01,0.01,0.015
2026-10-01T14:00:10+00:00,QQQ,2026-10-01,0,743.54,701.0,P,0.0,0.01,0.01,0.01,27,3717,0.694,-0.0029,0.0006,0.0019,-0.013,0.01,0.01,0.01,0.015
2026-10-01T14:00:10+00:00,QQQ,2026-10-01,0,743.54,702.0,P,0.0,0.01,0.01,0.01,1,666,0.6784,-0.003,0.0006,0.0019,-0.0132,0.01,0.01,0.01,0.015
2026-10-01T14:00:10+00:00,QQQ,2026-10-01,0,743.54,704.0,P,0.0,0.01,0.01,0.01,11,665,0.6472,-0.0032,0.0006,0.002,-0.0136,0.01,0.01,0.01,0.015
2026-10-01T14:00:10+00:00,QQQ,2026-10-01,0,743.54,705.0,P,0.0,0.01,0.01,0.01,46,1171,0.6316,-0.0033,0.0007,0.0021,-0.0138,0.01,0.01,0.01,0.015
2026-10-01T14:00:10+00:00,QQQ,2026-10-01,0,743.54,706.0,P,0.0,0.01,0.01,0.01,25,418,0.6159,-0.0034,0.0007,0.0022,-0.014,0.01,0.01,0.01,0.015
2026-10-01T14:00:10+00:00,QQQ,2026-10-01,0,743.54,707.0,P,0.0,0.01,0.01,0.01,72,2841,0.6003,-0.0035,0.0008,0.0023,-0.0143,0.01,0.01,0.01,0.015
2026-10-01T14:00:10+00:00,QQQ,2026-10-01,0,743.54,708.0,P,0.0,0.01,0.01,0.01,48,1111,0.5846,-0.0037,0.0008,0.0024,-0.0146,0.01,0.01,0.01,0.015
2026-10-01T14:00:10+00:00,QQQ,2026-10-01,0,743.54,709.0,P,0.0,0.01,0.01,0.01,90,1548,0.569,-0.0038,0.0009,0.0024,-0.0148,0.01,0.01,0.01,0.015
2026-10-01T14:00:10+00:00,QQQ,2026-10-01,0,743.54,710.0,P,0.0,0.01,0.01,0.01,62,934,0.5533,-0.004,0.0009,0.0025,-0.0152,0.01,0.01,0.01,0.015
2026-10-01T14:00:10+00:00,QQQ,2026-10-01,0,743.54,711.0,P,0.0,0.01,0.01,0.01,777,767,0.5377,-0.0041,0.001,0.0026,-0.0155,0.01,0.01,0.01,0.025
2026-10-01T14:00:10+00:00,QQQ,2026-10-01,0,743.54,712.0,P,0.01,0.02,0.015,0.01,352,933,0.5802,-0.0043,0.001,0.0027,-0.0158,0.03,0.03,0.01,0.025
2026-10-01T14:00:10+00:00,QQQ,2026-10-01,0,743.54,713.0,P,0.01,0.02,0.015,0.01,1347,1474,0.5631,-0.0045,0.0011,0.0029,-0.0162,0.01,0.02,0.01,0.025
2026-10-01T14:00:10+00:00,QQQ,2026-10-01,0,743.54,714.0,P,0.01,0.02,0.015,0.01,1129,902,0.5459,-0.0048,0.0012,0.003,-0.0168,0.01,0.02,0.01,0.025
2026-10-01T14:00:10+00:00,QQQ,2026-10-01,0,743.54,715.0,P,0.01,0.02,0.015,0.02,499,2185,0.5287,-0.0051,0.0013,0.0032,-0.0173,0.01,0.02,0.01,0.025
2026-10-01T14:00:10+00:00,QQQ,2026-10-01,0,743.54,716.0,P,0.01,0.02,0.015,0.01,260,1396,0.5115,-0.0054,0.0014,0.0033,-0.018,0.02,0.02,0.01,0.025
2026-10-01T14:00:10+00:00,QQQ,2026-10-01,0,743.54,717.0,P,0.01,0.02,0.015,0.02,76,658,0.4938,-0.0057,0.0016,0.0036,-0.0187,0.02,0.02,0.01,0.025
2026-10-01T14:00:10+00:00,QQQ,2026-10-01,0,743.54,718.0,P,0.01,0.02,0.015,0.02,533,1766,0.4765,-0.0061,0.0017,0.0038,-0.0196,0.02,0.04,0.01,0.035
2026-10-01T14:00:10+00:00,QQQ,2026-10-01,0,743.54,719.0,P,0.01,0.02,0.015,0.03,1364,1173,0.4592,-0.0066,0.0019,0.004,-0.0208,0.04,0.04,0.01,0.045
2026-10-01T14:00:10+00:00,QQQ,2026-10-01,0,743.54,720.0,P,0.02,0.03,0.025,0.02,907,4655,0.4684,-0.0072,0.0021,0.0044,-0.0221,0.04,0.04,0.01,0.045
2026-10-01T14:00:10+00:00,QQQ,2026-10-01,0,743.54,721.0,P,0.02,0.03,0.025,0.03,276,1072,0.4502,-0.0079,0.0023,0.0047,-0.0238,0.03,0.03,0.02,0.045
2026-10-01T14:00:10+00:00,QQQ,2026-10-01,0,743.54,722.0,P,0.02,0.03,0.025,0.03,249,1334,0.4319,-0.0088,0.0026,0.0052,-0.0259,0.02,0.04,0.02,0.055
2026-10-01T14:00:10+00:00,QQQ,2026-10-01,0,743.54,723.0,P,0.02,0.03,0.025,0.03,903,1704,0.4135,-0.0099,0.003,0.0058,-0.0287,0.01,0.07,0.01,0.065
2026-10-01T14:00:10+00:00,QQQ,2026-10-01,0,743.54,724.0,P,0.03,0.04,0.035,0.03,1296,1751,0.4125,-0.0113,0.0035,0.0065,-0.0322,0.03,0.05,0.03,0.075
2026-10-01T14:00:10+00:00,QQQ,2026-10-01,0,743.54,725.0,P,0.03,0.04,0.035,0.04,1526,4320,0.3933,-0.0131,0.0041,0.0074,-0.0369,0.06,0.07,0.03,0.095
2026-10-01T14:00:10+00:00,QQQ,2026-10-01,0,743.54,726.0,P,0.04,0.05,0.045,0.05,517,3082,0.3874,-0.0154,0.0048,0.0085,-0.0432,0.07,0.08,0.04,0.115
2026-10-01T14:00:10+00:00,QQQ,2026-10-01,0,743.54,727.0,P,0.05,0.06,0.055,0.06,1289,2352,0.3785,-0.0184,0.0058,0.0099,-0.0516,0.08,0.1,0.05,0.14
2026-10-01T14:00:10+00:00,QQQ,2026-10-01,0,743.54,728.0,P,0.06,0.07,0.065,0.06,891,2593,0.3674,-0.0224,0.007,0.0117,-0.0629,0.1,0.13,0.06,0.175
2026-10-01T14:00:10+00:00,QQQ,2026-10-01,0,743.54,729.0,P,0.07,0.08,0.075,0.08,5056,2135,0.3621,-0.0277,0.0086,0.0139,-0.0782,0.12,0.16,0.07,0.225
2026-10-01T14:00:10+00:00,QQQ,2026-10-01,0,743.54,730.0,P,0.09,0.1,0.095,0.09,4143,10799,0.3533,-0.0346,0.0106,0.0166,-0.0988,0.15,0.2,0.09,0.285
2026-10-01T14:00:10+00:00,QQQ,2026-10-01,0,743.54,731.0,P,0.11,0.12,0.115,0.12,2182,4312,0.3469,-0.0436,0.013,0.02,-0.1264,0.16,0.25,0.12,0.365
2026-10-01T14:00:10+00:00,QQQ,2026-10-01,0,743.54,732.0,P,0.15,0.16,0.155,0.15,2973,3273,0.337,-0.0551,0.016,0.024,-0.1633,0.24,0.33,0.15,0.455
2026-10-01T14:00:10+00:00,QQQ,2026-10-01,0,743.54,733.0,P,0.19,0.2,0.195,0.19,4251,6219,0.3315,-0.0698,0.0195,0.0288,-0.212,0.29,0.42,0.18,0.565
2026-10-01T14:00:10+00:00,QQQ,2026-10-01,0,743.54,734.0,P,0.24,0.25,0.245,0.25,4150,2859,0.3248,-0.0883,0.0237,0.0342,-0.2758,0.4,0.55,0.24,0.695
2026-10-01T14:00:10+00:00,QQQ,2026-10-01,0,743.54,735.0,P,0.32,0.33,0.325,0.33,5538,3267,0.3191,-0.1111,0.0285,0.0403,-0.3585,0.53,0.7,0.31,0.855
2026-10-01T14:00:10+00:00,QQQ,2026-10-01,0,743.54,736.0,P,0.4,0.41,0.405,0.41,5691,3660,0.3152,-0.139,0.0338,0.0469,-0.4645,0.58,0.88,0.41,1.035
2026-10-01T14:00:10+00:00,QQQ,2026-10-01,0,743.54,737.0,P,0.52,0.53,0.525,0.52,6647,2015,0.3097,-0.1724,0.0396,0.0538,-0.5988,0.76,1.11,0.52,1.245
2026-10-01T14:00:10+00:00,QQQ,2026-10-01,0,743.54,738.0,P,0.67,0.68,0.675,0.67,6481,2212,0.3055,-0.2118,0.0456,0.0608,-0.7668,0.96,1.38,0.67,1.485
2026-10-01T14:00:10+00:00,QQQ,2026-10-01,0,743.54,739.0,P,0.85,0.86,0.855,0.86,8436,2764,0.2998,-0.2573,0.0516,0.0676,-0.9746,1.16,1.7,0.85,1.755
2026-10-01T14:00:10+00:00,QQQ,2026-10-01,0,743.54,740.0,P,1.08,1.09,1.085,1.09,15635,19328,0.2962,-0.3091,0.0572,0.0736,-1.2284,1.53,2.07,1.08,2.075
2026-10-01T14:00:10+00:00,QQQ,2026-10-01,0,743.54,741.0,P,1.36,1.37,1.365,1.39,12773,2224,0.2922,-0.3667,0.062,0.0784,-1.5349,1.83,2.51,1.33,2.425
2026-10-01T14:00:10+00:00,QQQ,2026-10-01,0,743.54,742.0,P,1.7,1.71,1.705,1.71,17790,3264,0.2877,-0.4293,0.0657,0.0817,-1.9009,2.33,2.99,1.65,2.825
2026-10-01T14:00:10+00:00,QQQ,2026-10-01,0,743.54,743.0,P,2.1,2.11,2.105,2.12,8181,3330,0.284,-0.4957,0.0677,0.0829,-2.3327,2.81,3.55,2.03,3.265
2026-10-01T14:00:10+00:00,QQQ,2026-10-01,0,743.54,744.0,P,2.57,2.58,2.575,2.57,4742,2131,0.28,-0.5639,0.0677,0.0819,-1.8756,3.37,4.12,2.48,3.755
2026-10-01T14:00:10+00:00,QQQ,2026-10-01,0,743.54,745.0,P,3.1,3.12,3.11,3.15,1372,2400,0.2768,-0.6317,0.0655,0.0786,-1.4518,3.95,4.82,3.0,4.29
2026-10-01T14:00:10+00:00,QQQ,2026-10-01,0,743.54,746.0,P,3.71,3.74,3.725,3.8,374,1023,0.2738,-0.6964,0.0613,0.073,-1.1005,4.45,5.51,3.6,4.87
2026-10-01T14:00:10+00:00,QQQ,2026-10-01,0,743.54,747.0,P,4.38,4.44,4.41,4.72,64,405,0.2733,-0.7558,0.0554,0.0658,-0.8169,5.17,6.33,4.35,5.51
2026-10-01T14:00:10+00:00,QQQ,2026-10-01,0,743.54,748.0,P,5.12,5.19,5.155,5.53,185,303,0.2709,-0.8084,0.0483,0.0575,-0.5946,5.95,6.95,4.95,6.165
2026-10-01T14:00:10+00:00,QQQ,2026-10-01,0,743.54,749.0,P,5.93,6.03,5.98,6.0,36,481,0.2754,-0.8529,0.0408,0.0488,-0.4262,6.65,7.95,5.82,6.885
2026-10-01T14:00:10+00:00,QQQ,2026-10-01,0,743.54,750.0,P,6.8,6.88,6.84,7.26,89,1309,0.2766,-0.8889,0.0335,0.0405,-0.3029,7.31,8.7,6.65,7.655
2026-10-01T14:00:10+00:00,QQQ,2026-10-01,0,743.54,751.0,P,7.67,7.79,7.73,8.01,45,54,0.2806,-0.9169,0.0268,0.0329,-0.2152,9.08,9.08,7.69,8.455
2026-10-01T14:00:10+00:00,QQQ,2026-10-01,0,743.54,752.0,P,8.6,8.73,8.665,9.01,10,59,0.2879,-0.9381,0.0212,0.0264,-0.1537,10.8,10.83,8.9,9.235
2026-10-01T14:00:10+00:00,QQQ,2026-10-01,0,743.54,753.0,P,9.54,9.67,9.605,11.51,5,17,0.2959,-0.9538,0.0165,0.0211,-0.1109,9.44,11.51,9.41,10.06
2026-10-01T14:00:10+00:00,QQQ,2026-10-01,0,743.54,754.0,P,10.51,10.63,10.57,13.26,0,25,0.299,-0.9653,0.0128,0.0168,-0.0811,0.0,0.0,0.0,11.025
2026-10-01T14:00:10+00:00,QQQ,2026-10-01,0,743.54,755.0,P,11.5,11.61,11.555,13.69,52,66,0.3084,-0.9736,0.01,0.0135,-0.0604,13.43,13.69,13.43,11.88
2026-10-01T14:00:10+00:00,QQQ,2026-10-01,0,743.54,756.0,P,12.48,12.6,12.54,13.01,0,4,0.3182,-0.9797,0.0078,0.0108,-0.046,0.0,0.0,0.0,13.03
2026-10-01T14:00:10+00:00,QQQ,2026-10-01,0,743.54,757.0,P,13.45,13.59,13.52,20.16,0,4,0.3297,-0.984,0.0062,0.0089,-0.0361,0.0,0.0,0.0,13.805
2026-10-01T14:00:10+00:00,QQQ,2026-10-01,0,743.54,758.0,P,14.44,14.57,14.505,16.35,0,0,0.3494,-0.987,0.005,0.0074,-0.0294,0.0,0.0,0.0,14.855
2026-10-01T14:00:10+00:00,QQQ,2026-10-01,0,743.54,759.0,P,15.44,15.57,15.505,16.63,1,0,0.3582,-0.9891,0.0042,0.0064,-0.0249,16.63,16.63,16.63,15.77
2026-10-01T14:00:10+00:00,QQQ,2026-10-01,0,743.54,760.0,P,16.45,16.57,16.51,17.96,2,2,0.3771,-0.9906,0.0035,0.0056,-0.0219,18.68,18.68,17.96,16.835
2026-10-01T14:00:10+00:00,QQQ,2026-10-01,0,743.54,761.0,P,17.43,17.56,17.495,18.95,4,10,0.4018,-0.9916,0.0031,0.0051,-0.02,18.31,19.31,18.12,17.765
2026-10-01T14:00:10+00:00,QQQ,2026-10-01,0,743.54,762.0,P,18.42,18.56,18.49,17.76,0,4,0.4079,-0.9924,0.0027,0.0046,-0.0187,0.0,0.0,0.0,18.75
2026-10-01T14:00:10+00:00,QQQ,2026-10-01,0,743.54,763.0,P,19.41,19.56,19.485,20.13,2,2,0.4187,-0.9929,0.0024,0.0043,-0.0179,20.31,20.31,20.13,19.76
2026-10-01T14:00:10+00:00,QQQ,2026-10-01,0,743.54,764.0,P,20.41,20.55,20.48,0.0,0,0,0.4366,-0.9934,0.0022,0.0041,-0.0173,0.0,0.0,0.0,20.825
2026-10-01T14:00:10+00:00,QQQ,2026-10-01,0,743.54,765.0,P,21.41,21.56,21.485,22.59,2,3,0.4544,-0.9937,0.002,0.0039,-0.0169,22.64,22.64,22.59,21.73
2026-10-01T14:00:10+00:00,QQQ,2026-10-01,0,743.54,766.0,P,22.4,22.55,22.475,22.63,0,0,0.463,-0.994,0.0019,0.0037,-0.0167,0.0,0.0,0.0,22.755
2026-10-01T14:00:10+00:00,QQQ,2026-10-01,0,743.54,767.0,P,23.39,23.55,23.47,23.18,0,0,0.4803,-0.9943,0.0018,0.0036,-0.0164,0.0,0.0,0.0,23.73
2026-10-01T14:00:10+00:00,QQQ,2026-10-01,0,743.54,768.0,P,24.39,26.46,25.425,0.0,0,0,0.8355,-0.9945,0.0016,0.0034,-0.0162,0.0,0.0,0.0,24.83
2026-10-01T14:00:10+00:00,QQQ,2026-10-01,0,743.54,769.0,P,25.39,27.51,26.45,26.23,0,0,0.8569,-0.9947,0.0015,0.0033,-0.0161,0.0,0.0,0.0,25.755
2026-10-01T14:00:10+00:00,QQQ,2026-10-01,0,743.54,770.0,P,26.39,28.51,27.45,26.51,0,30,0.8814,-0.9949,0.0014,0.0032,-0.0159,0.0,0.0,0.0,26.62
2026-10-01T14:00:10+00:00,QQQ,2026-10-01,0,743.54,771.0,P,27.39,29.52,28.455,0.0,0,0,0.9092,-0.9951,0.0013,0.0031,-0.0158,0.0,0.0,0.0,27.615
2026-10-01T14:00:10+00:00,QQQ,2026-10-01,0,743.54,772.0,P,28.38,30.51,29.445,0.0,0,0,0.9317,-0.9953,0.0013,0.003,-0.0156,0.0,0.0,0.0,28.62
2026-10-01T14:00:10+00:00,QQQ,2026-10-01,0,743.54,773.0,P,29.39,31.51,30.45,30.25,0,0,0.9504,-0.9954,0.0012,0.0029,-0.0155,0.0,0.0,0.0,29.6
2026-10-01T14:00:10+00:00,QQQ,2026-10-01,0,743.54,774.0,P,30.39,32.51,31.45,0.0,0,0,0.9778,-0.9956,0.0011,0.0028,-0.0153,0.0,0.0,0.0,30.615
2026-10-01T14:00:10+00:00,QQQ,2026-10-01,0,743.54,775.0,P,31.18,33.51,32.345,0.0,0,0,0.9254,-0.9957,0.0011,0.0027,-0.0152,0.0,0.0,0.0,31.665
2026-10-01T14:00:10+00:00,QQQ,2026-10-01,0,743.54,780.0,P,35.12,38.51,36.815,41.21,0,0,0.0,-0.9963,0.0008,0.0024,-0.0145,0.0,0.0,0.0,36.43
2026-10-01T17:29:30+00:00,QQQ,2026-10-01,0,739.68,505.0,C,232.74,236.03,234.385,234.55,8,9,0.0,1.0,0.0,0.0,0.0,234.55,234.55,234.55,238.255
2026-10-01T17:29:30+00:00,QQQ,2026-10-01,0,739.68,640.0,C,97.72,100.52,99.12,99.13,30,30,0.0,0.9996,0.0,0.0002,-0.0035,99.13,99.13,99.13,103.29
2026-10-01T17:29:30+00:00,QQQ,2026-10-01,0,739.68,645.0,C,92.76,95.49,94.125,94.26,30,30,0.0,0.9995,0.0001,0.0003,-0.004,94.21,94.26,94.21,98.38
2026-10-01T17:29:30+00:00,QQQ,2026-10-01,0,739.68,665.0,C,72.76,75.8,74.28,74.24,1,0,0.0,0.999,0.0001,0.0005,-0.0065,74.24,74.24,74.24,78.295
2026-10-01T17:29:30+00:00,QQQ,2026-10-01,0,739.68,666.0,C,71.76,74.93,73.345,73.29,1,0,0.0,0.999,0.0001,0.0005,-0.0066,73.29,73.29,73.29,77.27
2026-10-01T17:29:30+00:00,QQQ,2026-10-01,0,739.68,667.0,C,70.59,73.94,72.265,71.55,1,0,0.0,0.999,0.0001,0.0005,-0.0068,71.55,71.55,71.55,76.27
2026-10-01T17:29:30+00:00,QQQ,2026-10-01,0,739.68,668.0,C,69.58,72.93,71.255,70.6,1,0,0.0,0.9989,0.0001,0.0005,-0.0069,70.6,70.6,70.6,75.39
2026-10-01T17:29:30+00:00,QQQ,2026-10-01,0,739.68,669.0,C,68.58,71.93,70.255,69.55,1,0,0.0,0.9989,0.0001,0.0005,-0.007,69.55,69.55,69.55,74.265
2026-10-01T17:29:30+00:00,QQQ,2026-10-01,0,739.68,670.0,C,67.76,70.91,69.335,68.6,1,0,0.0,0.9989,0.0002,0.0005,-0.0072,68.6,68.6,68.6,73.415
2026-10-01T17:29:30+00:00,QQQ,2026-10-01,0,739.68,672.0,C,65.58,68.93,67.255,67.88,1,0,0.0,0.9988,0.0002,0.0006,-0.0075,67.88,67.88,67.88,71.275
2026-10-01T17:29:30+00:00,QQQ,2026-10-01,0,739.68,673.0,C,64.72,67.87,66.295,66.93,1,0,0.0,0.9988,0.0002,0.0006,-0.0077,66.93,66.93,66.93,70.27
2026-10-01T17:29:30+00:00,QQQ,2026-10-01,0,739.68,674.0,C,63.74,66.87,65.305,63.76,1,3,0.0,0.9987,0.0002,0.0006,-0.0078,63.76,63.76,63.76,69.36
2026-10-01T17:29:30+00:00,QQQ,2026-10-01,0,739.68,675.0,C,62.58,65.93,64.255,62.81,1,1,0.0,0.9987,0.0002,0.0006,-0.008,62.81,62.81,62.81,68.265
2026-10-01T17:29:30+00:00,QQQ,2026-10-01,0,739.68,684.0,C,55.22,56.78,56.0,54.32,6,9,2.1542,0.9982,0.0003,0.0008,-0.0096,54.32,54.32,54.32,59.265
2026-10-01T17:29:30+00:00,QQQ,2026-10-01,0,739.68,690.0,C,47.77,50.93,49.35,48.82,33,32,0.0,0.9979,0.0004,0.001,-0.0108,48.33,49.51,48.33,53.275
2026-10-01T17:29:30+00:00,QQQ,2026-10-01,0,739.68,691.0,C,46.74,49.74,48.24,47.88,1,8,0.0,0.9978,0.0004,0.001,-0.011,47.88,47.88,47.88,52.275
2026-10-01T17:29:30+00:00,QQQ,2026-10-01,0,739.68,693.0,C,44.77,47.93,46.35,46.02,1,0,0.0,0.9976,0.0004,0.001,-0.0114,46.02,46.02,46.02,50.28
2026-10-01T17:29:30+00:00,QQQ,2026-10-01,0,739.68,694.0,C,43.77,46.93,45.35,45.08,1,0,0.0,0.9976,0.0004,0.0011,-0.0117,45.08,45.08,45.08,49.275
2026-10-01T17:29:30+00:00,QQQ,2026-10-01,0,739.68,695.0,C,42.76,45.71,44.235,42.83,1,11,0.0,0.9975,0.0005,0.0011,-0.0119,42.83,42.83,42.83,48.275
2026-10-01T17:29:30+00:00,QQQ,2026-10-01,0,739.68,697.0,C,40.67,43.83,42.25,41.62,1,1,0.0,0.9973,0.0005,0.0012,-0.0123,41.62,41.62,41.62,46.28
2026-10-01T17:29:30+00:00,QQQ,2026-10-01,0,739.68,698.0,C,39.76,42.96,41.36,40.18,3,0,0.0,0.9972,0.0006,0.0012,-0.0126,40.68,40.68,40.18,45.28
2026-10-01T17:29:30+00:00,QQQ,2026-10-01,0,739.68,699.0,C,38.77,41.93,40.35,39.44,6,1,0.0,0.9971,0.0006,0.0013,-0.0128,43.15,43.15,39.13,44.28
2026-10-01T17:29:30+00:00,QQQ,2026-10-01,0,739.68,700.0,C,37.58,40.93,39.255,38.73,184,3,0.0,0.997,0.0006,0.0013,-0.013,42.0,43.2,38.4,43.285
2026-10-01T17:29:30+00:00,QQQ,2026-10-01,0,739.68,701.0,C,36.72,39.93,38.325,38.92,12,0,0.0,0.9969,0.0006,0.0014,-0.0132,38.24,39.31,37.52,42.28
2026-10-01T17:29:30+00:00,QQQ,2026-10-01,0,739.68,702.0,C,35.76,38.93,37.345,37.55,14,6,0.0,0.9968,0.0007,0.0014,-0.0135,36.54,37.55,36.54,41.28
2026-10-01T17:29:30+00:00,QQQ,2026-10-01,0,739.68,703.0,C,34.76,37.93,36.345,35.16,23,11,0.0,0.9966,0.0007,0.0015,-0.0137,38.56,39.49,34.12,40.28
2026-10-01T17:29:30+00:00,QQQ,2026-10-01,0,739.68,704.0,C,33.76,36.96,35.36,34.8,18,28,0.0,0.9965,0.0008,0.0015,-0.014,37.84,38.67,34.8,39.28
2026-10-01T17:29:30+00:00,QQQ,2026-10-01,0,739.68,705.0,C,32.76,35.93,34.345,33.56,21,6,0.0,0.9964,0.0008,0.0016,-0.0142,36.54,38.99,33.53,38.28
2026-10-01T17:29:30+00:00,QQQ,2026-10-01,0,739.68,706.0,C,31.76,34.96,33.36,31.82,16,4,0.0,0.9962,0.0009,0.0016,-0.0145,35.69,35.69,31.16,37.55
2026-10-01T17:29:30+00:00,QQQ,2026-10-01,0,739.68,707.0,C,30.76,33.93,32.345,31.57,24,0,0.0,0.9961,0.0009,0.0017,-0.0147,36.5,37.42,30.82,35.985
2026-10-01T17:29:30+00:00,QQQ,2026-10-01,0,739.68,708.0,C,29.76,32.96,31.36,30.87,41,2,0.0,0.9959,0.001,0.0018,-0.015,34.16,34.38,30.47,35.05
2026-10-01T17:29:30+00:00,QQQ,2026-10-01,0,739.68,709.0,C,28.76,31.96,30.36,28.09,47,3,0.0,0.9958,0.001,0.0018,-0.0152,33.16,33.16,27.79,34.045
2026-10-01T17:29:30+00:00,QQQ,2026-10-01,0,739.68,710.0,C,27.76,30.87,29.315,26.68,46,34,0.0,0.9956,0.0011,0.0019,-0.0155,32.16,32.23,26.68,33.045
2026-10-01T17:29:30+00:00,QQQ,2026-10-01,0,739.68,711.0,C,26.76,29.78,28.27,27.9,73,3,0.0,0.9954,0.0012,0.002,-0.0158,31.16,31.16,26.0,32.055
2026-10-01T17:29:30+00:00,QQQ,2026-10-01,0,739.68,712.0,C,25.76,28.03,26.895,24.68,47,1,0.0,0.9952,0.0013,0.002,-0.016,30.16,30.16,24.68,30.985
2026-10-01T17:29:30+00:00,QQQ,2026-10-01,0,739.68,713.0,C,26.37,27.44,26.905,25.84,91,16,1.0869,0.995,0.0014,0.0021,-0.0163,29.16,29.16,24.05,30.0
2026-10-01T17:29:30+00:00,QQQ,2026-10-01,0,739.68,714.0,C,25.57,26.79,26.18,25.29,84,13,1.2304,0.9948,0.0015,0.0022,-0.0166,28.27,28.27,23.09,28.99
2026-10-01T17:29:30+00:00,QQQ,2026-10-01,0,739.68,715.0,C,24.6,24.74,24.67,24.33,133,214,0.6554,0.9945,0.0016,0.0023,-0.0168,28.08,28.08,22.93,28.14
2026-10-01T17:29:30+00:00,QQQ,2026-10-01,0,739.68,716.0,C,23.6,23.73,23.665,22.04,50,27,0.5901,0.9942,0.0017,0.0024,-0.0171,23.14,23.14,20.82,27.025
2026-10-01T17:29:30+00:00,QQQ,2026-10-01,0,739.68,717.0,C,22.6,22.74,22.67,21.04,37,110,0.6066,0.994,0.0019,0.0025,-0.0174,24.77,26.24,20.68,26.145
2026-10-01T17:29:30+00:00,QQQ,2026-10-01,0,739.68,718.0,C,21.61,21.74,21.675,19.8,52,58,0.6079,0.9936,0.002,0.0026,-0.0177,25.16,25.63,19.8,25.265
2026-10-01T17:29:30+00:00,QQQ,2026-10-01,0,739.68,719.0,C,20.61,20.74,20.675,19.27,25,65,0.5825,0.9933,0.0022,0.0028,-0.018,23.95,24.0,18.89,24.235
2026-10-01T17:29:30+00:00,QQQ,2026-10-01,0,739.68,720.0,C,19.61,19.74,19.675,19.59,84,345,0.557,0.9929,0.0024,0.0029,-0.0183,23.16,23.16,16.99,23.29
2026-10-01T17:29:30+00:00,QQQ,2026-10-01,0,739.68,721.0,C,18.61,18.73,18.67,18.15,51,79,0.5083,0.9925,0.0026,0.0031,-0.0186,20.73,21.78,16.4,22.07
2026-10-01T17:29:30+00:00,QQQ,2026-10-01,0,739.68,722.0,C,17.61,17.74,17.675,15.17,42,287,0.5058,0.9921,0.0029,0.0032,-0.019,20.61,20.9,14.55,21.31
2026-10-01T17:29:30+00:00,QQQ,2026-10-01,0,739.68,723.0,C,16.61,16.74,16.675,16.29,32,79,0.48,0.9916,0.0032,0.0034,-0.0194,20.1,20.1,13.94,20.125
2026-10-01T17:29:30+00:00,QQQ,2026-10-01,0,739.68,724.0,C,15.61,15.74,15.675,14.03,62,36,0.4541,0.991,0.0036,0.0036,-0.0198,18.95,18.95,12.77,19.36
2026-10-01T17:29:30+00:00,QQQ,2026-10-01,0,739.68,725.0,C,14.61,14.74,14.675,14.5,916,2843,0.4434,0.9903,0.0041,0.0039,-0.0204,16.81,18.59,11.43,18.19
2026-10-01T17:29:30+00:00,QQQ,2026-10-01,0,739.68,726.0,C,13.62,13.74,13.68,12.7,88,57,0.4165,0.9894,0.0047,0.0042,-0.0212,15.85,17.34,11.09,17.225
2026-10-01T17:29:30+00:00,QQQ,2026-10-01,0,739.68,727.0,C,12.62,12.74,12.68,11.6,140,147,0.3895,0.9883,0.0054,0.0046,-0.0224,16.65,16.65,9.52,16.335
2026-10-01T17:29:30+00:00,QQQ,2026-10-01,0,739.68,728.0,C,11.62,11.75,11.685,11.3,167,129,0.3733,0.9867,0.0064,0.0052,-0.0244,14.05,14.05,8.67,15.295
2026-10-01T17:29:30+00:00,QQQ,2026-10-01,0,739.68,729.0,C,10.63,10.75,10.69,9.85,167,397,0.3542,0.9843,0.0079,0.006,-0.0276,13.24,14.32,7.77,14.5
2026-10-01T17:29:30+00:00,QQQ,2026-10-01,0,739.68,730.0,C,9.63,9.75,9.69,9.34,4447,1924,0.3329,0.9806,0.01,0.0071,-0.033,12.18,13.82,6.62,13.595
2026-10-01T17:29:30+00:00,QQQ,2026-10-01,0,739.68,731.0,C,8.64,8.77,8.705,7.93,1266,283,0.3157,0.9749,0.0132,0.0089,-0.0419,10.69,11.09,5.81,12.56
2026-10-01T17:29:30+00:00,QQQ,2026-10-01,0,739.68,732.0,C,7.66,7.76,7.71,7.71,858,798,0.3037,0.9658,0.0179,0.0114,-0.0566,10.34,11.52,4.99,11.645
2026-10-01T17:29:30+00:00,QQQ,2026-10-01,0,739.68,733.0,C,6.68,6.8,6.74,6.5,2731,402,0.282,0.9518,0.0248,0.015,-0.0803,9.8,10.8,4.16,10.77
2026-10-01T17:29:30+00:00,QQQ,2026-10-01,0,739.68,734.0,C,5.72,5.84,5.78,5.7,4511,395,0.2705,0.9305,0.0347,0.0198,-0.1178,7.72,9.59,3.38,9.96
2026-10-01T17:29:30+00:00,QQQ,2026-10-01,0,739.68,735.0,C,4.78,4.88,4.83,4.8,13240,1147,0.2547,0.8985,0.0482,0.0262,-0.1775,7.93,9.05,2.64,9.11
2026-10-01T17:29:30+00:00,QQQ,2026-10-01,0,739.68,736.0,C,3.88,3.97,3.925,3.89,24760,984,0.2451,0.8508,0.0657,0.0339,-0.2733,7.51,7.7,1.98,8.29
2026-10-01T17:29:30+00:00,QQQ,2026-10-01,0,739.68,737.0,C,3.08,3.12,3.1,3.06,84464,1415,0.2381,0.7826,0.0859,0.0426,-0.4268,6.15,7.18,1.4,7.5
2026-10-01T17:29:30+00:00,QQQ,2026-10-01,0,739.68,738.0,C,2.32,2.33,2.325,2.32,197512,2161,0.2313,0.6912,0.1053,0.0506,-0.6641,5.44,6.43,0.97,6.74
2026-10-01T17:29:30+00:00,QQQ,2026-10-01,0,739.68,739.0,C,1.67,1.68,1.675,1.67,254759,2202,0.2297,0.5804,0.1188,0.0559,-1.009,4.52,5.61,0.64,6.01
2026-10-01T17:29:30+00:00,QQQ,2026-10-01,0,739.68,740.0,C,1.14,1.15,1.145,1.14,417792,7499,0.2276,0.4593,0.1219,0.0567,-1.1368,3.75,4.91,0.4,5.33
2026-10-01T17:29:30+00:00,QQQ,2026-10-01,0,739.68,741.0,C,0.73,0.74,0.735,0.74,185607,2589,0.2272,0.3406,0.1131,0.0526,-0.7337,3.14,4.22,0.25,4.68
2026-10-01T17:29:30+00:00,QQQ,2026-10-01,0,739.68,742.0,C,0.45,0.46,0.455,0.46,203964,3129,0.2286,0.2374,0.0948,0.0447,-0.4536,2.78,3.52,0.16,4.08
2026-10-01T17:29:30+00:00,QQQ,2026-10-01,0,739.68,743.0,C,0.27,0.28,0.275,0.27,170582,5423,0.2324,0.1582,0.0728,0.0352,-0.2748,2.13,2.9,0.1,3.515
2026-10-01T17:29:30+00:00,QQQ,2026-10-01,0,739.68,744.0,C,0.16,0.17,0.165,0.16,171854,4469,0.2384,0.1028,0.0525,0.0264,-0.1664,1.79,2.33,0.07,3.005
2026-10-01T17:29:30+00:00,QQQ,2026-10-01,0,739.68,745.0,C,0.09,0.1,0.095,0.09,188904,12409,0.2435,0.0661,0.0364,0.0192,-0.1016,1.21,1.83,0.05,2.545
2026-10-01T17:29:30+00:00,QQQ,2026-10-01,0,739.68,746.0,C,0.06,0.07,0.065,0.07,106128,3085,0.258,0.0425,0.0247,0.0137,-0.0629,1.01,1.4,0.04,2.125
2026-10-01T17:29:30+00:00,QQQ,2026-10-01,0,739.68,747.0,C,0.03,0.04,0.035,0.03,59941,5889,0.261,0.028,0.0168,0.0098,-0.0404,0.7,1.04,0.03,1.755
2026-10-01T17:29:30+00:00,QQQ,2026-10-01,0,739.68,748.0,C,0.03,0.04,0.035,0.03,33281,8284,0.2904,0.0194,0.0118,0.0072,-0.028,0.43,0.76,0.02,1.435
2026-10-01T17:29:30+00:00,QQQ,2026-10-01,0,739.68,749.0,C,0.02,0.03,0.025,0.02,32969,3667,0.304,0.0145,0.0087,0.0056,-0.0214,0.32,0.54,0.01,1.155
2026-10-01T17:29:30+00:00,QQQ,2026-10-01,0,739.68,750.0,C,0.01,0.02,0.015,0.02,70332,13635,0.3098,0.0118,0.0068,0.0047,-0.018,0.19,0.39,0.01,0.925
2026-10-01T17:29:30+00:00,QQQ,2026-10-01,0,739.68,751.0,C,0.01,0.02,0.015,0.02,14365,2331,0.3357,0.0102,0.0056,0.0041,-0.0163,0.15,0.26,0.01,0.725
2026-10-01T17:29:30+00:00,QQQ,2026-10-01,0,739.68,752.0,C,0.01,0.02,0.015,0.01,15330,4182,0.3613,0.0091,0.0048,0.0038,-0.0154,0.09,0.19,0.01,0.555
2026-10-01T17:29:30+00:00,QQQ,2026-10-01,0,739.68,753.0,C,0.01,0.02,0.015,0.01,15959,6563,0.3866,0.0084,0.0041,0.0035,-0.0149,0.06,0.13,0.01,0.425
2026-10-01T17:29:30+00:00,QQQ,2026-10-01,0,739.68,754.0,C,0.01,0.02,0.015,0.02,12099,1870,0.4118,0.0078,0.0036,0.0032,-0.0146,0.05,0.1,0.01,0.325
2026-10-01T17:29:30+00:00,QQQ,2026-10-01,0,739.68,755.0,C,0.01,0.02,0.015,0.02,10380,3858,0.4367,0.0073,0.0032,0.003,-0.0143,0.06,0.07,0.01,0.245
2026-10-01T17:29:30+00:00,QQQ,2026-10-01,0,739.68,756.0,C,0.0,0.01,0.01,0.01,3914,3530,0.4107,0.0068,0.0029,0.0029,-0.0141,0.05,0.06,0.01,0.185
2026-10-01T17:29:30+00:00,QQQ,2026-10-01,0,739.68,757.0,C,0.0,0.01,0.01,0.01,3714,7290,0.4331,0.0064,0.0026,0.0027,-0.0138,0.04,0.05,0.01,0.135
2026-10-01T17:29:30+00:00,QQQ,2026-10-01,0,739.68,758.0,C,0.0,0.01,0.01,0.01,5896,4226,0.4553,0.0061,0.0024,0.0026,-0.0136,0.03,0.05,0.01,0.105
2026-10-01T17:29:30+00:00,QQQ,2026-10-01,0,739.68,759.0,C,0.0,0.01,0.01,0.01,5203,1948,0.4774,0.0058,0.0022,0.0024,-0.0134,0.05,0.05,0.01,0.085
2026-10-01T17:29:30+00:00,QQQ,2026-10-01,0,739.68,760.0,C,0.0,0.01,0.01,0.01,5836,8612,0.4994,0.0055,0.002,0.0023,-0.0132,0.03,0.03,0.01,0.065
2026-10-01T17:29:30+00:00,QQQ,2026-10-01,0,739.68,761.0,C,0.0,0.01,0.01,0.01,1206,1236,0.5212,0.0052,0.0018,0.0022,-0.013,0.02,0.02,0.01,0.055
2026-10-01T17:29:30+00:00,QQQ,2026-10-01,0,739.68,762.0,C,0.0,0.01,0.01,0.01,3033,4409,0.543,0.005,0.0017,0.0021,-0.0128,0.01,0.04,0.01,0.045
2026-10-01T17:29:30+00:00,QQQ,2026-10-01,0,739.68,763.0,C,0.0,0.01,0.01,0.01,1060,931,0.5646,0.0047,0.0016,0.002,-0.0126,0.02,0.02,0.01,0.035
2026-10-01T17:29:30+00:00,QQQ,2026-10-01,0,739.68,764.0,C,0.0,0.01,0.01,0.01,802,3041,0.5862,0.0045,0.0014,0.0019,-0.0124,0.01,0.02,0.01,0.025
2026-10-01T17:29:30+00:00,QQQ,2026-10-01,0,739.68,765.0,C,0.0,0.01,0.01,0.01,917,2411,0.6076,0.0043,0.0013,0.0019,-0.0122,0.01,0.02,0.01,0.025
2026-10-01T17:29:30+00:00,QQQ,2026-10-01,0,739.68,766.0,C,0.0,0.01,0.01,0.01,606,1733,0.629,0.0041,0.0012,0.0018,-0.012,0.02,0.03,0.01,0.015
2026-10-01T17:29:30+00:00,QQQ,2026-10-01,0,739.68,767.0,C,0.0,0.01,0.01,0.01,473,1873,0.6503,0.004,0.0012,0.0017,-0.0118,0.01,0.02,0.01,0.015
2026-10-01T17:29:30+00:00,QQQ,2026-10-01,0,739.68,768.0,C,0.0,0.01,0.01,0.01,5,445,0.6715,0.0038,0.0011,0.0017,-0.0116,0.01,0.01,0.01,0.015
2026-10-01T17:29:30+00:00,QQQ,2026-10-01,0,739.68,769.0,C,0.0,0.01,0.01,0.01,375,726,0.6926,0.0036,0.001,0.0016,-0.0114,0.01,0.01,0.01,0.015
2026-10-01T17:29:30+00:00,QQQ,2026-10-01,0,739.68,770.0,C,0.0,0.01,0.01,0.01,138,745,0.7136,0.0035,0.001,0.0015,-0.0113,0.01,0.02,0.01,0.015
2026-10-01T17:29:30+00:00,QQQ,2026-10-01,0,739.68,771.0,C,0.0,0.01,0.01,0.01,10,256,0.7345,0.0034,0.0009,0.0015,-0.0111,0.01,0.01,0.01,0.005
2026-10-01T17:29:30+00:00,QQQ,2026-10-01,0,739.68,772.0,C,0.0,0.01,0.03,0.03,0,330,0.7554,0.0032,0.0008,0.0014,-0.0109,0.0,0.0,0.0,0.005
2026-10-01T17:29:30+00:00,QQQ,2026-10-01,0,739.68,773.0,C,0.0,0.01,0.01,0.01,0,217,0.7761,0.0031,0.0008,0.0014,-0.0107,0.0,0.0,0.0,0.005
2026-10-01T17:29:30+00:00,QQQ,2026-10-01,0,739.68,774.0,C,0.0,0.01,0.01,0.01,0,529,0.7968,0.003,0.0008,0.0013,-0.0106,0.0,0.0,0.0,0.005
2026-10-01T17:29:30+00:00,QQQ,2026-10-01,0,739.68,775.0,C,0.0,0.01,0.02,0.02,0,1534,0.8175,0.0029,0.0007,0.0013,-0.0104,0.0,0.0,0.0,0.005
2026-10-01T17:29:30+00:00,QQQ,2026-10-01,0,739.68,780.0,C,0.0,0.01,0.01,0.01,26,505,0.9196,0.0024,0.0006,0.0011,-0.0096,0.01,0.01,0.01,0.005
2026-10-01T17:29:30+00:00,QQQ,2026-10-01,0,739.68,785.0,C,0.0,0.01,0.01,0.01,3,339,1.0202,0.0021,0.0004,0.001,-0.0088,0.01,0.01,0.01,0.005
2026-10-01T17:29:30+00:00,QQQ,2026-10-01,0,739.68,850.0,C,0.0,0.01,0.01,0.01,6,143,2.2234,0.0004,0.0,0.0002,-0.0027,0.01,0.01,0.01,0.005
2026-10-01T17:29:30+00:00,QQQ,2026-10-01,0,739.68,500.0,P,0.0,0.01,0.01,0.01,4,129,5.9293,0.0,0.0,0.0,0.0,0.01,0.01,0.01,0.005
2026-10-01T17:29:30+00:00,QQQ,2026-10-01,0,739.68,630.0,P,0.0,0.01,0.01,0.01,3,203,2.5672,-0.0003,0.0,0.0002,-0.0027,0.01,0.01,0.01,0.005
2026-10-01T17:29:30+00:00,QQQ,2026-10-01,0,739.68,635.0,P,0.0,0.01,0.01,0.01,2,188,2.4492,-0.0004,0.0,0.0002,-0.0031,0.01,0.01,0.01,0.005
2026-10-01T17:29:30+00:00,QQQ,2026-10-01,0,739.68,650.0,P,0.0,0.01,0.01,0.01,27,328,2.0987,-0.0006,0.0001,0.0003,-0.0046,0.01,0.01,0.01,0.005
2026-10-01T17:29:30+00:00,QQQ,2026-10-01,0,739.68,655.0,P,0.0,0.01,0.01,0.01,3,330,1.9829,-0.0007,0.0001,0.0003,-0.0051,0.01,0.01,0.01,0.005
2026-10-01T17:29:30+00:00,QQQ,2026-10-01,0,739.68,670.0,P,0.0,0.01,0.01,0.01,67,476,1.6382,-0.0011,0.0002,0.0005,-0.0072,0.01,0.01,0.01,0.005
2026-10-01T17:29:30+00:00,QQQ,2026-10-01,0,739.68,671.0,P,0.0,0.01,0.01,0.01,2,296,1.6153,-0.0012,0.0002,0.0006,-0.0074,0.01,0.01,0.01,0.005
2026-10-01T17:29:30+00:00,QQQ,2026-10-01,0,739.68,675.0,P,0.0,0.01,0.01,0.01,12,225,1.524,-0.0013,0.0002,0.0006,-0.008,0.01,0.01,0.01,0.005
2026-10-01T17:29:30+00:00,QQQ,2026-10-01,0,739.68,678.0,P,0.0,0.01,0.01,0.01,1,205,1.4556,-0.0014,0.0002,0.0007,-0.0085,0.01,0.01,0.01,0.005
2026-10-01T17:29:30+00:00,QQQ,2026-10-01,0,739.68,680.0,P,0.0,0.01,0.01,0.01,1,686,1.4101,-0.0016,0.0002,0.0007,-0.0089,0.01,0.01,0.01,0.005
2026-10-01T17:29:30+00:00,QQQ,2026-10-01,0,739.68,682.0,P,0.0,0.01,0.01,0.01,2,245,1.3646,-0.0016,0.0003,0.0008,-0.0092,0.01,0.01,0.01,0.005
2026-10-01T17:29:30+00:00,QQQ,2026-10-01,0,739.68,685.0,P,0.0,0.01,0.01,0.01,1,844,1.2964,-0.0018,0.0003,0.0008,-0.0098,0.01,0.01,0.01,0.005
2026-10-01T17:29:30+00:00,QQQ,2026-10-01,0,739.68,690.0,P,0.0,0.01,0.01,0.01,32,666,1.1828,-0.0021,0.0004,0.001,-0.0108,0.01,0.01,0.01,0.005
2026-10-01T17:29:30+00:00,QQQ,2026-10-01,0,739.68,691.0,P,0.0,0.01,0.01,0.01,1,559,1.1602,-0.0022,0.0004,0.001,-0.011,0.01,0.01,0.01,0.005
2026-10-01T17:29:30+00:00,QQQ,2026-10-01,0,739.68,693.0,P,0.0,0.01,0.01,0.01,2,770,1.1147,-0.0024,0.0004,0.001,-0.0114,0.01,0.01,0.01,0.015
2026-10-01T17:29:30+00:00,QQQ,2026-10-01,0,739.68,695.0,P,0.0,0.01,0.01,0.01,23,1661,1.0693,-0.0025,0.0005,0.0011,-0.0119,0.01,0.01,0.01,0.015
2026-10-01T17:29:30+00:00,QQQ,2026-10-01,0,739.68,696.0,P,0.0,0.01,0.01,0.01,9,872,1.0466,-0.0026,0.0005,0.0012,-0.0121,0.01,0.01,0.01,0.015
2026-10-01T17:29:30+00:00,QQQ,2026-10-01,0,739.68,698.0,P,0.0,0.01,0.01,0.01,53,533,1.0012,-0.0028,0.0006,0.0012,-0.0126,0.01,0.02,0.01,0.015
2026-10-01T17:29:30+00:00,QQQ,2026-10-01,0,739.68,699.0,P,0.0,0.01,0.01,0.01,42,417,0.9785,-0.0029,0.0006,0.0013,-0.0128,0.01,0.01,0.01,0.015
2026-10-01T17:29:30+00:00,QQQ,2026-10-01,0,739.68,700.0,P,0.0,0.01,0.01,0.01,126,4457,0.9558,-0.003,0.0006,0.0013,-0.013,0.01,0.01,0.01,0.015
2026-10-01T17:29:30+00:00,QQQ,2026-10-01,0,739.68,701.0,P,0.0,0.01,0.01,0.01,168,3717,0.933,-0.0031,0.0006,0.0014,-0.0132,0.01,0.02,0.01,0.015
2026-10-01T17:29:30+00:00,QQQ,2026-10-01,0,739.68,702.0,P,0.0,0.01,0.01,0.01,489,666,0.9103,-0.0032,0.0007,0.0014,-0.0135,0.01,0.02,0.01,0.015
2026-10-01T17:29:30+00:00,QQQ,2026-10-01,0,739.68,703.0,P,0.0,0.01,0.01,0.01,684,383,0.8876,-0.0034,0.0007,0.0015,-0.0137,0.01,0.02,0.01,0.015
2026-10-01T17:29:30+00:00,QQQ,2026-10-01,0,739.68,704.0,P,0.0,0.01,0.01,0.01,786,665,0.8648,-0.0035,0.0008,0.0015,-0.014,0.01,0.04,0.01,0.015
2026-10-01T17:29:30+00:00,QQQ,2026-10-01,0,739.68,705.0,P,0.0,0.01,0.01,0.01,2850,1171,0.842,-0.0036,0.0008,0.0016,-0.0142,0.01,0.02,0.01,0.015
2026-10-01T17:29:30+00:00,QQQ,2026-10-01,0,739.68,706.0,P,0.0,0.01,0.01,0.01,2557,418,0.8192,-0.0038,0.0009,0.0016,-0.0145,0.01,0.02,0.01,0.015
2026-10-01T17:29:30+00:00,QQQ,2026-10-01,0,739.68,707.0,P,0.0,0.01,0.01,0.01,1225,2841,0.7964,-0.0039,0.0009,0.0017,-0.0147,0.01,0.02,0.01,0.015
2026-10-01T17:29:30+00:00,QQQ,2026-10-01,0,739.68,708.0,P,0.0,0.01,0.02,0.02,1960,1111,0.7736,-0.0041,0.001,0.0018,-0.015,0.01,0.02,0.01,0.015
2026-10-01T17:29:30+00:00,QQQ,2026-10-01,0,739.68,709.0,P,0.0,0.01,0.01,0.01,2095,1548,0.7508,-0.0042,0.001,0.0018,-0.0152,0.01,0.02,0.01,0.015
2026-10-01T17:29:30+00:00,QQQ,2026-10-01,0,739.68,710.0,P,0.0,0.01,0.01,0.01,2264,934,0.7279,-0.0044,0.0011,0.0019,-0.0155,0.01,0.03,0.01,0.015
2026-10-01T17:29:30+00:00,QQQ,2026-10-01,0,739.68,711.0,P,0.0,0.01,0.01,0.01,2103,767,0.705,-0.0046,0.0012,0.002,-0.0158,0.01,0.02,0.01,0.025
2026-10-01T17:29:30+00:00,QQQ,2026-10-01,0,739.68,712.0,P,0.0,0.01,0.01,0.01,1339,933,0.6821,-0.0048,0.0013,0.002,-0.016,0.03,0.03,0.01,0.025
2026-10-01T17:29:30+00:00,QQQ,2026-10-01,0,739.68,713.0,P,0.0,0.01,0.01,0.01,1554,1474,0.6592,-0.005,0.0014,0.0021,-0.0163,0.01,0.03,0.01,0.025
2026-10-01T17:29:30+00:00,QQQ,2026-10-01,0,739.68,714.0,P,0.0,0.01,0.02,0.02,2078,902,0.6362,-0.0052,0.0015,0.0022,-0.0166,0.01,0.03,0.01,0.025
2026-10-01T17:29:30+00:00,QQQ,2026-10-01,0,739.68,715.0,P,0.0,0.01,0.01,0.01,1440,2185,0.6132,-0.0055,0.0016,0.0023,-0.0168,0.01,0.03,0.01,0.025
2026-10-01T17:29:30+00:00,QQQ,2026-10-01,0,739.68,716.0,P,0.0,0.01,0.01,0.01,2003,1396,0.5901,-0.0058,0.0017,0.0024,-0.0171,0.02,0.03,0.01,0.025
2026-10-01T17:29:30+00:00,QQQ,2026-10-01,0,739.68,717.0,P,0.0,0.01,0.01,0.01,1247,658,0.567,-0.006,0.0019,0.0025,-0.0174,0.02,0.03,0.01,0.025
2026-10-01T17:29:30+00:00,QQQ,2026-10-01,0,739.68,718.0,P,0.0,0.01,0.01,0.01,3500,1766,0.5439,-0.0064,0.002,0.0026,-0.0177,0.02,0.04,0.01,0.035
2026-10-01T17:29:30+00:00,QQQ,2026-10-01,0,739.68,719.0,P,0.0,0.01,0.01,0.01,3567,1173,0.5207,-0.0067,0.0022,0.0028,-0.018,0.04,0.04,0.01,0.045
2026-10-01T17:29:30+00:00,QQQ,2026-10-01,0,739.68,720.0,P,0.0,0.01,0.01,0.01,6551,4655,0.4975,-0.0071,0.0024,0.0029,-0.0183,0.04,0.05,0.01,0.045
2026-10-01T17:29:30+00:00,QQQ,2026-10-01,0,739.68,721.0,P,0.01,0.02,0.015,0.01,2975,1072,0.5314,-0.0075,0.0026,0.0031,-0.0186,0.03,0.06,0.01,0.045
2026-10-01T17:29:30+00:00,QQQ,2026-10-01,0,739.68,722.0,P,0.01,0.02,0.015,0.01,4327,1334,0.5058,-0.0079,0.0029,0.0032,-0.019,0.02,0.07,0.01,0.055
2026-10-01T17:29:30+00:00,QQQ,2026-10-01,0,739.68,723.0,P,0.01,0.02,0.015,0.01,4946,1704,0.48,-0.0084,0.0032,0.0034,-0.0194,0.01,0.08,0.01,0.065
2026-10-01T17:29:30+00:00,QQQ,2026-10-01,0,739.68,724.0,P,0.01,0.02,0.015,0.01,6868,1751,0.4541,-0.009,0.0036,0.0036,-0.0198,0.03,0.1,0.01,0.075
2026-10-01T17:29:30+00:00,QQQ,2026-10-01,0,739.68,725.0,P,0.01,0.02,0.015,0.01,9312,4320,0.4282,-0.0097,0.0041,0.0039,-0.0204,0.06,0.13,0.01,0.095
2026-10-01T17:29:30+00:00,QQQ,2026-10-01,0,739.68,726.0,P,0.01,0.02,0.015,0.03,6355,3082,0.402,-0.0106,0.0047,0.0042,-0.0212,0.07,0.17,0.01,0.115
2026-10-01T17:29:30+00:00,QQQ,2026-10-01,0,739.68,727.0,P,0.02,0.03,0.025,0.02,9128,2352,0.4011,-0.0117,0.0054,0.0046,-0.0224,0.08,0.22,0.01,0.14
2026-10-01T17:29:30+00:00,QQQ,2026-10-01,0,739.68,728.0,P,0.02,0.03,0.025,0.02,18448,2593,0.3733,-0.0133,0.0064,0.0052,-0.0244,0.1,0.28,0.02,0.175
2026-10-01T17:29:30+00:00,QQQ,2026-10-01,0,739.68,729.0,P,0.02,0.03,0.025,0.02,26572,2135,0.3452,-0.0157,0.0079,0.006,-0.0276,0.12,0.36,0.02,0.225
2026-10-01T17:29:30+00:00,QQQ,2026-10-01,0,739.68,730.0,P,0.03,0.04,0.035,0.04,71646,10799,0.3329,-0.0194,0.01,0.0071,-0.033,0.15,0.47,0.03,0.285
2026-10-01T17:29:30+00:00,QQQ,2026-10-01,0,739.68,731.0,P,0.04,0.05,0.045,0.05,42669,4312,0.3157,-0.0251,0.0132,0.0089,-0.0419,0.16,0.6,0.04,0.365
2026-10-01T17:29:30+00:00,QQQ,2026-10-01,0,739.68,732.0,P,0.06,0.07,0.065,0.06,66015,3273,0.3037,-0.0342,0.0179,0.0114,-0.0566,0.24,0.76,0.06,0.455
2026-10-01T17:29:30+00:00,QQQ,2026-10-01,0,739.68,733.0,P,0.08,0.09,0.085,0.08,76607,6219,0.2854,-0.0482,0.0248,0.015,-0.0803,0.29,0.95,0.07,0.565
2026-10-01T17:29:30+00:00,QQQ,2026-10-01,0,739.68,734.0,P,0.11,0.12,0.115,0.11,92359,2859,0.2678,-0.0695,0.0347,0.0198,-0.1178,0.4,1.2,0.11,0.695
2026-10-01T17:29:30+00:00,QQQ,2026-10-01,0,739.68,735.0,P,0.17,0.18,0.175,0.17,165305,3267,0.2567,-0.1015,0.0482,0.0262,-0.1775,0.53,1.5,0.17,0.855
2026-10-01T17:29:30+00:00,QQQ,2026-10-01,0,739.68,736.0,P,0.27,0.28,0.275,0.27,167355,3660,0.2481,-0.1492,0.0657,0.0339,-0.2733,0.58,1.85,0.27,1.035
2026-10-01T17:29:30+00:00,QQQ,2026-10-01,0,739.68,737.0,P,0.42,0.43,0.425,0.43,244299,2015,0.2393,-0.2174,0.0859,0.0426,-0.4268,0.76,2.33,0.42,1.245
2026-10-01T17:29:30+00:00,QQQ,2026-10-01,0,739.68,738.0,P,0.66,0.67,0.665,0.67,270431,2212,0.2343,-0.3088,0.1053,0.0506,-0.6641,0.96,2.92,0.66,1.485
2026-10-01T17:29:30+00:00,QQQ,2026-10-01,0,739.68,739.0,P,1.0,1.01,1.005,1.01,179240,2764,0.2314,-0.4196,0.1188,0.0559,-1.009,1.16,3.6,0.85,1.755
2026-10-01T17:29:30+00:00,QQQ,2026-10-01,0,739.68,740.0,P,1.47,1.48,1.475,1.48,155161,19328,0.2303,-0.5407,0.1219,0.0567,-1.1368,1.53,4.34,1.08,2.075
2026-10-01T17:29:30+00:00,QQQ,2026-10-01,0,739.68,741.0,P,2.06,2.08,2.07,2.08,71514,2224,0.2301,-0.6594,0.1131,0.0526,-0.7337,1.83,5.11,1.33,2.425
2026-10-01T17:29:30+00:00,QQQ,2026-10-01,0,739.68,742.0,P,2.77,2.82,2.795,2.8,57636,3264,0.2331,-0.7626,0.0948,0.0447,-0.4536,2.33,6.08,1.65,2.825
2026-10-01T17:29:30+00:00,QQQ,2026-10-01,0,739.68,743.0,P,3.58,3.67,3.625,3.61,28718,3330,0.2353,-0.8418,0.0728,0.0352,-0.2748,2.81,6.84,2.03,3.265
2026-10-01T17:29:30+00:00,QQQ,2026-10-01,0,739.68,744.0,P,4.45,4.56,4.505,4.5,15735,2131,0.2384,-0.8972,0.0525,0.0264,-0.1664,3.37,7.6,2.48,3.755
2026-10-01T17:29:30+00:00,QQQ,2026-10-01,0,739.68,745.0,P,5.4,5.5,5.45,5.69,9128,2400,0.2516,-0.9339,0.0364,0.0192,-0.1016,3.95,8.6,3.0,4.29
2026-10-01T17:29:30+00:00,QQQ,2026-10-01,0,739.68,746.0,P,6.33,6.47,6.4,6.59,2171,1023,0.2541,-0.9575,0.0247,0.0137,-0.0629,4.45,9.41,3.6,4.87
2026-10-01T17:29:30+00:00,QQQ,2026-10-01,0,739.68,747.0,P,7.32,7.45,7.385,7.49,838,405,0.272,-0.972,0.0168,0.0098,-0.0404,5.17,10.63,4.35,5.51
2026-10-01T17:29:30+00:00,QQQ,2026-10-01,0,739.68,748.0,P,8.31,8.43,8.37,8.6,694,303,0.2836,-0.9806,0.0118,0.0072,-0.028,5.95,11.64,4.95,6.165
2026-10-01T17:29:30+00:00,QQQ,2026-10-01,0,739.68,749.0,P,9.3,9.43,9.365,9.67,417,481,0.304,-0.9855,0.0087,0.0056,-0.0214,6.65,11.98,5.82,6.885
2026-10-01T17:29:30+00:00,QQQ,2026-10-01,0,739.68,750.0,P,10.28,10.42,10.35,10.5,493,1309,0.2949,-0.9882,0.0068,0.0047,-0.018,7.31,13.23,6.65,7.655
2026-10-01T17:29:30+00:00,QQQ,2026-10-01,0,739.68,751.0,P,11.28,11.42,11.35,11.88,182,54,0.3198,-0.9898,0.0056,0.0041,-0.0163,9.08,14.25,7.69,8.455
2026-10-01T17:29:30+00:00,QQQ,2026-10-01,0,739.68,752.0,P,12.29,12.42,12.355,15.06,126,59,0.3613,-0.9909,0.0048,0.0038,-0.0154,10.8,15.06,8.9,9.235
2026-10-01T17:29:30+00:00,QQQ,2026-10-01,0,739.68,753.0,P,13.29,13.42,13.355,15.12,46,17,0.3688,-0.9916,0.0041,0.0035,-0.0149,9.44,15.8,9.41,10.06
2026-10-01T17:29:30+00:00,QQQ,2026-10-01,0,739.68,754.0,P,14.27,14.41,14.34,16.81,99,25,0.0,-0.9922,0.0036,0.0032,-0.0146,11.32,17.44,11.32,11.025
2026-10-01T17:29:30+00:00,QQQ,2026-10-01,0,739.68,755.0,P,15.29,15.41,15.35,17.11,92,66,0.4171,-0.9927,0.0032,0.003,-0.0143,13.43,17.64,13.43,11.88
2026-10-01T17:29:30+00:00,QQQ,2026-10-01,0,739.68,756.0,P,16.28,16.41,16.345,17.34,44,4,0.4107,-0.9932,0.0029,0.0029,-0.0141,14.27,18.96,14.27,13.03
2026-10-01T17:29:30+00:00,QQQ,2026-10-01,0,739.68,757.0,P,17.27,17.41,17.34,17.83,25,4,0.0,-0.9936,0.0026,0.0027,-0.0138,14.08,19.96,14.08,13.805
2026-10-01T17:29:30+00:00,QQQ,2026-10-01,0,739.68,758.0,P,18.28,18.41,18.345,19.28,13,0,0.4553,-0.9939,0.0024,0.0026,-0.0136,19.49,20.78,17.89,14.855
2026-10-01T17:29:30+00:00,QQQ,2026-10-01,0,739.68,759.0,P,19.27,19.41,19.34,20.35,49,0,0.0,-0.9942,0.0022,0.0024,-0.0134,16.63,22.17,16.63,15.77
2026-10-01T17:29:30+00:00,QQQ,2026-10-01,0,739.68,760.0,P,20.27,20.4,20.335,21.98,97,2,0.0,-0.9945,0.002,0.0023,-0.0132,18.68,22.84,17.96,16.835
2026-10-01T17:29:30+00:00,QQQ,2026-10-01,0,739.68,761.0,P,21.28,21.41,21.345,22.04,178,10,0.0,-0.9948,0.0018,0.0022,-0.013,18.31,23.97,18.12,17.765
2026-10-01T17:29:30+00:00,QQQ,2026-10-01,0,739.68,762.0,P,22.27,22.41,22.34,25.13,46,4,0.0,-0.995,0.0017,0.0021,-0.0128,20.59,25.47,20.34,18.75
2026-10-01T17:29:30+00:00,QQQ,2026-10-01,0,739.68,763.0,P,23.27,23.4,23.335,25.52,87,2,0.0,-0.9953,0.0016,0.002,-0.0126,20.31,25.52,20.13,19.76
2026-10-01T17:29:30+00:00,QQQ,2026-10-01,0,739.68,764.0,P,23.3,25.62,24.46,24.74,29,0,0.8604,-0.9955,0.0014,0.0019,-0.0124,23.77,26.2,23.77,20.825
2026-10-01T17:29:30+00:00,QQQ,2026-10-01,0,739.68,765.0,P,25.25,27.27,26.26,25.91,31,3,1.3558,-0.9957,0.0013,0.0019,-0.0122,22.64,28.21,22.59,21.73
2026-10-01T17:29:30+00:00,QQQ,2026-10-01,0,739.68,766.0,P,25.07,28.27,26.67,29.44,8,0,1.1001,-0.9959,0.0012,0.0018,-0.012,27.75,29.44,26.99,22.755
2026-10-01T17:29:30+00:00,QQQ,2026-10-01,0,739.68,767.0,P,26.07,29.27,27.67,28.01,20,0,1.1326,-0.996,0.0012,0.0017,-0.0118,26.76,31.67,26.76,23.73
2026-10-01T17:29:30+00:00,QQQ,2026-10-01,0,739.68,768.0,P,27.07,30.27,28.67,30.04,12,0,1.165,-0.9962,0.0011,0.0017,-0.0116,29.36,31.91,29.25,24.83
2026-10-01T17:29:30+00:00,QQQ,2026-10-01,0,739.68,769.0,P,28.07,31.3,29.685,32.63,6,0,1.2076,-0.9964,0.001,0.0016,-0.0114,29.61,32.63,29.23,25.755
2026-10-01T17:29:30+00:00,QQQ,2026-10-01,0,739.68,770.0,P,29.05,32.25,30.65,30.43,16,30,1.2143,-0.9965,0.001,0.0015,-0.0113,31.67,32.46,30.43,26.62
2026-10-01T17:29:30+00:00,QQQ,2026-10-01,0,739.68,771.0,P,30.07,33.3,31.685,32.43,6,0,1.2717,-0.9966,0.0009,0.0015,-0.0111,32.38,33.39,32.18,27.615
2026-10-01T17:29:30+00:00,QQQ,2026-10-01,0,739.68,772.0,P,31.07,34.3,32.685,33.26,6,0,1.3034,-0.9968,0.0008,0.0014,-0.0109,33.19,34.08,33.08,28.62
2026-10-01T17:29:30+00:00,QQQ,2026-10-01,0,739.68,773.0,P,32.07,35.29,33.68,30.25,0,0,1.3313,-0.9969,0.0008,0.0014,-0.0107,0.0,0.0,0.0,29.6
2026-10-01T17:29:30+00:00,QQQ,2026-10-01,0,739.68,774.0,P,33.07,36.25,34.66,0.0,0,0,1.3471,-0.997,0.0008,0.0013,-0.0106,0.0,0.0,0.0,30.615
2026-10-01T17:29:30+00:00,QQQ,2026-10-01,0,739.68,775.0,P,34.07,37.26,35.665,0.0,0,0,1.382,-0.9971,0.0007,0.0013,-0.0104,0.0,0.0,0.0,31.665
2026-10-01T17:29:30+00:00,QQQ,2026-10-01,0,739.68,780.0,P,39.08,42.25,40.665,39.76,14,0,1.5348,-0.9976,0.0006,0.0011,-0.0096,41.81,43.04,39.76,36.43
2026-10-01T17:29:30+00:00,QQQ,2026-10-01,0,739.68,785.0,P,44.31,47.28,45.795,47.27,2,0,1.7909,-0.9979,0.0004,0.001,-0.0088,47.34,47.34,47.27,41.805
2026-10-01T17:37:05+00:00,QQQ,2026-10-01,0,740.8,505.0,C,233.93,237.27,235.6,234.55,8,9,0.0,1.0,0.0,0.0,0.0,234.55,234.55,234.55,238.255
2026-10-01T17:37:05+00:00,QQQ,2026-10-01,0,740.8,640.0,C,98.95,101.69,100.32,99.13,30,30,0.0,0.9996,0.0,0.0002,-0.0029,99.13,99.13,99.13,103.29
2026-10-01T17:37:05+00:00,QQQ,2026-10-01,0,740.8,645.0,C,93.94,96.83,95.385,94.26,30,30,0.0,0.9996,0.0,0.0002,-0.0033,94.21,94.26,94.21,98.38
2026-10-01T17:37:05+00:00,QQQ,2026-10-01,0,740.8,665.0,C,73.93,76.69,75.31,74.24,1,0,0.0,0.9992,0.0001,0.0004,-0.0053,74.24,74.24,74.24,78.295
2026-10-01T17:37:05+00:00,QQQ,2026-10-01,0,740.8,666.0,C,72.93,76.1,74.515,73.29,1,0,0.0,0.9992,0.0001,0.0004,-0.0054,73.29,73.29,73.29,77.27
2026-10-01T17:37:05+00:00,QQQ,2026-10-01,0,740.8,667.0,C,71.93,74.66,73.295,71.55,1,0,0.0,0.9991,0.0001,0.0004,-0.0056,71.55,71.55,71.55,76.27
2026-10-01T17:37:05+00:00,QQQ,2026-10-01,0,740.8,668.0,C,70.85,74.05,72.45,70.6,1,0,0.0,0.9991,0.0001,0.0004,-0.0057,70.6,70.6,70.6,75.39
2026-10-01T17:37:05+00:00,QQQ,2026-10-01,0,740.8,669.0,C,69.85,72.41,71.13,69.55,1,0,0.0,0.9991,0.0001,0.0004,-0.0058,69.55,69.55,69.55,74.265
2026-10-01T17:37:05+00:00,QQQ,2026-10-01,0,740.8,670.0,C,68.92,71.69,70.305,68.6,1,0,0.0,0.999,0.0001,0.0004,-0.006,68.6,68.6,68.6,73.415
2026-10-01T17:37:05+00:00,QQQ,2026-10-01,0,740.8,672.0,C,66.94,69.98,68.46,67.88,1,0,0.0,0.999,0.0001,0.0005,-0.0062,67.88,67.88,67.88,71.275
2026-10-01T17:37:05+00:00,QQQ,2026-10-01,0,740.8,673.0,C,65.93,69.18,67.555,66.93,1,0,0.0,0.999,0.0001,0.0005,-0.0064,66.93,66.93,66.93,70.27
2026-10-01T17:37:05+00:00,QQQ,2026-10-01,0,740.8,674.0,C,64.85,67.98,66.415,63.76,1,3,0.0,0.9989,0.0002,0.0005,-0.0065,63.76,63.76,63.76,69.36
2026-10-01T17:37:05+00:00,QQQ,2026-10-01,0,740.8,675.0,C,63.85,66.69,65.27,62.81,1,1,0.0,0.9989,0.0002,0.0005,-0.0066,62.81,62.81,62.81,68.265
2026-10-01T17:37:05+00:00,QQQ,2026-10-01,0,740.8,684.0,C,55.65,57.21,56.43,54.32,6,9,0.0,0.9985,0.0002,0.0007,-0.008,54.32,54.32,54.32,59.265
2026-10-01T17:37:05+00:00,QQQ,2026-10-01,0,740.8,690.0,C,48.93,51.76,50.345,48.82,33,32,0.0,0.9982,0.0003,0.0008,-0.009,48.33,49.51,48.33,53.275
2026-10-01T17:37:05+00:00,QQQ,2026-10-01,0,740.8,691.0,C,47.9,51.1,49.5,47.88,1,8,0.0,0.9981,0.0003,0.0008,-0.0092,47.88,47.88,47.88,52.275
2026-10-01T17:37:05+00:00,QQQ,2026-10-01,0,740.8,693.0,C,45.85,48.74,47.295,46.02,1,0,0.0,0.998,0.0004,0.0009,-0.0095,46.02,46.02,46.02,50.28
2026-10-01T17:37:05+00:00,QQQ,2026-10-01,0,740.8,694.0,C,44.85,47.74,46.295,45.08,1,0,0.0,0.998,0.0004,0.0009,-0.0097,45.08,45.08,45.08,49.275
2026-10-01T17:37:05+00:00,QQQ,2026-10-01,0,740.8,695.0,C,43.91,46.88,45.395,42.83,1,11,0.0,0.9979,0.0004,0.0009,-0.0099,42.83,42.83,42.83,48.275
2026-10-01T17:37:05+00:00,QQQ,2026-10-01,0,740.8,697.0,C,41.85,45.15,43.5,41.62,1,1,0.0,0.9977,0.0004,0.001,-0.0103,41.62,41.62,41.62,46.28
2026-10-01T17:37:05+00:00,QQQ,2026-10-01,0,740.8,698.0,C,40.86,43.58,42.22,40.18,3,0,0.0,0.9976,0.0005,0.001,-0.0104,40.68,40.68,40.18,45.28
2026-10-01T17:37:05+00:00,QQQ,2026-10-01,0,740.8,699.0,C,39.85,42.81,41.33,39.44,6,1,0.0,0.9976,0.0005,0.0011,-0.0106,43.15,43.15,39.13,44.28
2026-10-01T17:37:05+00:00,QQQ,2026-10-01,0,740.8,700.0,C,38.85,41.6,40.225,40.5,189,3,0.0,0.9975,0.0005,0.0011,-0.0108,42.0,43.2,38.4,43.285
2026-10-01T17:37:05+00:00,QQQ,2026-10-01,0,740.8,701.0,C,37.85,41.29,39.57,38.92,12,0,0.0,0.9974,0.0006,0.0011,-0.0111,38.24,39.31,37.52,42.28
2026-10-01T17:37:05+00:00,QQQ,2026-10-01,0,740.8,702.0,C,36.85,40.28,38.565,37.55,14,6,0.0,0.9973,0.0006,0.0012,-0.0112,36.54,37.55,36.54,41.28
2026-10-01T17:37:05+00:00,QQQ,2026-10-01,0,740.8,703.0,C,35.85,39.2,37.525,35.16,23,11,0.0,0.9972,0.0006,0.0012,-0.0115,38.56,39.49,34.12,40.28
2026-10-01T17:37:05+00:00,QQQ,2026-10-01,0,740.8,704.0,C,34.85,38.2,36.525,34.8,18,28,0.0,0.9971,0.0006,0.0013,-0.0117,37.84,38.67,34.8,39.28
2026-10-01T17:37:05+00:00,QQQ,2026-10-01,0,740.8,705.0,C,33.92,37.29,35.605,33.56,21,6,0.0,0.997,0.0007,0.0013,-0.0119,36.54,38.99,33.53,38.28
2026-10-01T17:37:05+00:00,QQQ,2026-10-01,0,740.8,706.0,C,32.85,36.2,34.525,31.82,16,4,0.0,0.9968,0.0007,0.0014,-0.0121,35.69,35.69,31.16,37.55
2026-10-01T17:37:05+00:00,QQQ,2026-10-01,0,740.8,707.0,C,31.85,35.25,33.55,31.57,24,0,0.0,0.9967,0.0008,0.0014,-0.0123,36.5,37.42,30.82,35.985
2026-10-01T17:37:05+00:00,QQQ,2026-10-01,0,740.8,708.0,C,30.85,34.28,32.565,30.87,41,2,0.0,0.9966,0.0008,0.0015,-0.0125,34.16,34.38,30.47,35.05
2026-10-01T17:37:05+00:00,QQQ,2026-10-01,0,740.8,709.0,C,29.85,33.28,31.565,28.09,47,3,0.0,0.9964,0.0009,0.0015,-0.0127,33.16,33.16,27.79,34.045
2026-10-01T17:37:05+00:00,QQQ,2026-10-01,0,740.8,710.0,C,28.91,31.54,30.225,26.68,46,34,0.0,0.9963,0.0009,0.0016,-0.013,32.16,32.23,26.68,33.045
2026-10-01T17:37:05+00:00,QQQ,2026-10-01,0,740.8,711.0,C,27.91,30.04,28.975,27.9,73,3,0.0,0.9961,0.001,0.0016,-0.0132,31.16,31.16,26.0,32.055
2026-10-01T17:37:05+00:00,QQQ,2026-10-01,0,740.8,712.0,C,26.92,29.19,28.055,24.68,47,1,0.0,0.996,0.0011,0.0017,-0.0134,30.16,30.16,24.68,30.985
2026-10-01T17:37:05+00:00,QQQ,2026-10-01,0,740.8,713.0,C,25.92,28.28,27.1,26.89,92,16,0.0,0.9958,0.0012,0.0018,-0.0137,29.16,29.16,24.05,30.0
2026-10-01T17:37:05+00:00,QQQ,2026-10-01,0,740.8,714.0,C,24.92,27.53,26.225,25.93,85,13,0.0,0.9956,0.0012,0.0018,-0.0139,28.27,28.27,23.09,28.99
2026-10-01T17:37:05+00:00,QQQ,2026-10-01,0,740.8,715.0,C,23.92,26.02,24.97,24.33,133,214,0.0,0.9954,0.0013,0.0019,-0.0141,28.08,28.08,22.93,28.14
2026-10-01T17:37:05+00:00,QQQ,2026-10-01,0,740.8,716.0,C,24.7,24.85,24.775,22.04,50,27,0.6658,0.9952,0.0014,0.002,-0.0144,23.14,23.14,20.82,27.025
2026-10-01T17:37:05+00:00,QQQ,2026-10-01,0,740.8,717.0,C,23.7,23.85,23.775,21.04,37,110,0.6411,0.9949,0.0016,0.0021,-0.0146,24.77,26.24,20.68,26.145
2026-10-01T17:37:05+00:00,QQQ,2026-10-01,0,740.8,718.0,C,22.7,22.85,22.775,19.8,52,58,0.6164,0.9947,0.0017,0.0022,-0.0149,25.16,25.63,19.8,25.265
2026-10-01T17:37:05+00:00,QQQ,2026-10-01,0,740.8,719.0,C,21.7,21.85,21.775,19.27,25,65,0.5916,0.9944,0.0018,0.0023,-0.0151,23.95,24.0,18.89,24.235
2026-10-01T17:37:05+00:00,QQQ,2026-10-01,0,740.8,720.0,C,20.72,20.86,20.79,19.99,86,345,0.6307,0.9941,0.002,0.0024,-0.0154,23.16,23.16,16.99,23.29
2026-10-01T17:37:05+00:00,QQQ,2026-10-01,0,740.8,721.0,C,19.71,19.86,19.785,18.15,51,79,0.5871,0.9938,0.0022,0.0026,-0.0156,20.73,21.78,16.4,22.07
2026-10-01T17:37:05+00:00,QQQ,2026-10-01,0,740.8,722.0,C,18.7,18.86,18.78,15.17,42,287,0.5414,0.9934,0.0024,0.0027,-0.0159,20.61,20.9,14.55,21.31
2026-10-01T17:37:05+00:00,QQQ,2026-10-01,0,740.8,723.0,C,17.71,17.86,17.785,16.29,32,79,0.5337,0.993,0.0026,0.0028,-0.0162,20.1,20.1,13.94,20.125
2026-10-01T17:37:05+00:00,QQQ,2026-10-01,0,740.8,724.0,C,16.7,16.86,16.78,14.03,62,36,0.4893,0.9926,0.0029,0.003,-0.0165,18.95,18.95,12.77,19.36
2026-10-01T17:37:05+00:00,QQQ,2026-10-01,0,740.8,725.0,C,15.7,15.86,15.78,15.73,917,2843,0.4631,0.9921,0.0033,0.0032,-0.0169,16.81,18.59,11.43,18.19
2026-10-01T17:37:05+00:00,QQQ,2026-10-01,0,740.8,726.0,C,14.7,14.86,14.78,14.46,89,57,0.4367,0.9915,0.0037,0.0034,-0.0174,15.85,17.34,11.09,17.225
2026-10-01T17:37:05+00:00,QQQ,2026-10-01,0,740.8,727.0,C,13.71,13.86,13.785,11.6,140,147,0.4255,0.9907,0.0042,0.0037,-0.0181,16.65,16.65,9.52,16.335
2026-10-01T17:37:05+00:00,QQQ,2026-10-01,0,740.8,728.0,C,12.73,12.87,12.8,12.84,168,129,0.43,0.9897,0.0049,0.0041,-0.0192,14.05,14.05,8.67,15.295
2026-10-01T17:37:05+00:00,QQQ,2026-10-01,0,740.8,729.0,C,11.73,11.87,11.8,11.4,171,397,0.4007,0.9882,0.0059,0.0046,-0.021,13.24,14.32,7.77,14.5
2026-10-01T17:37:05+00:00,QQQ,2026-10-01,0,740.8,730.0,C,10.72,10.87,10.795,10.96,4515,1924,0.3628,0.986,0.0072,0.0053,-0.024,12.18,13.82,6.62,13.595
2026-10-01T17:37:05+00:00,QQQ,2026-10-01,0,740.8,731.0,C,9.73,9.88,9.805,9.79,1345,283,0.3485,0.9824,0.0093,0.0064,-0.0293,10.69,11.09,5.81,12.56
2026-10-01T17:37:05+00:00,QQQ,2026-10-01,0,740.8,732.0,C,8.74,8.89,8.815,8.84,880,798,0.3299,0.9768,0.0124,0.0082,-0.0382,10.34,11.52,4.99,11.645
2026-10-01T17:37:05+00:00,QQQ,2026-10-01,0,740.8,733.0,C,7.76,7.9,7.83,7.8,2820,402,0.3124,0.9678,0.0171,0.0107,-0.0529,9.8,10.8,4.16,10.77
2026-10-01T17:37:05+00:00,QQQ,2026-10-01,0,740.8,734.0,C,6.76,6.92,6.84,6.92,4562,395,0.2868,0.9539,0.0239,0.0142,-0.0767,7.72,9.59,3.38,9.96
2026-10-01T17:37:05+00:00,QQQ,2026-10-01,0,740.8,735.0,C,5.8,5.95,5.875,5.84,13358,1147,0.2737,0.9329,0.0336,0.0189,-0.1138,7.93,9.05,2.64,9.11
2026-10-01T17:37:05+00:00,QQQ,2026-10-01,0,740.8,736.0,C,4.86,5.0,4.93,4.93,25259,984,0.2614,0.9021,0.0467,0.025,-0.171,7.51,7.7,1.98,8.29
2026-10-01T17:37:05+00:00,QQQ,2026-10-01,0,740.8,737.0,C,3.96,4.06,4.01,3.98,85710,1415,0.248,0.8569,0.0637,0.0324,-0.2605,6.15,7.18,1.4,7.5
2026-10-01T17:37:05+00:00,QQQ,2026-10-01,0,740.8,738.0,C,3.15,3.19,3.17,3.17,201215,2161,0.2405,0.7915,0.0838,0.0408,-0.4044,5.44,6.43,0.97,6.74
2026-10-01T17:37:05+00:00,QQQ,2026-10-01,0,740.8,739.0,C,2.4,2.41,2.405,2.4,263859,2202,0.2359,0.7021,0.1036,0.0489,-0.6332,4.52,5.61,0.64,6.01
2026-10-01T17:37:05+00:00,QQQ,2026-10-01,0,740.8,740.0,C,1.73,1.74,1.735,1.73,437715,7499,0.2355,0.5924,0.1173,0.0545,-0.9731,3.75,4.91,0.4,5.33
2026-10-01T17:37:05+00:00,QQQ,2026-10-01,0,740.8,741.0,C,1.19,1.2,1.195,1.19,199766,2589,0.2321,0.4725,0.1209,0.0558,-1.2008,3.14,4.22,0.25,4.68
2026-10-01T17:37:05+00:00,QQQ,2026-10-01,0,740.8,742.0,C,0.77,0.78,0.775,0.78,214439,3129,0.2322,0.3546,0.1132,0.0524,-0.7875,2.78,3.52,0.16,4.08
2026-10-01T17:37:05+00:00,QQQ,2026-10-01,0,740.8,743.0,C,0.49,0.5,0.495,0.49,178470,5423,0.2361,0.251,0.0961,0.0451,-0.496,2.13,2.9,0.1,3.515
2026-10-01T17:37:05+00:00,QQQ,2026-10-01,0,740.8,744.0,C,0.3,0.31,0.305,0.3,180982,4469,0.2405,0.1708,0.075,0.0363,-0.3088,1.79,2.33,0.07,3.005
2026-10-01T17:37:05+00:00,QQQ,2026-10-01,0,740.8,745.0,C,0.19,0.2,0.195,0.2,191985,12409,0.25,0.1145,0.0552,0.0279,-0.1947,1.21,1.83,0.05,2.545
2026-10-01T17:37:05+00:00,QQQ,2026-10-01,0,740.8,746.0,C,0.12,0.13,0.125,0.12,107182,3085,0.2601,0.0764,0.0394,0.0209,-0.1246,1.01,1.4,0.04,2.125
2026-10-01T17:37:05+00:00,QQQ,2026-10-01,0,740.8,747.0,C,0.08,0.09,0.085,0.08,60659,5889,0.2735,0.0512,0.0277,0.0155,-0.0809,0.7,1.04,0.03,1.755
2026-10-01T17:37:05+00:00,QQQ,2026-10-01,0,740.8,748.0,C,0.06,0.07,0.065,0.06,36883,8284,0.2924,0.035,0.0195,0.0114,-0.0543,0.43,0.76,0.02,1.435
2026-10-01T17:37:05+00:00,QQQ,2026-10-01,0,740.8,749.0,C,0.04,0.05,0.045,0.04,33048,3667,0.3045,0.0251,0.014,0.0087,-0.039,0.32,0.54,0.01,1.155
2026-10-01T17:37:05+00:00,QQQ,2026-10-01,0,740.8,750.0,C,0.02,0.03,0.025,0.03,70555,13635,0.3064,0.019,0.0105,0.0069,-0.0302,0.19,0.39,0.01,0.925
2026-10-01T17:37:05+00:00,QQQ,2026-10-01,0,740.8,751.0,C,0.02,0.03,0.025,0.02,14504,2331,0.3345,0.0155,0.0083,0.0058,-0.0254,0.15,0.26,0.01,0.725
2026-10-01T17:37:05+00:00,QQQ,2026-10-01,0,740.8,752.0,C,0.01,0.02,0.015,0.01,15454,4182,0.3389,0.0134,0.0068,0.0051,-0.023,0.09,0.19,0.01,0.555
2026-10-01T17:37:05+00:00,QQQ,2026-10-01,0,740.8,753.0,C,0.01,0.02,0.015,0.01,16054,6563,0.365,0.012,0.0058,0.0046,-0.0217,0.06,0.13,0.01,0.425
2026-10-01T17:37:05+00:00,QQQ,2026-10-01,0,740.8,754.0,C,0.01,0.02,0.015,0.01,12101,1870,0.3908,0.011,0.0051,0.0043,-0.0209,0.05,0.1,0.01,0.325
2026-10-01T17:37:05+00:00,QQQ,2026-10-01,0,740.8,755.0,C,0.01,0.02,0.015,0.02,10572,3858,0.4168,0.0102,0.0045,0.004,-0.0205,0.06,0.07,0.01,0.245
2026-10-01T17:37:05+00:00,QQQ,2026-10-01,0,740.8,756.0,C,0.0,0.01,0.01,0.01,3978,3530,0.3931,0.0096,0.004,0.0038,-0.0202,0.05,0.06,0.01,0.185
2026-10-01T17:37:05+00:00,QQQ,2026-10-01,0,740.8,757.0,C,0.0,0.01,0.01,0.01,3714,7290,0.416,0.009,0.0036,0.0036,-0.0199,0.04,0.05,0.01,0.135
2026-10-01T17:37:05+00:00,QQQ,2026-10-01,0,740.8,758.0,C,0.0,0.01,0.01,0.01,6087,4226,0.4388,0.0085,0.0032,0.0034,-0.0196,0.03,0.05,0.01,0.105
2026-10-01T17:37:05+00:00,QQQ,2026-10-01,0,740.8,759.0,C,0.0,0.01,0.01,0.01,5203,1948,0.4614,0.008,0.003,0.0032,-0.0193,0.05,0.05,0.01,0.085
2026-10-01T17:37:05+00:00,QQQ,2026-10-01,0,740.8,760.0,C,0.0,0.01,0.01,0.01,5836,8612,0.484,0.0076,0.0027,0.0031,-0.0191,0.03,0.03,0.01,0.065
2026-10-01T17:37:05+00:00,QQQ,2026-10-01,0,740.8,761.0,C,0.0,0.01,0.01,0.01,1206,1236,0.5064,0.0073,0.0025,0.0029,-0.0188,0.02,0.02,0.01,0.055
2026-10-01T17:37:05+00:00,QQQ,2026-10-01,0,740.8,762.0,C,0.0,0.01,0.01,0.01,3033,4409,0.5287,0.0069,0.0023,0.0028,-0.0186,0.01,0.04,0.01,0.045
2026-10-01T17:37:05+00:00,QQQ,2026-10-01,0,740.8,763.0,C,0.0,0.01,0.01,0.01,1060,931,0.5508,0.0066,0.0021,0.0027,-0.0183,0.02,0.02,0.01,0.035
2026-10-01T17:37:05+00:00,QQQ,2026-10-01,0,740.8,764.0,C,0.0,0.01,0.01,0.01,802,3041,0.5729,0.0063,0.0019,0.0026,-0.018,0.01,0.02,0.01,0.025
2026-10-01T17:37:05+00:00,QQQ,2026-10-01,0,740.8,765.0,C,0.0,0.01,0.01,0.01,917,2411,0.5949,0.006,0.0018,0.0025,-0.0178,0.01,0.02,0.01,0.025
2026-10-01T17:37:05+00:00,QQQ,2026-10-01,0,740.8,766.0,C,0.0,0.01,0.01,0.01,606,1733,0.6168,0.0058,0.0017,0.0024,-0.0176,0.02,0.03,0.01,0.015
2026-10-01T17:37:05+00:00,QQQ,2026-10-01,0,740.8,767.0,C,0.0,0.01,0.01,0.01,473,1873,0.6385,0.0056,0.0016,0.0023,-0.0173,0.01,0.02,0.01,0.015
2026-10-01T17:37:05+00:00,QQQ,2026-10-01,0,740.8,768.0,C,0.0,0.01,0.01,0.01,5,445,0.6602,0.0053,0.0015,0.0022,-0.0171,0.01,0.01,0.01,0.015
2026-10-01T17:37:05+00:00,QQQ,2026-10-01,0,740.8,769.0,C,0.0,0.01,0.01,0.01,375,726,0.6818,0.0051,0.0014,0.0021,-0.0168,0.01,0.01,0.01,0.015
2026-10-01T17:37:05+00:00,QQQ,2026-10-01,0,740.8,770.0,C,0.0,0.01,0.01,0.01,138,745,0.7033,0.0049,0.0013,0.002,-0.0166,0.01,0.02,0.01,0.015
2026-10-01T17:37:05+00:00,QQQ,2026-10-01,0,740.8,771.0,C,0.0,0.01,0.01,0.01,10,256,0.7247,0.0048,0.0012,0.002,-0.0164,0.01,0.01,0.01,0.005
2026-10-01T17:37:05+00:00,QQQ,2026-10-01,0,740.8,772.0,C,0.0,0.01,0.03,0.03,0,330,0.7461,0.0046,0.0011,0.0019,-0.0162,0.0,0.0,0.0,0.005
2026-10-01T17:37:05+00:00,QQQ,2026-10-01,0,740.8,773.0,C,0.0,0.01,0.01,0.01,0,217,0.7673,0.0044,0.0011,0.0018,-0.0159,0.0,0.0,0.0,0.005
2026-10-01T17:37:05+00:00,QQQ,2026-10-01,0,740.8,774.0,C,0.0,0.01,0.01,0.01,0,529,0.7885,0.0043,0.001,0.0018,-0.0157,0.0,0.0,0.0,0.005
2026-10-01T17:37:05+00:00,QQQ,2026-10-01,0,740.8,775.0,C,0.0,0.01,0.02,0.02,0,1534,0.8096,0.0041,0.001,0.0017,-0.0155,0.0,0.0,0.0,0.005
2026-10-01T17:37:05+00:00,QQQ,2026-10-01,0,740.8,780.0,C,0.0,0.01,0.01,0.01,26,505,0.9141,0.0035,0.0007,0.0015,-0.0144,0.01,0.01,0.01,0.005
2026-10-01T17:37:05+00:00,QQQ,2026-10-01,0,740.8,785.0,C,0.0,0.01,0.01,0.01,3,339,1.0169,0.003,0.0006,0.0013,-0.0134,0.01,0.01,0.01,0.005
2026-10-01T17:37:05+00:00,QQQ,2026-10-01,0,740.8,850.0,C,0.0,0.01,0.01,0.01,6,143,2.2458,0.0006,0.0001,0.0003,-0.0048,0.01,0.01,0.01,0.005
2026-10-01T17:37:05+00:00,QQQ,2026-10-01,0,740.8,500.0,P,0.0,0.01,0.01,0.01,4,129,6.0709,0.0,0.0,0.0,0.0,0.01,0.01,0.01,0.005
2026-10-01T17:37:05+00:00,QQQ,2026-10-01,0,740.8,630.0,P,0.0,0.01,0.01,0.01,3,203,2.6417,-0.0003,0.0,0.0001,-0.0022,0.01,0.01,0.01,0.005
2026-10-01T17:37:05+00:00,QQQ,2026-10-01,0,740.8,635.0,P,0.0,0.01,0.01,0.01,2,188,2.5214,-0.0003,0.0,0.0002,-0.0026,0.01,0.01,0.01,0.005
2026-10-01T17:37:05+00:00,QQQ,2026-10-01,0,740.8,650.0,P,0.0,0.01,0.01,0.01,27,328,2.164,-0.0005,0.0001,0.0002,-0.0038,0.01,0.01,0.01,0.005
2026-10-01T17:37:05+00:00,QQQ,2026-10-01,0,740.8,655.0,P,0.0,0.01,0.01,0.01,3,330,2.046,-0.0006,0.0001,0.0003,-0.0042,0.01,0.01,0.01,0.005
2026-10-01T17:37:05+00:00,QQQ,2026-10-01,0,740.8,670.0,P,0.0,0.01,0.01,0.01,67,476,1.6946,-0.001,0.0001,0.0004,-0.006,0.01,0.01,0.01,0.005
2026-10-01T17:37:05+00:00,QQQ,2026-10-01,0,740.8,671.0,P,0.0,0.01,0.01,0.01,2,296,1.6713,-0.001,0.0001,0.0005,-0.0061,0.01,0.01,0.01,0.005
2026-10-01T17:37:05+00:00,QQQ,2026-10-01,0,740.8,675.0,P,0.0,0.01,0.01,0.01,12,225,1.5782,-0.0011,0.0002,0.0005,-0.0066,0.01,0.01,0.01,0.005
2026-10-01T17:37:05+00:00,QQQ,2026-10-01,0,740.8,678.0,P,0.0,0.01,0.01,0.01,1,205,1.5085,-0.0012,0.0002,0.0006,-0.0071,0.01,0.01,0.01,0.005
2026-10-01T17:37:05+00:00,QQQ,2026-10-01,0,740.8,680.0,P,0.0,0.01,0.01,0.01,1,686,1.4621,-0.0013,0.0002,0.0006,-0.0074,0.01,0.01,0.01,0.005
2026-10-01T17:37:05+00:00,QQQ,2026-10-01,0,740.8,682.0,P,0.0,0.01,0.01,0.01,2,245,1.4158,-0.0014,0.0002,0.0006,-0.0077,0.01,0.01,0.01,0.005
2026-10-01T17:37:05+00:00,QQQ,2026-10-01,0,740.8,685.0,P,0.0,0.01,0.01,0.01,1,844,1.3463,-0.0015,0.0002,0.0007,-0.0081,0.01,0.01,0.01,0.005
2026-10-01T17:37:05+00:00,QQQ,2026-10-01,0,740.8,690.0,P,0.0,0.01,0.01,0.01,32,666,1.2306,-0.0018,0.0003,0.0008,-0.009,0.01,0.01,0.01,0.005
2026-10-01T17:37:05+00:00,QQQ,2026-10-01,0,740.8,691.0,P,0.0,0.01,0.01,0.01,1,559,1.2074,-0.0019,0.0003,0.0008,-0.0092,0.01,0.01,0.01,0.005
2026-10-01T17:37:05+00:00,QQQ,2026-10-01,0,740.8,693.0,P,0.0,0.01,0.01,0.01,2,770,1.1612,-0.002,0.0004,0.0009,-0.0095,0.01,0.01,0.01,0.015
2026-10-01T17:37:05+00:00,QQQ,2026-10-01,0,740.8,695.0,P,0.0,0.01,0.01,0.01,23,1661,1.1149,-0.0021,0.0004,0.0009,-0.0099,0.01,0.01,0.01,0.015
2026-10-01T17:37:05+00:00,QQQ,2026-10-01,0,740.8,696.0,P,0.0,0.01,0.01,0.01,9,872,1.0918,-0.0022,0.0004,0.001,-0.0101,0.01,0.01,0.01,0.015
2026-10-01T17:37:05+00:00,QQQ,2026-10-01,0,740.8,698.0,P,0.0,0.01,0.01,0.01,53,533,1.0455,-0.0024,0.0005,0.001,-0.0104,0.01,0.02,0.01,0.015
2026-10-01T17:37:05+00:00,QQQ,2026-10-01,0,740.8,699.0,P,0.0,0.01,0.01,0.01,42,417,1.0224,-0.0024,0.0005,0.0011,-0.0106,0.01,0.01,0.01,0.015
2026-10-01T17:37:05+00:00,QQQ,2026-10-01,0,740.8,700.0,P,0.0,0.01,0.01,0.01,127,4457,0.9993,-0.0025,0.0005,0.0011,-0.0108,0.01,0.01,0.01,0.015
2026-10-01T17:37:05+00:00,QQQ,2026-10-01,0,740.8,701.0,P,0.0,0.01,0.01,0.01,168,3717,0.9761,-0.0026,0.0006,0.0011,-0.0111,0.01,0.02,0.01,0.015
2026-10-01T17:37:05+00:00,QQQ,2026-10-01,0,740.8,702.0,P,0.0,0.01,0.01,0.01,489,666,0.953,-0.0027,0.0006,0.0012,-0.0112,0.01,0.02,0.01,0.015
2026-10-01T17:37:05+00:00,QQQ,2026-10-01,0,740.8,703.0,P,0.0,0.01,0.01,0.01,684,383,0.9298,-0.0028,0.0006,0.0012,-0.0115,0.01,0.02,0.01,0.015
2026-10-01T17:37:05+00:00,QQQ,2026-10-01,0,740.8,704.0,P,0.0,0.01,0.01,0.01,786,665,0.9066,-0.0029,0.0006,0.0013,-0.0117,0.01,0.04,0.01,0.015
2026-10-01T17:37:05+00:00,QQQ,2026-10-01,0,740.8,705.0,P,0.0,0.01,0.01,0.01,2850,1171,0.8835,-0.003,0.0007,0.0013,-0.0118,0.01,0.02,0.01,0.015
2026-10-01T17:37:05+00:00,QQQ,2026-10-01,0,740.8,706.0,P,0.0,0.01,0.01,0.01,2557,418,0.8603,-0.0032,0.0007,0.0014,-0.012,0.01,0.02,0.01,0.015
2026-10-01T17:37:05+00:00,QQQ,2026-10-01,0,740.8,707.0,P,0.0,0.01,0.01,0.01,1225,2841,0.8371,-0.0033,0.0008,0.0014,-0.0122,0.01,0.02,0.01,0.015
2026-10-01T17:37:05+00:00,QQQ,2026-10-01,0,740.8,708.0,P,0.0,0.01,0.02,0.02,1960,1111,0.8139,-0.0034,0.0008,0.0015,-0.0124,0.01,0.02,0.01,0.015
2026-10-01T17:37:05+00:00,QQQ,2026-10-01,0,740.8,709.0,P,0.0,0.01,0.01,0.01,2095,1548,0.7906,-0.0036,0.0009,0.0015,-0.0127,0.01,0.02,0.01,0.015
2026-10-01T17:37:05+00:00,QQQ,2026-10-01,0,740.8,710.0,P,0.0,0.01,0.01,0.01,2264,934,0.7674,-0.0037,0.0009,0.0016,-0.0129,0.01,0.03,0.01,0.015
2026-10-01T17:37:05+00:00,QQQ,2026-10-01,0,740.8,711.0,P,0.0,0.01,0.01,0.01,2103,767,0.7441,-0.0038,0.001,0.0016,-0.0131,0.01,0.02,0.01,0.025
2026-10-01T17:37:05+00:00,QQQ,2026-10-01,0,740.8,712.0,P,0.0,0.01,0.01,0.01,1339,933,0.7208,-0.004,0.0011,0.0017,-0.0134,0.03,0.03,0.01,0.025
2026-10-01T17:37:05+00:00,QQQ,2026-10-01,0,740.8,713.0,P,0.0,0.01,0.01,0.01,1554,1474,0.6974,-0.0042,0.0012,0.0018,-0.0136,0.01,0.03,0.01,0.025
2026-10-01T17:37:05+00:00,QQQ,2026-10-01,0,740.8,714.0,P,0.0,0.01,0.02,0.02,2078,902,0.6741,-0.0044,0.0012,0.0018,-0.0138,0.01,0.03,0.01,0.025
2026-10-01T17:37:05+00:00,QQQ,2026-10-01,0,740.8,715.0,P,0.0,0.01,0.01,0.01,1443,2185,0.6507,-0.0046,0.0013,0.0019,-0.0141,0.01,0.03,0.01,0.025
2026-10-01T17:37:05+00:00,QQQ,2026-10-01,0,740.8,716.0,P,0.0,0.01,0.01,0.01,2003,1396,0.6272,-0.0048,0.0014,0.002,-0.0143,0.02,0.03,0.01,0.025
2026-10-01T17:37:05+00:00,QQQ,2026-10-01,0,740.8,717.0,P,0.0,0.01,0.01,0.01,1247,658,0.6038,-0.005,0.0016,0.0021,-0.0146,0.02,0.03,0.01,0.025
2026-10-01T17:37:05+00:00,QQQ,2026-10-01,0,740.8,718.0,P,0.0,0.01,0.01,0.01,3691,1766,0.5803,-0.0053,0.0017,0.0022,-0.0148,0.02,0.04,0.01,0.035
2026-10-01T17:37:05+00:00,QQQ,2026-10-01,0,740.8,719.0,P,0.0,0.01,0.01,0.01,3567,1173,0.5567,-0.0056,0.0018,0.0023,-0.015,0.04,0.04,0.01,0.045
2026-10-01T17:37:05+00:00,QQQ,2026-10-01,0,740.8,720.0,P,0.0,0.01,0.01,0.01,6586,4655,0.5331,-0.0059,0.002,0.0024,-0.0153,0.04,0.05,0.01,0.045
2026-10-01T17:37:05+00:00,QQQ,2026-10-01,0,740.8,721.0,P,0.01,0.02,0.015,0.01,3232,1072,0.5703,-0.0062,0.0022,0.0025,-0.0156,0.03,0.06,0.01,0.045
2026-10-01T17:37:05+00:00,QQQ,2026-10-01,0,740.8,722.0,P,0.01,0.02,0.015,0.01,4334,1334,0.5443,-0.0065,0.0024,0.0027,-0.0158,0.02,0.07,0.01,0.055
2026-10-01T17:37:05+00:00,QQQ,2026-10-01,0,740.8,723.0,P,0.01,0.02,0.015,0.02,4977,1704,0.5182,-0.0069,0.0026,0.0028,-0.0161,0.01,0.08,0.01,0.065
2026-10-01T17:37:05+00:00,QQQ,2026-10-01,0,740.8,724.0,P,0.01,0.02,0.015,0.02,6879,1751,0.4919,-0.0074,0.0029,0.003,-0.0165,0.03,0.1,0.01,0.075
2026-10-01T17:37:05+00:00,QQQ,2026-10-01,0,740.8,725.0,P,0.01,0.02,0.015,0.01,9482,4320,0.4656,-0.0079,0.0033,0.0032,-0.0168,0.06,0.13,0.01,0.095
2026-10-01T17:37:05+00:00,QQQ,2026-10-01,0,740.8,726.0,P,0.01,0.02,0.015,0.01,6440,3082,0.4391,-0.0085,0.0037,0.0034,-0.0173,0.07,0.17,0.01,0.115
2026-10-01T17:37:05+00:00,QQQ,2026-10-01,0,740.8,727.0,P,0.01,0.02,0.015,0.01,9400,2352,0.4126,-0.0093,0.0042,0.0037,-0.018,0.08,0.22,0.01,0.14
2026-10-01T17:37:05+00:00,QQQ,2026-10-01,0,740.8,728.0,P,0.01,0.02,0.015,0.01,18531,2593,0.3858,-0.0103,0.0049,0.0041,-0.0192,0.1,0.28,0.01,0.175
2026-10-01T17:37:05+00:00,QQQ,2026-10-01,0,740.8,729.0,P,0.02,0.03,0.025,0.02,26733,2135,0.3834,-0.0118,0.0059,0.0046,-0.021,0.12,0.36,0.02,0.225
2026-10-01T17:37:05+00:00,QQQ,2026-10-01,0,740.8,730.0,P,0.02,0.03,0.025,0.02,72068,10799,0.3549,-0.0141,0.0072,0.0053,-0.0242,0.15,0.47,0.02,0.285
2026-10-01T17:37:05+00:00,QQQ,2026-10-01,0,740.8,731.0,P,0.03,0.04,0.035,0.03,43174,4312,0.3423,-0.0176,0.0093,0.0064,-0.0293,0.16,0.6,0.03,0.365
2026-10-01T17:37:05+00:00,QQQ,2026-10-01,0,740.8,732.0,P,0.04,0.05,0.045,0.04,66866,3273,0.3249,-0.0232,0.0124,0.0082,-0.0382,0.24,0.76,0.04,0.455
2026-10-01T17:37:05+00:00,QQQ,2026-10-01,0,740.8,733.0,P,0.05,0.06,0.055,0.05,77807,6219,0.3037,-0.0322,0.0171,0.0107,-0.0529,0.29,0.95,0.05,0.565
2026-10-01T17:37:05+00:00,QQQ,2026-10-01,0,740.8,734.0,P,0.07,0.08,0.075,0.07,93401,2859,0.2873,-0.0461,0.0239,0.0142,-0.0767,0.4,1.2,0.07,0.695
2026-10-01T17:37:05+00:00,QQQ,2026-10-01,0,740.8,735.0,P,0.11,0.12,0.115,0.11,168504,3267,0.2768,-0.0671,0.0336,0.0189,-0.1138,0.53,1.5,0.11,0.855
2026-10-01T17:37:05+00:00,QQQ,2026-10-01,0,740.8,736.0,P,0.16,0.17,0.165,0.17,174395,3660,0.2617,-0.0979,0.0467,0.025,-0.171,0.58,1.85,0.16,1.035
2026-10-01T17:37:05+00:00,QQQ,2026-10-01,0,740.8,737.0,P,0.25,0.26,0.255,0.26,250062,2015,0.2514,-0.1431,0.0637,0.0324,-0.2605,0.76,2.33,0.24,1.245
2026-10-01T17:37:05+00:00,QQQ,2026-10-01,0,740.8,738.0,P,0.4,0.41,0.405,0.41,282337,2212,0.2444,-0.2085,0.0838,0.0408,-0.4044,0.96,2.92,0.39,1.485
2026-10-01T17:37:05+00:00,QQQ,2026-10-01,0,740.8,739.0,P,0.63,0.64,0.635,0.64,191494,2764,0.2412,-0.2979,0.1036,0.0489,-0.6332,1.16,3.6,0.6,1.755
2026-10-01T17:37:05+00:00,QQQ,2026-10-01,0,740.8,740.0,P,0.98,0.99,0.985,0.98,164575,19328,0.2384,-0.4076,0.1173,0.0545,-0.9731,1.53,4.34,0.92,2.075
2026-10-01T17:37:05+00:00,QQQ,2026-10-01,0,740.8,741.0,P,1.44,1.45,1.445,1.46,74866,2224,0.2367,-0.5275,0.1209,0.0558,-1.2008,1.83,5.11,1.33,2.425
2026-10-01T17:37:05+00:00,QQQ,2026-10-01,0,740.8,742.0,P,2.02,2.03,2.025,2.01,58442,3264,0.2371,-0.6454,0.1132,0.0524,-0.7875,2.33,6.08,1.65,2.825
2026-10-01T17:37:05+00:00,QQQ,2026-10-01,0,740.8,743.0,P,2.73,2.76,2.745,2.69,29002,3330,0.2407,-0.749,0.0961,0.0451,-0.496,2.81,6.84,2.03,3.265
2026-10-01T17:37:05+00:00,QQQ,2026-10-01,0,740.8,744.0,P,3.52,3.57,3.545,3.6,15970,2131,0.2462,-0.8292,0.075,0.0363,-0.3088,3.37,7.6,2.48,3.755
2026-10-01T17:37:05+00:00,QQQ,2026-10-01,0,740.8,745.0,P,4.4,4.5,4.45,4.48,9227,2400,0.2574,-0.8855,0.0552,0.0279,-0.1947,3.95,8.6,3.0,4.29
2026-10-01T17:37:05+00:00,QQQ,2026-10-01,0,740.8,746.0,P,5.28,5.43,5.355,5.37,2192,1023,0.2579,-0.9236,0.0394,0.0209,-0.1246,4.45,9.41,3.6,4.87
2026-10-01T17:37:05+00:00,QQQ,2026-10-01,0,740.8,747.0,P,6.24,6.38,6.31,6.44,887,405,0.2671,-0.9488,0.0277,0.0155,-0.0809,5.17,10.63,4.35,5.51
2026-10-01T17:37:05+00:00,QQQ,2026-10-01,0,740.8,748.0,P,7.22,7.35,7.285,7.22,704,303,0.2795,-0.965,0.0195,0.0114,-0.0543,5.95,11.64,4.95,6.165
2026-10-01T17:37:05+00:00,QQQ,2026-10-01,0,740.8,749.0,P,8.19,8.34,8.265,9.0,419,481,0.2868,-0.9751,0.014,0.0087,-0.0387,6.65,11.98,5.82,6.885
2026-10-01T17:37:05+00:00,QQQ,2026-10-01,0,740.8,750.0,P,9.18,9.33,9.255,9.3,530,1309,0.2986,-0.981,0.0105,0.0069,-0.03,7.31,13.23,6.65,7.655
2026-10-01T17:37:05+00:00,QQQ,2026-10-01,0,740.8,751.0,P,10.18,10.34,10.26,11.88,182,54,0.336,-0.9845,0.0083,0.0058,-0.0254,9.08,14.25,7.69,8.455
2026-10-01T17:37:05+00:00,QQQ,2026-10-01,0,740.8,752.0,P,11.17,11.32,11.245,15.06,126,59,0.3255,-0.9866,0.0068,0.0051,-0.023,10.8,15.06,8.9,9.235
2026-10-01T17:37:05+00:00,QQQ,2026-10-01,0,740.8,753.0,P,12.17,12.32,12.245,15.12,46,17,0.3508,-0.988,0.0058,0.0046,-0.0217,9.44,15.8,9.41,10.06
2026-10-01T17:37:05+00:00,QQQ,2026-10-01,0,740.8,754.0,P,13.17,13.33,13.25,16.81,99,25,0.3932,-0.989,0.0051,0.0043,-0.021,11.32,17.44,11.32,11.025
2026-10-01T17:37:05+00:00,QQQ,2026-10-01,0,740.8,755.0,P,14.16,14.32,14.24,17.11,92,66,0.3745,-0.9898,0.0045,0.004,-0.0205,13.43,17.64,13.43,11.88
2026-10-01T17:37:05+00:00,QQQ,2026-10-01,0,740.8,756.0,P,15.16,15.31,15.235,17.34,44,4,0.3304,-0.9904,0.004,0.0038,-0.0202,14.27,18.96,14.27,13.03
2026-10-01T17:37:05+00:00,QQQ,2026-10-01,0,740.8,757.0,P,16.16,16.31,16.235,17.83,25,4,0.3502,-0.991,0.0036,0.0036,-0.0199,14.08,19.96,14.08,13.805
2026-10-01T17:37:05+00:00,QQQ,2026-10-01,0,740.8,758.0,P,17.15,17.31,17.23,19.28,13,0,0.0,-0.9915,0.0032,0.0034,-0.0196,19.49,20.78,17.89,14.855
2026-10-01T17:37:05+00:00,QQQ,2026-10-01,0,740.8,759.0,P,18.15,18.31,18.23,20.35,49,0,0.0,-0.992,0.003,0.0032,-0.0193,16.63,22.17,16.63,15.77
2026-10-01T17:37:05+00:00,QQQ,2026-10-01,0,740.8,760.0,P,19.15,19.32,19.235,21.98,97,2,0.409,-0.9924,0.0027,0.0031,-0.0191,18.68,22.84,17.96,16.835
2026-10-01T17:37:05+00:00,QQQ,2026-10-01,0,740.8,761.0,P,20.15,20.31,20.23,22.04,178,10,0.0,-0.9927,0.0025,0.0029,-0.0188,18.31,23.97,18.12,17.765
2026-10-01T17:37:05+00:00,QQQ,2026-10-01,0,740.8,762.0,P,21.15,21.32,21.235,25.13,46,4,0.4478,-0.9931,0.0023,0.0028,-0.0186,20.59,25.47,20.34,18.75
2026-10-01T17:37:05+00:00,QQQ,2026-10-01,0,740.8,763.0,P,22.15,22.32,22.235,25.52,87,2,0.467,-0.9934,0.0021,0.0027,-0.0183,20.31,25.52,20.13,19.76
2026-10-01T17:37:05+00:00,QQQ,2026-10-01,0,740.8,764.0,P,23.15,23.32,23.235,24.74,29,0,0.4862,-0.9937,0.0019,0.0026,-0.018,23.77,26.2,23.77,20.825
2026-10-01T17:37:05+00:00,QQQ,2026-10-01,0,740.8,765.0,P,23.98,26.09,25.035,25.91,31,3,1.2894,-0.994,0.0018,0.0025,-0.0178,22.64,28.21,22.59,21.73
2026-10-01T17:37:05+00:00,QQQ,2026-10-01,0,740.8,766.0,P,24.51,27.09,25.8,29.44,8,0,1.2191,-0.9942,0.0017,0.0024,-0.0176,27.75,29.44,26.99,22.755
2026-10-01T17:37:05+00:00,QQQ,2026-10-01,0,740.8,767.0,P,25.97,28.09,27.03,28.01,20,0,1.3636,-0.9944,0.0016,0.0023,-0.0173,26.76,31.67,26.76,23.73
2026-10-01T17:37:05+00:00,QQQ,2026-10-01,0,740.8,768.0,P,25.72,29.12,27.42,30.04,12,0,1.0336,-0.9947,0.0015,0.0022,-0.0171,29.36,31.91,29.25,24.83
2026-10-01T17:37:05+00:00,QQQ,2026-10-01,0,740.8,769.0,P,26.75,30.17,28.46,32.63,6,0,1.1014,-0.9949,0.0014,0.0021,-0.0168,29.61,32.63,29.23,25.755
2026-10-01T17:37:05+00:00,QQQ,2026-10-01,0,740.8,770.0,P,27.73,31.09,29.41,30.43,16,30,1.0843,-0.9951,0.0013,0.002,-0.0166,31.67,32.46,30.43,26.62
2026-10-01T17:37:05+00:00,QQQ,2026-10-01,0,740.8,771.0,P,28.76,32.17,30.465,32.43,6,0,1.2304,-0.9952,0.0012,0.002,-0.0164,32.38,33.39,32.18,27.615
2026-10-01T17:37:05+00:00,QQQ,2026-10-01,0,740.8,772.0,P,29.72,33.17,31.445,33.26,6,0,1.1801,-0.9954,0.0011,0.0019,-0.0162,33.19,34.08,33.08,28.62
2026-10-01T17:37:05+00:00,QQQ,2026-10-01,0,740.8,773.0,P,30.77,34.17,32.47,30.25,0,0,1.2344,-0.9956,0.0011,0.0018,-0.0159,0.0,0.0,0.0,29.6
2026-10-01T17:37:05+00:00,QQQ,2026-10-01,0,740.8,774.0,P,31.72,35.17,33.445,0.0,0,0,1.2407,-0.9957,0.001,0.0018,-0.0157,0.0,0.0,0.0,30.615
2026-10-01T17:37:05+00:00,QQQ,2026-10-01,0,740.8,775.0,P,32.77,36.09,34.43,0.0,0,0,1.2551,-0.9959,0.001,0.0017,-0.0155,0.0,0.0,0.0,31.665
2026-10-01T17:37:05+00:00,QQQ,2026-10-01,0,740.8,780.0,P,37.72,41.09,39.405,39.76,14,0,1.3717,-0.9965,0.0007,0.0015,-0.0144,41.81,43.04,39.76,36.43
2026-10-01T17:37:05+00:00,QQQ,2026-10-01,0,740.8,785.0,P,42.88,46.09,44.485,47.27,2,0,1.609,-0.997,0.0006,0.0013,-0.0134,47.34,47.34,47.27,41.805
2026-10-01T17:52:05+00:00,QQQ,2026-10-01,0,743.39,505.0,C,236.62,240.18,238.4,234.55,8,9,0.0,1.0,0.0,0.0,0.0,234.55,234.55,234.55,238.255
2026-10-01T17:52:05+00:00,QQQ,2026-10-01,0,743.39,640.0,C,101.59,105.18,103.385,99.13,30,30,0.0,0.9996,0.0,0.0002,-0.0037,99.13,99.13,99.13,103.29
2026-10-01T17:52:05+00:00,QQQ,2026-10-01,0,743.39,645.0,C,96.59,100.14,98.365,94.26,30,30,0.0,0.9995,0.0001,0.0002,-0.0042,94.21,94.26,94.21,98.38
2026-10-01T17:52:05+00:00,QQQ,2026-10-01,0,743.39,665.0,C,76.59,80.18,78.385,74.24,1,0,0.0,0.9991,0.0001,0.0004,-0.0065,74.24,74.24,74.24,78.295
2026-10-01T17:52:05+00:00,QQQ,2026-10-01,0,743.39,666.0,C,75.62,79.18,77.4,73.29,1,0,0.0,0.999,0.0001,0.0004,-0.0067,73.29,73.29,73.29,77.27
2026-10-01T17:52:05+00:00,QQQ,2026-10-01,0,743.39,667.0,C,74.73,78.18,76.455,71.55,1,0,2.288,0.999,0.0001,0.0004,-0.0068,71.55,71.55,71.55,76.27
2026-10-01T17:52:05+00:00,QQQ,2026-10-01,0,743.39,668.0,C,73.73,77.18,75.455,70.6,1,0,2.2595,0.999,0.0001,0.0005,-0.007,70.6,70.6,70.6,75.39
2026-10-01T17:52:05+00:00,QQQ,2026-10-01,0,743.39,669.0,C,72.59,76.16,74.375,69.55,1,0,0.0,0.9989,0.0001,0.0005,-0.0071,69.55,69.55,69.55,74.265
2026-10-01T17:52:05+00:00,QQQ,2026-10-01,0,743.39,670.0,C,71.59,75.16,73.375,68.6,1,0,0.0,0.9989,0.0001,0.0005,-0.0073,68.6,68.6,68.6,73.415
2026-10-01T17:52:05+00:00,QQQ,2026-10-01,0,743.39,672.0,C,69.58,73.16,71.37,67.88,1,0,0.0,0.9988,0.0002,0.0005,-0.0076,67.88,67.88,67.88,71.275
2026-10-01T17:52:05+00:00,QQQ,2026-10-01,0,743.39,673.0,C,68.66,72.16,70.41,66.93,1,0,0.0,0.9988,0.0002,0.0005,-0.0077,66.93,66.93,66.93,70.27
2026-10-01T17:52:05+00:00,QQQ,2026-10-01,0,743.39,674.0,C,67.64,71.16,69.4,63.76,1,3,0.0,0.9988,0.0002,0.0005,-0.0079,63.76,63.76,63.76,69.36
2026-10-01T17:52:05+00:00,QQQ,2026-10-01,0,743.39,675.0,C,66.65,70.16,68.405,62.81,1,1,0.0,0.9987,0.0002,0.0006,-0.008,62.81,62.81,62.81,68.265
2026-10-01T17:52:05+00:00,QQQ,2026-10-01,0,743.39,684.0,C,58.15,61.18,59.665,54.32,6,9,2.2954,0.9984,0.0002,0.0007,-0.0096,54.32,54.32,54.32,59.265
2026-10-01T17:52:05+00:00,QQQ,2026-10-01,0,743.39,690.0,C,51.59,55.14,53.365,48.82,33,32,0.0,0.998,0.0003,0.0008,-0.0107,48.33,49.51,48.33,53.275
2026-10-01T17:52:05+00:00,QQQ,2026-10-01,0,743.39,691.0,C,50.62,54.18,52.4,47.88,1,8,0.0,0.998,0.0003,0.0009,-0.0109,47.88,47.88,47.88,52.275
2026-10-01T17:52:05+00:00,QQQ,2026-10-01,0,743.39,693.0,C,48.65,52.18,50.415,46.02,1,0,0.0,0.9978,0.0004,0.0009,-0.0113,46.02,46.02,46.02,50.28
2026-10-01T17:52:05+00:00,QQQ,2026-10-01,0,743.39,694.0,C,47.59,50.79,49.19,45.08,1,0,0.0,0.9978,0.0004,0.001,-0.0115,45.08,45.08,45.08,49.275
2026-10-01T17:52:05+00:00,QQQ,2026-10-01,0,743.39,695.0,C,46.58,50.14,48.36,42.83,1,11,0.0,0.9977,0.0004,0.001,-0.0117,42.83,42.83,42.83,48.275
2026-10-01T17:52:05+00:00,QQQ,2026-10-01,0,743.39,697.0,C,44.58,48.18,46.38,41.62,1,1,0.0,0.9975,0.0004,0.001,-0.0121,41.62,41.62,41.62,46.28
2026-10-01T17:52:05+00:00,QQQ,2026-10-01,0,743.39,698.0,C,43.59,47.18,45.385,40.18,3,0,0.0,0.9974,0.0005,0.0011,-0.0124,40.68,40.68,40.18,45.28
2026-10-01T17:52:05+00:00,QQQ,2026-10-01,0,743.39,699.0,C,42.59,46.18,44.385,39.44,6,1,0.0,0.9974,0.0005,0.0011,-0.0126,43.15,43.15,39.13,44.28
2026-10-01T17:52:05+00:00,QQQ,2026-10-01,0,743.39,700.0,C,41.62,45.18,43.4,41.2,194,3,0.0,0.9972,0.0005,0.0011,-0.0128,42.0,43.2,38.4,43.285
2026-10-01T17:52:05+00:00,QQQ,2026-10-01,0,743.39,701.0,C,40.59,44.18,42.385,38.92,12,0,0.0,0.9972,0.0006,0.0012,-0.013,38.24,39.31,37.52,42.28
2026-10-01T17:52:05+00:00,QQQ,2026-10-01,0,743.39,702.0,C,39.59,43.18,41.385,37.55,14,6,0.0,0.9971,0.0006,0.0012,-0.0132,36.54,37.55,36.54,41.28
2026-10-01T17:52:05+00:00,QQQ,2026-10-01,0,743.39,703.0,C,38.59,42.18,40.385,35.16,23,11,0.0,0.997,0.0006,0.0013,-0.0135,38.56,39.49,34.12,40.28
2026-10-01T17:52:05+00:00,QQQ,2026-10-01,0,743.39,704.0,C,37.58,41.14,39.36,34.8,18,28,0.0,0.9968,0.0006,0.0013,-0.0137,37.84,38.67,34.8,39.28
2026-10-01T17:52:05+00:00,QQQ,2026-10-01,0,743.39,705.0,C,36.59,40.18,38.385,33.56,21,6,0.0,0.9967,0.0007,0.0013,-0.0139,36.54,38.99,33.53,38.28
2026-10-01T17:52:05+00:00,QQQ,2026-10-01,0,743.39,706.0,C,35.59,39.18,37.385,31.82,16,4,0.0,0.9966,0.0007,0.0014,-0.0142,35.69,35.69,31.16,37.55
2026-10-01T17:52:05+00:00,QQQ,2026-10-01,0,743.39,707.0,C,34.59,38.18,36.385,31.57,24,0,0.0,0.9965,0.0008,0.0014,-0.0144,36.5,37.42,30.82,35.985
2026-10-01T17:52:05+00:00,QQQ,2026-10-01,0,743.39,708.0,C,33.59,37.18,35.385,30.87,41,2,0.0,0.9964,0.0008,0.0015,-0.0146,34.16,34.38,30.47,35.05
2026-10-01T17:52:05+00:00,QQQ,2026-10-01,0,743.39,709.0,C,32.59,36.14,34.365,28.09,47,3,0.0,0.9962,0.0008,0.0015,-0.0149,33.16,33.16,27.79,34.045
2026-10-01T17:52:05+00:00,QQQ,2026-10-01,0,743.39,710.0,C,31.69,35.08,33.385,26.68,46,34,0.0,0.9961,0.0009,0.0016,-0.0151,32.16,32.23,26.68,33.045
2026-10-01T17:52:05+00:00,QQQ,2026-10-01,0,743.39,711.0,C,30.69,34.15,32.42,27.9,73,3,0.834,0.9959,0.001,0.0016,-0.0154,31.16,31.16,26.0,32.055
2026-10-01T17:52:05+00:00,QQQ,2026-10-01,0,743.39,712.0,C,29.73,33.15,31.44,24.68,47,1,0.9531,0.9958,0.001,0.0017,-0.0156,30.16,30.16,24.68,30.985
2026-10-01T17:52:05+00:00,QQQ,2026-10-01,0,743.39,713.0,C,28.73,32.18,30.455,26.89,92,16,0.9789,0.9956,0.0011,0.0018,-0.0159,29.16,29.16,24.05,30.0
2026-10-01T17:52:05+00:00,QQQ,2026-10-01,0,743.39,714.0,C,27.69,31.14,29.415,25.93,85,13,0.0,0.9954,0.0012,0.0018,-0.0162,28.27,28.27,23.09,28.99
2026-10-01T17:52:05+00:00,QQQ,2026-10-01,0,743.39,715.0,C,26.65,30.14,28.395,24.33,133,214,0.0,0.9952,0.0012,0.0019,-0.0164,28.08,28.08,22.93,28.14
2026-10-01T17:52:05+00:00,QQQ,2026-10-01,0,743.39,716.0,C,25.75,29.14,27.445,24.83,56,27,0.8608,0.995,0.0013,0.002,-0.0167,23.14,24.83,20.82,27.025
2026-10-01T17:52:05+00:00,QQQ,2026-10-01,0,743.39,717.0,C,24.69,28.16,26.425,23.86,42,110,0.7372,0.9948,0.0014,0.0021,-0.0169,24.77,26.24,20.68,26.145
2026-10-01T17:52:05+00:00,QQQ,2026-10-01,0,743.39,718.0,C,23.84,26.94,25.39,24.51,84,58,0.0,0.9945,0.0015,0.0022,-0.0172,25.16,25.63,19.8,25.265
2026-10-01T17:52:05+00:00,QQQ,2026-10-01,0,743.39,719.0,C,23.15,25.33,24.24,23.51,35,65,0.0,0.9943,0.0016,0.0023,-0.0175,23.95,24.0,18.89,24.235
2026-10-01T17:52:05+00:00,QQQ,2026-10-01,0,743.39,720.0,C,23.29,23.4,23.345,24.06,112,345,0.66,0.994,0.0018,0.0024,-0.0178,23.16,24.06,16.99,23.29
2026-10-01T17:52:05+00:00,QQQ,2026-10-01,0,743.39,721.0,C,22.25,22.4,22.325,23.15,78,79,0.6342,0.9937,0.0019,0.0025,-0.0181,20.73,23.15,16.4,22.07
2026-10-01T17:52:05+00:00,QQQ,2026-10-01,0,743.39,722.0,C,21.28,21.4,21.34,21.69,43,287,0.6357,0.9934,0.0021,0.0026,-0.0184,20.61,21.69,14.55,21.31
2026-10-01T17:52:05+00:00,QQQ,2026-10-01,0,743.39,723.0,C,20.26,20.4,20.33,21.04,42,79,0.6294,0.993,0.0023,0.0027,-0.0187,20.1,21.04,13.94,20.125
2026-10-01T17:52:05+00:00,QQQ,2026-10-01,0,743.39,724.0,C,19.29,19.4,19.345,19.52,86,36,0.6017,0.9926,0.0025,0.0028,-0.019,18.95,20.15,12.77,19.36
2026-10-01T17:52:05+00:00,QQQ,2026-10-01,0,743.39,725.0,C,18.28,18.41,18.345,18.25,1066,2843,0.5739,0.9922,0.0028,0.003,-0.0194,16.81,19.1,11.43,18.19
2026-10-01T17:52:05+00:00,QQQ,2026-10-01,0,743.39,726.0,C,17.3,17.41,17.355,17.13,130,57,0.546,0.9917,0.0031,0.0032,-0.0198,15.85,17.34,11.09,17.225
2026-10-01T17:52:05+00:00,QQQ,2026-10-01,0,743.39,727.0,C,16.3,16.41,16.355,16.12,161,147,0.5327,0.9911,0.0034,0.0034,-0.0203,16.65,16.65,9.52,16.335
2026-10-01T17:52:05+00:00,QQQ,2026-10-01,0,743.39,728.0,C,15.26,15.41,15.335,12.84,168,129,0.5162,0.9904,0.0038,0.0036,-0.021,14.05,14.05,8.67,15.295
2026-10-01T17:52:05+00:00,QQQ,2026-10-01,0,743.39,729.0,C,14.28,14.41,14.345,11.4,171,397,0.4868,0.9896,0.0044,0.0039,-0.0219,13.24,14.32,7.77,14.5
2026-10-01T17:52:05+00:00,QQQ,2026-10-01,0,743.39,730.0,C,13.29,13.41,13.35,13.52,4531,1924,0.4571,0.9885,0.005,0.0042,-0.0231,12.18,13.86,6.62,13.595
2026-10-01T17:52:05+00:00,QQQ,2026-10-01,0,743.39,731.0,C,12.29,12.42,12.355,10.67,1347,283,0.4273,0.9871,0.0059,0.0047,-0.025,10.69,11.09,5.81,12.56
2026-10-01T17:52:05+00:00,QQQ,2026-10-01,0,743.39,732.0,C,11.29,11.42,11.355,11.88,906,798,0.4144,0.985,0.0071,0.0054,-0.0278,10.34,11.88,4.99,11.645
2026-10-01T17:52:05+00:00,QQQ,2026-10-01,0,743.39,733.0,C,10.29,10.43,10.36,10.53,2872,402,0.3831,0.982,0.0088,0.0063,-0.0322,9.8,10.85,4.16,10.77
2026-10-01T17:52:05+00:00,QQQ,2026-10-01,0,743.39,734.0,C,9.29,9.44,9.365,9.43,5152,395,0.3582,0.9775,0.0113,0.0076,-0.0392,7.72,10.08,3.38,9.96
2026-10-01T17:52:05+00:00,QQQ,2026-10-01,0,743.39,735.0,C,8.31,8.45,8.38,8.25,13658,1147,0.3316,0.9707,0.0149,0.0095,-0.0503,7.93,9.12,2.64,9.11
2026-10-01T17:52:05+00:00,QQQ,2026-10-01,0,743.39,736.0,C,7.3,7.45,7.375,7.29,25710,984,0.3212,0.9602,0.0201,0.0121,-0.0679,7.51,8.1,1.98,8.29
2026-10-01T17:52:05+00:00,QQQ,2026-10-01,0,743.39,737.0,C,6.35,6.48,6.415,6.4,87294,1415,0.303,0.9445,0.0277,0.0158,-0.0953,6.15,7.18,1.4,7.5
2026-10-01T17:52:05+00:00,QQQ,2026-10-01,0,743.39,738.0,C,5.4,5.52,5.46,5.4,203795,2161,0.2868,0.921,0.0382,0.0206,-0.1377,5.44,6.43,0.97,6.74
2026-10-01T17:52:05+00:00,QQQ,2026-10-01,0,743.39,739.0,C,4.48,4.58,4.53,4.59,270136,2202,0.269,0.886,0.0524,0.0268,-0.2043,4.52,5.61,0.64,6.01
2026-10-01T17:52:05+00:00,QQQ,2026-10-01,0,743.39,740.0,C,3.64,3.68,3.66,3.68,454107,7499,0.2598,0.8344,0.0705,0.0342,-0.3113,3.75,4.91,0.4,5.33
2026-10-01T17:52:05+00:00,QQQ,2026-10-01,0,743.39,741.0,C,2.83,2.88,2.855,2.87,216989,2589,0.2516,0.7608,0.0906,0.0423,-0.4832,3.14,4.22,0.25,4.68
2026-10-01T17:52:05+00:00,QQQ,2026-10-01,0,743.39,742.0,C,2.09,2.1,2.095,2.08,241077,3129,0.2439,0.6645,0.1087,0.0494,-0.7472,2.78,3.52,0.16,4.08
2026-10-01T17:52:05+00:00,QQQ,2026-10-01,0,743.39,743.0,C,1.49,1.5,1.495,1.47,220563,5423,0.2426,0.5508,0.1196,0.0535,-1.1236,2.13,2.9,0.1,3.515
2026-10-01T17:52:05+00:00,QQQ,2026-10-01,0,743.39,744.0,C,0.98,0.99,0.985,1.0,218743,4469,0.2405,0.4301,0.1198,0.0531,-1.0377,1.79,2.33,0.07,3.005
2026-10-01T17:52:05+00:00,QQQ,2026-10-01,0,743.39,745.0,C,0.62,0.63,0.625,0.63,240732,12409,0.2404,0.3145,0.1088,0.0482,-0.6612,1.21,1.83,0.05,2.545
2026-10-01T17:52:05+00:00,QQQ,2026-10-01,0,743.39,746.0,C,0.37,0.38,0.375,0.39,125807,3085,0.2431,0.2157,0.0895,0.04,-0.4019,1.01,1.4,0.04,2.125
2026-10-01T17:52:05+00:00,QQQ,2026-10-01,0,743.39,747.0,C,0.22,0.23,0.225,0.23,73586,5889,0.2447,0.141,0.0674,0.0309,-0.2383,0.7,1.04,0.03,1.755
2026-10-01T17:52:05+00:00,QQQ,2026-10-01,0,743.39,748.0,C,0.13,0.14,0.135,0.13,44046,8284,0.2492,0.0898,0.0477,0.0227,-0.1411,0.43,0.76,0.02,1.435
2026-10-01T17:52:05+00:00,QQQ,2026-10-01,0,743.39,749.0,C,0.07,0.08,0.075,0.08,38063,3667,0.2542,0.0565,0.0323,0.0161,-0.0841,0.32,0.54,0.01,1.155
2026-10-01T17:52:05+00:00,QQQ,2026-10-01,0,743.39,750.0,C,0.04,0.05,0.045,0.04,77549,13635,0.2636,0.0364,0.0218,0.0114,-0.0524,0.19,0.39,0.01,0.925
2026-10-01T17:52:05+00:00,QQQ,2026-10-01,0,743.39,751.0,C,0.03,0.04,0.035,0.05,15654,2331,0.2838,0.0244,0.015,0.0082,-0.0347,0.15,0.26,0.01,0.725
2026-10-01T17:52:05+00:00,QQQ,2026-10-01,0,743.39,752.0,C,0.02,0.03,0.025,0.03,16451,4182,0.2994,0.0176,0.0107,0.0063,-0.0254,0.09,0.19,0.01,0.555
2026-10-01T17:52:05+00:00,QQQ,2026-10-01,0,743.39,753.0,C,0.02,0.03,0.025,0.02,18434,6563,0.3288,0.0139,0.0082,0.0051,-0.0206,0.06,0.13,0.01,0.425
2026-10-01T17:52:05+00:00,QQQ,2026-10-01,0,743.39,754.0,C,0.01,0.02,0.015,0.01,12940,1870,0.3346,0.0117,0.0066,0.0044,-0.0182,0.05,0.1,0.01,0.325
2026-10-01T17:52:05+00:00,QQQ,2026-10-01,0,743.39,755.0,C,0.01,0.02,0.015,0.01,11615,3858,0.3618,0.0103,0.0055,0.0039,-0.0169,0.06,0.07,0.01,0.245
2026-10-01T17:52:05+00:00,QQQ,2026-10-01,0,743.39,756.0,C,0.01,0.02,0.015,0.01,4302,3530,0.3888,0.0094,0.0047,0.0036,-0.0162,0.05,0.06,0.01,0.185
2026-10-01T17:52:05+00:00,QQQ,2026-10-01,0,743.39,757.0,C,0.01,0.02,0.015,0.01,3741,7290,0.4156,0.0086,0.0042,0.0033,-0.0158,0.04,0.05,0.01,0.135
2026-10-01T17:52:05+00:00,QQQ,2026-10-01,0,743.39,758.0,C,0.0,0.01,0.01,0.01,6769,4226,0.3927,0.008,0.0037,0.0031,-0.0155,0.03,0.05,0.01,0.105
2026-10-01T17:52:05+00:00,QQQ,2026-10-01,0,743.39,759.0,C,0.0,0.01,0.01,0.01,5306,1948,0.4166,0.0075,0.0033,0.0029,-0.0152,0.05,0.05,0.01,0.085
2026-10-01T17:52:05+00:00,QQQ,2026-10-01,0,743.39,760.0,C,0.0,0.01,0.01,0.01,5836,8612,0.4404,0.0071,0.003,0.0028,-0.015,0.03,0.03,0.01,0.065
2026-10-01T17:52:05+00:00,QQQ,2026-10-01,0,743.39,761.0,C,0.0,0.01,0.01,0.01,1206,1236,0.464,0.0067,0.0027,0.0026,-0.0148,0.02,0.02,0.01,0.055
2026-10-01T17:52:05+00:00,QQQ,2026-10-01,0,743.39,762.0,C,0.0,0.01,0.01,0.01,3033,4409,0.4875,0.0063,0.0024,0.0025,-0.0145,0.01,0.04,0.01,0.045
2026-10-01T17:52:05+00:00,QQQ,2026-10-01,0,743.39,763.0,C,0.0,0.01,0.01,0.01,1060,931,0.5108,0.006,0.0022,0.0024,-0.0143,0.02,0.02,0.01,0.035
2026-10-01T17:52:05+00:00,QQQ,2026-10-01,0,743.39,764.0,C,0.0,0.01,0.01,0.01,802,3041,0.5341,0.0057,0.002,0.0023,-0.0141,0.01,0.02,0.01,0.025
2026-10-01T17:52:05+00:00,QQQ,2026-10-01,0,743.39,765.0,C,0.0,0.01,0.01,0.01,917,2411,0.5572,0.0054,0.0019,0.0022,-0.0139,0.01,0.02,0.01,0.025
2026-10-01T17:52:05+00:00,QQQ,2026-10-01,0,743.39,766.0,C,0.0,0.01,0.01,0.01,606,1733,0.5802,0.0052,0.0017,0.0021,-0.0137,0.02,0.03,0.01,0.015
2026-10-01T17:52:05+00:00,QQQ,2026-10-01,0,743.39,767.0,C,0.0,0.01,0.01,0.01,473,1873,0.603,0.005,0.0016,0.002,-0.0135,0.01,0.02,0.01,0.015
2026-10-01T17:52:05+00:00,QQQ,2026-10-01,0,743.39,768.0,C,0.0,0.01,0.01,0.01,5,445,0.6258,0.0047,0.0015,0.0019,-0.0133,0.01,0.01,0.01,0.015
2026-10-01T17:52:05+00:00,QQQ,2026-10-01,0,743.39,769.0,C,0.0,0.01,0.01,0.01,375,726,0.6485,0.0045,0.0014,0.0018,-0.0131,0.01,0.01,0.01,0.015
2026-10-01T17:52:05+00:00,QQQ,2026-10-01,0,743.39,770.0,C,0.0,0.01,0.01,0.01,138,745,0.6711,0.0044,0.0013,0.0018,-0.0129,0.01,0.02,0.01,0.015
2026-10-01T17:52:05+00:00,QQQ,2026-10-01,0,743.39,771.0,C,0.0,0.01,0.01,0.01,10,256,0.6936,0.0042,0.0012,0.0017,-0.0127,0.01,0.01,0.01,0.005
2026-10-01T17:52:05+00:00,QQQ,2026-10-01,0,743.39,772.0,C,0.0,0.01,0.03,0.03,0,330,0.716,0.004,0.0011,0.0016,-0.0126,0.0,0.0,0.0,0.005
2026-10-01T17:52:05+00:00,QQQ,2026-10-01,0,743.39,773.0,C,0.0,0.01,0.01,0.01,0,217,0.7383,0.0039,0.0011,0.0016,-0.0124,0.0,0.0,0.0,0.005
2026-10-01T17:52:05+00:00,QQQ,2026-10-01,0,743.39,774.0,C,0.0,0.01,0.01,0.01,0,529,0.7605,0.0037,0.001,0.0015,-0.0122,0.0,0.0,0.0,0.005
2026-10-01T17:52:05+00:00,QQQ,2026-10-01,0,743.39,775.0,C,0.0,0.01,0.02,0.02,0,1534,0.7826,0.0036,0.0009,0.0015,-0.012,0.0,0.0,0.0,0.005
2026-10-01T17:52:05+00:00,QQQ,2026-10-01,0,743.39,780.0,C,0.0,0.01,0.01,0.01,26,505,0.8921,0.003,0.0007,0.0012,-0.0111,0.01,0.01,0.01,0.005
2026-10-01T17:52:05+00:00,QQQ,2026-10-01,0,743.39,785.0,C,0.0,0.01,0.01,0.01,3,339,0.9998,0.0025,0.0006,0.0011,-0.0103,0.01,0.01,0.01,0.005
2026-10-01T17:52:05+00:00,QQQ,2026-10-01,0,743.39,850.0,C,0.0,0.01,0.01,0.01,6,143,2.2841,0.0005,0.0001,0.0002,-0.0035,0.01,0.01,0.01,0.005
2026-10-01T17:52:05+00:00,QQQ,2026-10-01,0,743.39,500.0,P,0.0,0.01,0.01,0.01,4,129,6.3803,0.0,0.0,0.0,0.0,0.01,0.01,0.01,0.005
2026-10-01T17:52:05+00:00,QQQ,2026-10-01,0,743.39,590.0,P,0.0,0.01,0.01,0.01,2,382,3.8375,-0.0001,0.0,0.0,-0.0009,0.01,0.01,0.01,0.005
2026-10-01T17:52:05+00:00,QQQ,2026-10-01,0,743.39,630.0,P,0.0,0.01,0.01,0.01,3,203,2.8091,-0.0003,0.0,0.0002,-0.0029,0.01,0.01,0.01,0.005
2026-10-01T17:52:05+00:00,QQQ,2026-10-01,0,743.39,635.0,P,0.0,0.01,0.01,0.01,2,188,2.6839,-0.0004,0.0,0.0002,-0.0033,0.01,0.01,0.01,0.005
2026-10-01T17:52:05+00:00,QQQ,2026-10-01,0,743.39,650.0,P,0.0,0.01,0.01,0.01,27,328,2.312,-0.0006,0.0001,0.0003,-0.0047,0.01,0.01,0.01,0.005
2026-10-01T17:52:05+00:00,QQQ,2026-10-01,0,743.39,655.0,P,0.0,0.01,0.01,0.01,3,330,2.1892,-0.0007,0.0001,0.0003,-0.0053,0.01,0.01,0.01,0.005
2026-10-01T17:52:05+00:00,QQQ,2026-10-01,0,743.39,670.0,P,0.0,0.01,0.01,0.01,67,476,1.8237,-0.0011,0.0001,0.0005,-0.0073,0.01,0.01,0.01,0.005
2026-10-01T17:52:05+00:00,QQQ,2026-10-01,0,743.39,671.0,P,0.0,0.01,0.01,0.01,2,296,1.7995,-0.0011,0.0001,0.0005,-0.0074,0.01,0.01,0.01,0.005
2026-10-01T17:52:05+00:00,QQQ,2026-10-01,0,743.39,675.0,P,0.0,0.01,0.01,0.01,12,225,1.7027,-0.0013,0.0002,0.0006,-0.008,0.01,0.01,0.01,0.005
2026-10-01T17:52:05+00:00,QQQ,2026-10-01,0,743.39,678.0,P,0.0,0.01,0.01,0.01,1,205,1.6303,-0.0014,0.0002,0.0006,-0.0085,0.01,0.01,0.01,0.005
2026-10-01T17:52:05+00:00,QQQ,2026-10-01,0,743.39,680.0,P,0.0,0.01,0.01,0.01,1,686,1.5821,-0.0015,0.0002,0.0006,-0.0089,0.01,0.01,0.01,0.005
2026-10-01T17:52:05+00:00,QQQ,2026-10-01,0,743.39,682.0,P,0.0,0.01,0.01,0.01,2,245,1.5339,-0.0016,0.0002,0.0007,-0.0092,0.01,0.01,0.01,0.005
2026-10-01T17:52:05+00:00,QQQ,2026-10-01,0,743.39,685.0,P,0.0,0.01,0.01,0.01,1,844,1.4617,-0.0017,0.0003,0.0007,-0.0098,0.01,0.01,0.01,0.005
2026-10-01T17:52:05+00:00,QQQ,2026-10-01,0,743.39,690.0,P,0.0,0.01,0.01,0.01,32,666,1.3415,-0.002,0.0003,0.0008,-0.0107,0.01,0.01,0.01,0.005
2026-10-01T17:52:05+00:00,QQQ,2026-10-01,0,743.39,691.0,P,0.0,0.01,0.01,0.01,1,559,1.3175,-0.002,0.0003,0.0009,-0.0109,0.01,0.01,0.01,0.005
2026-10-01T17:52:05+00:00,QQQ,2026-10-01,0,743.39,693.0,P,0.0,0.01,0.01,0.01,2,770,1.269,-0.0022,0.0004,0.0009,-0.0114,0.01,0.01,0.01,0.015
2026-10-01T17:52:05+00:00,QQQ,2026-10-01,0,743.39,695.0,P,0.0,0.01,0.01,0.01,24,1661,1.221,-0.0023,0.0004,0.001,-0.0118,0.01,0.01,0.01,0.015
2026-10-01T17:52:05+00:00,QQQ,2026-10-01,0,743.39,696.0,P,0.0,0.01,0.01,0.01,9,872,1.197,-0.0024,0.0004,0.001,-0.012,0.01,0.01,0.01,0.015
2026-10-01T17:52:05+00:00,QQQ,2026-10-01,0,743.39,698.0,P,0.0,0.01,0.01,0.01,53,533,1.149,-0.0026,0.0005,0.0011,-0.0124,0.01,0.02,0.01,0.015
2026-10-01T17:52:05+00:00,QQQ,2026-10-01,0,743.39,699.0,P,0.0,0.01,0.01,0.01,42,417,1.125,-0.0027,0.0005,0.0011,-0.0126,0.01,0.01,0.01,0.015
2026-10-01T17:52:05+00:00,QQQ,2026-10-01,0,743.39,700.0,P,0.0,0.01,0.01,0.01,130,4457,1.101,-0.0028,0.0005,0.0012,-0.0128,0.01,0.01,0.01,0.015
2026-10-01T17:52:05+00:00,QQQ,2026-10-01,0,743.39,701.0,P,0.0,0.01,0.01,0.01,168,3717,1.077,-0.0028,0.0006,0.0012,-0.0131,0.01,0.02,0.01,0.015
2026-10-01T17:52:05+00:00,QQQ,2026-10-01,0,743.39,702.0,P,0.0,0.01,0.01,0.01,489,666,1.053,-0.003,0.0006,0.0012,-0.0133,0.01,0.02,0.01,0.015
2026-10-01T17:52:05+00:00,QQQ,2026-10-01,0,743.39,703.0,P,0.0,0.01,0.01,0.01,684,383,1.029,-0.0031,0.0006,0.0013,-0.0135,0.01,0.02,0.01,0.015
2026-10-01T17:52:05+00:00,QQQ,2026-10-01,0,743.39,704.0,P,0.0,0.01,0.01,0.01,786,665,1.0049,-0.0032,0.0006,0.0013,-0.0137,0.01,0.04,0.01,0.015
2026-10-01T17:52:05+00:00,QQQ,2026-10-01,0,743.39,705.0,P,0.0,0.01,0.01,0.01,2850,1171,0.9809,-0.0033,0.0007,0.0014,-0.014,0.01,0.02,0.01,0.015
2026-10-01T17:52:05+00:00,QQQ,2026-10-01,0,743.39,706.0,P,0.0,0.01,0.01,0.01,2557,418,0.9569,-0.0034,0.0007,0.0014,-0.0142,0.01,0.02,0.01,0.015
2026-10-01T17:52:05+00:00,QQQ,2026-10-01,0,743.39,707.0,P,0.0,0.01,0.01,0.01,1225,2841,0.9328,-0.0035,0.0008,0.0014,-0.0144,0.01,0.02,0.01,0.015
2026-10-01T17:52:05+00:00,QQQ,2026-10-01,0,743.39,708.0,P,0.0,0.01,0.02,0.02,1960,1111,0.9088,-0.0036,0.0008,0.0015,-0.0147,0.01,0.02,0.01,0.015
2026-10-01T17:52:05+00:00,QQQ,2026-10-01,0,743.39,709.0,P,0.0,0.01,0.01,0.01,2095,1548,0.8847,-0.0038,0.0008,0.0015,-0.0149,0.01,0.02,0.01,0.015
2026-10-01T17:52:05+00:00,QQQ,2026-10-01,0,743.39,710.0,P,0.0,0.01,0.01,0.01,2264,934,0.8606,-0.0039,0.0009,0.0016,-0.0152,0.01,0.03,0.01,0.015
2026-10-01T17:52:05+00:00,QQQ,2026-10-01,0,743.39,711.0,P,0.0,0.01,0.01,0.01,2103,767,0.8365,-0.0041,0.001,0.0017,-0.0154,0.01,0.02,0.01,0.025
2026-10-01T17:52:05+00:00,QQQ,2026-10-01,0,743.39,712.0,P,0.0,0.01,0.01,0.01,1340,933,0.8124,-0.0042,0.001,0.0017,-0.0157,0.03,0.03,0.01,0.025
2026-10-01T17:52:05+00:00,QQQ,2026-10-01,0,743.39,713.0,P,0.0,0.01,0.01,0.01,1554,1474,0.7882,-0.0044,0.0011,0.0018,-0.0159,0.01,0.03,0.01,0.025
2026-10-01T17:52:05+00:00,QQQ,2026-10-01,0,743.39,714.0,P,0.0,0.01,0.01,0.01,2079,902,0.764,-0.0046,0.0012,0.0018,-0.0162,0.01,0.03,0.01,0.025
2026-10-01T17:52:05+00:00,QQQ,2026-10-01,0,743.39,715.0,P,0.0,0.01,0.01,0.01,1443,2185,0.7398,-0.0048,0.0012,0.0019,-0.0164,0.01,0.03,0.01,0.025
2026-10-01T17:52:05+00:00,QQQ,2026-10-01,0,743.39,716.0,P,0.0,0.01,0.01,0.01,2095,1396,0.7156,-0.005,0.0013,0.002,-0.0167,0.02,0.03,0.01,0.025
2026-10-01T17:52:05+00:00,QQQ,2026-10-01,0,743.39,717.0,P,0.0,0.01,0.01,0.01,1248,658,0.6913,-0.0052,0.0014,0.0021,-0.017,0.02,0.03,0.01,0.025
2026-10-01T17:52:05+00:00,QQQ,2026-10-01,0,743.39,718.0,P,0.0,0.01,0.01,0.01,3881,1766,0.667,-0.0055,0.0015,0.0022,-0.0172,0.02,0.04,0.01,0.035
2026-10-01T17:52:05+00:00,QQQ,2026-10-01,0,743.39,719.0,P,0.0,0.01,0.01,0.01,3876,1173,0.6428,-0.0057,0.0016,0.0023,-0.0175,0.04,0.04,0.01,0.045
2026-10-01T17:52:05+00:00,QQQ,2026-10-01,0,743.39,720.0,P,0.0,0.01,0.01,0.01,6614,4655,0.6184,-0.006,0.0018,0.0024,-0.0178,0.04,0.05,0.01,0.045
2026-10-01T17:52:05+00:00,QQQ,2026-10-01,0,743.39,721.0,P,0.0,0.01,0.01,0.01,3489,1072,0.5939,-0.0063,0.0019,0.0025,-0.0181,0.03,0.06,0.01,0.045
2026-10-01T17:52:05+00:00,QQQ,2026-10-01,0,743.39,722.0,P,0.0,0.01,0.01,0.01,5276,1334,0.5694,-0.0066,0.0021,0.0026,-0.0184,0.02,0.07,0.01,0.055
2026-10-01T17:52:05+00:00,QQQ,2026-10-01,0,743.39,723.0,P,0.0,0.01,0.01,0.01,5946,1704,0.5449,-0.007,0.0023,0.0027,-0.0187,0.01,0.08,0.01,0.065
2026-10-01T17:52:05+00:00,QQQ,2026-10-01,0,743.39,724.0,P,0.0,0.01,0.01,0.01,8162,1751,0.5203,-0.0074,0.0025,0.0028,-0.019,0.03,0.1,0.01,0.075
2026-10-01T17:52:05+00:00,QQQ,2026-10-01,0,743.39,725.0,P,0.01,0.02,0.015,0.01,9935,4320,0.5556,-0.0078,0.0028,0.003,-0.0194,0.06,0.13,0.01,0.095
2026-10-01T17:52:05+00:00,QQQ,2026-10-01,0,743.39,726.0,P,0.01,0.02,0.015,0.01,7033,3082,0.5284,-0.0083,0.0031,0.0032,-0.0198,0.07,0.17,0.01,0.115
2026-10-01T17:52:05+00:00,QQQ,2026-10-01,0,743.39,727.0,P,0.01,0.02,0.015,0.01,9700,2352,0.5011,-0.0089,0.0034,0.0034,-0.0203,0.08,0.22,0.01,0.14
2026-10-01T17:52:05+00:00,QQQ,2026-10-01,0,743.39,728.0,P,0.01,0.02,0.015,0.01,18992,2593,0.4737,-0.0096,0.0038,0.0036,-0.021,0.1,0.28,0.01,0.175
2026-10-01T17:52:05+00:00,QQQ,2026-10-01,0,743.39,729.0,P,0.01,0.02,0.015,0.01,27899,2135,0.4462,-0.0104,0.0044,0.0039,-0.0219,0.12,0.36,0.01,0.225
2026-10-01T17:52:05+00:00,QQQ,2026-10-01,0,743.39,730.0,P,0.01,0.02,0.015,0.01,74089,10799,0.4186,-0.0115,0.005,0.0042,-0.0231,0.15,0.47,0.01,0.285
2026-10-01T17:52:05+00:00,QQQ,2026-10-01,0,743.39,731.0,P,0.02,0.03,0.025,0.02,44436,4312,0.4171,-0.0129,0.0059,0.0047,-0.025,0.16,0.6,0.02,0.365
2026-10-01T17:52:05+00:00,QQQ,2026-10-01,0,743.39,732.0,P,0.02,0.03,0.025,0.03,68473,3273,0.3877,-0.015,0.0071,0.0054,-0.0278,0.24,0.76,0.02,0.455
2026-10-01T17:52:05+00:00,QQQ,2026-10-01,0,743.39,733.0,P,0.03,0.04,0.035,0.04,80047,6219,0.3757,-0.018,0.0088,0.0063,-0.0322,0.29,0.95,0.02,0.565
2026-10-01T17:52:05+00:00,QQQ,2026-10-01,0,743.39,734.0,P,0.04,0.05,0.045,0.04,96052,2859,0.3584,-0.0225,0.0113,0.0076,-0.0392,0.4,1.2,0.04,0.695
2026-10-01T17:52:05+00:00,QQQ,2026-10-01,0,743.39,735.0,P,0.05,0.06,0.055,0.06,172731,3267,0.3372,-0.0293,0.0149,0.0095,-0.0503,0.53,1.5,0.05,0.855
2026-10-01T17:52:05+00:00,QQQ,2026-10-01,0,743.39,736.0,P,0.06,0.07,0.065,0.07,180342,3660,0.3129,-0.0398,0.0201,0.0121,-0.0679,0.58,1.85,0.06,1.035
2026-10-01T17:52:05+00:00,QQQ,2026-10-01,0,743.39,737.0,P,0.09,0.1,0.095,0.1,262161,2015,0.2999,-0.0555,0.0277,0.0158,-0.0953,0.76,2.33,0.08,1.245
2026-10-01T17:52:05+00:00,QQQ,2026-10-01,0,743.39,738.0,P,0.13,0.14,0.135,0.14,296440,2212,0.2844,-0.079,0.0382,0.0206,-0.1377,0.96,2.92,0.11,1.485
2026-10-01T17:52:05+00:00,QQQ,2026-10-01,0,743.39,739.0,P,0.2,0.21,0.205,0.21,211480,2764,0.273,-0.114,0.0524,0.0268,-0.2043,1.16,3.6,0.16,1.755
2026-10-01T17:52:05+00:00,QQQ,2026-10-01,0,743.39,740.0,P,0.32,0.33,0.325,0.33,197659,19328,0.2628,-0.1656,0.0705,0.0342,-0.3113,1.53,4.34,0.26,2.075
2026-10-01T17:52:05+00:00,QQQ,2026-10-01,0,743.39,741.0,P,0.49,0.5,0.495,0.49,96222,2224,0.2541,-0.2392,0.0906,0.0423,-0.4832,1.83,5.11,0.4,2.425
2026-10-01T17:52:05+00:00,QQQ,2026-10-01,0,743.39,742.0,P,0.77,0.78,0.775,0.75,84152,3264,0.2501,-0.3355,0.1087,0.0494,-0.7472,2.33,6.08,0.6,2.825
2026-10-01T17:52:05+00:00,QQQ,2026-10-01,0,743.39,743.0,P,1.14,1.16,1.15,1.14,48313,3330,0.2464,-0.4492,0.1196,0.0535,-1.1236,2.81,6.84,0.92,3.265
2026-10-01T17:52:05+00:00,QQQ,2026-10-01,0,743.39,744.0,P,1.65,1.67,1.66,1.64,24737,2131,0.2453,-0.5699,0.1198,0.0531,-1.0377,3.37,7.6,1.33,3.755
2026-10-01T17:52:05+00:00,QQQ,2026-10-01,0,743.39,745.0,P,2.29,2.31,2.3,2.33,13287,2400,0.2456,-0.6855,0.1088,0.0482,-0.6612,3.95,8.6,1.87,4.29
2026-10-01T17:52:05+00:00,QQQ,2026-10-01,0,743.39,746.0,P,3.02,3.09,3.055,3.0,2731,1023,0.2457,-0.7843,0.0895,0.04,-0.4019,4.45,9.41,2.56,4.87
2026-10-01T17:52:05+00:00,QQQ,2026-10-01,0,743.39,747.0,P,3.86,3.96,3.91,3.77,1079,405,0.2464,-0.859,0.0674,0.0309,-0.2383,5.17,10.63,3.44,5.51
2026-10-01T17:52:05+00:00,QQQ,2026-10-01,0,743.39,748.0,P,4.74,4.87,4.805,4.67,873,303,0.2469,-0.9102,0.0477,0.0227,-0.1411,5.95,11.64,4.25,6.165
2026-10-01T17:52:05+00:00,QQQ,2026-10-01,0,743.39,749.0,P,5.69,5.82,5.755,5.74,478,481,0.2467,-0.9432,0.0325,0.0162,-0.0846,6.65,11.98,5.19,6.885
2026-10-01T17:52:05+00:00,QQQ,2026-10-01,0,743.39,750.0,P,6.66,6.81,6.735,6.36,591,1309,0.2683,-0.9636,0.0219,0.0114,-0.0524,7.31,13.23,6.01,7.655
2026-10-01T17:52:05+00:00,QQQ,2026-10-01,0,743.39,751.0,P,7.64,7.78,7.71,7.52,203,54,0.2613,-0.9756,0.015,0.0082,-0.0347,9.08,14.25,7.34,8.455
2026-10-01T17:52:05+00:00,QQQ,2026-10-01,0,743.39,752.0,P,8.63,8.75,8.69,8.1,128,59,0.2658,-0.9824,0.0107,0.0063,-0.0254,10.8,15.06,8.1,9.235
2026-10-01T17:52:05+00:00,QQQ,2026-10-01,0,743.39,753.0,P,9.63,9.77,9.7,9.05,91,17,0.2926,-0.9861,0.0082,0.0051,-0.0206,9.44,15.8,9.05,10.06
2026-10-01T17:52:05+00:00,QQQ,2026-10-01,0,743.39,754.0,P,10.62,10.74,10.68,10.69,104,25,0.3192,-0.9883,0.0066,0.0044,-0.0182,11.32,17.44,10.69,11.025
2026-10-01T17:52:05+00:00,QQQ,2026-10-01,0,743.39,755.0,P,11.62,11.75,11.685,12.74,93,66,0.2439,-0.9897,0.0055,0.0039,-0.0169,13.43,17.64,12.74,11.88
2026-10-01T17:52:05+00:00,QQQ,2026-10-01,0,743.39,756.0,P,12.62,12.76,12.69,13.45,47,4,0.2634,-0.9906,0.0047,0.0036,-0.0162,14.27,18.96,13.27,13.03
2026-10-01T17:52:05+00:00,QQQ,2026-10-01,0,743.39,757.0,P,13.62,13.76,13.69,14.35,47,4,0.3973,-0.9914,0.0042,0.0033,-0.0158,14.08,19.96,14.08,13.805
2026-10-01T17:52:05+00:00,QQQ,2026-10-01,0,743.39,758.0,P,14.61,14.75,14.68,15.27,15,0,0.302,-0.992,0.0037,0.0031,-0.0155,19.49,20.78,15.27,14.855
2026-10-01T17:52:05+00:00,QQQ,2026-10-01,0,743.39,759.0,P,15.61,15.74,15.675,16.5,52,0,0.0,-0.9925,0.0033,0.0029,-0.0152,16.63,22.17,16.5,15.77
2026-10-01T17:52:05+00:00,QQQ,2026-10-01,0,743.39,760.0,P,16.61,16.76,16.685,16.39,99,2,0.0,-0.9929,0.003,0.0028,-0.015,18.68,22.84,16.39,16.835
2026-10-01T17:52:05+00:00,QQQ,2026-10-01,0,743.39,761.0,P,17.61,17.74,17.675,22.04,178,10,0.0,-0.9933,0.0027,0.0026,-0.0148,18.31,23.97,18.12,17.765
2026-10-01T17:52:05+00:00,QQQ,2026-10-01,0,743.39,762.0,P,18.61,18.75,18.68,19.57,47,4,0.4891,-0.9937,0.0024,0.0025,-0.0145,20.59,25.47,19.57,18.75
2026-10-01T17:52:05+00:00,QQQ,2026-10-01,0,743.39,763.0,P,19.61,19.75,19.68,25.52,87,2,0.0,-0.994,0.0022,0.0024,-0.0143,20.31,25.52,20.13,19.76
2026-10-01T17:52:05+00:00,QQQ,2026-10-01,0,743.39,764.0,P,20.6,20.75,20.675,24.74,29,0,0.5358,-0.9943,0.002,0.0023,-0.0141,23.77,26.2,23.77,20.825
2026-10-01T17:52:05+00:00,QQQ,2026-10-01,0,743.39,765.0,P,21.6,21.75,21.675,25.91,31,3,0.0,-0.9946,0.0019,0.0022,-0.0139,22.64,28.21,22.59,21.73
2026-10-01T17:52:05+00:00,QQQ,2026-10-01,0,743.39,766.0,P,22.6,22.75,22.675,23.99,9,0,0.0,-0.9948,0.0017,0.0021,-0.0137,27.75,29.44,23.99,22.755
2026-10-01T17:52:05+00:00,QQQ,2026-10-01,0,743.39,767.0,P,23.58,23.77,23.675,28.01,20,0,0.646,-0.995,0.0016,0.002,-0.0135,26.76,31.67,26.76,23.73
2026-10-01T17:52:05+00:00,QQQ,2026-10-01,0,743.39,768.0,P,24.58,24.77,24.675,30.04,12,0,0.6701,-0.9953,0.0015,0.0019,-0.0133,29.36,31.91,29.25,24.83
2026-10-01T17:52:05+00:00,QQQ,2026-10-01,0,743.39,769.0,P,24.16,27.29,25.725,32.63,6,0,0.9728,-0.9955,0.0014,0.0018,-0.0131,29.61,32.63,29.23,25.755
2026-10-01T17:52:05+00:00,QQQ,2026-10-01,0,743.39,770.0,P,24.82,28.41,26.615,30.43,16,30,0.8091,-0.9956,0.0013,0.0018,-0.0129,31.67,32.46,30.43,26.62
2026-10-01T17:52:05+00:00,QQQ,2026-10-01,0,743.39,771.0,P,25.82,29.42,27.62,32.43,6,0,0.851,-0.9958,0.0012,0.0017,-0.0127,32.38,33.39,32.18,27.615
2026-10-01T17:52:05+00:00,QQQ,2026-10-01,0,743.39,772.0,P,26.86,30.42,28.64,33.26,6,0,0.9293,-0.996,0.0011,0.0016,-0.0126,33.19,34.08,33.08,28.62
2026-10-01T17:52:05+00:00,QQQ,2026-10-01,0,743.39,773.0,P,27.82,31.42,29.62,30.25,0,0,0.9037,-0.9961,0.0011,0.0016,-0.0124,0.0,0.0,0.0,29.6
2026-10-01T17:52:05+00:00,QQQ,2026-10-01,0,743.39,774.0,P,28.82,32.42,30.62,0.0,0,0,0.9299,-0.9963,0.001,0.0015,-0.0122,0.0,0.0,0.0,30.615
2026-10-01T17:52:05+00:00,QQQ,2026-10-01,0,743.39,775.0,P,29.82,33.4,31.61,0.0,0,0,0.9194,-0.9964,0.0009,0.0015,-0.012,0.0,0.0,0.0,31.665
2026-10-01T17:52:05+00:00,QQQ,2026-10-01,0,743.39,780.0,P,34.82,38.4,36.61,39.76,14,0,1.0442,-0.997,0.0007,0.0012,-0.0111,41.81,43.04,39.76,36.43
2026-10-01T17:52:05+00:00,QQQ,2026-10-01,0,743.39,785.0,P,39.82,43.42,41.62,47.27,2,0,1.2108,-0.9975,0.0006,0.0011,-0.0103,47.34,47.34,47.27,41.805
2026-10-01T18:07:05+00:00,QQQ,2026-10-01,0,743.59,505.0,C,237.1,240.64,238.87,234.55,8,9,0.0,1.0,0.0,0.0,0.0,234.55,234.55,234.55,238.255
2026-10-01T18:07:05+00:00,QQQ,2026-10-01,0,743.59,600.0,C,142.1,145.49,143.795,143.49,10,10,5.3952,0.9999,0.0,0.0,-0.0011,143.49,143.49,143.49,143.365
2026-10-01T18:07:05+00:00,QQQ,2026-10-01,0,743.59,640.0,C,102.1,105.64,103.87,99.13,30,30,4.0981,0.9996,0.0,0.0002,-0.0034,99.13,99.13,99.13,103.29
2026-10-01T18:07:05+00:00,QQQ,2026-10-01,0,743.59,645.0,C,97.1,100.64,98.87,94.26,30,30,3.9134,0.9995,0.0,0.0002,-0.0038,94.21,94.26,94.21,98.38
2026-10-01T18:07:05+00:00,QQQ,2026-10-01,0,743.59,665.0,C,76.71,80.51,78.61,74.24,1,0,2.4887,0.9991,0.0001,0.0004,-0.006,74.24,74.24,74.24,78.295
2026-10-01T18:07:05+00:00,QQQ,2026-10-01,0,743.59,666.0,C,75.79,79.64,77.715,73.29,1,0,2.8389,0.9991,0.0001,0.0004,-0.0061,73.29,73.29,73.29,77.27
2026-10-01T18:07:05+00:00,QQQ,2026-10-01,0,743.59,667.0,C,74.66,78.55,76.605,71.55,1,0,2.3981,0.9991,0.0001,0.0004,-0.0063,71.55,71.55,71.55,76.27
2026-10-01T18:07:05+00:00,QQQ,2026-10-01,0,743.59,668.0,C,73.75,77.51,75.63,70.6,1,0,2.4985,0.999,0.0001,0.0004,-0.0064,70.6,70.6,70.6,75.39
2026-10-01T18:07:05+00:00,QQQ,2026-10-01,0,743.59,669.0,C,72.66,76.51,74.585,69.55,1,0,2.1816,0.999,0.0001,0.0004,-0.0065,69.55,69.55,69.55,74.265
2026-10-01T18:07:05+00:00,QQQ,2026-10-01,0,743.59,670.0,C,71.77,75.51,73.64,68.6,1,0,2.4773,0.999,0.0001,0.0004,-0.0067,68.6,68.6,68.6,73.415
2026-10-01T18:07:05+00:00,QQQ,2026-10-01,0,743.59,672.0,C,69.78,73.64,71.71,67.88,1,0,2.6241,0.9989,0.0001,0.0005,-0.007,67.88,67.88,67.88,71.275
2026-10-01T18:07:05+00:00,QQQ,2026-10-01,0,743.59,673.0,C,68.66,72.55,70.605,66.93,1,0,2.2197,0.9989,0.0001,0.0005,-0.0071,66.93,66.93,66.93,70.27
2026-10-01T18:07:05+00:00,QQQ,2026-10-01,0,743.59,674.0,C,67.66,71.62,69.64,63.76,1,3,2.3513,0.9989,0.0002,0.0005,-0.0072,63.76,63.76,63.76,69.36
2026-10-01T18:07:05+00:00,QQQ,2026-10-01,0,743.59,675.0,C,66.75,70.64,68.695,62.81,1,1,2.4864,0.9988,0.0002,0.0005,-0.0074,62.81,62.81,62.81,68.265
2026-10-01T18:07:05+00:00,QQQ,2026-10-01,0,743.59,684.0,C,58.4,61.48,59.94,54.32,6,9,2.5704,0.9985,0.0002,0.0006,-0.0088,54.32,54.32,54.32,59.265
2026-10-01T18:07:05+00:00,QQQ,2026-10-01,0,743.59,690.0,C,52.04,55.49,53.765,48.82,33,32,2.1157,0.9981,0.0003,0.0008,-0.0099,48.33,49.51,48.33,53.275
2026-10-01T18:07:05+00:00,QQQ,2026-10-01,0,743.59,691.0,C,50.75,54.49,52.62,47.88,1,8,1.7488,0.9981,0.0003,0.0008,-0.0101,47.88,47.88,47.88,52.275
2026-10-01T18:07:05+00:00,QQQ,2026-10-01,0,743.59,693.0,C,48.75,52.49,50.62,46.02,1,0,1.6876,0.998,0.0004,0.0008,-0.0105,46.02,46.02,46.02,50.28
2026-10-01T18:07:05+00:00,QQQ,2026-10-01,0,743.59,694.0,C,47.72,50.83,49.275,45.08,1,0,0.0,0.9979,0.0004,0.0009,-0.0106,45.08,45.08,45.08,49.275
2026-10-01T18:07:05+00:00,QQQ,2026-10-01,0,743.59,695.0,C,46.66,50.49,48.575,42.83,1,11,1.3606,0.9978,0.0004,0.0009,-0.0108,42.83,42.83,42.83,48.275
2026-10-01T18:07:05+00:00,QQQ,2026-10-01,0,743.59,697.0,C,44.79,48.49,46.64,41.62,1,1,1.627,0.9977,0.0004,0.0009,-0.0112,41.62,41.62,41.62,46.28
2026-10-01T18:07:05+00:00,QQQ,2026-10-01,0,743.59,698.0,C,43.73,47.49,45.61,40.18,3,0,1.4981,0.9976,0.0004,0.001,-0.0114,40.68,40.68,40.18,45.28
2026-10-01T18:07:05+00:00,QQQ,2026-10-01,0,743.59,699.0,C,42.66,46.64,44.65,39.44,6,1,1.5897,0.9975,0.0005,0.001,-0.0116,43.15,43.15,39.13,44.28
2026-10-01T18:07:05+00:00,QQQ,2026-10-01,0,743.59,700.0,C,41.81,45.64,43.725,43.5,204,3,1.7042,0.9974,0.0005,0.001,-0.0119,42.0,43.5,38.4,43.285
2026-10-01T18:07:05+00:00,QQQ,2026-10-01,0,743.59,701.0,C,40.68,44.64,42.66,38.92,12,0,1.5487,0.9973,0.0005,0.0011,-0.0121,38.24,39.31,37.52,42.28
2026-10-01T18:07:05+00:00,QQQ,2026-10-01,0,743.59,702.0,C,39.97,43.64,41.805,37.55,14,6,1.745,0.9972,0.0006,0.0011,-0.0123,36.54,37.55,36.54,41.28
2026-10-01T18:07:05+00:00,QQQ,2026-10-01,0,743.59,703.0,C,38.97,42.64,40.805,35.16,23,11,1.7088,0.9972,0.0006,0.0011,-0.0125,38.56,39.49,34.12,40.28
2026-10-01T18:07:05+00:00,QQQ,2026-10-01,0,743.59,704.0,C,37.8,41.64,39.72,34.8,18,28,1.5587,0.997,0.0006,0.0012,-0.0127,37.84,38.67,34.8,39.28
2026-10-01T18:07:05+00:00,QQQ,2026-10-01,0,743.59,705.0,C,36.96,40.56,38.76,33.56,21,6,1.5807,0.9969,0.0006,0.0012,-0.0129,36.54,38.99,33.53,38.28
2026-10-01T18:07:05+00:00,QQQ,2026-10-01,0,743.59,706.0,C,35.86,39.64,37.75,31.82,16,4,1.5321,0.9968,0.0007,0.0012,-0.0132,35.69,35.69,31.16,37.55
2026-10-01T18:07:05+00:00,QQQ,2026-10-01,0,743.59,707.0,C,34.75,38.58,36.665,31.57,24,0,1.3629,0.9967,0.0007,0.0013,-0.0134,36.5,37.42,30.82,35.985
2026-10-01T18:07:05+00:00,QQQ,2026-10-01,0,743.59,708.0,C,33.66,37.64,35.65,30.87,41,2,1.2998,0.9966,0.0008,0.0013,-0.0136,34.16,34.38,30.47,35.05
2026-10-01T18:07:05+00:00,QQQ,2026-10-01,0,743.59,709.0,C,32.73,36.64,34.685,28.09,47,3,1.3322,0.9964,0.0008,0.0014,-0.0138,33.16,33.16,27.79,34.045
2026-10-01T18:07:05+00:00,QQQ,2026-10-01,0,743.59,710.0,C,32.47,35.47,33.97,26.68,46,34,1.6031,0.9963,0.0009,0.0014,-0.0141,32.16,32.23,26.68,33.045
2026-10-01T18:07:05+00:00,QQQ,2026-10-01,0,743.59,711.0,C,31.66,34.47,33.065,27.9,73,3,1.6332,0.9962,0.0009,0.0015,-0.0143,31.16,31.16,26.0,32.055
2026-10-01T18:07:05+00:00,QQQ,2026-10-01,0,743.59,712.0,C,30.48,33.47,31.975,24.68,47,1,1.528,0.996,0.001,0.0016,-0.0145,30.16,30.16,24.68,30.985
2026-10-01T18:07:05+00:00,QQQ,2026-10-01,0,743.59,713.0,C,29.81,32.47,31.14,26.89,92,16,1.5999,0.9958,0.001,0.0016,-0.0148,29.16,29.16,24.05,30.0
2026-10-01T18:07:05+00:00,QQQ,2026-10-01,0,743.59,714.0,C,28.39,31.2,29.795,25.93,85,13,1.2961,0.9957,0.0011,0.0017,-0.015,28.27,28.27,23.09,28.99
2026-10-01T18:07:05+00:00,QQQ,2026-10-01,0,743.59,715.0,C,27.83,29.84,28.835,28.84,137,214,1.2968,0.9955,0.0012,0.0017,-0.0153,28.08,29.01,22.93,28.14
2026-10-01T18:07:05+00:00,QQQ,2026-10-01,0,743.59,716.0,C,26.49,29.47,27.98,27.89,61,27,1.3719,0.9953,0.0013,0.0018,-0.0155,23.14,28.06,20.82,27.025
2026-10-01T18:07:05+00:00,QQQ,2026-10-01,0,743.59,717.0,C,25.44,28.11,26.775,23.86,42,110,1.1655,0.9951,0.0014,0.0019,-0.0158,24.77,26.24,20.68,26.145
2026-10-01T18:07:05+00:00,QQQ,2026-10-01,0,743.59,718.0,C,24.44,26.95,25.695,24.51,84,58,1.0393,0.9949,0.0015,0.002,-0.016,25.16,25.63,19.8,25.265
2026-10-01T18:07:05+00:00,QQQ,2026-10-01,0,743.59,719.0,C,24.32,25.64,24.98,25.23,38,65,1.2505,0.9946,0.0016,0.002,-0.0163,23.95,25.45,18.89,24.235
2026-10-01T18:07:05+00:00,QQQ,2026-10-01,0,743.59,720.0,C,23.51,23.62,23.565,24.5,114,345,0.4303,0.9944,0.0017,0.0021,-0.0165,23.16,24.5,16.99,23.29
2026-10-01T18:07:05+00:00,QQQ,2026-10-01,0,743.59,721.0,C,22.47,22.62,22.545,23.15,78,79,0.0,0.9941,0.0018,0.0022,-0.0168,20.73,23.15,16.4,22.07
2026-10-01T18:07:05+00:00,QQQ,2026-10-01,0,743.59,722.0,C,21.49,21.62,21.555,21.56,44,287,0.0,0.9938,0.002,0.0023,-0.0171,20.61,21.69,14.55,21.31
2026-10-01T18:07:05+00:00,QQQ,2026-10-01,0,743.59,723.0,C,20.49,20.62,20.555,20.53,46,79,0.0,0.9935,0.0022,0.0024,-0.0173,20.1,21.04,13.94,20.125
2026-10-01T18:07:05+00:00,QQQ,2026-10-01,0,743.59,724.0,C,19.5,19.62,19.56,19.94,88,36,0.0,0.9931,0.0024,0.0026,-0.0176,18.95,20.15,12.77,19.36
2026-10-01T18:07:05+00:00,QQQ,2026-10-01,0,743.59,725.0,C,18.51,18.64,18.575,18.88,1088,2843,0.5598,0.9927,0.0026,0.0027,-0.0179,16.81,19.1,11.43,18.19
2026-10-01T18:07:05+00:00,QQQ,2026-10-01,0,743.59,726.0,C,17.49,17.64,17.565,18.03,132,57,0.0,0.9923,0.0029,0.0028,-0.0182,15.85,18.03,11.09,17.225
2026-10-01T18:07:05+00:00,QQQ,2026-10-01,0,743.59,727.0,C,16.49,16.64,16.565,16.12,161,147,0.0,0.9918,0.0032,0.003,-0.0185,16.65,16.65,9.52,16.335
2026-10-01T18:07:05+00:00,QQQ,2026-10-01,0,743.59,728.0,C,15.51,15.63,15.57,12.84,168,129,0.4444,0.9913,0.0036,0.0032,-0.0189,14.05,14.05,8.67,15.295
2026-10-01T18:07:05+00:00,QQQ,2026-10-01,0,743.59,729.0,C,14.49,14.64,14.565,11.4,171,397,0.0,0.9906,0.004,0.0034,-0.0194,13.24,14.32,7.77,14.5
2026-10-01T18:07:05+00:00,QQQ,2026-10-01,0,743.59,730.0,C,13.49,13.64,13.565,13.75,4542,1924,0.2523,0.9898,0.0046,0.0037,-0.02,12.18,14.22,6.62,13.595
2026-10-01T18:07:05+00:00,QQQ,2026-10-01,0,743.59,731.0,C,12.49,12.63,12.56,12.71,1355,283,0.0,0.9888,0.0053,0.004,-0.0209,10.69,13.4,5.81,12.56
2026-10-01T18:07:05+00:00,QQQ,2026-10-01,0,743.59,732.0,C,11.5,11.65,11.575,12.23,909,798,0.3392,0.9875,0.0062,0.0044,-0.0223,10.34,12.62,4.99,11.645
2026-10-01T18:07:05+00:00,QQQ,2026-10-01,0,743.59,733.0,C,10.5,10.64,10.57,10.38,2903,402,0.3126,0.9855,0.0075,0.005,-0.0246,9.8,11.45,4.16,10.77
2026-10-01T18:07:05+00:00,QQQ,2026-10-01,0,743.59,734.0,C,9.5,9.65,9.575,9.87,5159,395,0.1804,0.9824,0.0095,0.0059,-0.0287,7.72,10.08,3.38,9.96
2026-10-01T18:07:05+00:00,QQQ,2026-10-01,0,743.59,735.0,C,8.52,8.65,8.585,8.55,13711,1147,0.3063,0.9775,0.0124,0.0073,-0.0356,7.93,9.5,2.64,9.11
2026-10-01T18:07:05+00:00,QQQ,2026-10-01,0,743.59,736.0,C,7.53,7.67,7.6,7.43,25959,984,0.2751,0.9696,0.0169,0.0093,-0.0475,7.51,8.67,1.98,8.29
2026-10-01T18:07:05+00:00,QQQ,2026-10-01,0,743.59,737.0,C,6.55,6.68,6.615,6.54,87587,1415,0.2822,0.9569,0.0238,0.0124,-0.0675,6.15,7.64,1.4,7.5
2026-10-01T18:07:05+00:00,QQQ,2026-10-01,0,743.59,738.0,C,5.58,5.71,5.645,5.63,204048,2161,0.2666,0.9367,0.0339,0.0167,-0.1006,5.44,6.63,0.97,6.74
2026-10-01T18:07:05+00:00,QQQ,2026-10-01,0,743.59,739.0,C,4.63,4.77,4.7,4.7,271047,2202,0.2589,0.9051,0.0483,0.0225,-0.1557,4.52,5.75,0.64,6.01
2026-10-01T18:07:05+00:00,QQQ,2026-10-01,0,743.59,740.0,C,3.76,3.84,3.8,3.85,455965,7499,0.2509,0.8567,0.0673,0.0299,-0.2472,3.75,4.91,0.4,5.33
2026-10-01T18:07:05+00:00,QQQ,2026-10-01,0,743.59,741.0,C,2.93,2.99,2.96,2.98,219310,2589,0.246,0.7859,0.0896,0.0381,-0.3974,3.14,4.22,0.25,4.68
2026-10-01T18:07:05+00:00,QQQ,2026-10-01,0,743.59,742.0,C,2.18,2.19,2.185,2.23,244695,3129,0.2439,0.6901,0.1112,0.0458,-0.6332,2.78,3.52,0.16,4.08
2026-10-01T18:07:05+00:00,QQQ,2026-10-01,0,743.59,743.0,C,1.55,1.56,1.555,1.54,235707,5423,0.2402,0.5729,0.126,0.0507,-0.98,2.13,2.9,0.1,3.515
2026-10-01T18:07:05+00:00,QQQ,2026-10-01,0,743.59,744.0,C,1.02,1.04,1.03,1.02,250013,4469,0.2387,0.4445,0.1286,0.051,-1.0213,1.79,2.33,0.07,3.005
2026-10-01T18:07:05+00:00,QQQ,2026-10-01,0,743.59,745.0,C,0.63,0.64,0.635,0.63,271462,12409,0.2367,0.3202,0.1171,0.0464,-0.6351,1.21,1.83,0.05,2.545
2026-10-01T18:07:05+00:00,QQQ,2026-10-01,0,743.59,746.0,C,0.38,0.39,0.385,0.39,139646,3085,0.2404,0.2154,0.095,0.0383,-0.3772,1.01,1.4,0.04,2.125
2026-10-01T18:07:05+00:00,QQQ,2026-10-01,0,743.59,747.0,C,0.22,0.23,0.225,0.23,84600,5889,0.2452,0.1382,0.0702,0.0292,-0.22,0.7,1.04,0.03,1.755
2026-10-01T18:07:05+00:00,QQQ,2026-10-01,0,743.59,748.0,C,0.13,0.14,0.135,0.14,49907,8284,0.2542,0.0867,0.0487,0.0211,-0.1288,0.43,0.76,0.02,1.435
2026-10-01T18:07:05+00:00,QQQ,2026-10-01,0,743.59,749.0,C,0.07,0.08,0.075,0.07,40497,3667,0.2597,0.0541,0.0326,0.0149,-0.0766,0.32,0.54,0.01,1.155
2026-10-01T18:07:05+00:00,QQQ,2026-10-01,0,743.59,750.0,C,0.04,0.05,0.045,0.04,80484,13635,0.2701,0.0344,0.0217,0.0104,-0.0472,0.19,0.39,0.01,0.925
2026-10-01T18:07:05+00:00,QQQ,2026-10-01,0,743.59,751.0,C,0.03,0.04,0.035,0.04,15858,2331,0.2919,0.023,0.0147,0.0075,-0.0313,0.15,0.26,0.01,0.725
2026-10-01T18:07:05+00:00,QQQ,2026-10-01,0,743.59,752.0,C,0.02,0.03,0.025,0.03,16642,4182,0.3084,0.0167,0.0105,0.0057,-0.0232,0.09,0.19,0.01,0.555
2026-10-01T18:07:05+00:00,QQQ,2026-10-01,0,743.59,753.0,C,0.01,0.02,0.015,0.01,19943,6563,0.3167,0.0133,0.0081,0.0047,-0.0192,0.06,0.13,0.01,0.425
2026-10-01T18:07:05+00:00,QQQ,2026-10-01,0,743.59,754.0,C,0.01,0.02,0.015,0.02,14154,1870,0.3456,0.0114,0.0066,0.0041,-0.0173,0.05,0.1,0.01,0.325
2026-10-01T18:07:05+00:00,QQQ,2026-10-01,0,743.59,755.0,C,0.01,0.02,0.015,0.01,11636,3858,0.3741,0.0101,0.0055,0.0037,-0.0164,0.06,0.07,0.01,0.245
2026-10-01T18:07:05+00:00,QQQ,2026-10-01,0,743.59,756.0,C,0.01,0.02,0.015,0.01,4402,3530,0.4024,0.0092,0.0048,0.0034,-0.0158,0.05,0.06,0.01,0.185
2026-10-01T18:07:05+00:00,QQQ,2026-10-01,0,743.59,757.0,C,0.01,0.02,0.015,0.01,3783,7290,0.4304,0.0086,0.0042,0.0032,-0.0155,0.04,0.05,0.01,0.135
2026-10-01T18:07:05+00:00,QQQ,2026-10-01,0,743.59,758.0,C,0.0,0.01,0.01,0.01,6835,4226,0.4069,0.008,0.0037,0.003,-0.0152,0.03,0.05,0.01,0.105
2026-10-01T18:07:05+00:00,QQQ,2026-10-01,0,743.59,759.0,C,0.0,0.01,0.01,0.01,5306,1948,0.4319,0.0075,0.0033,0.0028,-0.015,0.05,0.05,0.01,0.085
2026-10-01T18:07:05+00:00,QQQ,2026-10-01,0,743.59,760.0,C,0.0,0.01,0.01,0.01,5836,8612,0.4568,0.007,0.003,0.0026,-0.0148,0.03,0.03,0.01,0.065
2026-10-01T18:07:05+00:00,QQQ,2026-10-01,0,743.59,761.0,C,0.0,0.01,0.01,0.01,1206,1236,0.4815,0.0067,0.0027,0.0025,-0.0146,0.02,0.02,0.01,0.055
2026-10-01T18:07:05+00:00,QQQ,2026-10-01,0,743.59,762.0,C,0.0,0.01,0.01,0.01,3033,4409,0.5061,0.0063,0.0024,0.0024,-0.0143,0.01,0.04,0.01,0.045
2026-10-01T18:07:05+00:00,QQQ,2026-10-01,0,743.59,763.0,C,0.0,0.01,0.01,0.01,1060,931,0.5305,0.006,0.0022,0.0023,-0.0141,0.02,0.02,0.01,0.035
2026-10-01T18:07:05+00:00,QQQ,2026-10-01,0,743.59,764.0,C,0.0,0.01,0.01,0.01,802,3041,0.5548,0.0057,0.002,0.0022,-0.0139,0.01,0.02,0.01,0.025
2026-10-01T18:07:05+00:00,QQQ,2026-10-01,0,743.59,765.0,C,0.0,0.01,0.01,0.01,917,2411,0.579,0.0054,0.0019,0.0021,-0.0137,0.01,0.02,0.01,0.025
2026-10-01T18:07:05+00:00,QQQ,2026-10-01,0,743.59,766.0,C,0.0,0.01,0.01,0.01,666,1733,0.6031,0.0052,0.0017,0.002,-0.0135,0.02,0.03,0.01,0.015
2026-10-01T18:07:05+00:00,QQQ,2026-10-01,0,743.59,767.0,C,0.0,0.01,0.01,0.01,473,1873,0.627,0.0049,0.0016,0.0019,-0.0133,0.01,0.02,0.01,0.015
2026-10-01T18:07:05+00:00,QQQ,2026-10-01,0,743.59,768.0,C,0.0,0.01,0.01,0.01,5,445,0.6509,0.0047,0.0015,0.0018,-0.0131,0.01,0.01,0.01,0.015
2026-10-01T18:07:05+00:00,QQQ,2026-10-01,0,743.59,769.0,C,0.0,0.01,0.01,0.01,380,726,0.6746,0.0045,0.0014,0.0017,-0.0129,0.01,0.01,0.01,0.015
2026-10-01T18:07:05+00:00,QQQ,2026-10-01,0,743.59,770.0,C,0.0,0.01,0.01,0.01,152,745,0.6982,0.0043,0.0013,0.0017,-0.0127,0.01,0.02,0.01,0.015
2026-10-01T18:07:05+00:00,QQQ,2026-10-01,0,743.59,771.0,C,0.0,0.01,0.01,0.01,10,256,0.7218,0.0042,0.0012,0.0016,-0.0126,0.01,0.01,0.01,0.005
2026-10-01T18:07:05+00:00,QQQ,2026-10-01,0,743.59,772.0,C,0.0,0.01,0.03,0.03,0,330,0.7452,0.004,0.0011,0.0016,-0.0124,0.0,0.0,0.0,0.005
2026-10-01T18:07:05+00:00,QQQ,2026-10-01,0,743.59,773.0,C,0.0,0.01,0.01,0.01,0,217,0.7685,0.0038,0.0011,0.0015,-0.0122,0.0,0.0,0.0,0.005
2026-10-01T18:07:05+00:00,QQQ,2026-10-01,0,743.59,774.0,C,0.0,0.01,0.01,0.01,0,529,0.7918,0.0037,0.001,0.0014,-0.012,0.0,0.0,0.0,0.005
2026-10-01T18:07:05+00:00,QQQ,2026-10-01,0,743.59,775.0,C,0.0,0.01,0.02,0.02,0,1534,0.8149,0.0036,0.0009,0.0014,-0.0118,0.0,0.0,0.0,0.005
2026-10-01T18:07:05+00:00,QQQ,2026-10-01,0,743.59,780.0,C,0.0,0.01,0.01,0.01,26,505,0.9295,0.003,0.0007,0.0012,-0.011,0.01,0.01,0.01,0.005
2026-10-01T18:07:05+00:00,QQQ,2026-10-01,0,743.59,785.0,C,0.0,0.01,0.01,0.01,3,339,1.0422,0.0025,0.0006,0.001,-0.0102,0.01,0.01,0.01,0.005
2026-10-01T18:07:05+00:00,QQQ,2026-10-01,0,743.59,850.0,C,0.0,0.01,0.01,0.01,6,143,2.3856,0.0005,0.0001,0.0002,-0.0034,0.01,0.01,0.01,0.005
2026-10-01T18:07:05+00:00,QQQ,2026-10-01,0,743.59,500.0,P,0.0,0.01,0.01,0.01,4,129,6.6765,0.0,0.0,0.0,0.0,0.01,0.01,0.01,0.005
2026-10-01T18:07:05+00:00,QQQ,2026-10-01,0,743.59,590.0,P,0.0,0.01,0.01,0.01,2,382,4.0169,-0.0001,0.0,0.0,-0.0008,0.01,0.01,0.01,0.005
2026-10-01T18:07:05+00:00,QQQ,2026-10-01,0,743.59,630.0,P,0.0,0.01,0.01,0.01,3,203,2.9414,-0.0003,0.0,0.0001,-0.0026,0.01,0.01,0.01,0.005
2026-10-01T18:07:05+00:00,QQQ,2026-10-01,0,743.59,635.0,P,0.0,0.01,0.01,0.01,2,188,2.8105,-0.0004,0.0,0.0002,-0.003,0.01,0.01,0.01,0.005
2026-10-01T18:07:05+00:00,QQQ,2026-10-01,0,743.59,650.0,P,0.0,0.01,0.01,0.01,27,328,2.4215,-0.0006,0.0001,0.0002,-0.0043,0.01,0.01,0.01,0.005
2026-10-01T18:07:05+00:00,QQQ,2026-10-01,0,743.59,655.0,P,0.0,0.01,0.01,0.01,3,330,2.2931,-0.0006,0.0001,0.0003,-0.0048,0.01,0.01,0.01,0.005
2026-10-01T18:07:05+00:00,QQQ,2026-10-01,0,743.59,670.0,P,0.0,0.01,0.01,0.01,67,476,1.9109,-0.001,0.0001,0.0004,-0.0067,0.01,0.01,0.01,0.005
2026-10-01T18:07:05+00:00,QQQ,2026-10-01,0,743.59,671.0,P,0.0,0.01,0.01,0.01,2,296,1.8855,-0.001,0.0001,0.0004,-0.0068,0.01,0.01,0.01,0.005
2026-10-01T18:07:05+00:00,QQQ,2026-10-01,0,743.59,675.0,P,0.0,0.01,0.01,0.01,12,225,1.7843,-0.0012,0.0002,0.0005,-0.0074,0.01,0.01,0.01,0.005
2026-10-01T18:07:05+00:00,QQQ,2026-10-01,0,743.59,678.0,P,0.0,0.01,0.01,0.01,1,205,1.7086,-0.0013,0.0002,0.0005,-0.0079,0.01,0.01,0.01,0.005
2026-10-01T18:07:05+00:00,QQQ,2026-10-01,0,743.59,680.0,P,0.0,0.01,0.01,0.01,1,686,1.6582,-0.0014,0.0002,0.0006,-0.0082,0.01,0.01,0.01,0.005
2026-10-01T18:07:05+00:00,QQQ,2026-10-01,0,743.59,682.0,P,0.0,0.01,0.01,0.01,2,245,1.6078,-0.0014,0.0002,0.0006,-0.0085,0.01,0.01,0.01,0.005
2026-10-01T18:07:05+00:00,QQQ,2026-10-01,0,743.59,685.0,P,0.0,0.01,0.01,0.01,1,844,1.5322,-0.0016,0.0002,0.0007,-0.009,0.01,0.01,0.01,0.005
2026-10-01T18:07:05+00:00,QQQ,2026-10-01,0,743.59,690.0,P,0.0,0.01,0.01,0.01,32,666,1.4066,-0.0019,0.0003,0.0008,-0.0099,0.01,0.01,0.01,0.005
2026-10-01T18:07:05+00:00,QQQ,2026-10-01,0,743.59,691.0,P,0.0,0.01,0.01,0.01,1,559,1.3814,-0.0019,0.0003,0.0008,-0.0101,0.01,0.01,0.01,0.005
2026-10-01T18:07:05+00:00,QQQ,2026-10-01,0,743.59,693.0,P,0.0,0.01,0.01,0.01,2,770,1.3312,-0.002,0.0004,0.0008,-0.0105,0.01,0.01,0.01,0.015
2026-10-01T18:07:05+00:00,QQQ,2026-10-01,0,743.59,695.0,P,0.0,0.01,0.01,0.01,24,1661,1.281,-0.0022,0.0004,0.0009,-0.0108,0.01,0.01,0.01,0.015
2026-10-01T18:07:05+00:00,QQQ,2026-10-01,0,743.59,696.0,P,0.0,0.01,0.01,0.01,9,872,1.2559,-0.0022,0.0004,0.0009,-0.011,0.01,0.01,0.01,0.015
2026-10-01T18:07:05+00:00,QQQ,2026-10-01,0,743.59,698.0,P,0.0,0.01,0.01,0.01,53,533,1.2057,-0.0024,0.0004,0.001,-0.0114,0.01,0.02,0.01,0.015
2026-10-01T18:07:05+00:00,QQQ,2026-10-01,0,743.59,699.0,P,0.0,0.01,0.01,0.01,42,417,1.1805,-0.0025,0.0005,0.001,-0.0116,0.01,0.01,0.01,0.015
2026-10-01T18:07:05+00:00,QQQ,2026-10-01,0,743.59,700.0,P,0.0,0.01,0.01,0.01,130,4457,1.1554,-0.0026,0.0005,0.001,-0.0119,0.01,0.01,0.01,0.015
2026-10-01T18:07:05+00:00,QQQ,2026-10-01,0,743.59,701.0,P,0.0,0.01,0.01,0.01,168,3717,1.1303,-0.0027,0.0005,0.0011,-0.0121,0.01,0.02,0.01,0.015
2026-10-01T18:07:05+00:00,QQQ,2026-10-01,0,743.59,702.0,P,0.0,0.01,0.01,0.01,489,666,1.1052,-0.0028,0.0006,0.0011,-0.0123,0.01,0.02,0.01,0.015
2026-10-01T18:07:05+00:00,QQQ,2026-10-01,0,743.59,703.0,P,0.0,0.01,0.01,0.01,684,383,1.0801,-0.0028,0.0006,0.0011,-0.0125,0.01,0.02,0.01,0.015
2026-10-01T18:07:05+00:00,QQQ,2026-10-01,0,743.59,704.0,P,0.0,0.01,0.01,0.01,786,665,1.0549,-0.003,0.0006,0.0012,-0.0127,0.01,0.04,0.01,0.015
2026-10-01T18:07:05+00:00,QQQ,2026-10-01,0,743.59,705.0,P,0.0,0.01,0.01,0.01,2850,1171,1.0298,-0.0031,0.0006,0.0012,-0.0129,0.01,0.02,0.01,0.015
2026-10-01T18:07:05+00:00,QQQ,2026-10-01,0,743.59,706.0,P,0.0,0.01,0.01,0.01,2558,418,1.0046,-0.0032,0.0007,0.0012,-0.0132,0.01,0.02,0.01,0.015
2026-10-01T18:07:05+00:00,QQQ,2026-10-01,0,743.59,707.0,P,0.0,0.01,0.01,0.01,1225,2841,0.9795,-0.0033,0.0007,0.0013,-0.0134,0.01,0.02,0.01,0.015
2026-10-01T18:07:05+00:00,QQQ,2026-10-01,0,743.59,708.0,P,0.0,0.01,0.02,0.02,1960,1111,0.9543,-0.0034,0.0008,0.0013,-0.0136,0.01,0.02,0.01,0.015
2026-10-01T18:07:05+00:00,QQQ,2026-10-01,0,743.59,709.0,P,0.0,0.01,0.01,0.01,2095,1548,0.9291,-0.0036,0.0008,0.0014,-0.0138,0.01,0.02,0.01,0.015
2026-10-01T18:07:05+00:00,QQQ,2026-10-01,0,743.59,710.0,P,0.0,0.01,0.01,0.01,2264,934,0.9039,-0.0037,0.0009,0.0014,-0.0141,0.01,0.03,0.01,0.015
2026-10-01T18:07:05+00:00,QQQ,2026-10-01,0,743.59,711.0,P,0.0,0.01,0.01,0.01,2103,767,0.8787,-0.0038,0.0009,0.0015,-0.0143,0.01,0.02,0.01,0.025
2026-10-01T18:07:05+00:00,QQQ,2026-10-01,0,743.59,712.0,P,0.0,0.01,0.01,0.01,1340,933,0.8534,-0.004,0.001,0.0016,-0.0145,0.03,0.03,0.01,0.025
2026-10-01T18:07:05+00:00,QQQ,2026-10-01,0,743.59,713.0,P,0.0,0.01,0.01,0.01,1554,1474,0.8282,-0.0042,0.001,0.0016,-0.0148,0.01,0.03,0.01,0.025
2026-10-01T18:07:05+00:00,QQQ,2026-10-01,0,743.59,714.0,P,0.0,0.01,0.01,0.01,2083,902,0.8029,-0.0043,0.0011,0.0017,-0.015,0.01,0.03,0.01,0.025
2026-10-01T18:07:05+00:00,QQQ,2026-10-01,0,743.59,715.0,P,0.0,0.01,0.01,0.01,1445,2185,0.7776,-0.0045,0.0012,0.0017,-0.0153,0.01,0.03,0.01,0.025
2026-10-01T18:07:05+00:00,QQQ,2026-10-01,0,743.59,716.0,P,0.0,0.01,0.01,0.01,2095,1396,0.7522,-0.0047,0.0013,0.0018,-0.0155,0.02,0.03,0.01,0.025
2026-10-01T18:07:05+00:00,QQQ,2026-10-01,0,743.59,717.0,P,0.0,0.01,0.01,0.01,1248,658,0.7268,-0.0049,0.0014,0.0019,-0.0158,0.02,0.03,0.01,0.025
2026-10-01T18:07:05+00:00,QQQ,2026-10-01,0,743.59,718.0,P,0.0,0.01,0.01,0.01,3886,1766,0.7014,-0.0051,0.0015,0.002,-0.016,0.02,0.04,0.01,0.035
2026-10-01T18:07:05+00:00,QQQ,2026-10-01,0,743.59,719.0,P,0.0,0.01,0.01,0.01,3876,1173,0.6759,-0.0054,0.0016,0.002,-0.0163,0.04,0.04,0.01,0.045
2026-10-01T18:07:05+00:00,QQQ,2026-10-01,0,743.59,720.0,P,0.0,0.01,0.01,0.01,6665,4655,0.6504,-0.0056,0.0017,0.0021,-0.0165,0.04,0.05,0.01,0.045
2026-10-01T18:07:05+00:00,QQQ,2026-10-01,0,743.59,721.0,P,0.0,0.01,0.01,0.01,3618,1072,0.6249,-0.0059,0.0018,0.0022,-0.0168,0.03,0.06,0.01,0.045
2026-10-01T18:07:05+00:00,QQQ,2026-10-01,0,743.59,722.0,P,0.0,0.01,0.01,0.01,5281,1334,0.5993,-0.0062,0.002,0.0023,-0.0171,0.02,0.07,0.01,0.055
2026-10-01T18:07:05+00:00,QQQ,2026-10-01,0,743.59,723.0,P,0.0,0.01,0.01,0.01,5949,1704,0.5736,-0.0065,0.0022,0.0024,-0.0173,0.01,0.08,0.01,0.065
2026-10-01T18:07:05+00:00,QQQ,2026-10-01,0,743.59,724.0,P,0.0,0.01,0.01,0.01,8389,1751,0.5479,-0.0069,0.0024,0.0026,-0.0176,0.03,0.1,0.01,0.075
2026-10-01T18:07:05+00:00,QQQ,2026-10-01,0,743.59,725.0,P,0.01,0.02,0.015,0.01,10162,4320,0.5852,-0.0073,0.0026,0.0027,-0.0179,0.06,0.13,0.01,0.095
2026-10-01T18:07:05+00:00,QQQ,2026-10-01,0,743.59,726.0,P,0.01,0.02,0.015,0.01,7131,3082,0.5568,-0.0077,0.0029,0.0028,-0.0182,0.07,0.17,0.01,0.115
2026-10-01T18:07:05+00:00,QQQ,2026-10-01,0,743.59,727.0,P,0.01,0.02,0.015,0.01,10001,2352,0.5283,-0.0082,0.0032,0.003,-0.0185,0.08,0.22,0.01,0.14
2026-10-01T18:07:05+00:00,QQQ,2026-10-01,0,743.59,728.0,P,0.01,0.02,0.015,0.01,19133,2593,0.4997,-0.0087,0.0036,0.0032,-0.0189,0.1,0.28,0.01,0.175
2026-10-01T18:07:05+00:00,QQQ,2026-10-01,0,743.59,729.0,P,0.01,0.02,0.015,0.01,28009,2135,0.4709,-0.0094,0.004,0.0034,-0.0194,0.12,0.36,0.01,0.225
2026-10-01T18:07:05+00:00,QQQ,2026-10-01,0,743.59,730.0,P,0.01,0.02,0.015,0.01,74734,10799,0.442,-0.0102,0.0046,0.0037,-0.02,0.15,0.47,0.01,0.285
2026-10-01T18:07:05+00:00,QQQ,2026-10-01,0,743.59,731.0,P,0.02,0.03,0.025,0.02,44657,4312,0.4408,-0.0112,0.0053,0.004,-0.0209,0.16,0.6,0.02,0.365
2026-10-01T18:07:05+00:00,QQQ,2026-10-01,0,743.59,732.0,P,0.02,0.03,0.025,0.03,68828,3273,0.41,-0.0125,0.0062,0.0044,-0.0223,0.24,0.76,0.01,0.455
2026-10-01T18:07:05+00:00,QQQ,2026-10-01,0,743.59,733.0,P,0.02,0.03,0.025,0.02,80778,6219,0.379,-0.0145,0.0075,0.005,-0.0246,0.29,0.95,0.01,0.565
2026-10-01T18:07:05+00:00,QQQ,2026-10-01,0,743.59,734.0,P,0.02,0.03,0.025,0.02,97098,2859,0.3477,-0.0176,0.0095,0.0059,-0.0287,0.4,1.2,0.02,0.695
2026-10-01T18:07:05+00:00,QQQ,2026-10-01,0,743.59,735.0,P,0.03,0.04,0.035,0.04,175068,3267,0.3324,-0.0225,0.0124,0.0073,-0.0356,0.53,1.5,0.03,0.855
2026-10-01T18:07:05+00:00,QQQ,2026-10-01,0,743.59,736.0,P,0.04,0.05,0.045,0.04,182112,3660,0.3118,-0.0304,0.0169,0.0093,-0.0475,0.58,1.85,0.04,1.035
2026-10-01T18:07:05+00:00,QQQ,2026-10-01,0,743.59,737.0,P,0.06,0.07,0.065,0.06,265998,2015,0.2962,-0.0431,0.0238,0.0124,-0.0675,0.76,2.33,0.06,1.245
2026-10-01T18:07:05+00:00,QQQ,2026-10-01,0,743.59,738.0,P,0.1,0.11,0.105,0.1,303656,2212,0.2865,-0.0633,0.0339,0.0167,-0.1006,0.96,2.92,0.08,1.485
2026-10-01T18:07:05+00:00,QQQ,2026-10-01,0,743.59,739.0,P,0.15,0.16,0.155,0.16,218379,2764,0.2708,-0.0949,0.0483,0.0225,-0.1557,1.16,3.6,0.11,1.755
2026-10-01T18:07:05+00:00,QQQ,2026-10-01,0,743.59,740.0,P,0.24,0.25,0.245,0.25,213256,19328,0.2596,-0.1433,0.0673,0.0299,-0.2472,1.53,4.34,0.18,2.075
2026-10-01T18:07:05+00:00,QQQ,2026-10-01,0,743.59,741.0,P,0.39,0.4,0.395,0.41,109074,2224,0.254,-0.2141,0.0896,0.0381,-0.3974,1.83,5.11,0.27,2.425
2026-10-01T18:07:05+00:00,QQQ,2026-10-01,0,743.59,742.0,P,0.63,0.64,0.635,0.66,104427,3264,0.2483,-0.3099,0.1112,0.0458,-0.6332,2.33,6.08,0.43,2.825
2026-10-01T18:07:05+00:00,QQQ,2026-10-01,0,743.59,743.0,P,0.99,1.0,0.995,0.99,77466,3330,0.2441,-0.4271,0.126,0.0507,-0.98,2.81,6.84,0.67,3.265
2026-10-01T18:07:05+00:00,QQQ,2026-10-01,0,743.59,744.0,P,1.47,1.48,1.475,1.48,42723,2131,0.2416,-0.5555,0.1286,0.051,-1.0213,3.37,7.6,1.03,3.755
2026-10-01T18:07:05+00:00,QQQ,2026-10-01,0,743.59,745.0,P,2.09,2.1,2.095,2.09,19029,2400,0.24,-0.6798,0.1171,0.0464,-0.6351,3.95,8.6,1.5,4.29
2026-10-01T18:07:05+00:00,QQQ,2026-10-01,0,743.59,746.0,P,2.81,2.85,2.83,2.85,4034,1023,0.2444,-0.7846,0.095,0.0383,-0.3772,4.45,9.41,2.12,4.87
2026-10-01T18:07:05+00:00,QQQ,2026-10-01,0,743.59,747.0,P,3.63,3.71,3.67,3.71,1739,405,0.2537,-0.8618,0.0702,0.0292,-0.22,5.17,10.63,2.9,5.51
2026-10-01T18:07:05+00:00,QQQ,2026-10-01,0,743.59,748.0,P,4.52,4.65,4.585,4.71,1053,303,0.2612,-0.9133,0.0487,0.0211,-0.1288,5.95,11.64,3.74,6.165
2026-10-01T18:07:05+00:00,QQQ,2026-10-01,0,743.59,749.0,P,5.46,5.61,5.535,5.68,522,481,0.2762,-0.9459,0.0326,0.0149,-0.0766,6.65,11.98,4.6,6.885
2026-10-01T18:07:05+00:00,QQQ,2026-10-01,0,743.59,750.0,P,6.42,6.57,6.495,6.57,723,1309,0.2845,-0.9656,0.0217,0.0104,-0.0472,7.31,13.23,5.5,7.655
2026-10-01T18:07:05+00:00,QQQ,2026-10-01,0,743.59,751.0,P,7.42,7.55,7.485,7.46,232,54,0.3098,-0.977,0.0147,0.0075,-0.0313,9.08,14.25,6.81,8.455
2026-10-01T18:07:05+00:00,QQQ,2026-10-01,0,743.59,752.0,P,8.4,8.54,8.47,8.1,128,59,0.3244,-0.9833,0.0105,0.0057,-0.0232,10.8,15.06,8.1,9.235
2026-10-01T18:07:05+00:00,QQQ,2026-10-01,0,743.59,753.0,P,9.39,9.55,9.47,9.07,93,17,0.3564,-0.9867,0.0081,0.0047,-0.0192,9.44,15.8,8.88,10.06
2026-10-01T18:07:05+00:00,QQQ,2026-10-01,0,743.59,754.0,P,10.39,10.54,10.465,10.69,104,25,0.3794,-0.9886,0.0066,0.0041,-0.0173,11.32,17.44,10.69,11.025
2026-10-01T18:07:05+00:00,QQQ,2026-10-01,0,743.59,755.0,P,11.4,11.54,11.47,11.08,96,66,0.4192,-0.9899,0.0055,0.0037,-0.0164,13.43,17.64,10.77,11.88
2026-10-01T18:07:05+00:00,QQQ,2026-10-01,0,743.59,756.0,P,12.39,12.54,12.465,12.82,48,4,0.4404,-0.9908,0.0048,0.0034,-0.0158,14.27,18.96,12.82,13.03
2026-10-01T18:07:05+00:00,QQQ,2026-10-01,0,743.59,757.0,P,13.4,13.52,13.46,14.35,47,4,0.459,-0.9914,0.0042,0.0032,-0.0155,14.08,19.96,14.08,13.805
2026-10-01T18:07:05+00:00,QQQ,2026-10-01,0,743.59,758.0,P,14.38,14.54,14.46,15.27,15,0,0.4882,-0.992,0.0037,0.003,-0.0152,19.49,20.78,15.27,14.855
2026-10-01T18:07:05+00:00,QQQ,2026-10-01,0,743.59,759.0,P,15.38,15.53,15.455,15.06,53,0,0.5172,-0.9925,0.0033,0.0028,-0.015,16.63,22.17,15.06,15.77
2026-10-01T18:07:05+00:00,QQQ,2026-10-01,0,743.59,760.0,P,16.38,16.51,16.445,16.66,102,2,0.4903,-0.993,0.003,0.0026,-0.0148,18.68,22.84,16.0,16.835
2026-10-01T18:07:05+00:00,QQQ,2026-10-01,0,743.59,761.0,P,17.38,17.53,17.455,22.04,178,10,0.5589,-0.9933,0.0027,0.0025,-0.0146,18.31,23.97,18.12,17.765
2026-10-01T18:07:05+00:00,QQQ,2026-10-01,0,743.59,762.0,P,18.38,18.53,18.455,19.57,47,4,0.5866,-0.9937,0.0024,0.0024,-0.0143,20.59,25.47,19.57,18.75
2026-10-01T18:07:05+00:00,QQQ,2026-10-01,0,743.59,763.0,P,19.38,19.53,19.455,25.52,87,2,0.6142,-0.994,0.0022,0.0023,-0.0141,20.31,25.52,20.13,19.76
2026-10-01T18:07:05+00:00,QQQ,2026-10-01,0,743.59,764.0,P,20.38,20.54,20.46,24.74,29,0,0.6589,-0.9943,0.002,0.0022,-0.0139,23.77,26.2,23.77,20.825
2026-10-01T18:07:05+00:00,QQQ,2026-10-01,0,743.59,765.0,P,21.38,21.53,21.455,25.91,31,3,0.6687,-0.9946,0.0019,0.0021,-0.0137,22.64,28.21,22.59,21.73
2026-10-01T18:07:05+00:00,QQQ,2026-10-01,0,743.59,766.0,P,22.38,22.54,22.46,22.45,10,0,0.7143,-0.9948,0.0017,0.002,-0.0135,27.75,29.44,22.45,22.755
2026-10-01T18:07:05+00:00,QQQ,2026-10-01,0,743.59,767.0,P,23.36,23.55,23.455,28.01,20,0,0.7418,-0.9951,0.0016,0.0019,-0.0133,26.76,31.67,26.76,23.73
2026-10-01T18:07:05+00:00,QQQ,2026-10-01,0,743.59,768.0,P,24.36,24.55,24.455,30.04,12,0,0.7691,-0.9953,0.0015,0.0018,-0.0131,29.36,31.91,29.25,24.83
2026-10-01T18:07:05+00:00,QQQ,2026-10-01,0,743.59,769.0,P,24.16,27.34,25.75,32.63,6,0,1.1734,-0.9955,0.0014,0.0017,-0.0129,29.61,32.63,29.23,25.755
2026-10-01T18:07:05+00:00,QQQ,2026-10-01,0,743.59,770.0,P,24.46,28.26,26.36,30.43,16,30,0.0,-0.9957,0.0013,0.0017,-0.0127,31.67,32.46,30.43,26.62
2026-10-01T18:07:05+00:00,QQQ,2026-10-01,0,743.59,771.0,P,25.36,29.34,27.35,32.43,6,0,0.0,-0.9958,0.0012,0.0016,-0.0126,32.38,33.39,32.18,27.615
2026-10-01T18:07:05+00:00,QQQ,2026-10-01,0,743.59,772.0,P,26.36,30.34,28.35,33.26,6,0,0.0,-0.996,0.0011,0.0016,-0.0124,33.19,34.08,33.08,28.62
2026-10-01T18:07:05+00:00,QQQ,2026-10-01,0,743.59,773.0,P,27.36,31.34,29.35,30.25,0,0,0.0,-0.9962,0.0011,0.0015,-0.0122,0.0,0.0,0.0,29.6
2026-10-01T18:07:05+00:00,QQQ,2026-10-01,0,743.59,774.0,P,28.36,32.25,30.305,0.0,0,0,0.0,-0.9963,0.001,0.0014,-0.012,0.0,0.0,0.0,30.615
2026-10-01T18:07:05+00:00,QQQ,2026-10-01,0,743.59,775.0,P,29.36,32.9,31.13,0.0,0,0,0.0,-0.9964,0.0009,0.0014,-0.0118,0.0,0.0,0.0,31.665
2026-10-01T18:07:05+00:00,QQQ,2026-10-01,0,743.59,780.0,P,34.47,37.91,36.19,39.76,14,0,0.0,-0.997,0.0007,0.0012,-0.011,41.81,43.04,39.76,36.43
2026-10-01T18:07:05+00:00,QQQ,2026-10-01,0,743.59,785.0,P,39.48,42.9,41.19,47.27,2,0,0.0,-0.9975,0.0006,0.001,-0.0102,47.34,47.34,47.27,41.805
2026-10-01T18:22:05+00:00,QQQ,2026-10-01,0,740.92,505.0,C,234.52,237.91,236.215,234.55,8,9,0.0,1.0,0.0,0.0,0.0,234.55,234.55,234.55,238.255
2026-10-01T18:22:05+00:00,QQQ,2026-10-01,0,740.92,600.0,C,139.99,142.91,141.45,143.49,10,10,6.3008,0.9999,0.0,0.0,-0.0006,143.49,143.49,143.49,143.365
2026-10-01T18:22:05+00:00,QQQ,2026-10-01,0,740.92,640.0,C,99.91,102.91,101.41,99.13,30,30,4.5525,0.9997,0.0,0.0001,-0.0022,99.13,99.13,99.13,103.29
2026-10-01T18:22:05+00:00,QQQ,2026-10-01,0,740.92,645.0,C,94.69,97.91,96.3,94.26,30,30,4.1775,0.9996,0.0,0.0001,-0.0025,94.21,94.26,94.21,98.38
2026-10-01T18:22:05+00:00,QQQ,2026-10-01,0,740.92,665.0,C,74.69,77.91,76.3,74.24,1,0,3.3804,0.9993,0.0001,0.0003,-0.0041,74.24,74.24,74.24,78.295
2026-10-01T18:22:05+00:00,QQQ,2026-10-01,0,740.92,666.0,C,73.66,76.91,75.285,73.29,1,0,3.3193,0.9993,0.0001,0.0003,-0.0042,73.29,73.29,73.29,77.27
2026-10-01T18:22:05+00:00,QQQ,2026-10-01,0,740.92,667.0,C,72.37,75.91,74.14,71.55,1,0,3.041,0.9993,0.0001,0.0003,-0.0043,71.55,71.55,71.55,76.27
2026-10-01T18:22:05+00:00,QQQ,2026-10-01,0,740.92,668.0,C,71.37,74.91,73.14,70.6,1,0,3.0037,0.9993,0.0001,0.0003,-0.0044,70.6,70.6,70.6,75.39
2026-10-01T18:22:05+00:00,QQQ,2026-10-01,0,740.92,669.0,C,70.37,73.91,72.14,69.55,1,0,2.9663,0.9992,0.0001,0.0003,-0.0045,69.55,69.55,69.55,74.265
2026-10-01T18:22:05+00:00,QQQ,2026-10-01,0,740.92,670.0,C,69.32,72.91,71.115,68.6,1,0,2.8801,0.9992,0.0001,0.0003,-0.0046,68.6,68.6,68.6,73.415
2026-10-01T18:22:05+00:00,QQQ,2026-10-01,0,740.92,672.0,C,67.37,70.91,69.14,67.88,1,0,2.8542,0.9992,0.0001,0.0003,-0.0048,67.88,67.88,67.88,71.275
2026-10-01T18:22:05+00:00,QQQ,2026-10-01,0,740.92,673.0,C,66.32,69.91,68.115,66.93,1,0,2.7694,0.9992,0.0001,0.0004,-0.005,66.93,66.93,66.93,70.27
2026-10-01T18:22:05+00:00,QQQ,2026-10-01,0,740.92,674.0,C,65.37,68.91,67.14,63.76,1,3,2.7795,0.9991,0.0001,0.0004,-0.0051,63.76,63.76,63.76,69.36
2026-10-01T18:22:05+00:00,QQQ,2026-10-01,0,740.92,675.0,C,64.32,67.91,66.115,62.81,1,1,2.6957,0.9991,0.0001,0.0004,-0.0052,62.81,62.81,62.81,68.265
2026-10-01T18:22:05+00:00,QQQ,2026-10-01,0,740.92,684.0,C,55.97,58.91,57.44,54.32,6,9,2.7729,0.9988,0.0002,0.0005,-0.0063,54.32,54.32,54.32,59.265
2026-10-01T18:22:05+00:00,QQQ,2026-10-01,0,740.92,690.0,C,49.58,52.91,51.245,48.82,33,32,2.3203,0.9985,0.0003,0.0006,-0.0071,48.33,49.51,48.33,53.275
2026-10-01T18:22:05+00:00,QQQ,2026-10-01,0,740.92,691.0,C,48.63,51.91,50.27,47.88,1,8,2.3098,0.9985,0.0003,0.0006,-0.0073,47.88,47.88,47.88,52.275
2026-10-01T18:22:05+00:00,QQQ,2026-10-01,0,740.92,693.0,C,46.38,49.91,48.145,46.02,1,0,2.0745,0.9984,0.0003,0.0006,-0.0076,46.02,46.02,46.02,50.28
2026-10-01T18:22:05+00:00,QQQ,2026-10-01,0,740.92,694.0,C,45.38,48.91,47.145,45.08,1,0,2.0367,0.9983,0.0003,0.0007,-0.0077,45.08,45.08,45.08,49.275
2026-10-01T18:22:05+00:00,QQQ,2026-10-01,0,740.92,695.0,C,44.32,47.91,46.115,42.83,1,11,1.9555,0.9982,0.0004,0.0007,-0.0079,42.83,42.83,42.83,48.275
2026-10-01T18:22:05+00:00,QQQ,2026-10-01,0,740.92,697.0,C,42.38,45.91,44.145,41.62,1,1,1.923,0.9981,0.0004,0.0007,-0.0082,41.62,41.62,41.62,46.28
2026-10-01T18:22:05+00:00,QQQ,2026-10-01,0,740.92,698.0,C,41.38,44.91,43.145,40.18,3,0,1.885,0.998,0.0004,0.0008,-0.0083,40.68,40.68,40.18,45.28
2026-10-01T18:22:05+00:00,QQQ,2026-10-01,0,740.92,699.0,C,40.38,43.91,42.145,39.44,6,1,1.847,0.998,0.0004,0.0008,-0.0085,43.15,43.15,39.13,44.28
2026-10-01T18:22:05+00:00,QQQ,2026-10-01,0,740.92,700.0,C,40.0,42.91,41.455,43.2,234,3,2.1134,0.9979,0.0004,0.0008,-0.0086,42.0,43.7,38.4,43.285
2026-10-01T18:22:05+00:00,QQQ,2026-10-01,0,740.92,701.0,C,38.38,41.91,40.145,38.92,12,0,1.7708,0.9978,0.0005,0.0008,-0.0088,38.24,39.31,37.52,42.28
2026-10-01T18:22:05+00:00,QQQ,2026-10-01,0,740.92,702.0,C,37.32,40.91,39.115,37.55,14,6,1.6936,0.9977,0.0005,0.0009,-0.009,36.54,37.55,36.54,41.28
2026-10-01T18:22:05+00:00,QQQ,2026-10-01,0,740.92,703.0,C,36.32,39.91,38.115,35.16,23,11,1.656,0.9977,0.0005,0.0009,-0.0092,38.56,39.49,34.12,40.28
2026-10-01T18:22:05+00:00,QQQ,2026-10-01,0,740.92,704.0,C,35.32,38.91,37.115,34.8,18,28,1.6183,0.9976,0.0006,0.0009,-0.0093,37.84,38.67,34.8,39.28
2026-10-01T18:22:05+00:00,QQQ,2026-10-01,0,740.92,705.0,C,34.32,37.91,36.115,33.56,21,6,1.5805,0.9975,0.0006,0.001,-0.0095,36.54,38.99,33.53,38.28
2026-10-01T18:22:05+00:00,QQQ,2026-10-01,0,740.92,706.0,C,33.32,36.91,35.115,31.82,16,4,1.5427,0.9974,0.0006,0.001,-0.0097,35.69,35.69,31.16,37.55
2026-10-01T18:22:05+00:00,QQQ,2026-10-01,0,740.92,707.0,C,32.32,35.91,34.115,31.57,24,0,1.5048,0.9973,0.0007,0.001,-0.0099,36.5,37.42,30.82,35.985
2026-10-01T18:22:05+00:00,QQQ,2026-10-01,0,740.92,708.0,C,31.31,34.91,33.11,30.87,41,2,1.4607,0.9972,0.0007,0.0011,-0.01,34.16,34.38,30.47,35.05
2026-10-01T18:22:05+00:00,QQQ,2026-10-01,0,740.92,709.0,C,30.32,33.91,32.115,28.09,47,3,1.4288,0.997,0.0008,0.0011,-0.0102,33.16,33.16,27.79,34.045
2026-10-01T18:22:05+00:00,QQQ,2026-10-01,0,740.92,710.0,C,30.71,32.9,31.805,26.68,46,34,1.8905,0.9969,0.0008,0.0012,-0.0104,32.16,32.23,26.68,33.045
2026-10-01T18:22:05+00:00,QQQ,2026-10-01,0,740.92,711.0,C,29.1,31.9,30.5,27.9,73,3,1.6682,0.9968,0.0009,0.0012,-0.0106,31.16,31.16,26.0,32.055
2026-10-01T18:22:05+00:00,QQQ,2026-10-01,0,740.92,712.0,C,28.72,30.9,29.81,24.68,47,1,1.7985,0.9966,0.0009,0.0013,-0.0108,30.16,30.16,24.68,30.985
2026-10-01T18:22:05+00:00,QQQ,2026-10-01,0,740.92,713.0,C,27.75,29.9,28.825,26.89,92,16,1.7584,0.9965,0.001,0.0013,-0.011,29.16,29.16,24.05,30.0
2026-10-01T18:22:05+00:00,QQQ,2026-10-01,0,740.92,714.0,C,26.75,28.9,27.825,29.66,87,13,1.7105,0.9963,0.0011,0.0014,-0.0112,28.27,29.85,23.09,28.99
2026-10-01T18:22:05+00:00,QQQ,2026-10-01,0,740.92,715.0,C,25.75,27.9,26.825,28.84,137,214,1.6623,0.9962,0.0012,0.0014,-0.0114,28.08,29.01,22.93,28.14
2026-10-01T18:22:05+00:00,QQQ,2026-10-01,0,740.92,716.0,C,24.37,26.9,25.635,27.89,61,27,1.5191,0.996,0.0012,0.0015,-0.0116,23.14,28.06,20.82,27.025
2026-10-01T18:22:05+00:00,QQQ,2026-10-01,0,740.92,717.0,C,23.84,23.99,23.915,23.86,42,110,0.0,0.9958,0.0014,0.0016,-0.0118,24.77,26.24,20.68,26.145
2026-10-01T18:22:05+00:00,QQQ,2026-10-01,0,740.92,718.0,C,22.84,22.99,22.915,24.51,84,58,0.0,0.9956,0.0015,0.0016,-0.012,25.16,25.63,19.8,25.265
2026-10-01T18:22:05+00:00,QQQ,2026-10-01,0,740.92,719.0,C,21.84,21.98,21.91,23.43,45,65,0.0,0.9953,0.0016,0.0017,-0.0122,23.95,25.45,18.89,24.235
2026-10-01T18:22:05+00:00,QQQ,2026-10-01,0,740.92,720.0,C,20.84,20.98,20.91,23.04,116,345,0.0,0.9951,0.0017,0.0018,-0.0125,23.16,24.5,16.99,23.29
2026-10-01T18:22:05+00:00,QQQ,2026-10-01,0,740.92,721.0,C,19.84,19.99,19.915,20.99,79,79,0.0,0.9948,0.0019,0.0019,-0.0127,20.73,23.15,16.4,22.07
2026-10-01T18:22:05+00:00,QQQ,2026-10-01,0,740.92,722.0,C,18.84,18.98,18.91,20.44,45,287,0.0,0.9944,0.0021,0.002,-0.013,20.61,21.69,14.55,21.31
2026-10-01T18:22:05+00:00,QQQ,2026-10-01,0,740.92,723.0,C,17.85,18.0,17.925,19.4,47,79,0.5288,0.9941,0.0023,0.0021,-0.0133,20.1,21.04,13.94,20.125
2026-10-01T18:22:05+00:00,QQQ,2026-10-01,0,740.92,724.0,C,16.85,17.01,16.93,18.8,89,36,0.0,0.9937,0.0026,0.0023,-0.0137,18.95,20.15,12.77,19.36
2026-10-01T18:22:05+00:00,QQQ,2026-10-01,0,740.92,725.0,C,15.85,15.99,15.92,18.31,1089,2843,0.0,0.9932,0.0029,0.0024,-0.0142,16.81,19.1,11.43,18.19
2026-10-01T18:22:05+00:00,QQQ,2026-10-01,0,740.92,726.0,C,14.85,14.99,14.92,18.03,132,57,0.0,0.9926,0.0033,0.0026,-0.0148,15.85,18.03,11.09,17.225
2026-10-01T18:22:05+00:00,QQQ,2026-10-01,0,740.92,727.0,C,13.85,13.99,13.92,15.33,181,147,0.4196,0.9918,0.0038,0.0029,-0.0157,16.65,16.65,9.52,16.335
2026-10-01T18:22:05+00:00,QQQ,2026-10-01,0,740.92,728.0,C,12.86,12.99,12.925,15.05,170,129,0.3921,0.9907,0.0045,0.0032,-0.017,14.05,15.81,8.67,15.295
2026-10-01T18:22:05+00:00,QQQ,2026-10-01,0,740.92,729.0,C,11.86,12.01,11.935,13.98,172,397,0.4141,0.9892,0.0054,0.0037,-0.019,13.24,14.32,7.77,14.5
2026-10-01T18:22:05+00:00,QQQ,2026-10-01,0,740.92,730.0,C,10.86,11.0,10.93,12.5,4563,1924,0.0,0.987,0.0068,0.0043,-0.0221,12.18,14.22,6.62,13.595
2026-10-01T18:22:05+00:00,QQQ,2026-10-01,0,740.92,731.0,C,9.87,10.01,9.94,11.0,1356,283,0.3658,0.9836,0.0087,0.0053,-0.0271,10.69,13.4,5.81,12.56
2026-10-01T18:22:05+00:00,QQQ,2026-10-01,0,740.92,732.0,C,8.88,9.01,8.945,10.94,915,798,0.3442,0.9784,0.0116,0.0066,-0.0351,10.34,12.62,4.99,11.645
2026-10-01T18:22:05+00:00,QQQ,2026-10-01,0,740.92,733.0,C,7.89,8.03,7.96,9.35,3084,402,0.3343,0.9704,0.016,0.0086,-0.048,9.8,11.45,4.16,10.77
2026-10-01T18:22:05+00:00,QQQ,2026-10-01,0,740.92,734.0,C,6.91,7.05,6.98,8.05,5165,395,0.3254,0.958,0.0223,0.0115,-0.0685,7.72,10.08,3.38,9.96
2026-10-01T18:22:05+00:00,QQQ,2026-10-01,0,740.92,735.0,C,5.95,6.08,6.015,6.02,13958,1147,0.3097,0.9391,0.0314,0.0153,-0.1008,7.93,9.5,2.64,9.11
2026-10-01T18:22:05+00:00,QQQ,2026-10-01,0,740.92,736.0,C,5.0,5.13,5.065,5.0,26020,984,0.2937,0.9106,0.044,0.0204,-0.1519,7.51,8.67,1.98,8.29
2026-10-01T18:22:05+00:00,QQQ,2026-10-01,0,740.92,737.0,C,4.11,4.21,4.16,4.17,87700,1415,0.2916,0.8678,0.0608,0.0268,-0.2343,6.15,7.64,1.4,7.5
2026-10-01T18:22:05+00:00,QQQ,2026-10-01,0,740.92,738.0,C,3.27,3.34,3.305,3.24,204408,2161,0.2856,0.8049,0.081,0.0342,-0.3688,5.44,6.63,0.97,6.74
2026-10-01T18:22:05+00:00,QQQ,2026-10-01,0,740.92,739.0,C,2.49,2.54,2.515,2.47,271579,2202,0.2768,0.7184,0.1016,0.0416,-0.5823,4.52,5.75,0.64,6.01
2026-10-01T18:22:05+00:00,QQQ,2026-10-01,0,740.92,740.0,C,1.82,1.84,1.83,1.84,459981,7499,0.2694,0.6106,0.1173,0.047,-0.8993,3.75,4.91,0.4,5.33
2026-10-01T18:22:05+00:00,QQQ,2026-10-01,0,740.92,741.0,C,1.25,1.27,1.26,1.26,223122,2589,0.266,0.4898,0.1235,0.0488,-1.245,3.14,4.22,0.25,4.68
2026-10-01T18:22:05+00:00,QQQ,2026-10-01,0,740.92,742.0,C,0.81,0.82,0.815,0.82,259305,3129,0.2633,0.3675,0.1178,0.0462,-0.8057,2.78,3.52,0.16,4.08
2026-10-01T18:22:05+00:00,QQQ,2026-10-01,0,740.92,743.0,C,0.5,0.51,0.505,0.5,258147,5423,0.2611,0.2568,0.1012,0.0398,-0.4915,2.13,2.9,0.1,3.515
2026-10-01T18:22:05+00:00,QQQ,2026-10-01,0,740.92,744.0,C,0.29,0.3,0.295,0.29,280311,4469,0.2611,0.1687,0.0785,0.0314,-0.2879,1.79,2.33,0.07,3.005
2026-10-01T18:22:05+00:00,QQQ,2026-10-01,0,740.92,745.0,C,0.16,0.17,0.165,0.16,292940,12409,0.2665,0.1065,0.0562,0.0232,-0.1664,1.21,1.83,0.05,2.545
2026-10-01T18:22:05+00:00,QQQ,2026-10-01,0,740.92,746.0,C,0.09,0.1,0.095,0.1,149385,3085,0.2738,0.0661,0.0382,0.0164,-0.0968,1.01,1.4,0.04,2.125
2026-10-01T18:22:05+00:00,QQQ,2026-10-01,0,740.92,747.0,C,0.05,0.06,0.055,0.05,90457,5889,0.2824,0.0412,0.0253,0.0114,-0.0576,0.7,1.04,0.03,1.755
2026-10-01T18:22:05+00:00,QQQ,2026-10-01,0,740.92,748.0,C,0.03,0.04,0.035,0.04,51980,8284,0.2959,0.0265,0.0168,0.008,-0.0363,0.43,0.76,0.02,1.435
2026-10-01T18:22:05+00:00,QQQ,2026-10-01,0,740.92,749.0,C,0.02,0.03,0.025,0.02,41719,3667,0.314,0.0183,0.0117,0.0058,-0.0251,0.32,0.54,0.01,1.155
2026-10-01T18:22:05+00:00,QQQ,2026-10-01,0,740.92,750.0,C,0.01,0.02,0.015,0.01,82663,13635,0.3234,0.0138,0.0086,0.0046,-0.0195,0.19,0.39,0.01,0.925
2026-10-01T18:22:05+00:00,QQQ,2026-10-01,0,740.92,751.0,C,0.01,0.02,0.015,0.01,16009,2331,0.354,0.0114,0.0068,0.0039,-0.0168,0.15,0.26,0.01,0.725
2026-10-01T18:22:05+00:00,QQQ,2026-10-01,0,740.92,752.0,C,0.01,0.02,0.015,0.02,16986,4182,0.3842,0.0099,0.0056,0.0034,-0.0154,0.09,0.19,0.01,0.555
2026-10-01T18:22:05+00:00,QQQ,2026-10-01,0,740.92,753.0,C,0.01,0.02,0.015,0.01,20038,6563,0.4142,0.0089,0.0048,0.0031,-0.0146,0.06,0.13,0.01,0.425
2026-10-01T18:22:05+00:00,QQQ,2026-10-01,0,740.92,754.0,C,0.01,0.02,0.015,0.01,14333,1870,0.4438,0.0081,0.0041,0.0029,-0.0142,0.05,0.1,0.01,0.325
2026-10-01T18:22:05+00:00,QQQ,2026-10-01,0,740.92,755.0,C,0.0,0.01,0.01,0.01,12392,3858,0.42,0.0076,0.0036,0.0027,-0.0138,0.06,0.07,0.01,0.245
2026-10-01T18:22:05+00:00,QQQ,2026-10-01,0,740.92,756.0,C,0.0,0.01,0.01,0.01,4413,3530,0.4465,0.0071,0.0032,0.0025,-0.0136,0.05,0.06,0.01,0.185
2026-10-01T18:22:05+00:00,QQQ,2026-10-01,0,740.92,757.0,C,0.0,0.01,0.01,0.01,3791,7290,0.4728,0.0066,0.0029,0.0024,-0.0134,0.04,0.05,0.01,0.135
2026-10-01T18:22:05+00:00,QQQ,2026-10-01,0,740.92,758.0,C,0.0,0.01,0.01,0.01,6839,4226,0.4989,0.0062,0.0026,0.0022,-0.0132,0.03,0.05,0.01,0.105
2026-10-01T18:22:05+00:00,QQQ,2026-10-01,0,740.92,759.0,C,0.0,0.01,0.01,0.01,5459,1948,0.5249,0.0059,0.0024,0.0021,-0.013,0.05,0.05,0.01,0.085
2026-10-01T18:22:05+00:00,QQQ,2026-10-01,0,740.92,760.0,C,0.0,0.01,0.01,0.01,5836,8612,0.5507,0.0056,0.0022,0.002,-0.0128,0.03,0.03,0.01,0.065
2026-10-01T18:22:05+00:00,QQQ,2026-10-01,0,740.92,761.0,C,0.0,0.01,0.01,0.01,1206,1236,0.5764,0.0053,0.002,0.0019,-0.0126,0.02,0.02,0.01,0.055
2026-10-01T18:22:05+00:00,QQQ,2026-10-01,0,740.92,762.0,C,0.0,0.01,0.01,0.01,3033,4409,0.6019,0.005,0.0018,0.0018,-0.0124,0.01,0.04,0.01,0.045
2026-10-01T18:22:05+00:00,QQQ,2026-10-01,0,740.92,763.0,C,0.0,0.01,0.01,0.01,1108,931,0.6274,0.0048,0.0017,0.0018,-0.0122,0.02,0.02,0.01,0.035
2026-10-01T18:22:05+00:00,QQQ,2026-10-01,0,740.92,764.0,C,0.0,0.01,0.01,0.01,802,3041,0.6526,0.0046,0.0015,0.0017,-0.012,0.01,0.02,0.01,0.025
2026-10-01T18:22:05+00:00,QQQ,2026-10-01,0,740.92,765.0,C,0.0,0.01,0.01,0.01,917,2411,0.6778,0.0044,0.0014,0.0016,-0.0119,0.01,0.02,0.01,0.025
2026-10-01T18:22:05+00:00,QQQ,2026-10-01,0,740.92,766.0,C,0.0,0.01,0.01,0.01,666,1733,0.7029,0.0042,0.0013,0.0016,-0.0117,0.02,0.03,0.01,0.015
2026-10-01T18:22:05+00:00,QQQ,2026-10-01,0,740.92,767.0,C,0.0,0.01,0.01,0.01,473,1873,0.7279,0.004,0.0012,0.0015,-0.0115,0.01,0.02,0.01,0.015
2026-10-01T18:22:05+00:00,QQQ,2026-10-01,0,740.92,768.0,C,0.0,0.01,0.01,0.01,5,445,0.7527,0.0038,0.0012,0.0014,-0.0113,0.01,0.01,0.01,0.015
2026-10-01T18:22:05+00:00,QQQ,2026-10-01,0,740.92,769.0,C,0.0,0.01,0.01,0.01,383,726,0.7775,0.0037,0.0011,0.0014,-0.0112,0.01,0.01,0.01,0.015
2026-10-01T18:22:05+00:00,QQQ,2026-10-01,0,740.92,770.0,C,0.0,0.01,0.01,0.01,152,745,0.8021,0.0036,0.001,0.0013,-0.011,0.01,0.02,0.01,0.015
2026-10-01T18:22:05+00:00,QQQ,2026-10-01,0,740.92,771.0,C,0.0,0.01,0.01,0.01,10,256,0.8266,0.0034,0.001,0.0013,-0.0108,0.01,0.01,0.01,0.005
2026-10-01T18:22:05+00:00,QQQ,2026-10-01,0,740.92,772.0,C,0.0,0.01,0.03,0.03,0,330,0.8511,0.0033,0.0009,0.0012,-0.0107,0.0,0.0,0.0,0.005
2026-10-01T18:22:05+00:00,QQQ,2026-10-01,0,740.92,773.0,C,0.0,0.01,0.01,0.01,0,217,0.8755,0.0032,0.0008,0.0012,-0.0105,0.0,0.0,0.0,0.005
2026-10-01T18:22:05+00:00,QQQ,2026-10-01,0,740.92,774.0,C,0.0,0.01,0.01,0.01,0,529,0.8997,0.0031,0.0008,0.0012,-0.0103,0.0,0.0,0.0,0.005
2026-10-01T18:22:05+00:00,QQQ,2026-10-01,0,740.92,775.0,C,0.0,0.01,0.02,0.02,0,1534,0.9239,0.0029,0.0008,0.0011,-0.0102,0.0,0.0,0.0,0.005
2026-10-01T18:22:05+00:00,QQQ,2026-10-01,0,740.92,780.0,C,0.0,0.01,0.01,0.01,26,505,1.0436,0.0025,0.0006,0.001,-0.0094,0.01,0.01,0.01,0.005
2026-10-01T18:22:05+00:00,QQQ,2026-10-01,0,740.92,785.0,C,0.0,0.01,0.01,0.01,3,339,1.1615,0.0021,0.0004,0.0008,-0.0087,0.01,0.01,0.01,0.005
2026-10-01T18:22:05+00:00,QQQ,2026-10-01,0,740.92,850.0,C,0.0,0.01,0.01,0.01,6,143,2.5699,0.0004,0.0,0.0002,-0.0028,0.01,0.01,0.01,0.005
2026-10-01T18:22:05+00:00,QQQ,2026-10-01,0,740.92,500.0,P,0.0,0.01,0.01,0.01,4,129,6.9589,0.0,0.0,0.0,0.0,0.01,0.01,0.01,0.005
2026-10-01T18:22:05+00:00,QQQ,2026-10-01,0,740.92,590.0,P,0.0,0.01,0.01,0.01,2,382,4.1618,0.0,0.0,0.0,-0.0004,0.01,0.01,0.01,0.005
2026-10-01T18:22:05+00:00,QQQ,2026-10-01,0,740.92,630.0,P,0.0,0.01,0.01,0.01,3,203,3.0301,-0.0002,0.0,0.0001,-0.0017,0.01,0.01,0.01,0.005
2026-10-01T18:22:05+00:00,QQQ,2026-10-01,0,740.92,635.0,P,0.0,0.01,0.01,0.01,2,188,2.8923,-0.0002,0.0,0.0001,-0.0019,0.01,0.01,0.01,0.005
2026-10-01T18:22:05+00:00,QQQ,2026-10-01,0,740.92,650.0,P,0.0,0.01,0.01,0.01,27,328,2.4828,-0.0004,0.0,0.0002,-0.0029,0.01,0.01,0.01,0.005
2026-10-01T18:22:05+00:00,QQQ,2026-10-01,0,740.92,655.0,P,0.0,0.01,0.01,0.01,3,330,2.3476,-0.0005,0.0001,0.0002,-0.0032,0.01,0.01,0.01,0.005
2026-10-01T18:22:05+00:00,QQQ,2026-10-01,0,740.92,670.0,P,0.0,0.01,0.01,0.01,67,476,1.945,-0.0008,0.0001,0.0003,-0.0046,0.01,0.01,0.01,0.005
2026-10-01T18:22:05+00:00,QQQ,2026-10-01,0,740.92,671.0,P,0.0,0.01,0.01,0.01,2,296,1.9183,-0.0008,0.0001,0.0003,-0.0047,0.01,0.01,0.01,0.005
2026-10-01T18:22:05+00:00,QQQ,2026-10-01,0,740.92,675.0,P,0.0,0.01,0.01,0.01,12,225,1.8117,-0.0009,0.0001,0.0004,-0.0052,0.01,0.01,0.01,0.005
2026-10-01T18:22:05+00:00,QQQ,2026-10-01,0,740.92,678.0,P,0.0,0.01,0.01,0.01,1,205,1.7319,-0.001,0.0002,0.0004,-0.0055,0.01,0.01,0.01,0.005
2026-10-01T18:22:05+00:00,QQQ,2026-10-01,0,740.92,680.0,P,0.0,0.01,0.01,0.01,1,686,1.6787,-0.0011,0.0002,0.0004,-0.0058,0.01,0.01,0.01,0.005
2026-10-01T18:22:05+00:00,QQQ,2026-10-01,0,740.92,682.0,P,0.0,0.01,0.01,0.01,2,245,1.6256,-0.0011,0.0002,0.0005,-0.006,0.01,0.01,0.01,0.005
2026-10-01T18:22:05+00:00,QQQ,2026-10-01,0,740.92,685.0,P,0.0,0.01,0.01,0.01,1,844,1.546,-0.0012,0.0002,0.0005,-0.0064,0.01,0.01,0.01,0.005
2026-10-01T18:22:05+00:00,QQQ,2026-10-01,0,740.92,690.0,P,0.0,0.01,0.01,0.01,32,666,1.4135,-0.0015,0.0003,0.0006,-0.0071,0.01,0.01,0.01,0.005
2026-10-01T18:22:05+00:00,QQQ,2026-10-01,0,740.92,691.0,P,0.0,0.01,0.01,0.01,1,559,1.387,-0.0015,0.0003,0.0006,-0.0073,0.01,0.01,0.01,0.005
2026-10-01T18:22:05+00:00,QQQ,2026-10-01,0,740.92,693.0,P,0.0,0.01,0.01,0.01,2,770,1.334,-0.0016,0.0003,0.0006,-0.0076,0.01,0.01,0.01,0.015
2026-10-01T18:22:05+00:00,QQQ,2026-10-01,0,740.92,695.0,P,0.0,0.01,0.01,0.01,24,1661,1.281,-0.0018,0.0004,0.0007,-0.0079,0.01,0.01,0.01,0.015
2026-10-01T18:22:05+00:00,QQQ,2026-10-01,0,740.92,696.0,P,0.0,0.01,0.01,0.01,9,872,1.2545,-0.0018,0.0004,0.0007,-0.008,0.01,0.01,0.01,0.015
2026-10-01T18:22:05+00:00,QQQ,2026-10-01,0,740.92,698.0,P,0.0,0.01,0.01,0.01,53,533,1.2015,-0.002,0.0004,0.0008,-0.0083,0.01,0.02,0.01,0.015
2026-10-01T18:22:05+00:00,QQQ,2026-10-01,0,740.92,699.0,P,0.0,0.01,0.01,0.01,42,417,1.175,-0.002,0.0004,0.0008,-0.0085,0.01,0.01,0.01,0.015
2026-10-01T18:22:05+00:00,QQQ,2026-10-01,0,740.92,700.0,P,0.0,0.01,0.01,0.01,130,4457,1.1485,-0.0021,0.0004,0.0008,-0.0086,0.01,0.01,0.01,0.015
2026-10-01T18:22:05+00:00,QQQ,2026-10-01,0,740.92,701.0,P,0.0,0.01,0.01,0.01,168,3717,1.122,-0.0022,0.0005,0.0008,-0.0088,0.01,0.02,0.01,0.015
2026-10-01T18:22:05+00:00,QQQ,2026-10-01,0,740.92,702.0,P,0.0,0.01,0.01,0.01,489,666,1.0955,-0.0023,0.0005,0.0009,-0.009,0.01,0.02,0.01,0.015
2026-10-01T18:22:05+00:00,QQQ,2026-10-01,0,740.92,703.0,P,0.0,0.01,0.01,0.01,684,383,1.0689,-0.0023,0.0005,0.0009,-0.0092,0.01,0.02,0.01,0.015
2026-10-01T18:22:05+00:00,QQQ,2026-10-01,0,740.92,704.0,P,0.0,0.01,0.01,0.01,786,665,1.0424,-0.0024,0.0006,0.0009,-0.0093,0.01,0.04,0.01,0.015
2026-10-01T18:22:05+00:00,QQQ,2026-10-01,0,740.92,705.0,P,0.0,0.01,0.01,0.01,2850,1171,1.0158,-0.0025,0.0006,0.001,-0.0095,0.01,0.02,0.01,0.015
2026-10-01T18:22:05+00:00,QQQ,2026-10-01,0,740.92,706.0,P,0.0,0.01,0.01,0.01,2558,418,0.9893,-0.0026,0.0006,0.001,-0.0097,0.01,0.02,0.01,0.015
2026-10-01T18:22:05+00:00,QQQ,2026-10-01,0,740.92,707.0,P,0.0,0.01,0.01,0.01,1225,2841,0.9627,-0.0027,0.0007,0.001,-0.0099,0.01,0.02,0.01,0.015
2026-10-01T18:22:05+00:00,QQQ,2026-10-01,0,740.92,708.0,P,0.0,0.01,0.02,0.02,1960,1111,0.9361,-0.0028,0.0007,0.0011,-0.01,0.01,0.02,0.01,0.015
2026-10-01T18:22:05+00:00,QQQ,2026-10-01,0,740.92,709.0,P,0.0,0.01,0.01,0.01,2095,1548,0.9095,-0.003,0.0008,0.0011,-0.0102,0.01,0.02,0.01,0.015
2026-10-01T18:22:05+00:00,QQQ,2026-10-01,0,740.92,710.0,P,0.0,0.01,0.01,0.01,2264,934,0.8828,-0.0031,0.0008,0.0012,-0.0104,0.01,0.03,0.01,0.015
2026-10-01T18:22:05+00:00,QQQ,2026-10-01,0,740.92,711.0,P,0.0,0.01,0.01,0.01,2103,767,0.8562,-0.0032,0.0009,0.0012,-0.0106,0.01,0.02,0.01,0.025
2026-10-01T18:22:05+00:00,QQQ,2026-10-01,0,740.92,712.0,P,0.0,0.01,0.01,0.01,1340,933,0.8294,-0.0034,0.0009,0.0013,-0.0108,0.03,0.03,0.01,0.025
2026-10-01T18:22:05+00:00,QQQ,2026-10-01,0,740.92,713.0,P,0.0,0.01,0.01,0.01,1554,1474,0.8027,-0.0035,0.001,0.0013,-0.011,0.01,0.03,0.01,0.025
2026-10-01T18:22:05+00:00,QQQ,2026-10-01,0,740.92,714.0,P,0.0,0.01,0.01,0.01,2083,902,0.776,-0.0037,0.0011,0.0014,-0.0112,0.01,0.03,0.01,0.025
2026-10-01T18:22:05+00:00,QQQ,2026-10-01,0,740.92,715.0,P,0.0,0.01,0.01,0.01,1445,2185,0.7492,-0.0038,0.0012,0.0014,-0.0114,0.01,0.03,0.01,0.025
2026-10-01T18:22:05+00:00,QQQ,2026-10-01,0,740.92,716.0,P,0.0,0.01,0.01,0.01,2095,1396,0.7223,-0.004,0.0012,0.0015,-0.0116,0.02,0.03,0.01,0.025
2026-10-01T18:22:05+00:00,QQQ,2026-10-01,0,740.92,717.0,P,0.0,0.01,0.01,0.01,1248,658,0.6954,-0.0042,0.0014,0.0016,-0.0118,0.02,0.03,0.01,0.025
2026-10-01T18:22:05+00:00,QQQ,2026-10-01,0,740.92,718.0,P,0.0,0.01,0.01,0.01,3886,1766,0.6685,-0.0044,0.0015,0.0016,-0.012,0.02,0.04,0.01,0.035
2026-10-01T18:22:05+00:00,QQQ,2026-10-01,0,740.92,719.0,P,0.0,0.01,0.01,0.01,3876,1173,0.6415,-0.0047,0.0016,0.0017,-0.0122,0.04,0.04,0.01,0.045
2026-10-01T18:22:05+00:00,QQQ,2026-10-01,0,740.92,720.0,P,0.0,0.01,0.01,0.01,6670,4655,0.6145,-0.0049,0.0017,0.0018,-0.0125,0.04,0.05,0.01,0.045
2026-10-01T18:22:05+00:00,QQQ,2026-10-01,0,740.92,721.0,P,0.0,0.01,0.01,0.01,3618,1072,0.5874,-0.0052,0.0019,0.0019,-0.0127,0.03,0.06,0.01,0.045
2026-10-01T18:22:05+00:00,QQQ,2026-10-01,0,740.92,722.0,P,0.0,0.01,0.01,0.01,5287,1334,0.5602,-0.0056,0.0021,0.002,-0.013,0.02,0.07,0.01,0.055
2026-10-01T18:22:05+00:00,QQQ,2026-10-01,0,740.92,723.0,P,0.0,0.01,0.01,0.01,5949,1704,0.533,-0.0059,0.0023,0.0021,-0.0133,0.01,0.08,0.01,0.065
2026-10-01T18:22:05+00:00,QQQ,2026-10-01,0,740.92,724.0,P,0.0,0.01,0.01,0.01,8746,1751,0.5056,-0.0063,0.0026,0.0023,-0.0137,0.03,0.1,0.01,0.075
2026-10-01T18:22:05+00:00,QQQ,2026-10-01,0,740.92,725.0,P,0.01,0.02,0.015,0.01,10271,4320,0.5375,-0.0068,0.0029,0.0024,-0.0142,0.06,0.13,0.01,0.095
2026-10-01T18:22:05+00:00,QQQ,2026-10-01,0,740.92,726.0,P,0.01,0.02,0.015,0.01,7292,3082,0.5073,-0.0074,0.0033,0.0026,-0.0148,0.07,0.17,0.01,0.115
2026-10-01T18:22:05+00:00,QQQ,2026-10-01,0,740.92,727.0,P,0.01,0.02,0.015,0.01,10037,2352,0.4768,-0.0082,0.0038,0.0029,-0.0157,0.08,0.22,0.01,0.14
2026-10-01T18:22:05+00:00,QQQ,2026-10-01,0,740.92,728.0,P,0.01,0.02,0.015,0.02,19161,2593,0.4462,-0.0093,0.0045,0.0032,-0.017,0.1,0.28,0.01,0.175
2026-10-01T18:22:05+00:00,QQQ,2026-10-01,0,740.92,729.0,P,0.01,0.02,0.015,0.01,28088,2135,0.4155,-0.0108,0.0054,0.0037,-0.019,0.12,0.36,0.01,0.225
2026-10-01T18:22:05+00:00,QQQ,2026-10-01,0,740.92,730.0,P,0.01,0.02,0.015,0.01,75305,10799,0.3845,-0.013,0.0068,0.0043,-0.0221,0.15,0.47,0.01,0.285
2026-10-01T18:22:05+00:00,QQQ,2026-10-01,0,740.92,731.0,P,0.02,0.03,0.025,0.02,44987,4312,0.3782,-0.0164,0.0087,0.0053,-0.0271,0.16,0.6,0.02,0.365
2026-10-01T18:22:05+00:00,QQQ,2026-10-01,0,740.92,732.0,P,0.03,0.04,0.035,0.04,69233,3273,0.3626,-0.0216,0.0116,0.0066,-0.0351,0.24,0.76,0.01,0.455
2026-10-01T18:22:05+00:00,QQQ,2026-10-01,0,740.92,733.0,P,0.04,0.05,0.045,0.05,81470,6219,0.3414,-0.0296,0.016,0.0086,-0.048,0.29,0.95,0.01,0.565
2026-10-01T18:22:05+00:00,QQQ,2026-10-01,0,740.92,734.0,P,0.07,0.08,0.075,0.07,98023,2859,0.3348,-0.042,0.0223,0.0115,-0.0685,0.4,1.2,0.02,0.695
2026-10-01T18:22:05+00:00,QQQ,2026-10-01,0,740.92,735.0,P,0.1,0.11,0.105,0.1,175945,3267,0.3168,-0.0609,0.0314,0.0153,-0.1008,0.53,1.5,0.03,0.855
2026-10-01T18:22:05+00:00,QQQ,2026-10-01,0,740.92,736.0,P,0.15,0.16,0.155,0.16,189159,3660,0.3016,-0.0894,0.044,0.0204,-0.1519,0.58,1.85,0.04,1.035
2026-10-01T18:22:05+00:00,QQQ,2026-10-01,0,740.92,737.0,P,0.23,0.24,0.235,0.24,276382,2015,0.288,-0.1322,0.0608,0.0268,-0.2343,0.76,2.33,0.06,1.245
2026-10-01T18:22:05+00:00,QQQ,2026-10-01,0,740.92,738.0,P,0.37,0.38,0.375,0.37,313216,2212,0.2799,-0.1951,0.081,0.0342,-0.3688,0.96,2.92,0.08,1.485
2026-10-01T18:22:05+00:00,QQQ,2026-10-01,0,740.92,739.0,P,0.57,0.58,0.575,0.58,235635,2764,0.2721,-0.2816,0.1016,0.0416,-0.5823,1.16,3.6,0.11,1.755
2026-10-01T18:22:05+00:00,QQQ,2026-10-01,0,740.92,740.0,P,0.88,0.89,0.885,0.9,248271,19328,0.2663,-0.3894,0.1173,0.047,-0.8993,1.53,4.34,0.18,2.075
2026-10-01T18:22:05+00:00,QQQ,2026-10-01,0,740.92,741.0,P,1.31,1.33,1.32,1.32,142946,2224,0.262,-0.5102,0.1235,0.0488,-1.245,1.83,5.11,0.27,2.425
2026-10-01T18:22:05+00:00,QQQ,2026-10-01,0,740.92,742.0,P,1.87,1.88,1.875,1.88,156146,3264,0.258,-0.6325,0.1178,0.0462,-0.8057,2.33,6.08,0.43,2.825
2026-10-01T18:22:05+00:00,QQQ,2026-10-01,0,740.92,743.0,P,2.54,2.59,2.565,2.54,112658,3330,0.2561,-0.7432,0.1012,0.0398,-0.4915,2.81,6.84,0.67,3.265
2026-10-01T18:22:05+00:00,QQQ,2026-10-01,0,740.92,744.0,P,3.32,3.4,3.36,3.38,55977,2131,0.2546,-0.8313,0.0785,0.0314,-0.2879,3.37,7.6,1.03,3.755
2026-10-01T18:22:05+00:00,QQQ,2026-10-01,0,740.92,745.0,P,4.19,4.29,4.24,4.26,23898,2400,0.2622,-0.8935,0.0562,0.0232,-0.1664,3.95,8.6,1.5,4.29
2026-10-01T18:22:05+00:00,QQQ,2026-10-01,0,740.92,746.0,P,5.11,5.25,5.18,5.18,4521,1023,0.2772,-0.9339,0.0382,0.0164,-0.0968,4.45,9.41,2.12,4.87
2026-10-01T18:22:05+00:00,QQQ,2026-10-01,0,740.92,747.0,P,6.08,6.21,6.145,6.07,2474,405,0.2918,-0.9588,0.0253,0.0114,-0.0576,5.17,10.63,2.9,5.51
2026-10-01T18:22:05+00:00,QQQ,2026-10-01,0,740.92,748.0,P,7.05,7.19,7.12,7.1,1294,303,0.309,-0.9735,0.0168,0.008,-0.0363,5.95,11.64,3.74,6.165
2026-10-01T18:22:05+00:00,QQQ,2026-10-01,0,740.92,749.0,P,8.01,8.18,8.095,6.75,643,481,0.338,-0.9817,0.0117,0.0058,-0.0251,6.65,11.98,4.6,6.885
2026-10-01T18:22:05+00:00,QQQ,2026-10-01,0,740.92,750.0,P,9.01,9.18,9.095,9.0,831,1309,0.365,-0.9862,0.0086,0.0046,-0.0195,7.31,13.23,5.5,7.655
2026-10-01T18:22:05+00:00,QQQ,2026-10-01,0,740.92,751.0,P,10.03,10.17,10.1,10.05,250,54,0.3896,-0.9886,0.0068,0.0039,-0.0168,9.08,14.25,6.81,8.455
2026-10-01T18:22:05+00:00,QQQ,2026-10-01,0,740.92,752.0,P,11.03,11.18,11.105,10.16,130,59,0.4117,-0.9901,0.0056,0.0034,-0.0154,10.8,15.06,8.1,9.235
2026-10-01T18:22:05+00:00,QQQ,2026-10-01,0,740.92,753.0,P,12.03,12.17,12.1,10.91,95,17,0.4305,-0.9911,0.0048,0.0031,-0.0146,9.44,15.8,8.88,10.06
2026-10-01T18:22:05+00:00,QQQ,2026-10-01,0,740.92,754.0,P,13.04,13.17,13.105,10.73,105,25,0.4745,-0.9919,0.0041,0.0029,-0.0142,11.32,17.44,10.69,11.025
2026-10-01T18:22:05+00:00,QQQ,2026-10-01,0,740.92,755.0,P,14.03,14.17,14.1,12.03,98,66,0.4914,-0.9924,0.0036,0.0027,-0.0138,13.43,17.64,10.77,11.88
2026-10-01T18:22:05+00:00,QQQ,2026-10-01,0,740.92,756.0,P,15.04,15.17,15.105,12.82,48,4,0.5361,-0.9929,0.0032,0.0025,-0.0136,14.27,18.96,12.82,13.03
2026-10-01T18:22:05+00:00,QQQ,2026-10-01,0,740.92,757.0,P,16.03,16.16,16.095,14.35,47,4,0.5329,-0.9934,0.0029,0.0024,-0.0134,14.08,19.96,14.08,13.805
2026-10-01T18:22:05+00:00,QQQ,2026-10-01,0,740.92,758.0,P,17.01,17.16,17.085,17.14,16,0,0.5026,-0.9938,0.0026,0.0022,-0.0132,19.49,20.78,15.27,14.855
2026-10-01T18:22:05+00:00,QQQ,2026-10-01,0,740.92,759.0,P,18.01,18.16,18.085,15.21,55,0,0.5288,-0.9941,0.0024,0.0021,-0.013,16.63,22.17,15.06,15.77
2026-10-01T18:22:05+00:00,QQQ,2026-10-01,0,740.92,760.0,P,19.01,19.16,19.085,17.51,103,2,0.6566,-0.9944,0.0022,0.002,-0.0128,18.68,22.84,16.0,16.835
2026-10-01T18:22:05+00:00,QQQ,2026-10-01,0,740.92,761.0,P,20.02,20.16,20.09,22.04,178,10,0.6199,-0.9947,0.002,0.0019,-0.0126,18.31,23.97,18.12,17.765
2026-10-01T18:22:05+00:00,QQQ,2026-10-01,0,740.92,762.0,P,20.99,21.16,21.075,19.99,57,4,0.0,-0.995,0.0018,0.0018,-0.0124,20.59,25.47,19.57,18.75
2026-10-01T18:22:05+00:00,QQQ,2026-10-01,0,740.92,763.0,P,21.99,22.17,22.08,25.52,87,2,0.5148,-0.9952,0.0017,0.0018,-0.0122,20.31,25.52,20.13,19.76
2026-10-01T18:22:05+00:00,QQQ,2026-10-01,0,740.92,764.0,P,22.98,23.17,23.075,24.74,29,0,0.5362,-0.9954,0.0015,0.0017,-0.012,23.77,26.2,23.77,20.825
2026-10-01T18:22:05+00:00,QQQ,2026-10-01,0,740.92,765.0,P,23.98,24.17,24.075,25.91,31,3,0.0,-0.9956,0.0014,0.0016,-0.0119,22.64,28.21,22.59,21.73
2026-10-01T18:22:05+00:00,QQQ,2026-10-01,0,740.92,766.0,P,23.44,26.62,25.03,22.45,10,0,0.0,-0.9958,0.0013,0.0016,-0.0117,27.75,29.44,22.45,22.755
2026-10-01T18:22:05+00:00,QQQ,2026-10-01,0,740.92,767.0,P,24.09,27.11,25.6,24.71,22,0,0.0,-0.996,0.0012,0.0015,-0.0115,26.76,31.67,24.71,23.73
2026-10-01T18:22:05+00:00,QQQ,2026-10-01,0,740.92,768.0,P,25.09,28.12,26.605,24.9,24,0,0.0,-0.9962,0.0012,0.0014,-0.0113,29.36,31.91,24.86,24.83
2026-10-01T18:22:05+00:00,QQQ,2026-10-01,0,740.92,769.0,P,26.09,29.62,27.855,26.8,12,0,0.0,-0.9963,0.0011,0.0014,-0.0112,29.61,32.63,25.28,25.755
2026-10-01T18:22:05+00:00,QQQ,2026-10-01,0,740.92,770.0,P,27.09,30.62,28.855,30.43,16,30,0.0,-0.9964,0.001,0.0013,-0.011,31.67,32.46,30.43,26.62
2026-10-01T18:22:05+00:00,QQQ,2026-10-01,0,740.92,771.0,P,28.09,31.62,29.855,32.43,6,0,0.0,-0.9966,0.001,0.0013,-0.0108,32.38,33.39,32.18,27.615
2026-10-01T18:22:05+00:00,QQQ,2026-10-01,0,740.92,772.0,P,29.09,32.67,30.88,33.26,6,0,0.0,-0.9967,0.0009,0.0012,-0.0107,33.19,34.08,33.08,28.62
2026-10-01T18:22:05+00:00,QQQ,2026-10-01,0,740.92,773.0,P,30.09,33.67,31.88,30.25,0,0,0.0,-0.9968,0.0008,0.0012,-0.0105,0.0,0.0,0.0,29.6
2026-10-01T18:22:05+00:00,QQQ,2026-10-01,0,740.92,774.0,P,31.09,34.65,32.87,0.0,0,0,0.0,-0.997,0.0008,0.0012,-0.0103,0.0,0.0,0.0,30.615
2026-10-01T18:22:05+00:00,QQQ,2026-10-01,0,740.92,775.0,P,32.09,35.46,33.775,0.0,0,0,0.0,-0.9971,0.0008,0.0011,-0.0102,0.0,0.0,0.0,31.665
2026-10-01T18:22:05+00:00,QQQ,2026-10-01,0,740.92,780.0,P,37.09,40.46,38.775,39.76,14,0,0.0,-0.9975,0.0006,0.001,-0.0094,41.81,43.04,39.76,36.43
2026-10-01T18:22:05+00:00,QQQ,2026-10-01,0,740.92,785.0,P,42.09,45.47,43.78,47.27,2,0,0.0,-0.9979,0.0004,0.0008,-0.0087,47.34,47.34,47.27,41.805
