ts_utc,sym,expiry,dte,spot,strike,cp,bid,ask,mid,last,volume,open_interest,iv,delta,gamma,vega,theta,day_open,day_high,day_low,prev_close
2026-10-09T13:00:11+00:00,QQQ,2026-10-09,0,753.0,450.0,C,296.27,300.08,298.175,298.1,1,3,0.0,0.9997,0.0,0.0005,0.0,298.1,298.1,298.1,296.8
2026-10-09T13:00:11+00:00,QQQ,2026-10-09,0,753.0,525.0,C,221.3,225.0,223.15,228.4,17,17,0.0,0.9994,0.0,0.0009,0.0,228.4,228.4,228.4,221.71
2026-10-09T13:00:11+00:00,QQQ,2026-10-09,0,753.0,530.0,C,216.3,220.1,218.2,221.74,11,23,0.0,0.9994,0.0,0.0009,0.0,221.74,221.74,221.74,216.71
2026-10-09T13:00:11+00:00,QQQ,2026-10-09,0,753.0,560.0,C,186.32,190.13,188.225,184.74,6,16,0.0,0.9992,0.0,0.0011,0.0,184.74,184.74,184.74,186.73
2026-10-09T13:00:11+00:00,QQQ,2026-10-09,0,753.0,590.0,C,156.33,160.03,158.18,158.7,13,8,0.0,0.9989,0.0001,0.0014,0.0,165.24,165.54,158.7,156.82
2026-10-09T13:00:11+00:00,QQQ,2026-10-09,0,753.0,595.0,C,151.33,155.13,153.23,159.28,10,17,0.0,0.9989,0.0001,0.0015,0.0,159.28,159.28,159.28,151.74
2026-10-09T13:00:11+00:00,QQQ,2026-10-09,0,753.0,600.0,C,146.33,150.03,148.18,146.74,12,20,0.0,0.9988,0.0001,0.0016,0.0,147.78,147.78,146.74,146.745
2026-10-09T13:00:11+00:00,QQQ,2026-10-09,0,753.0,605.0,C,141.33,144.99,143.16,148.34,10,13,0.0,0.9988,0.0001,0.0017,0.0,147.89,148.34,147.89,141.77
2026-10-09T13:00:11+00:00,QQQ,2026-10-09,0,753.0,620.0,C,126.34,130.16,128.25,127.97,6,9,0.0,0.9985,0.0001,0.0019,0.0,126.59,127.97,126.59,126.855
2026-10-09T13:00:11+00:00,QQQ,2026-10-09,0,753.0,625.0,C,121.34,125.14,123.24,121.59,4,13,0.0,0.9985,0.0001,0.002,0.0,121.48,121.59,121.15,121.755
2026-10-09T13:00:11+00:00,QQQ,2026-10-09,0,753.0,630.0,C,116.34,120.14,118.24,116.16,19,25,0.0,0.9984,0.0001,0.0021,0.0,116.22,116.22,116.16,116.76
2026-10-09T13:00:11+00:00,QQQ,2026-10-09,0,753.0,640.0,C,106.35,110.05,108.2,106.5,11,9,0.0,0.9982,0.0001,0.0023,0.0,106.11,106.5,106.11,106.885
2026-10-09T13:00:11+00:00,QQQ,2026-10-09,0,753.0,645.0,C,101.35,105.18,103.265,110.72,2,4,0.8589,0.9981,0.0002,0.0025,0.0,110.7,110.72,110.7,101.765
2026-10-09T13:00:11+00:00,QQQ,2026-10-09,0,753.0,650.0,C,96.35,100.15,98.25,96.3,23,74,0.0,0.9979,0.0002,0.0026,0.0,104.26,104.26,94.63,96.76
2026-10-09T13:00:11+00:00,QQQ,2026-10-09,0,753.0,655.0,C,91.35,95.06,93.205,90.66,14,15,0.0,0.9978,0.0002,0.0028,0.0,98.1,98.23,90.66,91.94
2026-10-09T13:00:11+00:00,QQQ,2026-10-09,0,753.0,660.0,C,86.36,90.16,88.26,86.01,4,92,0.0,0.9976,0.0002,0.0029,0.0,94.55,94.55,86.01,86.765
2026-10-09T13:00:11+00:00,QQQ,2026-10-09,0,753.0,665.0,C,81.36,85.17,83.265,80.35,6,56,0.0,0.9975,0.0002,0.0031,0.0,88.07,88.07,80.35,81.76
2026-10-09T13:00:11+00:00,QQQ,2026-10-09,0,753.0,670.0,C,76.36,80.19,78.275,75.85,7,22,0.6619,0.9973,0.0003,0.0034,0.0,85.52,85.52,75.85,76.76
2026-10-09T13:00:11+00:00,QQQ,2026-10-09,0,753.0,675.0,C,71.37,75.07,73.22,71.31,21,63,0.0,0.9971,0.0003,0.0036,0.0,74.74,74.74,69.69,71.76
2026-10-09T13:00:11+00:00,QQQ,2026-10-09,0,753.0,676.0,C,70.37,74.07,72.22,68.41,10,12,0.0,0.997,0.0003,0.0037,0.0,68.41,68.41,68.41,70.795
2026-10-09T13:00:11+00:00,QQQ,2026-10-09,0,753.0,678.0,C,68.36,72.21,70.285,67.3,1,3,0.6434,0.9969,0.0004,0.0038,0.0,67.3,67.3,67.3,68.88
2026-10-09T13:00:11+00:00,QQQ,2026-10-09,0,753.0,680.0,C,66.37,70.21,68.29,67.15,7,37,0.6437,0.9968,0.0004,0.0039,0.0,76.25,76.6,67.15,66.825
2026-10-09T13:00:11+00:00,QQQ,2026-10-09,0,753.0,682.0,C,64.37,68.21,66.29,72.05,2,5,0.6229,0.9967,0.0004,0.004,-0.0004,72.06,72.06,72.05,64.775
2026-10-09T13:00:11+00:00,QQQ,2026-10-09,0,753.0,685.0,C,61.37,65.22,63.295,62.12,2,11,0.6091,0.9965,0.0004,0.0042,-0.0019,62.12,62.12,62.12,62.005
2026-10-09T13:00:11+00:00,QQQ,2026-10-09,0,753.0,687.0,C,59.37,63.19,61.28,66.27,3,10,0.5093,0.9964,0.0004,0.0044,-0.0029,66.27,66.3,66.27,59.775
2026-10-09T13:00:11+00:00,QQQ,2026-10-09,0,753.0,688.0,C,58.37,62.18,60.275,59.48,3,12,0.0,0.9963,0.0005,0.0044,-0.0034,59.48,59.48,59.48,59.01
2026-10-09T13:00:11+00:00,QQQ,2026-10-09,0,753.0,690.0,C,56.37,60.18,58.275,57.03,37,102,0.0,0.9962,0.0005,0.0046,-0.0044,64.08,67.05,57.03,56.785
2026-10-09T13:00:11+00:00,QQQ,2026-10-09,0,753.0,692.0,C,54.37,58.22,56.295,64.19,1,15,0.5376,0.996,0.0005,0.0048,-0.0055,64.19,64.19,64.19,54.895
2026-10-09T13:00:11+00:00,QQQ,2026-10-09,0,753.0,694.0,C,52.38,56.22,54.3,59.26,5,20,0.5315,0.9959,0.0006,0.005,-0.0066,59.2,59.38,59.2,52.785
2026-10-09T13:00:11+00:00,QQQ,2026-10-09,0,753.0,695.0,C,51.38,55.22,53.3,52.68,12,20,0.5214,0.9958,0.0006,0.0051,-0.0071,60.33,60.33,52.68,51.935
2026-10-09T13:00:11+00:00,QQQ,2026-10-09,0,753.0,697.0,C,49.38,53.17,51.275,57.68,1,69,0.0,0.9956,0.0006,0.0053,-0.0082,57.68,57.68,57.68,49.91
2026-10-09T13:00:11+00:00,QQQ,2026-10-09,0,753.0,698.0,C,48.38,52.03,50.205,49.16,1,17,0.0,0.9955,0.0007,0.0054,-0.0088,49.16,49.16,49.16,48.86
2026-10-09T13:00:11+00:00,QQQ,2026-10-09,0,753.0,699.0,C,47.38,51.03,49.205,54.17,1,27,0.0,0.9954,0.0007,0.0055,-0.0094,54.17,54.17,54.17,47.955
2026-10-09T13:00:11+00:00,QQQ,2026-10-09,0,753.0,700.0,C,46.38,50.05,48.215,47.72,53,1197,0.0,0.9952,0.0007,0.0056,-0.01,54.15,56.77,45.6,46.89
2026-10-09T13:00:11+00:00,QQQ,2026-10-09,0,753.0,703.0,C,43.39,47.22,45.305,52.59,4,76,0.4524,0.9949,0.0008,0.0061,-0.012,52.97,53.01,52.45,43.795
2026-10-09T13:00:11+00:00,QQQ,2026-10-09,0,753.0,704.0,C,42.39,46.09,44.24,44.61,3,64,0.0,0.9947,0.0008,0.0062,-0.0126,52.23,52.23,44.61,42.8
2026-10-09T13:00:11+00:00,QQQ,2026-10-09,0,753.0,705.0,C,41.39,45.21,43.3,42.07,37,361,0.421,0.9946,0.0009,0.0064,-0.0134,49.27,52.23,42.07,42.03
2026-10-09T13:00:11+00:00,QQQ,2026-10-09,0,753.0,706.0,C,40.39,44.21,42.3,50.96,2,230,0.411,0.9944,0.0009,0.0066,-0.0141,50.15,50.96,50.15,40.805
2026-10-09T13:00:11+00:00,QQQ,2026-10-09,0,753.0,707.0,C,39.39,43.19,41.29,40.89,3,105,0.3661,0.9942,0.001,0.0068,-0.0149,49.15,49.96,40.89,40.03
2026-10-09T13:00:11+00:00,QQQ,2026-10-09,0,753.0,708.0,C,38.39,42.21,40.3,49.08,2,95,0.3911,0.994,0.001,0.007,-0.0157,48.16,49.08,48.16,39.03
2026-10-09T13:00:11+00:00,QQQ,2026-10-09,0,753.0,709.0,C,37.39,41.08,39.235,44.25,9,147,0.0,0.9938,0.0011,0.0072,-0.0166,47.74,48.66,44.25,37.975
2026-10-09T13:00:11+00:00,QQQ,2026-10-09,0,753.0,710.0,C,36.73,40.22,38.475,36.36,216,1045,0.513,0.9936,0.0011,0.0074,-0.0175,44.0,46.84,35.79,36.67
2026-10-09T13:00:11+00:00,QQQ,2026-10-09,0,753.0,712.0,C,34.87,38.2,36.535,34.7,11,656,0.5128,0.9931,0.0013,0.008,-0.0195,42.04,42.04,32.59,34.68
2026-10-09T13:00:11+00:00,QQQ,2026-10-09,0,753.0,713.0,C,33.88,35.8,34.84,41.26,5,141,0.0,0.9928,0.0014,0.0083,-0.0207,41.26,41.26,41.26,33.68
2026-10-09T13:00:11+00:00,QQQ,2026-10-09,0,753.0,714.0,C,32.88,34.81,33.845,33.42,9,163,0.0,0.9924,0.0014,0.0086,-0.022,38.71,41.24,33.42,32.685
2026-10-09T13:00:11+00:00,QQQ,2026-10-09,0,753.0,715.0,C,32.5,33.8,33.15,29.1,56,1010,0.0,0.9921,0.0015,0.009,-0.0234,39.46,40.72,29.09,31.69
2026-10-09T13:00:11+00:00,QQQ,2026-10-09,0,753.0,716.0,C,31.6,32.8,32.2,30.78,7,450,0.0,0.9916,0.0016,0.0094,-0.025,38.17,38.3,30.76,30.805
2026-10-09T13:00:11+00:00,QQQ,2026-10-09,0,753.0,717.0,C,29.92,33.21,31.565,29.31,3,392,0.4612,0.9912,0.0018,0.0099,-0.0267,36.9,36.9,29.31,29.705
2026-10-09T13:00:11+00:00,QQQ,2026-10-09,0,753.0,718.0,C,28.93,30.81,29.87,28.76,5,342,0.0,0.9906,0.0019,0.0105,-0.0288,28.33,29.53,27.9,28.705
2026-10-09T13:00:11+00:00,QQQ,2026-10-09,0,753.0,719.0,C,27.93,29.82,28.875,28.2,3,568,0.0,0.99,0.0021,0.0111,-0.0311,32.66,32.66,28.2,27.715
2026-10-09T13:00:11+00:00,QQQ,2026-10-09,0,753.0,720.0,C,27.62,28.83,28.225,28.26,55,1343,0.0,0.9893,0.0022,0.0118,-0.0338,34.31,36.8,25.43,26.895
2026-10-09T13:00:11+00:00,QQQ,2026-10-09,0,753.0,721.0,C,25.94,27.83,26.885,25.73,22,488,0.0,0.9884,0.0025,0.0126,-0.037,33.31,34.65,25.31,25.725
2026-10-09T13:00:11+00:00,QQQ,2026-10-09,0,753.0,722.0,C,24.98,26.83,25.905,24.76,10,333,0.0,0.9874,0.0027,0.0135,-0.0407,32.24,33.27,24.16,24.735
2026-10-09T13:00:11+00:00,QQQ,2026-10-09,0,753.0,723.0,C,23.95,25.84,24.895,23.89,154,279,0.0,0.9862,0.003,0.0146,-0.0451,31.2,31.2,23.82,23.825
2026-10-09T13:00:11+00:00,QQQ,2026-10-09,0,753.0,724.0,C,22.97,24.84,23.905,22.64,115,257,0.0,0.9848,0.0033,0.0159,-0.0503,30.57,30.57,22.64,22.755
2026-10-09T13:00:11+00:00,QQQ,2026-10-09,0,753.0,725.0,C,22.48,23.72,23.1,22.46,126,1333,0.0,0.9832,0.0037,0.0174,-0.0566,29.76,31.25,20.41,21.875
2026-10-09T13:00:11+00:00,QQQ,2026-10-09,0,753.0,726.0,C,21.66,22.84,22.25,22.41,66,180,0.0,0.9811,0.0042,0.0191,-0.0642,28.32,28.37,20.72,20.8
2026-10-09T13:00:11+00:00,QQQ,2026-10-09,0,753.0,727.0,C,20.67,21.74,21.205,19.95,6,204,0.0,0.9787,0.0048,0.0212,-0.0733,29.23,29.23,19.95,19.845
2026-10-09T13:00:11+00:00,QQQ,2026-10-09,0,753.0,728.0,C,19.68,20.64,20.16,19.28,167,462,0.0,0.9758,0.0054,0.0236,-0.0843,25.24,27.03,16.61,18.82
2026-10-09T13:00:11+00:00,QQQ,2026-10-09,0,753.0,729.0,C,18.83,19.87,19.35,17.75,33,348,0.2362,0.9723,0.0062,0.0263,-0.0977,27.02,27.29,17.75,17.97
2026-10-09T13:00:11+00:00,QQQ,2026-10-09,0,753.0,730.0,C,17.93,18.64,18.285,17.25,203,1397,0.0,0.9681,0.0071,0.0295,-0.1139,24.25,26.53,14.77,17.01
2026-10-09T13:00:11+00:00,QQQ,2026-10-09,0,753.0,731.0,C,16.75,17.67,17.21,17.56,18,413,0.0,0.9631,0.0082,0.0332,-0.1336,22.73,24.98,15.63,15.89
2026-10-09T13:00:11+00:00,QQQ,2026-10-09,0,753.0,732.0,C,15.61,16.79,16.2,14.97,197,596,0.0,0.9571,0.0095,0.0375,-0.1575,22.21,24.09,12.87,14.955
2026-10-09T13:00:11+00:00,QQQ,2026-10-09,0,753.0,733.0,C,14.82,15.94,15.38,13.61,98,451,0.2061,0.9499,0.0109,0.0423,-0.1864,21.4,23.85,12.43,14.155
2026-10-09T13:00:11+00:00,QQQ,2026-10-09,0,753.0,734.0,C,13.84,14.75,14.295,13.86,93,1767,0.1183,0.9413,0.0126,0.0478,-0.2214,21.99,22.0,11.63,13.06
2026-10-09T13:00:11+00:00,QQQ,2026-10-09,0,753.0,735.0,C,13.24,13.8,13.52,13.6,620,1682,0.2205,0.9312,0.0146,0.054,-0.2636,20.97,21.43,10.3,12.27
2026-10-09T13:00:11+00:00,QQQ,2026-10-09,0,753.0,736.0,C,11.93,12.86,12.395,12.3,67,669,0.1762,0.9192,0.0168,0.0609,-0.3146,20.14,20.31,9.72,11.215
2026-10-09T13:00:11+00:00,QQQ,2026-10-09,0,753.0,737.0,C,11.3,11.9,11.6,10.54,78,312,0.2083,0.905,0.0194,0.0684,-0.3759,17.16,19.18,9.05,10.405
2026-10-09T13:00:11+00:00,QQQ,2026-10-09,0,753.0,738.0,C,10.36,10.98,10.67,10.22,170,1306,0.2049,0.8883,0.0222,0.0767,-0.4498,17.06,19.01,7.91,9.62
2026-10-09T13:00:11+00:00,QQQ,2026-10-09,0,753.0,739.0,C,9.66,10.06,9.86,9.89,280,1799,0.2143,0.8689,0.0254,0.0856,-0.5384,15.02,15.84,7.33,8.75
2026-10-09T13:00:11+00:00,QQQ,2026-10-09,0,753.0,740.0,C,8.88,9.01,8.945,8.96,1081,2675,0.2075,0.8463,0.0289,0.095,-0.6448,14.63,17.39,6.3,7.9
2026-10-09T13:00:11+00:00,QQQ,2026-10-09,0,753.0,741.0,C,8.0,8.16,8.08,8.07,550,1165,0.2041,0.8201,0.0326,0.1048,-0.7718,13.4,16.43,5.67,7.085
2026-10-09T13:00:11+00:00,QQQ,2026-10-09,0,753.0,742.0,C,7.16,7.3,7.23,7.27,865,649,0.1997,0.79,0.0366,0.1148,-0.9235,12.91,15.52,4.99,6.285
2026-10-09T13:00:11+00:00,QQQ,2026-10-09,0,753.0,743.0,C,6.35,6.48,6.415,6.35,3578,1770,0.1959,0.7558,0.0407,0.1247,-1.1038,11.51,14.12,4.39,5.52
2026-10-09T13:00:11+00:00,QQQ,2026-10-09,0,753.0,744.0,C,5.56,5.69,5.625,5.68,5357,1035,0.1915,0.7171,0.0448,0.134,-1.3176,10.25,13.23,3.77,4.81
2026-10-09T13:00:11+00:00,QQQ,2026-10-09,0,753.0,745.0,C,4.84,4.91,4.875,4.88,18679,4966,0.187,0.6739,0.0487,0.1425,-1.5698,9.85,12.55,3.23,4.14
2026-10-09T13:00:11+00:00,QQQ,2026-10-09,0,753.0,746.0,C,4.15,4.2,4.175,4.15,20884,1922,0.1827,0.6262,0.0523,0.1495,-1.8661,9.02,10.93,2.74,3.51
2026-10-09T13:00:11+00:00,QQQ,2026-10-09,0,753.0,747.0,C,3.5,3.54,3.52,3.53,43236,5193,0.1796,0.5743,0.0552,0.1544,-2.2077,8.05,10.76,2.27,2.945
2026-10-09T13:00:11+00:00,QQQ,2026-10-09,0,753.0,748.0,C,2.92,2.95,2.935,2.95,35068,8982,0.1772,0.519,0.0572,0.1569,-2.4885,7.57,9.78,1.87,2.435
2026-10-09T13:00:11+00:00,QQQ,2026-10-09,0,753.0,749.0,C,2.38,2.42,2.4,2.4,28633,9600,0.1744,0.4612,0.058,0.1564,-2.3401,6.2,8.74,1.53,1.975
2026-10-09T13:00:11+00:00,QQQ,2026-10-09,0,753.0,750.0,C,1.92,1.94,1.93,1.92,66087,13758,0.1714,0.4024,0.0575,0.1525,-1.9065,5.92,8.08,1.23,1.575
2026-10-09T13:00:11+00:00,QQQ,2026-10-09,0,753.0,751.0,C,1.5,1.53,1.515,1.53,17492,3618,0.1687,0.3442,0.0556,0.1454,-1.5008,5.22,7.3,0.98,1.245
2026-10-09T13:00:11+00:00,QQQ,2026-10-09,0,753.0,752.0,C,1.15,1.18,1.165,1.18,30496,7627,0.166,0.2881,0.0522,0.1353,-1.1579,4.32,6.48,0.77,0.965
2026-10-09T13:00:11+00:00,QQQ,2026-10-09,0,753.0,753.0,C,0.88,0.89,0.885,0.89,37347,7311,0.164,0.2359,0.0477,0.1227,-0.8748,3.93,5.67,0.61,0.735
2026-10-09T13:00:11+00:00,QQQ,2026-10-09,0,753.0,754.0,C,0.63,0.66,0.645,0.66,64141,16990,0.1612,0.1885,0.0423,0.1084,-0.6464,3.35,5.07,0.48,0.555
2026-10-09T13:00:11+00:00,QQQ,2026-10-09,0,753.0,755.0,C,0.45,0.47,0.46,0.47,87278,12707,0.1595,0.147,0.0364,0.093,-0.467,2.72,4.39,0.36,0.415
2026-10-09T13:00:11+00:00,QQQ,2026-10-09,0,753.0,756.0,C,0.32,0.33,0.325,0.33,40135,5861,0.1576,0.1119,0.0304,0.0777,-0.3302,2.28,3.75,0.25,0.305
2026-10-09T13:00:11+00:00,QQQ,2026-10-09,0,753.0,757.0,C,0.21,0.23,0.22,0.23,39399,6216,0.1583,0.0833,0.0246,0.0632,-0.2293,1.91,3.17,0.18,0.225
2026-10-09T13:00:11+00:00,QQQ,2026-10-09,0,753.0,758.0,C,0.15,0.16,0.155,0.16,30463,8434,0.1562,0.061,0.0194,0.0504,-0.1576,1.44,2.63,0.13,0.165
2026-10-09T13:00:11+00:00,QQQ,2026-10-09,0,753.0,759.0,C,0.11,0.12,0.115,0.12,18591,4072,0.1588,0.0441,0.015,0.0395,-0.1077,1.15,2.16,0.09,0.125
2026-10-09T13:00:11+00:00,QQQ,2026-10-09,0,753.0,760.0,C,0.07,0.08,0.075,0.08,52224,17370,0.1579,0.032,0.0115,0.0308,-0.0746,0.98,1.75,0.06,0.095
2026-10-09T13:00:11+00:00,QQQ,2026-10-09,0,753.0,761.0,C,0.05,0.06,0.055,0.05,11857,4551,0.1608,0.0237,0.0088,0.0242,-0.0538,0.77,1.4,0.04,0.075
2026-10-09T13:00:11+00:00,QQQ,2026-10-09,0,753.0,762.0,C,0.04,0.05,0.045,0.05,16507,4524,0.1662,0.0181,0.0069,0.0195,-0.0404,0.59,1.1,0.03,0.065
2026-10-09T13:00:11+00:00,QQQ,2026-10-09,0,753.0,763.0,C,0.03,0.04,0.035,0.04,8693,3803,0.17,0.0143,0.0054,0.016,-0.0316,0.44,0.85,0.02,0.045
2026-10-09T13:00:11+00:00,QQQ,2026-10-09,0,753.0,764.0,C,0.02,0.03,0.025,0.03,6144,2749,0.172,0.0118,0.0045,0.0136,-0.0264,0.34,0.64,0.02,0.035
2026-10-09T13:00:11+00:00,QQQ,2026-10-09,0,753.0,765.0,C,0.02,0.03,0.025,0.03,7969,7567,0.1814,0.0101,0.0038,0.0119,-0.023,0.26,0.49,0.01,0.035
2026-10-09T13:00:11+00:00,QQQ,2026-10-09,0,753.0,766.0,C,0.01,0.02,0.015,0.02,5812,2567,0.1794,0.0089,0.0033,0.0107,-0.0207,0.2,0.36,0.01,0.025
2026-10-09T13:00:11+00:00,QQQ,2026-10-09,0,753.0,767.0,C,0.01,0.02,0.015,0.02,5223,3309,0.1883,0.008,0.0029,0.0097,-0.0191,0.12,0.28,0.01,0.025
2026-10-09T13:00:11+00:00,QQQ,2026-10-09,0,753.0,768.0,C,0.01,0.02,0.015,0.01,4233,3245,0.197,0.0073,0.0025,0.0089,-0.0179,0.09,0.21,0.01,0.015
2026-10-09T13:00:11+00:00,QQQ,2026-10-09,0,753.0,769.0,C,0.01,0.02,0.015,0.01,1932,2360,0.2059,0.0067,0.0023,0.0083,-0.017,0.06,0.15,0.01,0.015
2026-10-09T13:00:11+00:00,QQQ,2026-10-09,0,753.0,770.0,C,0.01,0.02,0.015,0.01,11604,9045,0.2142,0.0062,0.002,0.0077,-0.0161,0.05,0.12,0.01,0.015
2026-10-09T13:00:11+00:00,QQQ,2026-10-09,0,753.0,771.0,C,0.01,0.02,0.015,0.02,1126,1228,0.2228,0.0059,0.0019,0.0073,-0.0156,0.03,0.09,0.01,0.015
2026-10-09T13:00:11+00:00,QQQ,2026-10-09,0,753.0,772.0,C,0.01,0.02,0.015,0.01,1033,2723,0.2314,0.0055,0.0017,0.0069,-0.0151,0.05,0.07,0.01,0.015
2026-10-09T13:00:11+00:00,QQQ,2026-10-09,0,753.0,773.0,C,0.01,0.02,0.015,0.01,1803,1918,0.24,0.0053,0.0016,0.0066,-0.0148,0.05,0.06,0.01,0.015
2026-10-09T13:00:11+00:00,QQQ,2026-10-09,0,753.0,774.0,C,0.0,0.02,0.02,0.02,2122,2171,0.2382,0.005,0.0015,0.0063,-0.0144,0.04,0.04,0.01,0.005
2026-10-09T13:00:11+00:00,QQQ,2026-10-09,0,753.0,775.0,C,0.0,0.02,0.01,0.01,964,7727,0.2464,0.0048,0.0014,0.006,-0.0142,0.01,0.07,0.01,0.005
2026-10-09T13:00:11+00:00,QQQ,2026-10-09,0,753.0,776.0,C,0.0,0.01,0.01,0.01,785,1057,0.2384,0.0046,0.0013,0.0058,-0.0139,0.01,0.03,0.01,0.005
2026-10-09T13:00:11+00:00,QQQ,2026-10-09,0,753.0,777.0,C,0.0,0.01,0.01,0.01,1109,1681,0.2464,0.0043,0.0012,0.0054,-0.0133,0.01,0.02,0.01,0.015
2026-10-09T13:00:11+00:00,QQQ,2026-10-09,0,753.0,778.0,C,0.0,0.01,0.01,0.01,839,1084,0.2541,0.0041,0.0011,0.0052,-0.0131,0.01,0.03,0.01,0.005
2026-10-09T13:00:11+00:00,QQQ,2026-10-09,0,753.0,779.0,C,0.0,0.01,0.01,0.01,650,658,0.2617,0.004,0.001,0.005,-0.0129,0.01,0.02,0.01,0.005
2026-10-09T13:00:11+00:00,QQQ,2026-10-09,0,753.0,780.0,C,0.0,0.01,0.01,0.01,1317,8418,0.2692,0.0039,0.001,0.0049,-0.0129,0.01,0.02,0.01,0.005
2026-10-09T13:00:11+00:00,QQQ,2026-10-09,0,753.0,781.0,C,0.0,0.01,0.01,0.01,210,616,0.2767,0.0037,0.0009,0.0047,-0.0128,0.01,0.01,0.01,0.005
2026-10-09T13:00:11+00:00,QQQ,2026-10-09,0,753.0,782.0,C,0.0,0.01,0.01,0.01,43,1243,0.2843,0.0036,0.0009,0.0046,-0.0126,0.01,0.01,0.01,0.005
2026-10-09T13:00:11+00:00,QQQ,2026-10-09,0,753.0,783.0,C,0.0,0.01,0.01,0.01,465,614,0.2918,0.0035,0.0008,0.0045,-0.0125,0.01,0.02,0.01,0.005
2026-10-09T13:00:11+00:00,QQQ,2026-10-09,0,753.0,784.0,C,0.0,0.01,0.01,0.01,0,278,0.2992,0.0034,0.0008,0.0043,-0.0124,0.0,0.0,0.0,0.005
2026-10-09T13:00:11+00:00,QQQ,2026-10-09,0,753.0,785.0,C,0.0,0.01,0.01,0.01,97,5635,0.3067,0.0033,0.0008,0.0042,-0.0123,0.01,0.01,0.01,0.005
2026-10-09T13:00:11+00:00,QQQ,2026-10-09,0,753.0,786.0,C,0.0,0.01,0.01,0.01,13,78,0.3141,0.0032,0.0007,0.0041,-0.0123,0.01,0.01,0.01,0.005
2026-10-09T13:00:11+00:00,QQQ,2026-10-09,0,753.0,787.0,C,0.0,0.01,0.01,0.01,0,103,0.3217,0.0031,0.0007,0.004,-0.012,0.0,0.0,0.0,0.005
2026-10-09T13:00:11+00:00,QQQ,2026-10-09,0,753.0,788.0,C,0.0,0.01,0.02,0.02,0,266,0.3291,0.003,0.0006,0.0039,-0.0119,0.0,0.0,0.0,0.005
2026-10-09T13:00:11+00:00,QQQ,2026-10-09,0,753.0,789.0,C,0.0,0.01,0.01,0.01,0,19,0.3364,0.003,0.0006,0.0038,-0.0118,0.0,0.0,0.0,0.005
2026-10-09T13:00:11+00:00,QQQ,2026-10-09,0,753.0,790.0,C,0.0,0.01,0.02,0.02,13,3401,0.3436,0.0029,0.0006,0.0037,-0.012,0.01,0.02,0.01,0.005
2026-10-09T13:00:11+00:00,QQQ,2026-10-09,0,753.0,791.0,C,0.0,0.01,0.01,0.01,1,113,0.351,0.0029,0.0006,0.0036,-0.0119,0.01,0.01,0.01,0.005
2026-10-09T13:00:11+00:00,QQQ,2026-10-09,0,753.0,792.0,C,0.0,0.01,0.01,0.01,1,203,0.3582,0.0028,0.0006,0.0036,-0.0119,0.01,0.01,0.01,0.005
2026-10-09T13:00:11+00:00,QQQ,2026-10-09,0,753.0,793.0,C,0.0,0.01,0.01,0.01,20,214,0.3656,0.0027,0.0005,0.0034,-0.0116,0.01,0.01,0.01,0.005
2026-10-09T13:00:11+00:00,QQQ,2026-10-09,0,753.0,800.0,C,0.0,0.01,0.01,0.01,1,1453,0.416,0.0024,0.0004,0.003,-0.0114,0.01,0.01,0.01,0.005
2026-10-09T13:00:11+00:00,QQQ,2026-10-09,0,753.0,810.0,C,0.0,0.01,0.01,0.01,40,492,0.4863,0.002,0.0003,0.0026,-0.0111,0.01,0.01,0.01,0.005
2026-10-09T13:00:11+00:00,QQQ,2026-10-09,0,753.0,815.0,C,0.0,0.01,0.01,0.01,15,558,0.5208,0.0019,0.0003,0.0024,-0.0109,0.01,0.01,0.01,0.005
2026-10-09T13:00:11+00:00,QQQ,2026-10-09,0,753.0,950.0,C,0.0,0.01,0.01,0.01,1,12,1.3417,0.0007,0.0,0.0009,-0.0087,0.01,0.01,0.01,0.005
2026-10-09T13:00:11+00:00,QQQ,2026-10-09,0,753.0,450.0,P,0.0,0.01,0.01,0.01,1,2570,2.7865,-0.0004,0.0,0.0005,-0.0098,0.01,0.01,0.01,0.005
2026-10-09T13:00:11+00:00,QQQ,2026-10-09,0,753.0,510.0,P,0.0,0.01,0.01,0.01,14,872,2.1317,-0.0006,0.0,0.0008,-0.0129,0.01,0.01,0.01,0.005
2026-10-09T13:00:11+00:00,QQQ,2026-10-09,0,753.0,515.0,P,0.0,0.01,0.01,0.01,213,8545,2.0804,-0.0006,0.0,0.0008,-0.0132,0.01,0.01,0.01,0.005
2026-10-09T13:00:11+00:00,QQQ,2026-10-09,0,753.0,520.0,P,0.0,0.01,0.01,0.01,266,904,2.0295,-0.0006,0.0,0.0008,-0.0135,0.01,0.01,0.01,0.005
2026-10-09T13:00:11+00:00,QQQ,2026-10-09,0,753.0,525.0,P,0.0,0.01,0.01,0.01,558,955,1.9791,-0.0006,0.0,0.0009,-0.0138,0.01,0.02,0.01,0.005
2026-10-09T13:00:11+00:00,QQQ,2026-10-09,0,753.0,530.0,P,0.0,0.01,0.01,0.01,1540,2344,1.9291,-0.0007,0.0,0.0009,-0.014,0.01,0.02,0.01,0.005
2026-10-09T13:00:11+00:00,QQQ,2026-10-09,0,753.0,535.0,P,0.0,0.01,0.01,0.01,204,753,1.8795,-0.0007,0.0,0.0009,-0.0143,0.01,0.01,0.01,0.005
2026-10-09T13:00:11+00:00,QQQ,2026-10-09,0,753.0,540.0,P,0.0,0.01,0.01,0.01,879,1527,1.8303,-0.0007,0.0,0.001,-0.0146,0.02,0.02,0.01,0.005
2026-10-09T13:00:11+00:00,QQQ,2026-10-09,0,753.0,545.0,P,0.0,0.01,0.01,0.01,438,1645,1.7816,-0.0008,0.0,0.001,-0.0149,0.01,0.01,0.01,0.005
2026-10-09T13:00:11+00:00,QQQ,2026-10-09,0,753.0,550.0,P,0.0,0.01,0.01,0.01,267,2664,1.7332,-0.0008,0.0,0.001,-0.0152,0.01,0.02,0.01,0.005
2026-10-09T13:00:11+00:00,QQQ,2026-10-09,0,753.0,555.0,P,0.0,0.01,0.01,0.01,301,1578,1.6852,-0.0008,0.0,0.0011,-0.0155,0.01,0.02,0.01,0.005
2026-10-09T13:00:11+00:00,QQQ,2026-10-09,0,753.0,560.0,P,0.0,0.01,0.01,0.01,513,1074,1.6375,-0.0009,0.0,0.0011,-0.0158,0.01,0.02,0.01,0.005
2026-10-09T13:00:11+00:00,QQQ,2026-10-09,0,753.0,565.0,P,0.0,0.01,0.01,0.01,1395,2654,1.5903,-0.0009,0.0,0.0012,-0.0161,0.01,0.02,0.01,0.005
2026-10-09T13:00:11+00:00,QQQ,2026-10-09,0,753.0,570.0,P,0.0,0.01,0.01,0.01,417,3069,1.5434,-0.001,0.0,0.0012,-0.0164,0.01,0.02,0.01,0.005
2026-10-09T13:00:11+00:00,QQQ,2026-10-09,0,753.0,575.0,P,0.01,0.02,0.015,0.01,16688,18035,1.4968,-0.001,0.0,0.0013,-0.0167,0.01,0.01,0.01,0.005
2026-10-09T13:00:11+00:00,QQQ,2026-10-09,0,753.0,580.0,P,0.01,0.02,0.015,0.01,4306,5792,1.4506,-0.001,0.0,0.0013,-0.017,0.02,0.02,0.01,0.005
2026-10-09T13:00:11+00:00,QQQ,2026-10-09,0,753.0,585.0,P,0.01,0.02,0.015,0.01,1141,2037,1.5269,-0.0011,0.0001,0.0014,-0.0173,0.01,0.02,0.01,0.015
2026-10-09T13:00:11+00:00,QQQ,2026-10-09,0,753.0,590.0,P,0.01,0.02,0.015,0.01,5391,6296,1.4778,-0.0011,0.0001,0.0014,-0.0176,0.01,0.02,0.01,0.005
2026-10-09T13:00:11+00:00,QQQ,2026-10-09,0,753.0,595.0,P,0.01,0.02,0.015,0.01,1488,1648,1.4291,-0.0012,0.0001,0.0015,-0.0179,0.01,0.02,0.01,0.015
2026-10-09T13:00:11+00:00,QQQ,2026-10-09,0,753.0,600.0,P,0.01,0.02,0.015,0.01,17327,18857,1.3806,-0.0012,0.0001,0.0016,-0.0182,0.01,0.02,0.01,0.015
2026-10-09T13:00:11+00:00,QQQ,2026-10-09,0,753.0,605.0,P,0.01,0.02,0.015,0.01,2317,2814,1.3325,-0.0013,0.0001,0.0017,-0.0186,0.01,0.02,0.01,0.015
2026-10-09T13:00:11+00:00,QQQ,2026-10-09,0,753.0,610.0,P,0.01,0.02,0.015,0.01,961,1124,1.2847,-0.0014,0.0001,0.0017,-0.0189,0.02,0.02,0.01,0.005
2026-10-09T13:00:11+00:00,QQQ,2026-10-09,0,753.0,615.0,P,0.01,0.02,0.015,0.01,543,1124,1.2371,-0.0014,0.0001,0.0018,-0.0192,0.01,0.02,0.01,0.015
2026-10-09T13:00:11+00:00,QQQ,2026-10-09,0,753.0,620.0,P,0.01,0.02,0.015,0.01,727,1770,1.1899,-0.0015,0.0001,0.0019,-0.0196,0.01,0.02,0.01,0.015
2026-10-09T13:00:11+00:00,QQQ,2026-10-09,0,753.0,625.0,P,0.01,0.02,0.015,0.01,4912,3918,1.1429,-0.0016,0.0001,0.002,-0.0199,0.01,0.02,0.01,0.015
2026-10-09T13:00:11+00:00,QQQ,2026-10-09,0,753.0,630.0,P,0.01,0.02,0.015,0.01,671,678,1.0961,-0.0017,0.0001,0.0021,-0.0202,0.01,0.02,0.01,0.015
2026-10-09T13:00:11+00:00,QQQ,2026-10-09,0,753.0,635.0,P,0.01,0.02,0.015,0.02,1602,710,1.0496,-0.0018,0.0001,0.0022,-0.0206,0.02,0.02,0.01,0.015
2026-10-09T13:00:11+00:00,QQQ,2026-10-09,0,753.0,640.0,P,0.01,0.02,0.015,0.01,419,1706,1.0034,-0.0019,0.0001,0.0023,-0.021,0.02,0.02,0.01,0.015
2026-10-09T13:00:11+00:00,QQQ,2026-10-09,0,753.0,645.0,P,0.01,0.02,0.015,0.01,254,1131,0.9573,-0.002,0.0002,0.0025,-0.0213,0.01,0.02,0.01,0.015
2026-10-09T13:00:11+00:00,QQQ,2026-10-09,0,753.0,650.0,P,0.01,0.02,0.015,0.02,322,2327,0.9115,-0.0021,0.0002,0.0026,-0.0217,0.01,0.03,0.01,0.015
2026-10-09T13:00:11+00:00,QQQ,2026-10-09,0,753.0,655.0,P,0.01,0.03,0.02,0.01,751,2971,0.8886,-0.0023,0.0002,0.0028,-0.0222,0.01,0.02,0.01,0.015
2026-10-09T13:00:11+00:00,QQQ,2026-10-09,0,753.0,660.0,P,0.01,0.03,0.02,0.01,1571,3978,0.8421,-0.0024,0.0002,0.003,-0.0226,0.01,0.02,0.01,0.015
2026-10-09T13:00:11+00:00,QQQ,2026-10-09,0,753.0,665.0,P,0.01,0.03,0.02,0.02,1751,2444,0.7958,-0.0026,0.0002,0.0032,-0.023,0.02,0.03,0.01,0.015
2026-10-09T13:00:11+00:00,QQQ,2026-10-09,0,753.0,670.0,P,0.01,0.03,0.02,0.01,834,2540,0.7496,-0.0028,0.0003,0.0034,-0.0235,0.04,0.04,0.01,0.015
2026-10-09T13:00:11+00:00,QQQ,2026-10-09,0,753.0,675.0,P,0.01,0.02,0.015,0.02,1615,2079,0.685,-0.003,0.0003,0.0036,-0.024,0.02,0.03,0.01,0.015
2026-10-09T13:00:11+00:00,QQQ,2026-10-09,0,753.0,676.0,P,0.01,0.03,0.02,0.03,791,2470,0.6943,-0.003,0.0003,0.0037,-0.024,0.02,0.03,0.01,0.015
2026-10-09T13:00:11+00:00,QQQ,2026-10-09,0,753.0,677.0,P,0.02,0.03,0.025,0.03,2063,1366,0.7003,-0.0031,0.0003,0.0037,-0.0242,0.06,0.06,0.01,0.015
2026-10-09T13:00:11+00:00,QQQ,2026-10-09,0,753.0,678.0,P,0.02,0.03,0.025,0.03,1667,1999,0.6909,-0.0031,0.0004,0.0038,-0.0243,0.01,0.04,0.01,0.015
2026-10-09T13:00:11+00:00,QQQ,2026-10-09,0,753.0,679.0,P,0.02,0.03,0.025,0.02,2137,2159,0.6816,-0.0032,0.0004,0.0038,-0.0244,0.02,0.03,0.01,0.015
2026-10-09T13:00:11+00:00,QQQ,2026-10-09,0,753.0,680.0,P,0.02,0.03,0.025,0.02,627,8727,0.6722,-0.0032,0.0004,0.0039,-0.0245,0.01,0.04,0.01,0.015
2026-10-09T13:00:11+00:00,QQQ,2026-10-09,0,753.0,681.0,P,0.02,0.03,0.025,0.02,3522,6823,0.6629,-0.0033,0.0004,0.004,-0.0247,0.02,0.03,0.01,0.015
2026-10-09T13:00:11+00:00,QQQ,2026-10-09,0,753.0,682.0,P,0.02,0.03,0.025,0.02,1685,1665,0.6535,-0.0034,0.0004,0.004,-0.0248,0.04,0.04,0.02,0.025
2026-10-09T13:00:11+00:00,QQQ,2026-10-09,0,753.0,683.0,P,0.02,0.03,0.025,0.04,3051,3175,0.6442,-0.0034,0.0004,0.0041,-0.0249,0.01,0.04,0.01,0.025
2026-10-09T13:00:11+00:00,QQQ,2026-10-09,0,753.0,684.0,P,0.02,0.03,0.025,0.02,3195,3030,0.6348,-0.0035,0.0004,0.0042,-0.025,0.02,0.03,0.02,0.025
2026-10-09T13:00:11+00:00,QQQ,2026-10-09,0,753.0,685.0,P,0.02,0.03,0.025,0.03,4771,3758,0.6255,-0.0035,0.0004,0.0042,-0.0252,0.02,0.03,0.01,0.025
2026-10-09T13:00:11+00:00,QQQ,2026-10-09,0,753.0,686.0,P,0.02,0.03,0.025,0.02,3368,7960,0.6162,-0.0036,0.0004,0.0043,-0.0253,0.03,0.04,0.01,0.025
2026-10-09T13:00:11+00:00,QQQ,2026-10-09,0,753.0,687.0,P,0.02,0.03,0.025,0.03,1383,3101,0.6068,-0.0037,0.0004,0.0044,-0.0254,0.02,0.03,0.01,0.025
2026-10-09T13:00:11+00:00,QQQ,2026-10-09,0,753.0,688.0,P,0.02,0.03,0.025,0.03,3002,4727,0.5975,-0.0037,0.0005,0.0045,-0.0256,0.02,0.04,0.01,0.025
2026-10-09T13:00:11+00:00,QQQ,2026-10-09,0,753.0,689.0,P,0.02,0.03,0.025,0.03,4021,939,0.5882,-0.0038,0.0005,0.0045,-0.0257,0.02,0.04,0.01,0.025
2026-10-09T13:00:11+00:00,QQQ,2026-10-09,0,753.0,690.0,P,0.02,0.03,0.025,0.03,3833,3470,0.5788,-0.0039,0.0005,0.0046,-0.0259,0.03,0.04,0.01,0.025
2026-10-09T13:00:11+00:00,QQQ,2026-10-09,0,753.0,691.0,P,0.02,0.03,0.025,0.03,1734,1693,0.5695,-0.004,0.0005,0.0047,-0.026,0.02,0.04,0.02,0.025
2026-10-09T13:00:11+00:00,QQQ,2026-10-09,0,753.0,692.0,P,0.02,0.03,0.025,0.03,1169,1447,0.5602,-0.004,0.0005,0.0048,-0.0262,0.03,0.04,0.02,0.025
2026-10-09T13:00:11+00:00,QQQ,2026-10-09,0,753.0,693.0,P,0.02,0.03,0.025,0.03,1758,1826,0.5509,-0.0041,0.0006,0.0049,-0.0264,0.02,0.04,0.02,0.025
2026-10-09T13:00:11+00:00,QQQ,2026-10-09,0,753.0,694.0,P,0.02,0.03,0.025,0.03,2082,2153,0.5415,-0.0042,0.0006,0.005,-0.0265,0.02,0.04,0.01,0.025
2026-10-09T13:00:11+00:00,QQQ,2026-10-09,0,753.0,695.0,P,0.02,0.03,0.025,0.03,3419,3551,0.5322,-0.0043,0.0006,0.0051,-0.0267,0.03,0.04,0.01,0.025
2026-10-09T13:00:11+00:00,QQQ,2026-10-09,0,753.0,696.0,P,0.02,0.03,0.025,0.03,3682,3809,0.5229,-0.0044,0.0006,0.0052,-0.0269,0.02,0.05,0.01,0.025
2026-10-09T13:00:11+00:00,QQQ,2026-10-09,0,753.0,697.0,P,0.02,0.03,0.025,0.03,5791,4420,0.5135,-0.0045,0.0006,0.0053,-0.0271,0.02,0.04,0.01,0.025
2026-10-09T13:00:11+00:00,QQQ,2026-10-09,0,753.0,698.0,P,0.02,0.03,0.025,0.03,2962,2587,0.5042,-0.0046,0.0007,0.0054,-0.0273,0.02,0.05,0.02,0.025
2026-10-09T13:00:11+00:00,QQQ,2026-10-09,0,753.0,699.0,P,0.02,0.03,0.025,0.03,4276,3101,0.4949,-0.0047,0.0007,0.0055,-0.0276,0.02,0.05,0.01,0.025
2026-10-09T13:00:11+00:00,QQQ,2026-10-09,0,753.0,700.0,P,0.02,0.03,0.025,0.03,2922,6755,0.4856,-0.0048,0.0007,0.0057,-0.0278,0.02,0.06,0.01,0.025
2026-10-09T13:00:11+00:00,QQQ,2026-10-09,0,753.0,701.0,P,0.02,0.03,0.025,0.02,6274,7373,0.4762,-0.0049,0.0008,0.0058,-0.028,0.02,0.06,0.02,0.025
2026-10-09T13:00:11+00:00,QQQ,2026-10-09,0,753.0,702.0,P,0.02,0.03,0.025,0.03,4797,4808,0.4669,-0.0051,0.0008,0.0059,-0.0283,0.02,0.06,0.02,0.025
2026-10-09T13:00:11+00:00,QQQ,2026-10-09,0,753.0,703.0,P,0.02,0.04,0.03,0.03,779,1946,0.4575,-0.0052,0.0008,0.0061,-0.0286,0.02,0.05,0.02,0.035
2026-10-09T13:00:11+00:00,QQQ,2026-10-09,0,753.0,704.0,P,0.03,0.04,0.035,0.03,1239,2012,0.465,-0.0053,0.0008,0.0062,-0.0289,0.03,0.06,0.02,0.035
2026-10-09T13:00:11+00:00,QQQ,2026-10-09,0,753.0,705.0,P,0.03,0.04,0.035,0.03,658,2713,0.4553,-0.0055,0.0009,0.0064,-0.0292,0.01,0.06,0.01,0.035
2026-10-09T13:00:11+00:00,QQQ,2026-10-09,0,753.0,706.0,P,0.03,0.04,0.035,0.03,451,2431,0.4457,-0.0057,0.0009,0.0066,-0.0296,0.02,0.07,0.02,0.035
2026-10-09T13:00:11+00:00,QQQ,2026-10-09,0,753.0,707.0,P,0.03,0.04,0.035,0.04,739,2027,0.436,-0.0058,0.001,0.0068,-0.03,0.02,0.08,0.01,0.035
2026-10-09T13:00:11+00:00,QQQ,2026-10-09,0,753.0,708.0,P,0.03,0.04,0.035,0.03,654,3741,0.4265,-0.006,0.001,0.007,-0.0305,0.04,0.08,0.02,0.035
2026-10-09T13:00:11+00:00,QQQ,2026-10-09,0,753.0,709.0,P,0.03,0.04,0.035,0.03,620,3867,0.4168,-0.0062,0.0011,0.0072,-0.031,0.03,0.09,0.03,0.035
2026-10-09T13:00:11+00:00,QQQ,2026-10-09,0,753.0,710.0,P,0.03,0.04,0.035,0.03,2175,8130,0.4072,-0.0065,0.0011,0.0074,-0.0316,0.02,0.1,0.02,0.035
2026-10-09T13:00:11+00:00,QQQ,2026-10-09,0,753.0,711.0,P,0.03,0.04,0.035,0.03,1591,2127,0.3975,-0.0067,0.0012,0.0077,-0.0322,0.03,0.1,0.02,0.035
2026-10-09T13:00:11+00:00,QQQ,2026-10-09,0,753.0,712.0,P,0.03,0.04,0.035,0.04,525,929,0.3878,-0.007,0.0013,0.008,-0.0329,0.03,0.11,0.03,0.045
2026-10-09T13:00:11+00:00,QQQ,2026-10-09,0,753.0,713.0,P,0.03,0.04,0.035,0.04,279,1065,0.3781,-0.0073,0.0014,0.0083,-0.0336,0.02,0.12,0.02,0.045
2026-10-09T13:00:11+00:00,QQQ,2026-10-09,0,753.0,714.0,P,0.03,0.04,0.035,0.04,874,3990,0.3684,-0.0076,0.0014,0.0086,-0.0346,0.03,0.13,0.02,0.045
2026-10-09T13:00:11+00:00,QQQ,2026-10-09,0,753.0,715.0,P,0.03,0.04,0.035,0.04,1889,11881,0.3586,-0.008,0.0015,0.009,-0.0356,0.06,0.13,0.02,0.045
2026-10-09T13:00:11+00:00,QQQ,2026-10-09,0,753.0,716.0,P,0.03,0.04,0.035,0.05,703,1203,0.3489,-0.0084,0.0016,0.0094,-0.0368,0.03,0.14,0.03,0.045
2026-10-09T13:00:11+00:00,QQQ,2026-10-09,0,753.0,717.0,P,0.04,0.05,0.045,0.04,1314,3683,0.3498,-0.0089,0.0018,0.0099,-0.0382,0.02,0.16,0.02,0.055
2026-10-09T13:00:11+00:00,QQQ,2026-10-09,0,753.0,718.0,P,0.04,0.05,0.045,0.06,577,2044,0.3398,-0.0094,0.0019,0.0105,-0.0398,0.03,0.18,0.02,0.055
2026-10-09T13:00:11+00:00,QQQ,2026-10-09,0,753.0,719.0,P,0.04,0.05,0.045,0.05,1588,2212,0.3297,-0.01,0.0021,0.0111,-0.0418,0.03,0.2,0.02,0.055
2026-10-09T13:00:11+00:00,QQQ,2026-10-09,0,753.0,720.0,P,0.04,0.05,0.045,0.05,1873,6354,0.3197,-0.0108,0.0022,0.0118,-0.0441,0.05,0.22,0.02,0.065
2026-10-09T13:00:11+00:00,QQQ,2026-10-09,0,753.0,721.0,P,0.04,0.05,0.045,0.06,2115,1770,0.3096,-0.0116,0.0025,0.0126,-0.0468,0.03,0.24,0.03,0.065
2026-10-09T13:00:11+00:00,QQQ,2026-10-09,0,753.0,722.0,P,0.05,0.06,0.055,0.06,1745,2311,0.3076,-0.0126,0.0027,0.0135,-0.0502,0.04,0.28,0.02,0.075
2026-10-09T13:00:11+00:00,QQQ,2026-10-09,0,753.0,723.0,P,0.05,0.06,0.055,0.05,845,1460,0.2973,-0.0138,0.003,0.0146,-0.0542,0.1,0.3,0.03,0.085
2026-10-09T13:00:11+00:00,QQQ,2026-10-09,0,753.0,724.0,P,0.05,0.06,0.055,0.05,4044,2301,0.2869,-0.0152,0.0033,0.0159,-0.059,0.06,0.34,0.03,0.095
2026-10-09T13:00:11+00:00,QQQ,2026-10-09,0,753.0,725.0,P,0.06,0.07,0.065,0.07,3417,9318,0.2831,-0.0168,0.0037,0.0173,-0.0648,0.09,0.38,0.03,0.105
2026-10-09T13:00:11+00:00,QQQ,2026-10-09,0,753.0,726.0,P,0.06,0.07,0.065,0.08,1865,1442,0.2725,-0.0188,0.0042,0.0191,-0.072,0.06,0.45,0.04,0.115
2026-10-09T13:00:11+00:00,QQQ,2026-10-09,0,753.0,727.0,P,0.07,0.08,0.075,0.08,3809,5097,0.2674,-0.0212,0.0048,0.0211,-0.0806,0.09,0.49,0.04,0.125
2026-10-09T13:00:11+00:00,QQQ,2026-10-09,0,753.0,728.0,P,0.08,0.1,0.09,0.08,3049,1950,0.2614,-0.0242,0.0054,0.0236,-0.0918,0.07,0.59,0.04,0.145
2026-10-09T13:00:11+00:00,QQQ,2026-10-09,0,753.0,729.0,P,0.1,0.11,0.105,0.1,5701,2704,0.259,-0.0277,0.0062,0.0263,-0.1048,0.09,0.65,0.05,0.165
2026-10-09T13:00:11+00:00,QQQ,2026-10-09,0,753.0,730.0,P,0.11,0.12,0.115,0.12,27775,34359,0.2514,-0.0319,0.0071,0.0295,-0.1206,0.09,0.76,0.05,0.185
2026-10-09T13:00:11+00:00,QQQ,2026-10-09,0,753.0,731.0,P,0.13,0.14,0.135,0.13,3551,2653,0.2467,-0.0369,0.0082,0.0332,-0.1399,0.1,0.86,0.06,0.215
2026-10-09T13:00:11+00:00,QQQ,2026-10-09,0,753.0,732.0,P,0.16,0.17,0.165,0.16,5701,3353,0.2437,-0.043,0.0095,0.0375,-0.1635,0.12,0.97,0.05,0.245
2026-10-09T13:00:11+00:00,QQQ,2026-10-09,0,753.0,733.0,P,0.19,0.2,0.195,0.18,6383,2396,0.2392,-0.0502,0.0109,0.0423,-0.192,0.14,1.1,0.06,0.295
2026-10-09T13:00:11+00:00,QQQ,2026-10-09,0,753.0,734.0,P,0.22,0.24,0.23,0.23,5849,2892,0.2345,-0.0587,0.0126,0.0478,-0.2266,0.17,1.27,0.06,0.345
2026-10-09T13:00:11+00:00,QQQ,2026-10-09,0,753.0,735.0,P,0.27,0.28,0.275,0.27,28526,20613,0.2304,-0.0689,0.0146,0.054,-0.2684,0.17,1.45,0.07,0.415
2026-10-09T13:00:11+00:00,QQQ,2026-10-09,0,753.0,736.0,P,0.31,0.33,0.32,0.32,18806,8702,0.2257,-0.0809,0.0168,0.0609,-0.319,0.23,1.65,0.09,0.485
2026-10-09T13:00:11+00:00,QQQ,2026-10-09,0,753.0,737.0,P,0.38,0.39,0.385,0.38,10680,5316,0.221,-0.0951,0.0194,0.0684,-0.3801,0.23,1.88,0.1,0.585
2026-10-09T13:00:11+00:00,QQQ,2026-10-09,0,753.0,738.0,P,0.45,0.47,0.46,0.46,13699,8135,0.2168,-0.1117,0.0222,0.0767,-0.4536,0.26,2.08,0.11,0.695
2026-10-09T13:00:11+00:00,QQQ,2026-10-09,0,753.0,739.0,P,0.53,0.56,0.545,0.55,14903,4999,0.212,-0.1312,0.0254,0.0856,-0.5419,0.27,2.36,0.12,0.825
2026-10-09T13:00:11+00:00,QQQ,2026-10-09,0,753.0,740.0,P,0.64,0.67,0.655,0.65,49341,18244,0.2076,-0.1538,0.0289,0.095,-0.6478,0.33,2.66,0.15,0.975
2026-10-09T13:00:11+00:00,QQQ,2026-10-09,0,753.0,741.0,P,0.77,0.79,0.78,0.78,15972,4668,0.2032,-0.18,0.0327,0.1048,-0.7746,0.38,3.01,0.17,1.155
2026-10-09T13:00:11+00:00,QQQ,2026-10-09,0,753.0,742.0,P,0.92,0.94,0.93,0.94,22453,5631,0.199,-0.2101,0.0366,0.1148,-0.926,0.47,3.38,0.2,1.365
2026-10-09T13:00:11+00:00,QQQ,2026-10-09,0,753.0,743.0,P,1.09,1.12,1.105,1.11,22580,6509,0.1949,-0.2444,0.0408,0.1247,-1.106,0.53,3.76,0.24,1.615
2026-10-09T13:00:11+00:00,QQQ,2026-10-09,0,753.0,744.0,P,1.31,1.34,1.325,1.32,33173,8846,0.1909,-0.2833,0.045,0.134,-1.3196,0.63,4.17,0.28,1.895
2026-10-09T13:00:11+00:00,QQQ,2026-10-09,0,753.0,745.0,P,1.57,1.59,1.58,1.57,72003,10627,0.1868,-0.3269,0.0491,0.1425,-1.572,0.71,4.61,0.33,2.215
2026-10-09T13:00:11+00:00,QQQ,2026-10-09,0,753.0,746.0,P,1.86,1.89,1.875,1.87,41623,4308,0.1835,-0.3752,0.053,0.1494,-1.8688,0.85,5.1,0.39,2.595
2026-10-09T13:00:11+00:00,QQQ,2026-10-09,0,753.0,747.0,P,2.22,2.24,2.23,2.22,36160,3712,0.1799,-0.4279,0.0563,0.1542,-2.2116,0.98,5.65,0.44,3.02
2026-10-09T13:00:11+00:00,QQQ,2026-10-09,0,753.0,748.0,P,2.62,2.66,2.64,2.65,38337,8644,0.1771,-0.4847,0.0589,0.1566,-2.4947,1.16,6.17,0.55,3.505
2026-10-09T13:00:11+00:00,QQQ,2026-10-09,0,753.0,749.0,P,3.09,3.13,3.11,3.1,21701,6783,0.174,-0.5447,0.0604,0.1556,-2.3509,1.35,6.9,0.66,4.06
2026-10-09T13:00:11+00:00,QQQ,2026-10-09,0,753.0,750.0,P,3.61,3.65,3.63,3.62,54748,11256,0.1692,-0.6067,0.0607,0.1508,-1.9248,1.59,7.56,0.79,4.655
2026-10-09T13:00:11+00:00,QQQ,2026-10-09,0,753.0,751.0,P,4.19,4.25,4.22,4.19,20619,3588,0.1673,-0.6688,0.0594,0.1418,-1.5303,1.85,8.37,0.95,5.31
2026-10-09T13:00:11+00:00,QQQ,2026-10-09,0,753.0,752.0,P,4.82,4.92,4.87,4.9,26170,5956,0.1624,-0.7293,0.0564,0.1289,-1.2033,2.25,9.11,1.14,6.035
2026-10-09T13:00:11+00:00,QQQ,2026-10-09,0,753.0,753.0,P,5.52,5.64,5.58,5.57,41586,3999,0.1575,-0.7862,0.0516,0.1125,-0.941,2.65,9.87,1.35,6.805
2026-10-09T13:00:11+00:00,QQQ,2026-10-09,0,753.0,754.0,P,6.27,6.42,6.345,6.36,41478,12242,0.1507,-0.8375,0.0454,0.095,-0.7383,2.98,10.66,1.63,7.725
2026-10-09T13:00:11+00:00,QQQ,2026-10-09,0,753.0,755.0,P,7.08,7.3,7.19,7.14,25312,4678,0.1449,-0.8819,0.038,0.0773,-0.5885,3.45,11.81,1.92,8.53
2026-10-09T13:00:11+00:00,QQQ,2026-10-09,0,753.0,756.0,P,7.91,8.15,8.03,8.05,14153,1570,0.1257,-0.9181,0.0302,0.06,-0.4834,4.0,12.67,2.29,9.475
2026-10-09T13:00:11+00:00,QQQ,2026-10-09,0,753.0,757.0,P,7.85,9.4,8.625,9.0,9799,269,0.0,-0.9459,0.0227,0.0443,-0.4137,4.6,13.54,2.71,10.455
2026-10-09T13:00:11+00:00,QQQ,2026-10-09,0,753.0,758.0,P,8.81,10.4,9.605,10.08,5005,1094,0.0,-0.9658,0.0161,0.0314,-0.3703,5.51,14.63,3.19,11.385
2026-10-09T13:00:11+00:00,QQQ,2026-10-09,0,753.0,759.0,P,9.83,11.39,10.61,11.1,2941,67,0.0,-0.9791,0.0109,0.0214,-0.3447,5.84,15.35,3.72,12.215
2026-10-09T13:00:11+00:00,QQQ,2026-10-09,0,753.0,760.0,P,10.77,12.4,11.585,11.86,6939,317,0.0,-0.9872,0.0072,0.0134,-0.3312,6.69,15.5,4.31,13.21
2026-10-09T13:00:11+00:00,QQQ,2026-10-09,0,753.0,761.0,P,11.83,13.13,12.48,14.1,2871,79,0.0,-0.992,0.0048,0.0091,-0.3239,8.0,16.5,5.02,14.1
2026-10-09T13:00:11+00:00,QQQ,2026-10-09,0,753.0,762.0,P,12.79,15.89,14.34,15.36,459,4,0.27,-0.9949,0.0032,0.0065,-0.3197,8.3,18.33,5.83,15.21
2026-10-09T13:00:11+00:00,QQQ,2026-10-09,0,753.0,763.0,P,13.82,15.39,14.605,15.95,3429,2,0.0,-0.9963,0.0023,0.0046,-0.3178,9.7,17.24,6.9,16.215
2026-10-09T13:00:11+00:00,QQQ,2026-10-09,0,753.0,764.0,P,14.84,16.39,15.615,15.9,1610,6,0.0,-0.9973,0.0017,0.0035,-0.3166,10.41,18.27,7.52,17.215
2026-10-09T13:00:11+00:00,QQQ,2026-10-09,0,753.0,765.0,P,16.58,17.4,16.99,16.58,1880,12,0.0,-0.9979,0.0013,0.003,-0.3159,11.7,20.95,9.0,18.205
2026-10-09T13:00:11+00:00,QQQ,2026-10-09,0,753.0,766.0,P,17.39,18.41,17.9,19.27,481,2,0.0,-0.9982,0.0011,0.0025,-0.3156,12.52,19.56,11.53,19.31
2026-10-09T13:00:11+00:00,QQQ,2026-10-09,0,753.0,767.0,P,17.8,19.39,18.595,21.43,212,22,0.0,-0.9984,0.0009,0.0021,-0.3154,12.45,21.43,10.06,20.21
2026-10-09T13:00:11+00:00,QQQ,2026-10-09,0,753.0,768.0,P,18.8,20.39,19.595,21.42,905,12,0.0,-0.9986,0.0008,0.0018,-0.3152,13.94,22.44,12.45,21.2
2026-10-09T13:00:11+00:00,QQQ,2026-10-09,0,753.0,769.0,P,19.83,21.39,20.61,22.23,404,2,0.0,-0.9987,0.0007,0.0016,-0.315,14.92,23.24,14.68,22.215
2026-10-09T13:00:11+00:00,QQQ,2026-10-09,0,753.0,770.0,P,20.81,23.91,22.36,22.34,1041,22,0.38,-0.9989,0.0006,0.0015,-0.3149,15.75,25.0,14.9,23.205
2026-10-09T13:00:11+00:00,QQQ,2026-10-09,0,753.0,771.0,P,21.82,24.91,23.365,25.27,19,0,0.396,-0.999,0.0006,0.0014,-0.3148,17.72,25.27,16.7,24.205
2026-10-09T13:00:11+00:00,QQQ,2026-10-09,0,753.0,772.0,P,22.8,25.9,24.35,25.06,47,0,0.4046,-0.999,0.0005,0.0014,-0.3147,17.94,25.38,17.7,25.22
2026-10-09T13:00:11+00:00,QQQ,2026-10-09,0,753.0,773.0,P,23.82,26.9,25.36,19.65,2,0,0.4194,-0.9991,0.0005,0.0013,-0.3147,19.72,19.72,19.65,26.21
2026-10-09T13:00:11+00:00,QQQ,2026-10-09,0,753.0,774.0,P,24.83,27.9,26.365,21.46,0,0,0.4331,-0.9992,0.0004,0.0013,-0.3146,0.0,0.0,0.0,27.22
2026-10-09T13:00:11+00:00,QQQ,2026-10-09,0,753.0,775.0,P,25.82,28.9,27.36,28.15,39,28,0.4445,-0.9992,0.0004,0.0012,-0.3146,20.85,28.47,18.67,28.21
2026-10-09T13:00:11+00:00,QQQ,2026-10-09,0,753.0,776.0,P,26.84,29.9,28.37,0.0,0,0,0.4592,-0.9992,0.0004,0.0012,-0.3146,0.0,0.0,0.0,29.22
2026-10-09T13:00:11+00:00,QQQ,2026-10-09,0,753.0,777.0,P,27.83,30.9,29.365,24.4,4,1,0.4716,-0.9993,0.0003,0.0011,-0.3146,24.08,24.55,24.08,30.215
2026-10-09T13:00:11+00:00,QQQ,2026-10-09,0,753.0,778.0,P,28.82,30.39,29.605,34.0,3,0,0.0,-0.9993,0.0003,0.0011,-0.3145,25.42,34.0,25.42,31.305
2026-10-09T13:00:11+00:00,QQQ,2026-10-09,0,753.0,779.0,P,29.83,32.9,31.365,32.0,3,0,0.4962,-0.9993,0.0003,0.001,-0.3145,24.69,32.0,24.69,32.215
2026-10-09T13:00:11+00:00,QQQ,2026-10-09,0,753.0,780.0,P,30.84,33.9,32.37,23.75,0,3,0.5083,-0.9993,0.0003,0.001,-0.3145,0.0,0.0,0.0,33.22
2026-10-09T13:00:11+00:00,QQQ,2026-10-09,0,753.0,781.0,P,31.83,34.9,33.365,33.69,3,0,0.5204,-0.9993,0.0003,0.001,-0.3145,33.0,36.0,33.0,34.22
2026-10-09T13:00:11+00:00,QQQ,2026-10-09,0,753.0,782.0,P,33.41,34.4,33.905,36.24,4,0,0.0,-0.9994,0.0002,0.001,-0.3145,35.5,36.24,35.5,35.315
2026-10-09T13:00:11+00:00,QQQ,2026-10-09,0,753.0,783.0,P,33.84,36.9,35.37,0.0,0,0,0.5444,-0.9994,0.0002,0.0009,-0.3145,0.0,0.0,0.0,36.215
2026-10-09T13:00:11+00:00,QQQ,2026-10-09,0,753.0,784.0,P,34.84,37.9,36.37,0.0,0,0,0.5563,-0.9994,0.0002,0.0009,-0.3145,0.0,0.0,0.0,37.815
2026-10-09T13:00:11+00:00,QQQ,2026-10-09,0,753.0,785.0,P,35.84,38.9,37.37,43.0,0,0,0.5681,-0.9994,0.0002,0.0009,-0.3145,0.0,0.0,0.0,38.395
2026-10-09T13:00:11+00:00,QQQ,2026-10-09,0,753.0,786.0,P,36.08,39.9,37.99,0.0,0,0,0.0,-0.9994,0.0002,0.0008,-0.3145,0.0,0.0,0.0,39.395
2026-10-09T13:00:11+00:00,QQQ,2026-10-09,0,753.0,787.0,P,37.06,40.9,38.98,0.0,0,0,0.0,-0.9994,0.0002,0.0008,-0.3145,0.0,0.0,0.0,40.395
2026-10-09T13:00:11+00:00,QQQ,2026-10-09,0,753.0,788.0,P,38.21,41.9,40.055,0.0,0,0,0.4591,-0.9994,0.0002,0.0008,-0.3145,0.0,0.0,0.0,41.395
2026-10-09T13:00:11+00:00,QQQ,2026-10-09,0,753.0,789.0,P,39.27,42.9,41.085,0.0,0,0,0.4958,-0.9994,0.0002,0.0008,-0.3145,0.0,0.0,0.0,42.395
2026-10-09T13:00:11+00:00,QQQ,2026-10-09,0,753.0,790.0,P,40.07,43.9,41.985,38.4,0,0,0.0,-0.9995,0.0002,0.0008,-0.3145,0.0,0.0,0.0,43.395
2026-10-09T13:00:11+00:00,QQQ,2026-10-09,0,753.0,800.0,P,50.13,53.9,52.015,45.0,1,0,0.0,-0.9995,0.0001,0.0006,-0.3146,45.0,45.0,45.0,53.405
2026-10-09T14:00:13+00:00,QQQ,2026-10-09,0,750.34,585.0,C,163.81,167.28,165.545,166.99,1,13,3.3634,0.9997,0.0,0.0002,-0.0044,166.99,166.99,166.99,161.74
2026-10-09T14:00:13+00:00,QQQ,2026-10-09,0,750.34,680.0,C,68.81,72.28,70.545,71.78,1,37,1.4619,0.9986,0.0002,0.0009,-0.0091,71.78,71.78,71.78,66.825
2026-10-09T14:00:13+00:00,QQQ,2026-10-09,0,750.34,699.0,C,50.49,53.29,51.89,52.78,1,27,1.4265,0.998,0.0003,0.0013,-0.0103,52.78,52.78,52.78,47.955
2026-10-09T14:00:13+00:00,QQQ,2026-10-09,0,750.34,700.0,C,48.9,52.34,50.62,51.53,2,1197,1.1842,0.998,0.0004,0.0014,-0.0104,52.63,52.63,51.53,46.89
2026-10-09T14:00:13+00:00,QQQ,2026-10-09,0,750.34,702.0,C,46.9,50.3,48.6,49.12,20,114,1.1185,0.9979,0.0004,0.0014,-0.0106,49.12,49.12,49.12,45.025
2026-10-09T14:00:13+00:00,QQQ,2026-10-09,0,750.34,703.0,C,46.56,49.29,47.925,48.08,20,76,1.3516,0.9978,0.0004,0.0015,-0.0107,47.95,48.08,47.95,43.795
2026-10-09T14:00:13+00:00,QQQ,2026-10-09,0,750.34,704.0,C,45.38,48.29,46.835,48.25,10,64,1.2743,0.9977,0.0004,0.0015,-0.0108,48.25,48.25,48.25,42.8
2026-10-09T14:00:13+00:00,QQQ,2026-10-09,0,750.34,705.0,C,44.81,47.28,46.045,46.08,10,361,1.3649,0.9977,0.0004,0.0015,-0.0109,46.08,46.08,46.08,42.03
2026-10-09T14:00:13+00:00,QQQ,2026-10-09,0,750.34,710.0,C,39.9,42.28,41.09,41.7,10,1045,1.2596,0.9973,0.0006,0.0018,-0.0116,41.7,41.7,41.7,36.67
2026-10-09T14:00:13+00:00,QQQ,2026-10-09,0,750.34,712.0,C,37.92,40.28,39.1,38.6,1,656,1.2128,0.9971,0.0006,0.0019,-0.0119,38.6,38.6,38.6,34.68
2026-10-09T14:00:13+00:00,QQQ,2026-10-09,0,750.34,713.0,C,36.9,39.28,38.09,41.26,0,141,1.183,0.997,0.0006,0.002,-0.0121,0.0,0.0,0.0,33.68
2026-10-09T14:00:13+00:00,QQQ,2026-10-09,0,750.34,714.0,C,36.07,37.77,36.92,37.07,1,163,1.0822,0.9969,0.0007,0.002,-0.0123,37.07,37.07,37.07,32.685
2026-10-09T14:00:13+00:00,QQQ,2026-10-09,0,750.34,715.0,C,35.11,37.29,36.2,35.8,50,1010,1.1741,0.9968,0.0007,0.0021,-0.0126,35.8,35.8,35.8,31.69
2026-10-09T14:00:13+00:00,QQQ,2026-10-09,0,750.34,716.0,C,34.16,36.29,35.225,30.78,0,450,1.1567,0.9966,0.0008,0.0022,-0.0129,0.0,0.0,0.0,30.805
2026-10-09T14:00:13+00:00,QQQ,2026-10-09,0,750.34,717.0,C,33.23,34.35,33.79,33.95,1,392,0.9426,0.9965,0.0008,0.0023,-0.0132,33.95,33.95,33.95,29.705
2026-10-09T14:00:13+00:00,QQQ,2026-10-09,0,750.34,718.0,C,32.16,34.29,33.225,28.76,0,342,1.1034,0.9963,0.0009,0.0024,-0.0136,0.0,0.0,0.0,28.705
2026-10-09T14:00:13+00:00,QQQ,2026-10-09,0,750.34,719.0,C,31.12,33.29,32.205,28.2,0,568,1.0698,0.9961,0.001,0.0025,-0.014,0.0,0.0,0.0,27.715
2026-10-09T14:00:13+00:00,QQQ,2026-10-09,0,750.34,720.0,C,30.24,31.66,30.95,31.34,1,1343,0.947,0.9959,0.001,0.0026,-0.0145,31.34,31.34,31.34,26.895
2026-10-09T14:00:13+00:00,QQQ,2026-10-09,0,750.34,721.0,C,29.19,31.29,30.24,25.73,0,488,1.0278,0.9956,0.0011,0.0028,-0.0151,0.0,0.0,0.0,25.725
2026-10-09T14:00:13+00:00,QQQ,2026-10-09,0,750.34,722.0,C,28.26,29.35,28.805,28.9,1,333,0.8318,0.9954,0.0012,0.003,-0.0158,28.9,28.9,28.9,24.735
2026-10-09T14:00:13+00:00,QQQ,2026-10-09,0,750.34,723.0,C,27.2,29.29,28.245,23.89,0,279,0.975,0.995,0.0013,0.0031,-0.0166,0.0,0.0,0.0,23.825
2026-10-09T14:00:13+00:00,QQQ,2026-10-09,0,750.34,724.0,C,26.24,28.29,27.265,26.41,7,257,0.9538,0.9946,0.0015,0.0034,-0.0176,27.41,28.53,26.41,22.755
2026-10-09T14:00:13+00:00,QQQ,2026-10-09,0,750.34,725.0,C,25.24,27.29,26.265,26.07,13,1333,0.9261,0.9942,0.0016,0.0036,-0.0188,27.0,27.0,25.63,21.875
2026-10-09T14:00:13+00:00,QQQ,2026-10-09,0,750.34,726.0,C,24.26,25.69,24.975,24.92,7,180,0.804,0.9936,0.0018,0.0039,-0.0201,25.8,26.34,24.84,20.8
2026-10-09T14:00:13+00:00,QQQ,2026-10-09,0,750.34,727.0,C,23.25,24.62,23.935,24.67,2,204,0.7634,0.993,0.002,0.0043,-0.0218,24.5,24.67,24.5,19.845
2026-10-09T14:00:13+00:00,QQQ,2026-10-09,0,750.34,728.0,C,22.26,23.53,22.895,23.87,2,462,0.7226,0.9922,0.0023,0.0047,-0.0237,23.93,23.93,23.87,18.82
2026-10-09T14:00:13+00:00,QQQ,2026-10-09,0,750.34,729.0,C,21.25,22.71,21.98,17.75,0,348,0.7274,0.9913,0.0026,0.0052,-0.0261,0.0,0.0,0.0,17.97
2026-10-09T14:00:13+00:00,QQQ,2026-10-09,0,750.34,730.0,C,20.26,21.21,20.735,22.03,2,1397,0.6059,0.9902,0.0029,0.0058,-0.029,21.7,22.03,21.7,17.01
2026-10-09T14:00:13+00:00,QQQ,2026-10-09,0,750.34,731.0,C,19.26,20.46,19.86,19.9,36,413,0.6329,0.9889,0.0034,0.0064,-0.0324,20.33,20.36,19.9,15.89
2026-10-09T14:00:13+00:00,QQQ,2026-10-09,0,750.34,732.0,C,18.28,19.69,18.985,19.33,3,596,0.6493,0.9872,0.0039,0.0072,-0.0366,19.7,19.7,19.33,14.955
2026-10-09T14:00:13+00:00,QQQ,2026-10-09,0,750.34,733.0,C,17.27,18.7,17.985,19.07,1,451,0.6223,0.9853,0.0046,0.0082,-0.0418,19.07,19.07,19.07,14.155
2026-10-09T14:00:13+00:00,QQQ,2026-10-09,0,750.34,734.0,C,16.29,17.24,16.765,17.29,1,1767,0.5207,0.9829,0.0054,0.0093,-0.0481,17.29,17.29,17.29,13.06
2026-10-09T14:00:13+00:00,QQQ,2026-10-09,0,750.34,735.0,C,15.32,16.68,16.0,16.69,3,1682,0.572,0.9799,0.0064,0.0107,-0.0559,16.84,16.84,16.69,12.27
2026-10-09T14:00:13+00:00,QQQ,2026-10-09,0,750.34,736.0,C,14.32,15.71,15.015,15.77,2,669,0.5484,0.9762,0.0076,0.0123,-0.0654,16.41,16.41,15.77,11.215
2026-10-09T14:00:13+00:00,QQQ,2026-10-09,0,750.34,737.0,C,13.34,14.27,13.805,14.08,19,312,0.4585,0.9717,0.0091,0.0142,-0.0773,14.62,15.33,13.63,10.405
2026-10-09T14:00:13+00:00,QQQ,2026-10-09,0,750.34,738.0,C,12.4,13.64,13.02,12.5,13,1306,0.493,0.966,0.0109,0.0165,-0.0921,13.69,14.11,12.5,9.62
2026-10-09T14:00:13+00:00,QQQ,2026-10-09,0,750.34,739.0,C,11.36,12.73,12.045,11.76,37,1799,0.4703,0.9589,0.0132,0.0192,-0.1108,13.94,13.94,11.76,8.75
2026-10-09T14:00:13+00:00,QQQ,2026-10-09,0,750.34,740.0,C,10.39,11.0,10.695,10.76,133,2675,0.3432,0.9499,0.0161,0.0225,-0.1346,12.58,12.58,10.47,7.9
2026-10-09T14:00:13+00:00,QQQ,2026-10-09,0,750.34,741.0,C,9.42,9.82,9.62,9.66,61,1165,0.2894,0.9384,0.0196,0.0264,-0.1652,11.03,11.34,9.66,7.085
2026-10-09T14:00:13+00:00,QQQ,2026-10-09,0,750.34,742.0,C,8.51,8.82,8.665,8.77,129,649,0.2816,0.9237,0.024,0.031,-0.205,9.85,10.55,8.51,6.285
2026-10-09T14:00:13+00:00,QQQ,2026-10-09,0,750.34,743.0,C,7.56,7.82,7.69,7.71,141,1770,0.2651,0.9046,0.0294,0.0365,-0.2578,9.7,9.88,7.64,5.52
2026-10-09T14:00:13+00:00,QQQ,2026-10-09,0,750.34,744.0,C,6.66,6.76,6.71,6.78,133,1035,0.2642,0.88,0.036,0.0428,-0.3285,8.63,8.71,6.7,4.81
2026-10-09T14:00:13+00:00,QQQ,2026-10-09,0,750.34,745.0,C,5.75,5.86,5.805,5.82,525,4966,0.2552,0.8482,0.0438,0.0501,-0.4237,7.77,8.08,5.82,4.14
2026-10-09T14:00:13+00:00,QQQ,2026-10-09,0,750.34,746.0,C,4.88,4.94,4.91,4.95,766,1922,0.2481,0.8077,0.0528,0.058,-0.5523,6.78,7.0,4.91,3.51
2026-10-09T14:00:13+00:00,QQQ,2026-10-09,0,750.34,747.0,C,4.07,4.12,4.095,4.2,2172,5193,0.2416,0.757,0.0623,0.066,-0.7247,6.0,6.18,4.15,2.945
2026-10-09T14:00:13+00:00,QQQ,2026-10-09,0,750.34,748.0,C,3.33,3.34,3.335,3.43,2878,8982,0.2343,0.6953,0.0717,0.0736,-0.9531,5.06,5.3,3.33,2.435
2026-10-09T14:00:13+00:00,QQQ,2026-10-09,0,750.34,749.0,C,2.65,2.66,2.655,2.67,3311,9600,0.228,0.623,0.0799,0.0795,-1.2499,4.21,4.37,2.62,1.975
2026-10-09T14:00:13+00:00,QQQ,2026-10-09,0,750.34,750.0,C,2.03,2.04,2.035,2.04,10358,13758,0.2225,0.5419,0.0854,0.0829,-1.627,3.52,3.67,2.0,1.575
2026-10-09T14:00:13+00:00,QQQ,2026-10-09,0,750.34,751.0,C,1.51,1.52,1.515,1.52,15730,3618,0.2179,0.4552,0.0871,0.0828,-1.5674,2.83,2.93,1.48,1.245
2026-10-09T14:00:13+00:00,QQQ,2026-10-09,0,750.34,752.0,C,1.1,1.11,1.105,1.1,30398,7627,0.2141,0.3679,0.0842,0.0789,-1.1288,2.21,2.3,1.06,0.965
2026-10-09T14:00:13+00:00,QQQ,2026-10-09,0,750.34,753.0,C,0.76,0.77,0.765,0.76,23398,7311,0.2126,0.2853,0.0768,0.0715,-0.7849,1.63,1.74,0.73,0.735
2026-10-09T14:00:13+00:00,QQQ,2026-10-09,0,750.34,754.0,C,0.52,0.53,0.525,0.52,21103,16990,0.2115,0.2126,0.066,0.0615,-0.5293,1.21,1.27,0.49,0.555
2026-10-09T14:00:13+00:00,QQQ,2026-10-09,0,750.34,755.0,C,0.34,0.35,0.345,0.34,20818,12707,0.2098,0.1531,0.0538,0.0506,-0.3496,0.82,0.9,0.32,0.415
2026-10-09T14:00:13+00:00,QQQ,2026-10-09,0,750.34,756.0,C,0.22,0.23,0.225,0.22,9044,5861,0.2115,0.1079,0.0418,0.0402,-0.2295,0.56,0.61,0.21,0.305
2026-10-09T14:00:13+00:00,QQQ,2026-10-09,0,750.34,757.0,C,0.14,0.15,0.145,0.15,6556,6216,0.2139,0.0754,0.0315,0.0311,-0.1518,0.38,0.4,0.13,0.225
2026-10-09T14:00:13+00:00,QQQ,2026-10-09,0,750.34,758.0,C,0.09,0.1,0.095,0.09,6030,8434,0.2181,0.0527,0.0233,0.0238,-0.1018,0.22,0.27,0.09,0.165
2026-10-09T14:00:13+00:00,QQQ,2026-10-09,0,750.34,759.0,C,0.06,0.07,0.065,0.06,5979,4072,0.2244,0.037,0.0171,0.0181,-0.0694,0.13,0.18,0.06,0.125
2026-10-09T14:00:13+00:00,QQQ,2026-10-09,0,750.34,760.0,C,0.04,0.05,0.045,0.04,7911,17370,0.2311,0.0264,0.0125,0.0138,-0.0483,0.07,0.12,0.04,0.095
2026-10-09T14:00:13+00:00,QQQ,2026-10-09,0,750.34,761.0,C,0.03,0.04,0.035,0.03,1203,4551,0.2417,0.0193,0.0093,0.0106,-0.0351,0.06,0.08,0.03,0.075
2026-10-09T14:00:13+00:00,QQQ,2026-10-09,0,750.34,762.0,C,0.02,0.03,0.025,0.03,2580,4524,0.2489,0.0148,0.0071,0.0085,-0.027,0.05,0.06,0.02,0.065
2026-10-09T14:00:13+00:00,QQQ,2026-10-09,0,750.34,763.0,C,0.02,0.03,0.025,0.02,910,3803,0.2673,0.012,0.0057,0.0071,-0.0222,0.04,0.05,0.02,0.045
2026-10-09T14:00:13+00:00,QQQ,2026-10-09,0,750.34,764.0,C,0.01,0.02,0.015,0.02,1162,2749,0.2678,0.0102,0.0047,0.0062,-0.0195,0.02,0.03,0.01,0.035
2026-10-09T14:00:13+00:00,QQQ,2026-10-09,0,750.34,765.0,C,0.01,0.02,0.015,0.01,1660,7567,0.2849,0.0091,0.004,0.0056,-0.018,0.03,0.03,0.01,0.035
2026-10-09T14:00:13+00:00,QQQ,2026-10-09,0,750.34,766.0,C,0.01,0.02,0.015,0.02,610,2567,0.302,0.0083,0.0036,0.0051,-0.0173,0.02,0.02,0.01,0.025
2026-10-09T14:00:13+00:00,QQQ,2026-10-09,0,750.34,767.0,C,0.01,0.02,0.015,0.01,169,3309,0.3189,0.0078,0.0032,0.0048,-0.0168,0.01,0.02,0.01,0.025
2026-10-09T14:00:13+00:00,QQQ,2026-10-09,0,750.34,768.0,C,0.0,0.01,0.01,0.01,466,3245,0.2992,0.0074,0.0029,0.0046,-0.0166,0.02,0.02,0.01,0.015
2026-10-09T14:00:13+00:00,QQQ,2026-10-09,0,750.34,769.0,C,0.0,0.01,0.01,0.01,526,2360,0.3144,0.007,0.0026,0.0044,-0.0164,0.01,0.03,0.01,0.015
2026-10-09T14:00:13+00:00,QQQ,2026-10-09,0,750.34,770.0,C,0.0,0.01,0.01,0.01,680,9045,0.3295,0.0067,0.0024,0.0042,-0.0164,0.04,0.04,0.01,0.015
2026-10-09T14:00:13+00:00,QQQ,2026-10-09,0,750.34,771.0,C,0.0,0.01,0.02,0.02,294,1228,0.3445,0.0064,0.0022,0.004,-0.0163,0.02,0.02,0.01,0.015
2026-10-09T14:00:13+00:00,QQQ,2026-10-09,0,750.34,772.0,C,0.0,0.01,0.01,0.01,73,2723,0.3595,0.0062,0.002,0.0039,-0.0162,0.01,0.01,0.01,0.015
2026-10-09T14:00:13+00:00,QQQ,2026-10-09,0,750.34,773.0,C,0.0,0.01,0.01,0.01,24,1918,0.3743,0.0059,0.0019,0.0037,-0.0161,0.01,0.01,0.01,0.015
2026-10-09T14:00:13+00:00,QQQ,2026-10-09,0,750.34,774.0,C,0.0,0.01,0.01,0.01,11,2171,0.3892,0.0057,0.0018,0.0036,-0.0161,0.01,0.01,0.01,0.005
2026-10-09T14:00:13+00:00,QQQ,2026-10-09,0,750.34,775.0,C,0.0,0.01,0.01,0.01,314,7727,0.4039,0.0055,0.0017,0.0035,-0.016,0.01,0.02,0.01,0.005
2026-10-09T14:00:13+00:00,QQQ,2026-10-09,0,750.34,776.0,C,0.0,0.01,0.01,0.01,21,1057,0.4186,0.0053,0.0016,0.0034,-0.0159,0.01,0.01,0.01,0.005
2026-10-09T14:00:13+00:00,QQQ,2026-10-09,0,750.34,777.0,C,0.0,0.01,0.01,0.01,112,1681,0.4332,0.0051,0.0015,0.0032,-0.0159,0.01,0.02,0.01,0.015
2026-10-09T14:00:13+00:00,QQQ,2026-10-09,0,750.34,778.0,C,0.0,0.01,0.01,0.01,6,1084,0.4477,0.005,0.0014,0.0031,-0.0158,0.01,0.01,0.01,0.005
2026-10-09T14:00:13+00:00,QQQ,2026-10-09,0,750.34,779.0,C,0.0,0.01,0.01,0.01,0,658,0.4622,0.0048,0.0013,0.0031,-0.0157,0.0,0.0,0.0,0.005
2026-10-09T14:00:13+00:00,QQQ,2026-10-09,0,750.34,780.0,C,0.0,0.01,0.01,0.01,0,8418,0.4766,0.0047,0.0012,0.003,-0.0157,0.0,0.0,0.0,0.005
2026-10-09T14:00:13+00:00,QQQ,2026-10-09,0,750.34,781.0,C,0.0,0.01,0.01,0.01,0,616,0.491,0.0045,0.0012,0.0029,-0.0156,0.0,0.0,0.0,0.005
2026-10-09T14:00:13+00:00,QQQ,2026-10-09,0,750.34,782.0,C,0.0,0.01,0.01,0.01,0,1243,0.5053,0.0044,0.0011,0.0028,-0.0156,0.0,0.0,0.0,0.005
2026-10-09T14:00:13+00:00,QQQ,2026-10-09,0,750.34,783.0,C,0.0,0.01,0.01,0.01,0,614,0.5196,0.0043,0.001,0.0027,-0.0155,0.0,0.0,0.0,0.005
2026-10-09T14:00:13+00:00,QQQ,2026-10-09,0,750.34,784.0,C,0.0,0.01,0.01,0.01,0,278,0.5338,0.0042,0.001,0.0027,-0.0154,0.0,0.0,0.0,0.005
2026-10-09T14:00:13+00:00,QQQ,2026-10-09,0,750.34,785.0,C,0.0,0.01,0.01,0.01,0,5635,0.548,0.0041,0.001,0.0026,-0.0154,0.0,0.0,0.0,0.005
2026-10-09T14:00:13+00:00,QQQ,2026-10-09,0,750.34,786.0,C,0.0,0.01,0.01,0.01,0,78,0.5621,0.004,0.0009,0.0025,-0.0153,0.0,0.0,0.0,0.005
2026-10-09T14:00:13+00:00,QQQ,2026-10-09,0,750.34,787.0,C,0.0,0.01,0.01,0.01,0,103,0.5762,0.0039,0.0009,0.0025,-0.0152,0.0,0.0,0.0,0.005
2026-10-09T14:00:13+00:00,QQQ,2026-10-09,0,750.34,820.0,C,0.0,0.01,0.01,0.01,13,317,1.0188,0.0021,0.0003,0.0014,-0.0134,0.01,0.01,0.01,0.005
2026-10-09T14:00:13+00:00,QQQ,2026-10-09,0,750.34,490.0,P,0.0,0.01,0.01,0.01,13,3776,4.4563,-0.0001,0.0,0.0001,-0.0017,0.01,0.01,0.01,0.005
2026-10-09T14:00:13+00:00,QQQ,2026-10-09,0,750.34,625.0,P,0.0,0.01,0.01,0.01,15,3918,2.0122,-0.0006,0.0,0.0004,-0.0061,0.01,0.01,0.01,0.015
2026-10-09T14:00:13+00:00,QQQ,2026-10-09,0,750.34,630.0,P,0.0,0.01,0.01,0.01,4,678,1.9303,-0.0006,0.0,0.0004,-0.0064,0.01,0.01,0.01,0.015
2026-10-09T14:00:13+00:00,QQQ,2026-10-09,0,750.34,635.0,P,0.0,0.01,0.01,0.01,1,710,1.8489,-0.0007,0.0001,0.0005,-0.0066,0.01,0.01,0.01,0.015
2026-10-09T14:00:13+00:00,QQQ,2026-10-09,0,750.34,650.0,P,0.0,0.01,0.01,0.01,16,2327,1.6066,-0.0008,0.0001,0.0006,-0.0074,0.01,0.01,0.01,0.015
2026-10-09T14:00:13+00:00,QQQ,2026-10-09,0,750.34,655.0,P,0.0,0.01,0.01,0.01,27,2971,1.5268,-0.0009,0.0001,0.0006,-0.0076,0.01,0.01,0.01,0.015
2026-10-09T14:00:13+00:00,QQQ,2026-10-09,0,750.34,670.0,P,0.0,0.01,0.01,0.01,12,2540,1.2894,-0.0011,0.0001,0.0008,-0.0084,0.01,0.01,0.01,0.015
2026-10-09T14:00:13+00:00,QQQ,2026-10-09,0,750.34,676.0,P,0.0,0.01,0.01,0.01,1,2470,1.1953,-0.0013,0.0002,0.0009,-0.0088,0.01,0.01,0.01,0.015
2026-10-09T14:00:13+00:00,QQQ,2026-10-09,0,750.34,683.0,P,0.0,0.01,0.01,0.01,5,3175,1.0858,-0.0014,0.0002,0.001,-0.0092,0.01,0.01,0.01,0.025
2026-10-09T14:00:13+00:00,QQQ,2026-10-09,0,750.34,688.0,P,0.0,0.01,0.01,0.01,1,4727,1.0079,-0.0016,0.0002,0.0011,-0.0096,0.01,0.01,0.01,0.025
2026-10-09T14:00:13+00:00,QQQ,2026-10-09,0,750.34,689.0,P,0.0,0.01,0.01,0.01,10,939,0.9924,-0.0016,0.0002,0.0011,-0.0096,0.01,0.01,0.01,0.025
2026-10-09T14:00:13+00:00,QQQ,2026-10-09,0,750.34,690.0,P,0.0,0.01,0.01,0.01,1,3470,0.9768,-0.0016,0.0002,0.0011,-0.0097,0.01,0.01,0.01,0.025
2026-10-09T14:00:13+00:00,QQQ,2026-10-09,0,750.34,695.0,P,0.0,0.01,0.01,0.01,4,3551,0.8993,-0.0018,0.0003,0.0012,-0.01,0.01,0.01,0.01,0.025
2026-10-09T14:00:13+00:00,QQQ,2026-10-09,0,750.34,698.0,P,0.0,0.01,0.01,0.01,114,2587,0.8527,-0.002,0.0003,0.0013,-0.0103,0.01,0.01,0.01,0.025
2026-10-09T14:00:13+00:00,QQQ,2026-10-09,0,750.34,699.0,P,0.0,0.01,0.01,0.01,17,3101,0.8372,-0.002,0.0003,0.0013,-0.0103,0.01,0.01,0.01,0.025
2026-10-09T14:00:13+00:00,QQQ,2026-10-09,0,750.34,700.0,P,0.0,0.01,0.01,0.01,19,6755,0.8217,-0.002,0.0004,0.0014,-0.0104,0.01,0.01,0.01,0.025
2026-10-09T14:00:13+00:00,QQQ,2026-10-09,0,750.34,701.0,P,0.0,0.01,0.01,0.01,65,7373,0.8062,-0.0021,0.0004,0.0014,-0.0105,0.02,0.02,0.01,0.025
2026-10-09T14:00:13+00:00,QQQ,2026-10-09,0,750.34,702.0,P,0.0,0.01,0.01,0.01,466,4808,0.7907,-0.0021,0.0004,0.0014,-0.0106,0.01,0.02,0.01,0.025
2026-10-09T14:00:13+00:00,QQQ,2026-10-09,0,750.34,703.0,P,0.0,0.01,0.01,0.01,1190,1946,0.7752,-0.0022,0.0004,0.0015,-0.0107,0.01,0.02,0.01,0.035
2026-10-09T14:00:13+00:00,QQQ,2026-10-09,0,750.34,704.0,P,0.0,0.01,0.02,0.02,1222,2012,0.7597,-0.0023,0.0004,0.0015,-0.0108,0.01,0.02,0.01,0.035
2026-10-09T14:00:13+00:00,QQQ,2026-10-09,0,750.34,705.0,P,0.0,0.01,0.01,0.01,761,2713,0.7442,-0.0023,0.0004,0.0015,-0.0109,0.01,0.02,0.01,0.035
2026-10-09T14:00:13+00:00,QQQ,2026-10-09,0,750.34,706.0,P,0.0,0.01,0.01,0.01,3,2431,0.7286,-0.0024,0.0004,0.0016,-0.011,0.01,0.01,0.01,0.035
2026-10-09T14:00:13+00:00,QQQ,2026-10-09,0,750.34,707.0,P,0.0,0.01,0.01,0.01,70,2027,0.7131,-0.0024,0.0005,0.0016,-0.0111,0.01,0.02,0.01,0.035
2026-10-09T14:00:13+00:00,QQQ,2026-10-09,0,750.34,710.0,P,0.0,0.01,0.01,0.01,499,8130,0.6666,-0.0027,0.0006,0.0018,-0.0116,0.02,0.02,0.01,0.035
2026-10-09T14:00:13+00:00,QQQ,2026-10-09,0,750.34,711.0,P,0.0,0.01,0.01,0.01,32,2127,0.651,-0.0028,0.0006,0.0018,-0.0117,0.02,0.02,0.01,0.035
2026-10-09T14:00:13+00:00,QQQ,2026-10-09,0,750.34,712.0,P,0.01,0.02,0.015,0.01,378,929,0.7033,-0.0029,0.0006,0.0019,-0.0119,0.02,0.02,0.01,0.045
2026-10-09T14:00:13+00:00,QQQ,2026-10-09,0,750.34,713.0,P,0.0,0.01,0.01,0.01,476,1065,0.62,-0.003,0.0006,0.002,-0.0121,0.01,0.02,0.01,0.045
2026-10-09T14:00:13+00:00,QQQ,2026-10-09,0,750.34,714.0,P,0.01,0.02,0.015,0.01,2,3990,0.6697,-0.0031,0.0007,0.002,-0.0123,0.02,0.02,0.01,0.045
2026-10-09T14:00:13+00:00,QQQ,2026-10-09,0,750.34,715.0,P,0.01,0.02,0.015,0.02,22,11881,0.6528,-0.0032,0.0007,0.0021,-0.0126,0.02,0.02,0.02,0.045
2026-10-09T14:00:13+00:00,QQQ,2026-10-09,0,750.34,716.0,P,0.01,0.02,0.015,0.02,6,1203,0.6358,-0.0034,0.0008,0.0022,-0.0129,0.01,0.02,0.01,0.045
2026-10-09T14:00:13+00:00,QQQ,2026-10-09,0,750.34,717.0,P,0.01,0.02,0.015,0.02,5,3683,0.6188,-0.0035,0.0008,0.0023,-0.0132,0.02,0.02,0.02,0.055
2026-10-09T14:00:13+00:00,QQQ,2026-10-09,0,750.34,718.0,P,0.01,0.02,0.015,0.01,10,2044,0.6018,-0.0037,0.0009,0.0024,-0.0136,0.01,0.01,0.01,0.055
2026-10-09T14:00:13+00:00,QQQ,2026-10-09,0,750.34,719.0,P,0.01,0.02,0.015,0.02,2,2212,0.5848,-0.0039,0.001,0.0025,-0.014,0.01,0.02,0.01,0.055
2026-10-09T14:00:13+00:00,QQQ,2026-10-09,0,750.34,720.0,P,0.01,0.02,0.015,0.02,192,6354,0.5677,-0.0041,0.001,0.0026,-0.0145,0.02,0.02,0.01,0.065
2026-10-09T14:00:13+00:00,QQQ,2026-10-09,0,750.34,721.0,P,0.01,0.02,0.015,0.01,1,1770,0.5506,-0.0044,0.0011,0.0028,-0.0151,0.01,0.01,0.01,0.065
2026-10-09T14:00:13+00:00,QQQ,2026-10-09,0,750.34,722.0,P,0.01,0.02,0.015,0.01,1,2311,0.5335,-0.0046,0.0012,0.0029,-0.0158,0.01,0.01,0.01,0.075
2026-10-09T14:00:13+00:00,QQQ,2026-10-09,0,750.34,723.0,P,0.01,0.02,0.015,0.02,29,1460,0.5164,-0.005,0.0013,0.0031,-0.0166,0.02,0.02,0.01,0.085
2026-10-09T14:00:13+00:00,QQQ,2026-10-09,0,750.34,724.0,P,0.01,0.02,0.015,0.02,481,2301,0.4993,-0.0054,0.0014,0.0034,-0.0176,0.02,0.03,0.01,0.095
2026-10-09T14:00:13+00:00,QQQ,2026-10-09,0,750.34,725.0,P,0.01,0.02,0.015,0.02,1569,9318,0.4821,-0.0058,0.0016,0.0036,-0.0187,0.01,0.03,0.01,0.105
2026-10-09T14:00:13+00:00,QQQ,2026-10-09,0,750.34,726.0,P,0.01,0.02,0.015,0.02,291,1442,0.4649,-0.0064,0.0018,0.0039,-0.0201,0.02,0.03,0.02,0.115
2026-10-09T14:00:13+00:00,QQQ,2026-10-09,0,750.34,727.0,P,0.01,0.02,0.015,0.01,273,5097,0.4476,-0.007,0.002,0.0043,-0.0217,0.03,0.03,0.01,0.125
2026-10-09T14:00:13+00:00,QQQ,2026-10-09,0,750.34,728.0,P,0.02,0.03,0.025,0.02,676,1950,0.4559,-0.0078,0.0023,0.0047,-0.0237,0.03,0.03,0.01,0.145
2026-10-09T14:00:13+00:00,QQQ,2026-10-09,0,750.34,729.0,P,0.02,0.03,0.025,0.02,397,2704,0.4377,-0.0087,0.0026,0.0052,-0.0261,0.02,0.03,0.02,0.165
2026-10-09T14:00:13+00:00,QQQ,2026-10-09,0,750.34,730.0,P,0.02,0.03,0.025,0.03,1274,34359,0.4195,-0.0098,0.0029,0.0058,-0.029,0.06,0.06,0.02,0.185
2026-10-09T14:00:13+00:00,QQQ,2026-10-09,0,750.34,731.0,P,0.03,0.04,0.035,0.04,299,2653,0.4187,-0.0111,0.0034,0.0064,-0.0324,0.02,0.04,0.02,0.215
2026-10-09T14:00:13+00:00,QQQ,2026-10-09,0,750.34,732.0,P,0.03,0.04,0.035,0.04,879,3353,0.3997,-0.0127,0.0039,0.0072,-0.0366,0.03,0.05,0.02,0.245
2026-10-09T14:00:13+00:00,QQQ,2026-10-09,0,750.34,733.0,P,0.04,0.05,0.045,0.04,343,2396,0.394,-0.0147,0.0046,0.0082,-0.0418,0.03,0.05,0.03,0.295
2026-10-09T14:00:13+00:00,QQQ,2026-10-09,0,750.34,734.0,P,0.04,0.05,0.045,0.04,873,2892,0.3744,-0.0171,0.0054,0.0093,-0.0481,0.06,0.06,0.03,0.345
2026-10-09T14:00:13+00:00,QQQ,2026-10-09,0,750.34,735.0,P,0.05,0.06,0.055,0.05,2066,20613,0.3652,-0.0201,0.0064,0.0107,-0.0559,0.1,0.11,0.03,0.415
2026-10-09T14:00:13+00:00,QQQ,2026-10-09,0,750.34,736.0,P,0.06,0.07,0.065,0.07,396,8702,0.3539,-0.0238,0.0076,0.0123,-0.0654,0.04,0.07,0.03,0.485
2026-10-09T14:00:13+00:00,QQQ,2026-10-09,0,750.34,737.0,P,0.07,0.08,0.075,0.07,1327,5316,0.3409,-0.0283,0.0091,0.0142,-0.0773,0.07,0.1,0.04,0.585
2026-10-09T14:00:13+00:00,QQQ,2026-10-09,0,750.34,738.0,P,0.09,0.1,0.095,0.1,1547,8135,0.3329,-0.034,0.0109,0.0165,-0.0921,0.09,0.1,0.05,0.695
2026-10-09T14:00:13+00:00,QQQ,2026-10-09,0,750.34,739.0,P,0.11,0.12,0.115,0.11,3392,4999,0.3219,-0.0411,0.0132,0.0192,-0.1108,0.09,0.12,0.06,0.825
2026-10-09T14:00:13+00:00,QQQ,2026-10-09,0,750.34,740.0,P,0.13,0.14,0.135,0.13,6004,18244,0.3085,-0.0501,0.0161,0.0225,-0.1346,0.12,0.15,0.05,0.975
2026-10-09T14:00:13+00:00,QQQ,2026-10-09,0,750.34,741.0,P,0.16,0.17,0.165,0.16,3445,4668,0.2971,-0.0616,0.0196,0.0264,-0.1652,0.13,0.18,0.09,1.155
2026-10-09T14:00:13+00:00,QQQ,2026-10-09,0,750.34,742.0,P,0.2,0.21,0.205,0.21,2948,5631,0.2863,-0.0763,0.024,0.031,-0.205,0.13,0.22,0.11,1.365
2026-10-09T14:00:13+00:00,QQQ,2026-10-09,0,750.34,743.0,P,0.26,0.27,0.265,0.26,4604,6509,0.275,-0.0954,0.0294,0.0365,-0.2578,0.16,0.29,0.14,1.615
2026-10-09T14:00:13+00:00,QQQ,2026-10-09,0,750.34,744.0,P,0.33,0.34,0.335,0.33,4960,8846,0.2651,-0.12,0.036,0.0428,-0.3285,0.23,0.38,0.17,1.895
2026-10-09T14:00:13+00:00,QQQ,2026-10-09,0,750.34,745.0,P,0.43,0.44,0.435,0.43,8066,10627,0.257,-0.1518,0.0438,0.0501,-0.4237,0.33,0.49,0.21,2.215
2026-10-09T14:00:13+00:00,QQQ,2026-10-09,0,750.34,746.0,P,0.57,0.58,0.575,0.56,8018,4308,0.247,-0.1923,0.0528,0.058,-0.5523,0.35,0.63,0.27,2.595
2026-10-09T14:00:13+00:00,QQQ,2026-10-09,0,750.34,747.0,P,0.75,0.76,0.755,0.74,12842,3712,0.2407,-0.243,0.0623,0.066,-0.7247,0.48,0.83,0.35,3.02
2026-10-09T14:00:13+00:00,QQQ,2026-10-09,0,750.34,748.0,P,0.99,1.0,0.995,0.99,15751,8644,0.2327,-0.3047,0.0717,0.0736,-0.9531,0.65,1.1,0.47,3.51
2026-10-09T14:00:13+00:00,QQQ,2026-10-09,0,750.34,749.0,P,1.29,1.3,1.295,1.3,18136,6783,0.2272,-0.377,0.0799,0.0795,-1.2499,0.84,1.41,0.63,4.06
2026-10-09T14:00:13+00:00,QQQ,2026-10-09,0,750.34,750.0,P,1.67,1.68,1.675,1.67,39138,11256,0.2212,-0.4582,0.0854,0.0829,-1.627,1.1,1.8,0.83,4.655
2026-10-09T14:00:13+00:00,QQQ,2026-10-09,0,750.34,751.0,P,2.15,2.16,2.155,2.15,28158,3588,0.2171,-0.5448,0.0871,0.0828,-1.5674,1.42,2.3,1.11,5.31
2026-10-09T14:00:13+00:00,QQQ,2026-10-09,0,750.34,752.0,P,2.74,2.75,2.745,2.75,14771,5956,0.2139,-0.6321,0.0842,0.0789,-1.1288,1.73,2.87,1.46,6.035
2026-10-09T14:00:13+00:00,QQQ,2026-10-09,0,750.34,753.0,P,3.4,3.45,3.425,3.33,4443,3999,0.2111,-0.7147,0.0768,0.0715,-0.7849,2.23,3.59,1.91,6.805
2026-10-09T14:00:13+00:00,QQQ,2026-10-09,0,750.34,754.0,P,4.15,4.21,4.18,4.17,3026,12242,0.2088,-0.7874,0.066,0.0615,-0.5293,2.83,4.3,2.44,7.725
2026-10-09T14:00:13+00:00,QQQ,2026-10-09,0,750.34,755.0,P,4.92,5.04,4.98,4.88,1548,4678,0.2126,-0.8469,0.0538,0.0506,-0.3496,3.44,5.05,3.1,8.53
2026-10-09T14:00:13+00:00,QQQ,2026-10-09,0,750.34,756.0,P,5.79,5.93,5.86,5.82,411,1570,0.2137,-0.8921,0.0418,0.0402,-0.2295,4.2,6.07,3.77,9.475
2026-10-09T14:00:13+00:00,QQQ,2026-10-09,0,750.34,757.0,P,6.1,6.83,6.465,6.66,155,269,0.0,-0.9246,0.0315,0.0311,-0.1518,5.0,6.76,5.0,10.455
2026-10-09T14:00:13+00:00,QQQ,2026-10-09,0,750.34,758.0,P,7.43,7.85,7.64,7.18,145,1094,0.2264,-0.9473,0.0233,0.0238,-0.1018,6.35,7.5,6.08,11.385
2026-10-09T14:00:13+00:00,QQQ,2026-10-09,0,750.34,759.0,P,8.4,8.81,8.605,8.05,21,67,0.2324,-0.963,0.0171,0.0181,-0.0694,7.44,8.64,7.44,12.215
2026-10-09T14:00:13+00:00,QQQ,2026-10-09,0,750.34,760.0,P,9.38,9.79,9.585,9.4,99,317,0.2415,-0.9736,0.0125,0.0138,-0.0483,7.7,9.54,7.26,13.21
2026-10-09T14:00:13+00:00,QQQ,2026-10-09,0,750.34,761.0,P,9.84,10.73,10.285,9.87,144,79,0.0,-0.9807,0.0093,0.0106,-0.0351,6.85,10.1,6.85,14.1
2026-10-09T14:00:13+00:00,QQQ,2026-10-09,0,750.34,762.0,P,10.84,11.81,11.325,11.18,3,4,0.0,-0.9852,0.0071,0.0085,-0.027,10.18,11.18,10.18,15.21
2026-10-09T14:00:13+00:00,QQQ,2026-10-09,0,750.34,763.0,P,11.38,12.78,12.08,15.95,0,2,0.0,-0.988,0.0057,0.0071,-0.0222,0.0,0.0,0.0,16.215
2026-10-09T14:00:13+00:00,QQQ,2026-10-09,0,750.34,764.0,P,12.35,13.79,13.07,12.25,1,6,0.0,-0.9898,0.0047,0.0062,-0.0195,12.25,12.25,12.25,17.215
2026-10-09T14:00:13+00:00,QQQ,2026-10-09,0,750.34,765.0,P,13.57,14.77,14.17,13.84,1,12,0.0,-0.9909,0.004,0.0056,-0.018,13.84,13.84,13.84,18.205
2026-10-09T14:00:13+00:00,QQQ,2026-10-09,0,750.34,766.0,P,14.83,15.77,15.3,15.0,2,2,0.0,-0.9917,0.0036,0.0051,-0.0173,14.16,15.0,14.16,19.31
2026-10-09T14:00:13+00:00,QQQ,2026-10-09,0,750.34,767.0,P,15.37,16.78,16.075,16.14,23,22,0.0,-0.9922,0.0032,0.0048,-0.0168,16.1,16.15,16.1,20.21
2026-10-09T14:00:13+00:00,QQQ,2026-10-09,0,750.34,768.0,P,16.57,17.82,17.195,16.71,22,12,0.0,-0.9926,0.0029,0.0046,-0.0166,17.22,17.22,16.37,21.2
2026-10-09T14:00:13+00:00,QQQ,2026-10-09,0,750.34,769.0,P,17.72,19.04,18.38,22.23,0,2,0.0,-0.993,0.0026,0.0044,-0.0164,0.0,0.0,0.0,22.215
2026-10-09T14:00:13+00:00,QQQ,2026-10-09,0,750.34,770.0,P,18.24,20.04,19.14,22.34,0,22,0.0,-0.9933,0.0024,0.0042,-0.0164,0.0,0.0,0.0,23.205
2026-10-09T14:00:13+00:00,QQQ,2026-10-09,0,750.34,771.0,P,19.3,20.79,20.045,25.27,0,0,0.0,-0.9936,0.0022,0.004,-0.0163,0.0,0.0,0.0,24.205
2026-10-09T14:00:13+00:00,QQQ,2026-10-09,0,750.34,772.0,P,20.33,22.03,21.18,25.06,0,0,0.0,-0.9938,0.002,0.0039,-0.0162,0.0,0.0,0.0,25.22
2026-10-09T14:00:13+00:00,QQQ,2026-10-09,0,750.34,773.0,P,21.33,22.78,22.055,19.65,0,0,0.0,-0.9941,0.0019,0.0037,-0.0161,0.0,0.0,0.0,26.21
2026-10-09T14:00:13+00:00,QQQ,2026-10-09,0,750.34,774.0,P,22.07,23.77,22.92,21.66,2,0,0.0,-0.9943,0.0018,0.0036,-0.0161,22.59,22.59,21.66,27.22
2026-10-09T14:00:13+00:00,QQQ,2026-10-09,0,750.34,775.0,P,23.33,24.78,24.055,28.15,0,28,0.0,-0.9945,0.0017,0.0035,-0.016,0.0,0.0,0.0,28.21
2026-10-09T14:00:13+00:00,QQQ,2026-10-09,0,750.34,776.0,P,23.72,26.04,24.88,0.0,0,0,0.0,-0.9947,0.0016,0.0034,-0.0159,0.0,0.0,0.0,29.22
2026-10-09T14:00:13+00:00,QQQ,2026-10-09,0,750.34,777.0,P,24.67,27.04,25.855,26.52,1,1,0.0,-0.9949,0.0015,0.0032,-0.0159,26.52,26.52,26.52,30.215
2026-10-09T14:00:13+00:00,QQQ,2026-10-09,0,750.34,778.0,P,25.72,28.35,27.035,34.0,0,0,0.0,-0.995,0.0014,0.0031,-0.0158,0.0,0.0,0.0,31.305
2026-10-09T14:00:13+00:00,QQQ,2026-10-09,0,750.34,779.0,P,26.72,29.18,27.95,32.0,0,0,0.0,-0.9952,0.0013,0.0031,-0.0157,0.0,0.0,0.0,32.215
2026-10-09T14:00:13+00:00,QQQ,2026-10-09,0,750.34,780.0,P,27.72,30.77,29.245,23.75,0,3,0.0,-0.9953,0.0012,0.003,-0.0157,0.0,0.0,0.0,33.22
2026-10-09T14:00:13+00:00,QQQ,2026-10-09,0,750.34,781.0,P,28.73,32.2,30.465,33.69,0,0,0.0,-0.9955,0.0012,0.0029,-0.0156,0.0,0.0,0.0,34.22
2026-10-09T14:00:13+00:00,QQQ,2026-10-09,0,750.34,782.0,P,29.72,33.06,31.39,36.24,0,0,0.0,-0.9956,0.0011,0.0028,-0.0156,0.0,0.0,0.0,35.315
2026-10-09T14:00:13+00:00,QQQ,2026-10-09,0,750.34,783.0,P,30.73,34.2,32.465,0.0,0,0,0.0,-0.9957,0.001,0.0027,-0.0155,0.0,0.0,0.0,36.215
2026-10-09T14:00:13+00:00,QQQ,2026-10-09,0,750.34,784.0,P,31.72,35.15,33.435,0.0,0,0,0.0,-0.9958,0.001,0.0027,-0.0154,0.0,0.0,0.0,37.815
2026-10-09T14:00:13+00:00,QQQ,2026-10-09,0,750.34,785.0,P,32.72,36.15,34.435,43.0,0,0,0.0,-0.9959,0.001,0.0026,-0.0154,0.0,0.0,0.0,38.395
2026-10-09T14:00:13+00:00,QQQ,2026-10-09,0,750.34,786.0,P,33.73,37.14,35.435,0.0,0,0,0.0,-0.996,0.0009,0.0025,-0.0153,0.0,0.0,0.0,39.395
2026-10-09T14:00:13+00:00,QQQ,2026-10-09,0,750.34,787.0,P,34.73,38.08,36.405,0.0,0,0,0.0,-0.9961,0.0009,0.0025,-0.0152,0.0,0.0,0.0,40.395
2026-10-09T14:00:13+00:00,QQQ,2026-10-09,0,750.34,790.0,P,37.72,40.9,39.31,38.0,10,0,0.0,-0.9964,0.0008,0.0023,-0.0151,38.0,38.0,38.0,43.395
2026-10-09T18:19:06+00:00,QQQ,2026-10-09,0,750.57,500.0,C,248.99,252.24,250.615,250.08,45,45,7.8778,0.9999,0.0,0.0,-0.0009,250.08,250.08,250.08,246.82
2026-10-09T18:19:06+00:00,QQQ,2026-10-09,0,750.57,550.0,C,199.27,202.24,200.755,200.9,1,3,7.4881,0.9998,0.0,0.0001,-0.0022,200.9,200.9,200.9,196.72
2026-10-09T18:19:06+00:00,QQQ,2026-10-09,0,750.57,575.0,C,174.01,177.24,175.625,175.47,3,4,5.5047,0.9998,0.0,0.0001,-0.0032,175.47,175.47,175.47,171.73
2026-10-09T18:19:06+00:00,QQQ,2026-10-09,0,750.57,585.0,C,163.97,167.24,165.605,166.99,1,13,4.7358,0.9997,0.0,0.0001,-0.0037,166.99,166.99,166.99,161.74
2026-10-09T18:19:06+00:00,QQQ,2026-10-09,0,750.57,600.0,C,149.99,151.96,150.975,150.65,1,20,6.2327,0.9996,0.0,0.0002,-0.0045,150.65,150.65,150.65,146.745
2026-10-09T18:19:06+00:00,QQQ,2026-10-09,0,750.57,610.0,C,138.97,142.24,140.605,138.96,2,3,3.9913,0.9996,0.0,0.0002,-0.0051,139.36,139.36,138.96,136.75
2026-10-09T18:19:06+00:00,QQQ,2026-10-09,0,750.57,615.0,C,133.97,137.24,135.605,135.65,1,3,3.8452,0.9995,0.0,0.0002,-0.0055,135.65,135.65,135.65,131.75
2026-10-09T18:19:06+00:00,QQQ,2026-10-09,0,750.57,620.0,C,128.97,132.24,130.605,131.33,2,9,3.7,0.9995,0.0,0.0002,-0.0058,130.53,131.33,130.53,126.855
2026-10-09T18:19:06+00:00,QQQ,2026-10-09,0,750.57,625.0,C,123.97,127.26,125.615,125.44,9,13,3.7612,0.9994,0.0,0.0002,-0.0062,125.44,125.44,125.44,121.755
2026-10-09T18:19:06+00:00,QQQ,2026-10-09,0,750.57,630.0,C,118.97,122.37,120.67,120.34,1,25,4.1028,0.9994,0.0,0.0003,-0.0065,120.34,120.34,120.34,116.76
2026-10-09T18:19:06+00:00,QQQ,2026-10-09,0,750.57,650.0,C,98.97,102.26,100.615,99.45,1,74,3.0148,0.9991,0.0001,0.0004,-0.0081,99.45,99.45,99.45,96.76
2026-10-09T18:19:06+00:00,QQQ,2026-10-09,0,750.57,660.0,C,89.18,92.16,90.67,90.54,5,92,3.1103,0.9989,0.0001,0.0004,-0.009,90.18,90.6,90.18,86.765
2026-10-09T18:19:06+00:00,QQQ,2026-10-09,0,750.57,670.0,C,79.01,82.26,80.635,81.06,2,22,2.5989,0.9987,0.0001,0.0005,-0.01,81.09,81.09,81.06,76.76
2026-10-09T18:19:06+00:00,QQQ,2026-10-09,0,750.57,675.0,C,74.37,77.37,75.87,76.44,30,63,3.1155,0.9986,0.0002,0.0006,-0.0105,74.62,76.45,74.59,71.76
2026-10-09T18:19:06+00:00,QQQ,2026-10-09,0,750.57,676.0,C,72.98,76.26,74.62,74.57,5,12,2.3031,0.9985,0.0002,0.0006,-0.0106,73.69,74.57,73.66,70.795
2026-10-09T18:19:06+00:00,QQQ,2026-10-09,0,750.57,677.0,C,71.98,75.26,73.62,73.64,2,5,2.2736,0.9985,0.0002,0.0006,-0.0107,72.73,73.64,72.73,69.94
2026-10-09T18:19:06+00:00,QQQ,2026-10-09,0,750.57,678.0,C,70.98,74.37,72.675,71.69,3,3,2.5432,0.9985,0.0002,0.0006,-0.0108,71.67,71.69,71.67,68.88
2026-10-09T18:19:06+00:00,QQQ,2026-10-09,0,750.57,679.0,C,69.98,73.37,71.675,70.74,3,4,2.5106,0.9984,0.0002,0.0006,-0.0109,70.73,70.74,70.73,67.885
2026-10-09T18:19:06+00:00,QQQ,2026-10-09,0,750.57,680.0,C,68.98,72.3,70.64,70.87,7,37,2.3209,0.9984,0.0002,0.0006,-0.011,71.78,71.78,69.88,66.825
2026-10-09T18:19:06+00:00,QQQ,2026-10-09,0,750.57,681.0,C,67.98,71.3,69.64,69.4,1,3,2.2899,0.9984,0.0002,0.0006,-0.0111,69.4,69.4,69.4,65.89
2026-10-09T18:19:06+00:00,QQQ,2026-10-09,0,750.57,682.0,C,66.98,70.37,68.675,68.25,2,5,2.4126,0.9983,0.0002,0.0007,-0.0112,67.97,68.25,67.97,64.775
2026-10-09T18:19:06+00:00,QQQ,2026-10-09,0,750.57,683.0,C,65.98,69.3,67.64,67.62,3,0,2.228,0.9983,0.0002,0.0007,-0.0113,67.04,67.62,67.04,63.935
2026-10-09T18:19:06+00:00,QQQ,2026-10-09,0,750.57,684.0,C,64.98,68.37,66.675,66.69,4,0,2.3473,0.9983,0.0002,0.0007,-0.0114,66.13,66.69,65.67,62.865
2026-10-09T18:19:06+00:00,QQQ,2026-10-09,0,750.57,685.0,C,65.16,67.37,66.265,66.1,11,11,3.1985,0.9982,0.0002,0.0007,-0.0116,65.2,66.14,64.74,62.005
2026-10-09T18:19:06+00:00,QQQ,2026-10-09,0,750.57,686.0,C,64.16,66.28,65.22,65.17,10,7,3.1153,0.9982,0.0002,0.0007,-0.0117,63.84,65.21,63.84,61.01
2026-10-09T18:19:06+00:00,QQQ,2026-10-09,0,750.57,687.0,C,63.2,65.37,64.285,63.15,2,10,3.1328,0.9982,0.0003,0.0007,-0.0118,62.92,63.15,62.92,59.775
2026-10-09T18:19:06+00:00,QQQ,2026-10-09,0,750.57,688.0,C,62.2,64.37,63.285,63.22,4,12,3.0908,0.9981,0.0003,0.0007,-0.0119,62.74,63.22,62.74,59.01
2026-10-09T18:19:06+00:00,QQQ,2026-10-09,0,750.57,689.0,C,61.2,63.24,62.22,62.29,8,8,2.9911,0.9981,0.0003,0.0008,-0.012,61.03,62.29,60.99,58.01
2026-10-09T18:19:06+00:00,QQQ,2026-10-09,0,750.57,690.0,C,60.23,61.65,60.94,61.06,48,102,2.6525,0.998,0.0003,0.0008,-0.0121,59.36,61.06,58.89,56.785
2026-10-09T18:19:06+00:00,QQQ,2026-10-09,0,750.57,691.0,C,59.11,60.72,59.915,60.13,1,11,2.5817,0.998,0.0003,0.0008,-0.0122,60.13,60.13,60.13,55.83
2026-10-09T18:19:06+00:00,QQQ,2026-10-09,0,750.57,693.0,C,57.16,59.22,58.19,58.1,4,7,2.7984,0.9979,0.0003,0.0008,-0.0124,56.08,58.3,56.08,54.015
2026-10-09T18:19:06+00:00,QQQ,2026-10-09,0,750.57,694.0,C,55.4,58.24,56.82,57.17,3,20,2.3323,0.9978,0.0003,0.0008,-0.0126,56.51,57.37,56.51,52.785
2026-10-09T18:19:06+00:00,QQQ,2026-10-09,0,750.57,695.0,C,55.2,57.24,56.22,55.96,10,20,2.742,0.9978,0.0003,0.0009,-0.0127,54.94,55.96,54.94,51.935
2026-10-09T18:19:06+00:00,QQQ,2026-10-09,0,750.57,696.0,C,54.18,56.24,55.21,55.03,13,17,2.6918,0.9977,0.0004,0.0009,-0.0128,54.01,55.03,54.01,50.91
2026-10-09T18:19:06+00:00,QQQ,2026-10-09,0,750.57,697.0,C,52.99,55.24,54.115,54.18,9,69,2.5659,0.9977,0.0004,0.0009,-0.0129,53.15,54.18,53.15,49.91
2026-10-09T18:19:06+00:00,QQQ,2026-10-09,0,750.57,698.0,C,52.2,54.23,53.215,53.25,4,17,2.6128,0.9976,0.0004,0.0009,-0.013,51.93,53.25,51.93,48.86
2026-10-09T18:19:06+00:00,QQQ,2026-10-09,0,750.57,699.0,C,51.13,53.24,52.185,50.97,3,27,2.546,0.9976,0.0004,0.0009,-0.0131,52.78,52.78,50.97,47.955
2026-10-09T18:19:06+00:00,QQQ,2026-10-09,0,750.57,700.0,C,50.22,51.29,50.755,50.79,51,1197,2.0061,0.9975,0.0004,0.001,-0.0133,52.63,52.63,49.16,46.89
2026-10-09T18:19:06+00:00,QQQ,2026-10-09,0,750.57,701.0,C,49.15,50.38,49.765,50.14,10,143,1.9886,0.9975,0.0004,0.001,-0.0134,47.76,50.14,47.76,45.955
2026-10-09T18:19:06+00:00,QQQ,2026-10-09,0,750.57,702.0,C,48.04,50.24,49.14,49.13,38,114,2.3838,0.9974,0.0004,0.001,-0.0135,49.12,49.46,48.0,45.025
2026-10-09T18:19:06+00:00,QQQ,2026-10-09,0,750.57,703.0,C,47.15,49.24,48.195,48.2,31,76,2.3879,0.9973,0.0005,0.001,-0.0136,47.95,48.53,47.95,43.795
2026-10-09T18:19:06+00:00,QQQ,2026-10-09,0,750.57,704.0,C,45.88,48.22,47.05,46.49,13,64,2.2225,0.9973,0.0005,0.001,-0.0137,48.25,48.25,46.18,42.8
2026-10-09T18:19:06+00:00,QQQ,2026-10-09,0,750.57,705.0,C,45.15,46.33,45.74,45.55,58,361,1.803,0.9972,0.0005,0.0011,-0.0139,46.08,46.08,44.16,42.03
2026-10-09T18:19:06+00:00,QQQ,2026-10-09,0,750.57,706.0,C,44.13,46.24,45.185,44.66,6,230,2.2546,0.9971,0.0005,0.0011,-0.014,43.92,44.66,43.92,40.805
2026-10-09T18:19:06+00:00,QQQ,2026-10-09,0,750.57,707.0,C,43.08,45.24,44.16,44.59,19,105,2.1933,0.997,0.0006,0.0011,-0.0141,43.1,44.59,42.74,40.03
2026-10-09T18:19:06+00:00,QQQ,2026-10-09,0,750.57,708.0,C,41.99,44.24,43.115,43.66,17,95,2.1159,0.997,0.0006,0.0012,-0.0142,41.92,43.66,41.61,39.03
2026-10-09T18:19:06+00:00,QQQ,2026-10-09,0,750.57,709.0,C,40.79,43.24,42.015,42.14,6,147,1.976,0.9969,0.0006,0.0012,-0.0144,40.63,42.24,39.74,37.975
2026-10-09T18:19:06+00:00,QQQ,2026-10-09,0,750.57,710.0,C,40.25,41.33,40.79,40.82,58,1045,1.7043,0.9968,0.0006,0.0012,-0.0145,41.7,41.7,38.21,36.67
2026-10-09T18:19:06+00:00,QQQ,2026-10-09,0,750.57,711.0,C,38.49,41.22,39.855,39.95,9,158,1.7496,0.9967,0.0007,0.0013,-0.0146,39.4,40.19,37.78,35.67
2026-10-09T18:19:06+00:00,QQQ,2026-10-09,0,750.57,712.0,C,38.11,40.22,39.165,38.79,17,656,1.9878,0.9966,0.0007,0.0013,-0.0147,38.6,39.3,38.08,34.68
2026-10-09T18:19:06+00:00,QQQ,2026-10-09,0,750.57,713.0,C,37.04,39.24,38.14,38.23,13,141,1.9275,0.9965,0.0007,0.0013,-0.0149,36.33,38.29,35.61,33.68
2026-10-09T18:19:06+00:00,QQQ,2026-10-09,0,750.57,714.0,C,35.49,38.22,36.855,37.24,87,163,1.636,0.9964,0.0008,0.0014,-0.015,37.07,38.46,34.83,32.685
2026-10-09T18:19:06+00:00,QQQ,2026-10-09,0,750.57,715.0,C,35.53,36.33,35.93,35.7,136,1010,1.6825,0.9963,0.0008,0.0014,-0.0151,35.8,36.09,34.22,31.69
2026-10-09T18:19:06+00:00,QQQ,2026-10-09,0,750.57,716.0,C,34.22,36.06,35.14,33.11,23,450,1.8013,0.9962,0.0009,0.0014,-0.0152,33.41,34.89,33.11,30.805
2026-10-09T18:19:06+00:00,QQQ,2026-10-09,0,750.57,717.0,C,32.21,34.25,33.23,33.57,27,392,0.0,0.996,0.0009,0.0015,-0.0154,33.95,33.95,32.47,29.705
2026-10-09T18:19:06+00:00,QQQ,2026-10-09,0,750.57,718.0,C,31.98,33.33,32.655,32.59,50,342,1.1844,0.9959,0.001,0.0015,-0.0155,31.51,32.65,31.26,28.705
2026-10-09T18:19:06+00:00,QQQ,2026-10-09,0,750.57,719.0,C,31.2,32.06,31.63,32.09,43,568,1.077,0.9958,0.001,0.0016,-0.0156,30.44,32.09,30.22,27.715
2026-10-09T18:19:06+00:00,QQQ,2026-10-09,0,750.57,720.0,C,30.28,31.35,30.815,30.61,115,1343,1.3651,0.9956,0.0011,0.0016,-0.0158,31.34,31.34,29.03,26.895
2026-10-09T18:19:06+00:00,QQQ,2026-10-09,0,750.57,721.0,C,29.27,30.1,29.685,29.69,62,488,1.1502,0.9955,0.0011,0.0017,-0.0159,29.07,29.69,28.84,25.725
2026-10-09T18:19:06+00:00,QQQ,2026-10-09,0,750.57,722.0,C,28.22,29.22,28.72,28.76,60,333,1.1731,0.9953,0.0012,0.0017,-0.016,28.9,28.9,26.81,24.735
2026-10-09T18:19:06+00:00,QQQ,2026-10-09,0,750.57,723.0,C,27.24,27.98,27.61,27.54,111,279,0.8673,0.9951,0.0013,0.0018,-0.0162,25.95,28.94,25.8,23.825
2026-10-09T18:19:06+00:00,QQQ,2026-10-09,0,750.57,724.0,C,26.54,26.98,26.76,26.4,72,257,1.1536,0.995,0.0014,0.0019,-0.0163,27.41,28.53,23.72,22.755
2026-10-09T18:19:06+00:00,QQQ,2026-10-09,0,750.57,725.0,C,25.5,25.9,25.7,25.86,132,1333,1.0376,0.9948,0.0015,0.0019,-0.0165,27.0,27.0,24.18,21.875
2026-10-09T18:19:06+00:00,QQQ,2026-10-09,0,750.57,726.0,C,24.43,24.9,24.665,24.86,74,180,0.9437,0.9946,0.0016,0.002,-0.0166,25.8,26.34,22.86,20.8
2026-10-09T18:19:06+00:00,QQQ,2026-10-09,0,750.57,727.0,C,23.54,23.67,23.605,23.79,73,204,0.7962,0.9943,0.0017,0.0021,-0.0167,24.5,24.67,21.59,19.845
2026-10-09T18:19:06+00:00,QQQ,2026-10-09,0,750.57,728.0,C,22.55,22.67,22.61,22.73,31,462,0.7464,0.9941,0.0018,0.0022,-0.0169,23.93,23.93,21.57,18.82
2026-10-09T18:19:06+00:00,QQQ,2026-10-09,0,750.57,729.0,C,21.55,21.68,21.615,21.43,19,348,0.7166,0.9938,0.002,0.0022,-0.017,20.34,21.53,20.1,17.97
2026-10-09T18:19:06+00:00,QQQ,2026-10-09,0,750.57,730.0,C,20.55,20.68,20.615,20.73,174,1397,0.7209,0.9935,0.0022,0.0023,-0.0172,21.7,22.03,18.7,17.01
2026-10-09T18:19:06+00:00,QQQ,2026-10-09,0,750.57,731.0,C,19.55,19.68,19.615,19.83,65,413,0.6569,0.9932,0.0024,0.0024,-0.0173,20.33,20.36,18.14,15.89
2026-10-09T18:19:06+00:00,QQQ,2026-10-09,0,750.57,732.0,C,18.54,18.66,18.6,18.54,19,596,0.6067,0.9929,0.0026,0.0026,-0.0174,19.7,19.7,17.67,14.955
2026-10-09T18:19:06+00:00,QQQ,2026-10-09,0,750.57,733.0,C,17.55,17.68,17.615,17.5,62,451,0.5967,0.9925,0.0028,0.0027,-0.0176,19.07,19.07,15.75,14.155
2026-10-09T18:19:06+00:00,QQQ,2026-10-09,0,750.57,734.0,C,16.55,16.68,16.615,16.76,76,1767,0.5664,0.9921,0.0031,0.0028,-0.0177,17.29,17.29,15.18,13.06
2026-10-09T18:19:06+00:00,QQQ,2026-10-09,0,750.57,735.0,C,15.55,15.68,15.615,15.9,130,1682,0.551,0.9916,0.0034,0.003,-0.0179,16.84,16.84,13.7,12.27
2026-10-09T18:19:06+00:00,QQQ,2026-10-09,0,750.57,736.0,C,14.55,14.67,14.61,14.58,21,669,0.5055,0.9911,0.0038,0.0031,-0.018,16.41,16.41,13.29,11.215
2026-10-09T18:19:06+00:00,QQQ,2026-10-09,0,750.57,737.0,C,13.55,13.68,13.615,13.47,65,312,0.4747,0.9906,0.0043,0.0033,-0.0182,14.62,15.33,11.98,10.405
2026-10-09T18:19:06+00:00,QQQ,2026-10-09,0,750.57,738.0,C,12.55,12.69,12.62,12.68,288,1306,0.4568,0.9899,0.0049,0.0035,-0.0184,13.69,14.11,10.83,9.62
2026-10-09T18:19:06+00:00,QQQ,2026-10-09,0,750.57,739.0,C,11.55,11.68,11.615,11.89,88,1799,0.4356,0.9891,0.0056,0.0038,-0.0186,13.94,13.94,9.74,8.75
2026-10-09T18:19:06+00:00,QQQ,2026-10-09,0,750.57,740.0,C,10.55,10.69,10.62,10.74,906,2675,0.412,0.9882,0.0065,0.0041,-0.0188,12.58,12.58,8.69,7.9
2026-10-09T18:19:06+00:00,QQQ,2026-10-09,0,750.57,741.0,C,9.54,9.69,9.615,9.79,330,1165,0.3785,0.9872,0.0076,0.0044,-0.0191,11.03,11.34,7.68,7.085
2026-10-09T18:19:06+00:00,QQQ,2026-10-09,0,750.57,742.0,C,8.55,8.68,8.615,8.54,550,649,0.3446,0.9857,0.0092,0.0048,-0.0195,9.85,10.55,6.8,6.285
2026-10-09T18:19:06+00:00,QQQ,2026-10-09,0,750.57,743.0,C,7.55,7.68,7.615,7.63,3296,1770,0.3103,0.9838,0.0113,0.0054,-0.0204,9.7,9.88,5.81,5.52
2026-10-09T18:19:06+00:00,QQQ,2026-10-09,0,750.57,744.0,C,6.56,6.65,6.605,6.47,1617,1035,0.2688,0.9809,0.0146,0.0063,-0.0221,8.63,8.71,4.96,4.81
2026-10-09T18:19:06+00:00,QQQ,2026-10-09,0,750.57,745.0,C,5.57,5.66,5.615,5.73,5549,4966,0.2508,0.9758,0.02,0.0077,-0.0256,7.77,8.08,4.08,4.14
2026-10-09T18:19:06+00:00,QQQ,2026-10-09,0,750.57,746.0,C,4.57,4.65,4.61,4.63,6039,1922,0.1927,0.9663,0.0297,0.0102,-0.0333,6.78,7.0,3.26,3.51
2026-10-09T18:19:06+00:00,QQQ,2026-10-09,0,750.57,747.0,C,3.61,3.67,3.64,3.67,17973,5193,0.1825,0.9468,0.0485,0.0146,-0.05,6.0,6.18,2.51,2.945
2026-10-09T18:19:06+00:00,QQQ,2026-10-09,0,750.57,748.0,C,2.62,2.7,2.66,2.71,42911,8982,0.1573,0.9063,0.0848,0.0221,-0.0863,5.06,5.3,1.84,2.435
2026-10-09T18:19:06+00:00,QQQ,2026-10-09,0,750.57,749.0,C,1.7,1.72,1.71,1.72,142775,9600,0.1332,0.823,0.1506,0.0335,-0.165,4.21,4.37,1.19,1.975
2026-10-09T18:19:06+00:00,QQQ,2026-10-09,0,750.57,750.0,C,0.93,0.94,0.935,0.94,472224,13758,0.1215,0.6519,0.2421,0.0466,-0.3576,3.52,3.67,0.71,1.575
2026-10-09T18:19:06+00:00,QQQ,2026-10-09,0,750.57,751.0,C,0.4,0.41,0.405,0.41,465214,3618,0.1192,0.3924,0.2597,0.0483,-0.4102,2.83,2.93,0.36,1.245
2026-10-09T18:19:06+00:00,QQQ,2026-10-09,0,750.57,752.0,C,0.16,0.17,0.165,0.16,300005,7627,0.1271,0.1898,0.1699,0.035,-0.1665,2.21,2.3,0.15,0.965
2026-10-09T18:19:06+00:00,QQQ,2026-10-09,0,750.57,753.0,C,0.07,0.08,0.075,0.08,195510,7311,0.1432,0.0899,0.0907,0.0216,-0.0743,1.63,1.74,0.07,0.735
2026-10-09T18:19:06+00:00,QQQ,2026-10-09,0,750.57,754.0,C,0.04,0.05,0.045,0.04,114361,16990,0.1661,0.0455,0.0478,0.013,-0.0373,1.21,1.27,0.04,0.555
2026-10-09T18:19:06+00:00,QQQ,2026-10-09,0,750.57,755.0,C,0.03,0.04,0.035,0.03,89472,12707,0.1948,0.0266,0.0272,0.0085,-0.0227,0.82,0.9,0.02,0.415
2026-10-09T18:19:06+00:00,QQQ,2026-10-09,0,750.57,756.0,C,0.02,0.03,0.025,0.02,41622,5861,0.2181,0.0192,0.0181,0.0064,-0.018,0.56,0.61,0.02,0.305
2026-10-09T18:19:06+00:00,QQQ,2026-10-09,0,750.57,757.0,C,0.01,0.02,0.015,0.01,25753,6216,0.2335,0.016,0.0135,0.0055,-0.0167,0.38,0.4,0.01,0.225
2026-10-09T18:19:06+00:00,QQQ,2026-10-09,0,750.57,758.0,C,0.01,0.02,0.015,0.01,16255,8434,0.2645,0.0141,0.0107,0.0049,-0.0163,0.22,0.27,0.01,0.165
2026-10-09T18:19:06+00:00,QQQ,2026-10-09,0,750.57,759.0,C,0.01,0.02,0.015,0.02,12639,4072,0.2951,0.0127,0.0088,0.0044,-0.0162,0.13,0.18,0.01,0.125
2026-10-09T18:19:06+00:00,QQQ,2026-10-09,0,750.57,760.0,C,0.01,0.02,0.015,0.02,18953,17370,0.3252,0.0116,0.0074,0.0041,-0.016,0.07,0.12,0.01,0.095
2026-10-09T18:19:06+00:00,QQQ,2026-10-09,0,750.57,761.0,C,0.01,0.02,0.015,0.01,4011,4551,0.355,0.0107,0.0063,0.0038,-0.0159,0.06,0.08,0.01,0.075
2026-10-09T18:19:06+00:00,QQQ,2026-10-09,0,750.57,762.0,C,0.0,0.01,0.01,0.01,5327,4524,0.3397,0.0099,0.0054,0.0035,-0.0158,0.05,0.06,0.01,0.065
2026-10-09T18:19:06+00:00,QQQ,2026-10-09,0,750.57,763.0,C,0.0,0.01,0.01,0.01,3909,3803,0.3661,0.0092,0.0048,0.0033,-0.0157,0.04,0.05,0.01,0.045
2026-10-09T18:19:06+00:00,QQQ,2026-10-09,0,750.57,764.0,C,0.0,0.01,0.01,0.01,2529,2749,0.3923,0.0086,0.0042,0.0031,-0.0156,0.02,0.06,0.01,0.035
2026-10-09T18:19:06+00:00,QQQ,2026-10-09,0,750.57,765.0,C,0.0,0.01,0.01,0.01,3061,7567,0.4188,0.0081,0.0037,0.0029,-0.0154,0.03,0.06,0.01,0.035
2026-10-09T18:19:06+00:00,QQQ,2026-10-09,0,750.57,766.0,C,0.0,0.01,0.01,0.01,1466,2567,0.4446,0.0076,0.0034,0.0028,-0.0153,0.02,0.02,0.01,0.025
2026-10-09T18:19:06+00:00,QQQ,2026-10-09,0,750.57,767.0,C,0.0,0.01,0.01,0.01,1245,3309,0.4703,0.0072,0.003,0.0026,-0.0152,0.01,0.02,0.01,0.025
2026-10-09T18:19:06+00:00,QQQ,2026-10-09,0,750.57,768.0,C,0.0,0.01,0.01,0.01,1092,3245,0.4958,0.0069,0.0028,0.0025,-0.0151,0.02,0.02,0.01,0.015
2026-10-09T18:19:06+00:00,QQQ,2026-10-09,0,750.57,769.0,C,0.0,0.01,0.01,0.01,624,2360,0.5212,0.0065,0.0025,0.0024,-0.015,0.01,0.03,0.01,0.015
2026-10-09T18:19:06+00:00,QQQ,2026-10-09,0,750.57,770.0,C,0.0,0.01,0.01,0.01,2341,9045,0.5464,0.0062,0.0023,0.0023,-0.0149,0.04,0.04,0.01,0.015
2026-10-09T18:19:06+00:00,QQQ,2026-10-09,0,750.57,771.0,C,0.0,0.01,0.01,0.01,375,1228,0.5714,0.006,0.0021,0.0022,-0.0148,0.02,0.02,0.01,0.015
2026-10-09T18:19:06+00:00,QQQ,2026-10-09,0,750.57,772.0,C,0.0,0.01,0.01,0.01,162,2723,0.5964,0.0057,0.002,0.0021,-0.0147,0.01,0.01,0.01,0.015
2026-10-09T18:19:06+00:00,QQQ,2026-10-09,0,750.57,773.0,C,0.0,0.01,0.01,0.01,45,1918,0.6212,0.0055,0.0018,0.002,-0.0146,0.01,0.01,0.01,0.015
2026-10-09T18:19:06+00:00,QQQ,2026-10-09,0,750.57,774.0,C,0.0,0.01,0.01,0.01,149,2171,0.6459,0.0053,0.0017,0.002,-0.0145,0.01,0.01,0.01,0.005
2026-10-09T18:19:06+00:00,QQQ,2026-10-09,0,750.57,775.0,C,0.0,0.01,0.01,0.01,375,7727,0.6705,0.0051,0.0016,0.0019,-0.0144,0.01,0.02,0.01,0.005
2026-10-09T18:19:06+00:00,QQQ,2026-10-09,0,750.57,776.0,C,0.0,0.01,0.01,0.01,28,1057,0.695,0.0049,0.0015,0.0018,-0.0143,0.01,0.01,0.01,0.005
2026-10-09T18:19:06+00:00,QQQ,2026-10-09,0,750.57,777.0,C,0.0,0.01,0.01,0.01,112,1681,0.7194,0.0047,0.0014,0.0018,-0.0142,0.01,0.02,0.01,0.015
2026-10-09T18:19:06+00:00,QQQ,2026-10-09,0,750.57,778.0,C,0.0,0.01,0.01,0.01,7,1084,0.7436,0.0046,0.0013,0.0017,-0.0141,0.01,0.01,0.01,0.005
2026-10-09T18:19:06+00:00,QQQ,2026-10-09,0,750.57,779.0,C,0.0,0.01,0.01,0.01,320,658,0.7678,0.0044,0.0012,0.0016,-0.014,0.01,0.01,0.01,0.005
2026-10-09T18:19:06+00:00,QQQ,2026-10-09,0,750.57,780.0,C,0.0,0.01,0.01,0.01,10,8418,0.7919,0.0043,0.0012,0.0016,-0.0139,0.01,0.01,0.01,0.005
2026-10-09T18:19:06+00:00,QQQ,2026-10-09,0,750.57,781.0,C,0.0,0.01,0.01,0.01,0,616,0.8159,0.0041,0.0011,0.0016,-0.0138,0.0,0.0,0.0,0.005
2026-10-09T18:19:06+00:00,QQQ,2026-10-09,0,750.57,782.0,C,0.0,0.01,0.01,0.01,0,1243,0.8398,0.004,0.001,0.0015,-0.0137,0.0,0.0,0.0,0.005
2026-10-09T18:19:06+00:00,QQQ,2026-10-09,0,750.57,783.0,C,0.0,0.01,0.01,0.01,0,614,0.8636,0.0039,0.001,0.0015,-0.0136,0.0,0.0,0.0,0.005
2026-10-09T18:19:06+00:00,QQQ,2026-10-09,0,750.57,784.0,C,0.0,0.01,0.01,0.01,0,278,0.8873,0.0038,0.0009,0.0014,-0.0135,0.0,0.0,0.0,0.005
2026-10-09T18:19:06+00:00,QQQ,2026-10-09,0,750.57,785.0,C,0.0,0.01,0.01,0.01,4,5635,0.9109,0.0037,0.0009,0.0014,-0.0134,0.01,0.01,0.01,0.005
2026-10-09T18:19:06+00:00,QQQ,2026-10-09,0,750.57,786.0,C,0.0,0.01,0.01,0.01,0,78,0.9345,0.0036,0.0008,0.0014,-0.0133,0.0,0.0,0.0,0.005
2026-10-09T18:19:06+00:00,QQQ,2026-10-09,0,750.57,787.0,C,0.0,0.01,0.01,0.01,4,103,0.958,0.0035,0.0008,0.0013,-0.0132,0.01,0.01,0.01,0.005
2026-10-09T18:19:06+00:00,QQQ,2026-10-09,0,750.57,788.0,C,0.0,0.01,0.02,0.02,0,266,0.9813,0.0034,0.0008,0.0013,-0.0132,0.0,0.0,0.0,0.005
2026-10-09T18:19:06+00:00,QQQ,2026-10-09,0,750.57,790.0,C,0.0,0.01,0.01,0.01,1830,3401,1.0279,0.0032,0.0007,0.0012,-0.013,0.01,0.01,0.01,0.005
2026-10-09T18:19:06+00:00,QQQ,2026-10-09,0,750.57,820.0,C,0.0,0.01,0.01,0.01,35,317,1.6962,0.0017,0.0002,0.0007,-0.0105,0.01,0.01,0.01,0.005
2026-10-09T18:19:06+00:00,QQQ,2026-10-09,0,750.57,490.0,P,0.0,0.01,0.01,0.01,115,3776,7.4346,0.0,0.0,0.0,-0.0007,0.01,0.01,0.01,0.005
2026-10-09T18:19:06+00:00,QQQ,2026-10-09,0,750.57,575.0,P,0.0,0.01,0.01,0.01,2,18035,4.7714,-0.0002,0.0,0.0001,-0.0032,0.01,0.01,0.01,0.005
2026-10-09T18:19:06+00:00,QQQ,2026-10-09,0,750.57,600.0,P,0.0,0.01,0.01,0.01,1,18857,4.053,-0.0004,0.0,0.0002,-0.0045,0.01,0.01,0.01,0.015
2026-10-09T18:19:06+00:00,QQQ,2026-10-09,0,750.57,625.0,P,0.0,0.01,0.01,0.01,25,3918,3.3578,-0.0006,0.0,0.0002,-0.0062,0.01,0.01,0.01,0.015
2026-10-09T18:19:06+00:00,QQQ,2026-10-09,0,750.57,630.0,P,0.0,0.01,0.01,0.01,4,678,3.2212,-0.0006,0.0,0.0003,-0.0065,0.01,0.01,0.01,0.015
2026-10-09T18:19:06+00:00,QQQ,2026-10-09,0,750.57,635.0,P,0.0,0.01,0.01,0.01,7,710,3.0854,-0.0007,0.0001,0.0003,-0.0069,0.01,0.01,0.01,0.015
2026-10-09T18:19:06+00:00,QQQ,2026-10-09,0,750.57,640.0,P,0.0,0.01,0.01,0.01,6,1706,2.9503,-0.0008,0.0001,0.0003,-0.0073,0.01,0.01,0.01,0.015
2026-10-09T18:19:06+00:00,QQQ,2026-10-09,0,750.57,650.0,P,0.0,0.01,0.01,0.01,27,2327,2.6822,-0.0009,0.0001,0.0004,-0.0081,0.01,0.02,0.01,0.015
2026-10-09T18:19:06+00:00,QQQ,2026-10-09,0,750.57,655.0,P,0.0,0.01,0.01,0.01,27,2971,2.5491,-0.001,0.0001,0.0004,-0.0086,0.01,0.01,0.01,0.015
2026-10-09T18:19:06+00:00,QQQ,2026-10-09,0,750.57,665.0,P,0.0,0.01,0.01,0.01,11,2444,2.2847,-0.0012,0.0001,0.0005,-0.0095,0.01,0.01,0.01,0.015
2026-10-09T18:19:06+00:00,QQQ,2026-10-09,0,750.57,670.0,P,0.0,0.01,0.01,0.01,46,2540,2.1533,-0.0013,0.0001,0.0005,-0.01,0.01,0.01,0.01,0.015
2026-10-09T18:19:06+00:00,QQQ,2026-10-09,0,750.57,675.0,P,0.0,0.01,0.01,0.01,3,2079,2.0224,-0.0014,0.0002,0.0006,-0.0105,0.01,0.01,0.01,0.015
2026-10-09T18:19:06+00:00,QQQ,2026-10-09,0,750.57,676.0,P,0.0,0.01,0.01,0.01,5,2470,1.9962,-0.0015,0.0002,0.0006,-0.0106,0.01,0.01,0.01,0.015
2026-10-09T18:19:06+00:00,QQQ,2026-10-09,0,750.57,677.0,P,0.0,0.01,0.01,0.01,5,1366,1.9701,-0.0015,0.0002,0.0006,-0.0107,0.01,0.01,0.01,0.015
2026-10-09T18:19:06+00:00,QQQ,2026-10-09,0,750.57,678.0,P,0.0,0.01,0.01,0.01,3,1999,1.944,-0.0015,0.0002,0.0006,-0.0108,0.01,0.01,0.01,0.015
2026-10-09T18:19:06+00:00,QQQ,2026-10-09,0,750.57,679.0,P,0.0,0.01,0.01,0.01,5,2159,1.9179,-0.0016,0.0002,0.0006,-0.0109,0.01,0.01,0.01,0.015
2026-10-09T18:19:06+00:00,QQQ,2026-10-09,0,750.57,680.0,P,0.0,0.01,0.01,0.01,39,8727,1.8919,-0.0016,0.0002,0.0006,-0.011,0.01,0.01,0.01,0.015
2026-10-09T18:19:06+00:00,QQQ,2026-10-09,0,750.57,683.0,P,0.0,0.01,0.01,0.01,5,3175,1.8138,-0.0017,0.0002,0.0007,-0.0113,0.01,0.01,0.01,0.025
2026-10-09T18:19:06+00:00,QQQ,2026-10-09,0,750.57,685.0,P,0.0,0.01,0.01,0.01,11,3758,1.7618,-0.0018,0.0002,0.0007,-0.0116,0.01,0.01,0.01,0.025
2026-10-09T18:19:06+00:00,QQQ,2026-10-09,0,750.57,686.0,P,0.0,0.01,0.01,0.01,3,7960,1.7358,-0.0018,0.0002,0.0007,-0.0117,0.01,0.01,0.01,0.025
2026-10-09T18:19:06+00:00,QQQ,2026-10-09,0,750.57,688.0,P,0.0,0.01,0.01,0.01,1,4727,1.6838,-0.0019,0.0003,0.0007,-0.0119,0.01,0.01,0.01,0.025
2026-10-09T18:19:06+00:00,QQQ,2026-10-09,0,750.57,689.0,P,0.0,0.01,0.01,0.01,10,939,1.6579,-0.0019,0.0003,0.0008,-0.012,0.01,0.01,0.01,0.025
2026-10-09T18:19:06+00:00,QQQ,2026-10-09,0,750.57,690.0,P,0.0,0.01,0.01,0.01,14,3470,1.632,-0.002,0.0003,0.0008,-0.0121,0.01,0.01,0.01,0.025
2026-10-09T18:19:06+00:00,QQQ,2026-10-09,0,750.57,692.0,P,0.0,0.01,0.01,0.01,2,1447,1.5797,-0.0021,0.0003,0.0008,-0.0124,0.01,0.01,0.01,0.025
2026-10-09T18:19:06+00:00,QQQ,2026-10-09,0,750.57,694.0,P,0.0,0.01,0.01,0.01,4,2153,1.5279,-0.0022,0.0003,0.0008,-0.0126,0.01,0.01,0.01,0.025
2026-10-09T18:19:06+00:00,QQQ,2026-10-09,0,750.57,695.0,P,0.0,0.01,0.01,0.01,6,3551,1.502,-0.0022,0.0003,0.0009,-0.0127,0.01,0.01,0.01,0.025
2026-10-09T18:19:06+00:00,QQQ,2026-10-09,0,750.57,698.0,P,0.0,0.01,0.01,0.01,114,2587,1.4244,-0.0024,0.0004,0.0009,-0.013,0.01,0.01,0.01,0.025
2026-10-09T18:19:06+00:00,QQQ,2026-10-09,0,750.57,699.0,P,0.0,0.01,0.01,0.01,18,3101,1.3986,-0.0024,0.0004,0.0009,-0.0132,0.01,0.01,0.01,0.025
2026-10-09T18:19:06+00:00,QQQ,2026-10-09,0,750.57,700.0,P,0.0,0.01,0.01,0.01,78,6755,1.3727,-0.0025,0.0004,0.001,-0.0133,0.01,0.02,0.01,0.025
2026-10-09T18:19:06+00:00,QQQ,2026-10-09,0,750.57,701.0,P,0.0,0.01,0.01,0.01,66,7373,1.3469,-0.0025,0.0004,0.001,-0.0134,0.02,0.02,0.01,0.025
2026-10-09T18:19:06+00:00,QQQ,2026-10-09,0,750.57,702.0,P,0.0,0.01,0.01,0.01,466,4808,1.321,-0.0026,0.0004,0.001,-0.0135,0.01,0.02,0.01,0.025
2026-10-09T18:19:06+00:00,QQQ,2026-10-09,0,750.57,703.0,P,0.0,0.01,0.01,0.01,1192,1946,1.2952,-0.0027,0.0005,0.001,-0.0136,0.01,0.02,0.01,0.035
2026-10-09T18:19:06+00:00,QQQ,2026-10-09,0,750.57,704.0,P,0.0,0.01,0.01,0.01,1224,2012,1.2693,-0.0027,0.0005,0.0011,-0.0138,0.01,0.02,0.01,0.035
2026-10-09T18:19:06+00:00,QQQ,2026-10-09,0,750.57,705.0,P,0.0,0.01,0.01,0.01,776,2713,1.2435,-0.0028,0.0005,0.0011,-0.0139,0.01,0.02,0.01,0.035
2026-10-09T18:19:06+00:00,QQQ,2026-10-09,0,750.57,706.0,P,0.0,0.01,0.01,0.01,1242,2431,1.2176,-0.0029,0.0005,0.0011,-0.014,0.01,0.02,0.01,0.035
2026-10-09T18:19:06+00:00,QQQ,2026-10-09,0,750.57,707.0,P,0.0,0.01,0.01,0.01,2238,2027,1.1918,-0.003,0.0006,0.0011,-0.0141,0.01,0.02,0.01,0.035
2026-10-09T18:19:06+00:00,QQQ,2026-10-09,0,750.57,708.0,P,0.0,0.01,0.01,0.01,3119,3741,1.1659,-0.0031,0.0006,0.0012,-0.0142,0.01,0.02,0.01,0.035
2026-10-09T18:19:06+00:00,QQQ,2026-10-09,0,750.57,709.0,P,0.0,0.01,0.01,0.01,3974,3867,1.1401,-0.0031,0.0006,0.0012,-0.0144,0.01,0.01,0.01,0.035
2026-10-09T18:19:06+00:00,QQQ,2026-10-09,0,750.57,710.0,P,0.0,0.01,0.01,0.01,4867,8130,1.1142,-0.0032,0.0006,0.0012,-0.0145,0.02,0.02,0.01,0.035
2026-10-09T18:19:06+00:00,QQQ,2026-10-09,0,750.57,711.0,P,0.0,0.01,0.01,0.01,3123,2127,1.0883,-0.0033,0.0007,0.0013,-0.0146,0.02,0.02,0.01,0.035
2026-10-09T18:19:06+00:00,QQQ,2026-10-09,0,750.57,712.0,P,0.0,0.01,0.01,0.01,1644,929,1.0624,-0.0034,0.0007,0.0013,-0.0148,0.02,0.02,0.01,0.045
2026-10-09T18:19:06+00:00,QQQ,2026-10-09,0,750.57,713.0,P,0.0,0.01,0.01,0.01,761,1065,1.0366,-0.0035,0.0007,0.0013,-0.0149,0.01,0.02,0.01,0.045
2026-10-09T18:19:06+00:00,QQQ,2026-10-09,0,750.57,714.0,P,0.0,0.01,0.01,0.01,1161,3990,1.0106,-0.0036,0.0008,0.0014,-0.015,0.02,0.02,0.01,0.045
2026-10-09T18:19:06+00:00,QQQ,2026-10-09,0,750.57,715.0,P,0.0,0.01,0.01,0.01,1108,11881,0.9847,-0.0037,0.0008,0.0014,-0.0151,0.02,0.02,0.01,0.045
2026-10-09T18:19:06+00:00,QQQ,2026-10-09,0,750.57,716.0,P,0.0,0.01,0.01,0.01,1828,1203,0.9584,-0.0038,0.0009,0.0014,-0.0153,0.01,0.02,0.01,0.045
2026-10-09T18:19:06+00:00,QQQ,2026-10-09,0,750.57,717.0,P,0.0,0.01,0.01,0.01,3291,3683,0.9324,-0.004,0.0009,0.0015,-0.0154,0.02,0.02,0.01,0.055
2026-10-09T18:19:06+00:00,QQQ,2026-10-09,0,750.57,718.0,P,0.0,0.01,0.01,0.01,117,2044,0.9064,-0.0041,0.001,0.0015,-0.0155,0.01,0.02,0.01,0.055
2026-10-09T18:19:06+00:00,QQQ,2026-10-09,0,750.57,719.0,P,0.0,0.01,0.01,0.01,439,2212,0.8804,-0.0042,0.001,0.0016,-0.0157,0.01,0.02,0.01,0.055
2026-10-09T18:19:06+00:00,QQQ,2026-10-09,0,750.57,720.0,P,0.0,0.01,0.01,0.01,1513,6354,0.8544,-0.0044,0.0011,0.0016,-0.0158,0.02,0.02,0.01,0.065
2026-10-09T18:19:06+00:00,QQQ,2026-10-09,0,750.57,721.0,P,0.0,0.01,0.01,0.01,2534,1770,0.8284,-0.0045,0.0011,0.0017,-0.0159,0.01,0.03,0.01,0.065
2026-10-09T18:19:06+00:00,QQQ,2026-10-09,0,750.57,722.0,P,0.0,0.01,0.01,0.01,1921,2311,0.8023,-0.0047,0.0012,0.0017,-0.0161,0.01,0.02,0.01,0.075
2026-10-09T18:19:06+00:00,QQQ,2026-10-09,0,750.57,723.0,P,0.0,0.01,0.01,0.01,782,1460,0.7762,-0.0049,0.0013,0.0018,-0.0162,0.02,0.02,0.01,0.085
2026-10-09T18:19:06+00:00,QQQ,2026-10-09,0,750.57,724.0,P,0.0,0.01,0.01,0.01,3742,2301,0.75,-0.005,0.0014,0.0019,-0.0163,0.02,0.03,0.01,0.095
2026-10-09T18:19:06+00:00,QQQ,2026-10-09,0,750.57,725.0,P,0.0,0.01,0.01,0.01,5613,9318,0.7238,-0.0052,0.0015,0.0019,-0.0165,0.01,0.03,0.01,0.105
2026-10-09T18:19:06+00:00,QQQ,2026-10-09,0,750.57,726.0,P,0.0,0.01,0.01,0.01,2969,1442,0.6976,-0.0054,0.0016,0.002,-0.0166,0.02,0.03,0.01,0.115
2026-10-09T18:19:06+00:00,QQQ,2026-10-09,0,750.57,727.0,P,0.0,0.01,0.01,0.01,3610,5097,0.6713,-0.0057,0.0017,0.0021,-0.0168,0.03,0.03,0.01,0.125
2026-10-09T18:19:06+00:00,QQQ,2026-10-09,0,750.57,728.0,P,0.01,0.02,0.015,0.01,5598,1950,0.7204,-0.0059,0.0018,0.0022,-0.0169,0.03,0.03,0.01,0.145
2026-10-09T18:19:06+00:00,QQQ,2026-10-09,0,750.57,729.0,P,0.01,0.02,0.015,0.01,2047,2704,0.6914,-0.0062,0.002,0.0022,-0.017,0.02,0.04,0.01,0.165
2026-10-09T18:19:06+00:00,QQQ,2026-10-09,0,750.57,730.0,P,0.01,0.02,0.015,0.01,5444,34359,0.6625,-0.0065,0.0022,0.0023,-0.0172,0.06,0.06,0.01,0.185
2026-10-09T18:19:06+00:00,QQQ,2026-10-09,0,750.57,731.0,P,0.01,0.02,0.015,0.01,4143,2653,0.6334,-0.0068,0.0024,0.0024,-0.0173,0.02,0.05,0.01,0.215
2026-10-09T18:19:06+00:00,QQQ,2026-10-09,0,750.57,732.0,P,0.01,0.02,0.015,0.01,1991,3353,0.6043,-0.0071,0.0026,0.0026,-0.0175,0.03,0.06,0.01,0.245
2026-10-09T18:19:06+00:00,QQQ,2026-10-09,0,750.57,733.0,P,0.01,0.02,0.015,0.02,3491,2396,0.575,-0.0075,0.0028,0.0027,-0.0176,0.03,0.07,0.01,0.295
2026-10-09T18:19:06+00:00,QQQ,2026-10-09,0,750.57,734.0,P,0.01,0.02,0.015,0.02,4286,2892,0.5456,-0.0079,0.0031,0.0028,-0.0178,0.06,0.08,0.01,0.345
2026-10-09T18:19:06+00:00,QQQ,2026-10-09,0,750.57,735.0,P,0.01,0.02,0.015,0.01,5911,20613,0.5161,-0.0084,0.0034,0.003,-0.0179,0.1,0.11,0.01,0.415
2026-10-09T18:19:06+00:00,QQQ,2026-10-09,0,750.57,736.0,P,0.01,0.02,0.015,0.01,3865,8702,0.4865,-0.0089,0.0038,0.0031,-0.0181,0.04,0.11,0.01,0.485
2026-10-09T18:19:06+00:00,QQQ,2026-10-09,0,750.57,737.0,P,0.01,0.02,0.015,0.01,6135,5316,0.4567,-0.0094,0.0043,0.0033,-0.0182,0.07,0.13,0.01,0.585
2026-10-09T18:19:06+00:00,QQQ,2026-10-09,0,750.57,738.0,P,0.01,0.02,0.015,0.02,5820,8135,0.4268,-0.0101,0.0049,0.0035,-0.0184,0.09,0.16,0.01,0.695
2026-10-09T18:19:06+00:00,QQQ,2026-10-09,0,750.57,739.0,P,0.01,0.02,0.015,0.01,12086,4999,0.3967,-0.0109,0.0056,0.0038,-0.0186,0.09,0.19,0.01,0.825
2026-10-09T18:19:06+00:00,QQQ,2026-10-09,0,750.57,740.0,P,0.01,0.02,0.015,0.02,49629,18244,0.3663,-0.0118,0.0065,0.0041,-0.0188,0.12,0.24,0.01,0.975
2026-10-09T18:19:06+00:00,QQQ,2026-10-09,0,750.57,741.0,P,0.01,0.02,0.015,0.02,15200,4668,0.3358,-0.0128,0.0076,0.0044,-0.0191,0.13,0.31,0.01,1.155
2026-10-09T18:19:06+00:00,QQQ,2026-10-09,0,750.57,742.0,P,0.01,0.02,0.015,0.02,28614,5631,0.3049,-0.0142,0.0092,0.0048,-0.0196,0.13,0.39,0.01,1.365
2026-10-09T18:19:06+00:00,QQQ,2026-10-09,0,750.57,743.0,P,0.02,0.03,0.025,0.02,49601,6509,0.2941,-0.0162,0.0113,0.0054,-0.0204,0.16,0.5,0.02,1.615
2026-10-09T18:19:06+00:00,QQQ,2026-10-09,0,750.57,744.0,P,0.02,0.03,0.025,0.03,44871,8846,0.2607,-0.0191,0.0145,0.0063,-0.0221,0.23,0.65,0.02,1.895
2026-10-09T18:19:06+00:00,QQQ,2026-10-09,0,750.57,745.0,P,0.03,0.04,0.035,0.04,77045,10627,0.2397,-0.0241,0.0199,0.0077,-0.0256,0.33,0.82,0.03,2.215
2026-10-09T18:19:06+00:00,QQQ,2026-10-09,0,750.57,746.0,P,0.04,0.05,0.045,0.04,70537,4308,0.2133,-0.0336,0.0296,0.0101,-0.0332,0.35,1.06,0.04,2.595
2026-10-09T18:19:06+00:00,QQQ,2026-10-09,0,750.57,747.0,P,0.05,0.06,0.055,0.06,110303,3712,0.1824,-0.053,0.0483,0.0145,-0.0498,0.48,1.35,0.05,3.02
2026-10-09T18:19:06+00:00,QQQ,2026-10-09,0,750.57,748.0,P,0.08,0.09,0.085,0.09,201754,8644,0.157,-0.0937,0.0848,0.0221,-0.0863,0.65,1.73,0.07,3.51
2026-10-09T18:19:06+00:00,QQQ,2026-10-09,0,750.57,749.0,P,0.15,0.16,0.155,0.16,302207,6783,0.1346,-0.177,0.1506,0.0335,-0.165,0.84,2.17,0.13,4.06
2026-10-09T18:19:06+00:00,QQQ,2026-10-09,0,750.57,750.0,P,0.36,0.37,0.365,0.37,403354,11256,0.1236,-0.3481,0.2421,0.0466,-0.3576,1.1,2.7,0.28,4.655
2026-10-09T18:19:06+00:00,QQQ,2026-10-09,0,750.57,751.0,P,0.84,0.85,0.845,0.84,168427,3588,0.1202,-0.6076,0.2597,0.0483,-0.4102,1.42,3.36,0.63,5.31
2026-10-09T18:19:06+00:00,QQQ,2026-10-09,0,750.57,752.0,P,1.6,1.62,1.61,1.6,53464,5956,0.1284,-0.8102,0.1699,0.035,-0.1665,1.73,4.04,1.18,6.035
2026-10-09T18:19:06+00:00,QQQ,2026-10-09,0,750.57,753.0,P,2.42,2.54,2.48,2.52,14959,3999,0.1379,-0.9101,0.0907,0.0216,-0.0743,2.23,4.89,1.88,6.805
2026-10-09T18:19:06+00:00,QQQ,2026-10-09,0,750.57,754.0,P,3.39,3.5,3.445,3.4,6692,12242,0.158,-0.9548,0.0474,0.013,-0.037,2.83,5.78,2.44,7.725
2026-10-09T18:19:06+00:00,QQQ,2026-10-09,0,750.57,755.0,P,4.37,4.49,4.43,4.36,4260,4678,0.1447,-0.9735,0.027,0.0084,-0.0226,3.44,6.67,3.1,8.53
2026-10-09T18:19:06+00:00,QQQ,2026-10-09,0,750.57,756.0,P,5.35,5.48,5.415,5.4,1970,1570,0.1733,-0.9808,0.018,0.0064,-0.0179,4.2,7.61,3.77,9.475
2026-10-09T18:19:06+00:00,QQQ,2026-10-09,0,750.57,757.0,P,6.35,6.49,6.42,6.11,496,269,0.0,-0.984,0.0135,0.0055,-0.0167,5.0,8.43,5.0,10.455
2026-10-09T18:19:06+00:00,QQQ,2026-10-09,0,750.57,758.0,P,7.35,7.49,7.42,7.1,638,1094,0.0,-0.9859,0.0107,0.0049,-0.0163,6.35,9.54,6.08,11.385
2026-10-09T18:19:06+00:00,QQQ,2026-10-09,0,750.57,759.0,P,8.35,8.48,8.415,8.54,488,67,0.0,-0.9873,0.0088,0.0044,-0.0162,7.44,10.31,7.44,12.215
2026-10-09T18:19:06+00:00,QQQ,2026-10-09,0,750.57,760.0,P,9.34,9.48,9.41,9.45,387,317,0.0,-0.9884,0.0074,0.0041,-0.016,7.7,11.31,7.26,13.21
2026-10-09T18:19:06+00:00,QQQ,2026-10-09,0,750.57,761.0,P,10.34,10.47,10.405,10.23,207,79,0.0,-0.9893,0.0063,0.0038,-0.0159,6.85,12.21,6.85,14.1
2026-10-09T18:19:06+00:00,QQQ,2026-10-09,0,750.57,762.0,P,11.34,11.47,11.405,11.48,119,4,0.0,-0.9901,0.0054,0.0035,-0.0158,10.18,13.47,10.18,15.21
2026-10-09T18:19:06+00:00,QQQ,2026-10-09,0,750.57,763.0,P,12.33,12.47,12.4,12.48,64,2,0.0,-0.9908,0.0048,0.0033,-0.0157,13.28,13.92,12.29,16.215
2026-10-09T18:19:06+00:00,QQQ,2026-10-09,0,750.57,764.0,P,13.34,13.47,13.405,13.26,13,6,0.0,-0.9914,0.0042,0.0031,-0.0156,12.25,13.91,12.25,17.215
2026-10-09T18:19:06+00:00,QQQ,2026-10-09,0,750.57,765.0,P,14.34,14.47,14.405,15.41,46,12,0.0,-0.9919,0.0037,0.0029,-0.0154,13.84,16.17,13.84,18.205
2026-10-09T18:19:06+00:00,QQQ,2026-10-09,0,750.57,766.0,P,15.34,15.47,15.405,15.36,4,2,0.0,-0.9924,0.0034,0.0028,-0.0153,14.16,16.34,14.16,19.31
2026-10-09T18:19:06+00:00,QQQ,2026-10-09,0,750.57,767.0,P,16.34,16.47,16.405,16.55,24,22,0.0,-0.9928,0.003,0.0026,-0.0152,16.1,16.55,16.1,20.21
2026-10-09T18:19:06+00:00,QQQ,2026-10-09,0,750.57,768.0,P,17.34,17.47,17.405,18.0,30,12,0.0,-0.9931,0.0028,0.0025,-0.0151,17.22,19.25,16.37,21.2
2026-10-09T18:19:06+00:00,QQQ,2026-10-09,0,750.57,769.0,P,18.34,18.48,18.41,20.03,4,2,0.0,-0.9935,0.0025,0.0024,-0.015,19.8,20.51,19.34,22.215
2026-10-09T18:19:06+00:00,QQQ,2026-10-09,0,750.57,770.0,P,19.34,19.48,19.41,19.2,324,22,0.0,-0.9938,0.0023,0.0023,-0.0149,20.07,20.81,18.8,23.205
2026-10-09T18:19:06+00:00,QQQ,2026-10-09,0,750.57,771.0,P,20.34,20.48,20.41,20.65,2,0,0.0,-0.994,0.0021,0.0022,-0.0148,21.7,21.7,20.65,24.205
2026-10-09T18:19:06+00:00,QQQ,2026-10-09,0,750.57,772.0,P,21.34,21.47,21.405,22.61,15,0,0.0,-0.9943,0.002,0.0021,-0.0147,22.3,22.61,22.3,25.22
2026-10-09T18:19:06+00:00,QQQ,2026-10-09,0,750.57,773.0,P,22.34,22.47,22.405,23.49,1,0,0.0,-0.9945,0.0018,0.002,-0.0146,23.49,23.49,23.49,26.21
2026-10-09T18:19:06+00:00,QQQ,2026-10-09,0,750.57,774.0,P,23.34,23.47,23.405,24.62,10,0,0.0,-0.9947,0.0017,0.002,-0.0145,22.59,25.51,21.66,27.22
2026-10-09T18:19:06+00:00,QQQ,2026-10-09,0,750.57,775.0,P,24.34,24.47,24.405,23.9,12,28,0.0,-0.9949,0.0016,0.0019,-0.0144,26.0,26.17,23.9,28.21
2026-10-09T18:19:06+00:00,QQQ,2026-10-09,0,750.57,776.0,P,23.7,27.02,25.36,25.5,8,0,0.0,-0.9951,0.0015,0.0018,-0.0143,26.95,26.95,24.83,29.22
2026-10-09T18:19:06+00:00,QQQ,2026-10-09,0,750.57,777.0,P,24.7,28.02,26.36,26.82,11,1,0.0,-0.9953,0.0014,0.0018,-0.0142,26.52,28.83,26.52,30.215
2026-10-09T18:19:06+00:00,QQQ,2026-10-09,0,750.57,778.0,P,25.4,29.03,27.215,29.11,2,0,0.0,-0.9954,0.0013,0.0017,-0.0141,29.24,29.24,29.11,31.305
2026-10-09T18:19:06+00:00,QQQ,2026-10-09,0,750.57,779.0,P,27.81,30.02,28.915,30.01,1,0,1.4581,-0.9956,0.0012,0.0016,-0.014,30.01,30.01,30.01,32.215
2026-10-09T18:19:06+00:00,QQQ,2026-10-09,0,750.57,780.0,P,28.87,31.02,29.945,30.08,10,3,1.516,-0.9957,0.0012,0.0016,-0.0139,30.6,31.28,30.08,33.22
2026-10-09T18:19:06+00:00,QQQ,2026-10-09,0,750.57,781.0,P,29.68,32.04,30.86,31.32,8,0,1.4988,-0.9959,0.0011,0.0016,-0.0138,32.21,32.22,31.03,34.22
2026-10-09T18:19:06+00:00,QQQ,2026-10-09,0,750.57,782.0,P,30.69,33.04,31.865,32.32,8,0,1.5401,-0.996,0.001,0.0015,-0.0137,33.15,33.15,31.95,35.315
2026-10-09T18:19:06+00:00,QQQ,2026-10-09,0,750.57,783.0,P,31.52,34.04,32.78,33.46,6,0,1.5138,-0.9961,0.001,0.0015,-0.0136,34.34,34.34,33.46,36.215
2026-10-09T18:19:06+00:00,QQQ,2026-10-09,0,750.57,784.0,P,32.87,35.04,33.955,35.01,4,0,1.6331,-0.9962,0.0009,0.0014,-0.0135,35.3,35.3,34.91,37.815
2026-10-09T18:19:06+00:00,QQQ,2026-10-09,0,750.57,785.0,P,33.58,35.99,34.785,35.19,13,0,1.5906,-0.9963,0.0009,0.0014,-0.0134,35.94,36.22,35.02,38.395
2026-10-09T18:19:06+00:00,QQQ,2026-10-09,0,750.57,786.0,P,33.65,37.04,35.345,36.19,9,0,0.0,-0.9964,0.0008,0.0014,-0.0133,36.87,36.87,35.95,39.395
2026-10-09T18:19:06+00:00,QQQ,2026-10-09,0,750.57,787.0,P,34.65,38.04,36.345,37.99,1,0,0.0,-0.9965,0.0008,0.0013,-0.0132,37.99,37.99,37.99,40.395
2026-10-09T18:19:06+00:00,QQQ,2026-10-09,0,750.57,788.0,P,35.74,39.04,37.39,38.02,7,0,0.0,-0.9966,0.0008,0.0013,-0.0132,38.93,38.93,38.02,41.395
2026-10-09T18:19:06+00:00,QQQ,2026-10-09,0,750.57,789.0,P,36.65,40.04,38.345,38.42,63,0,0.0,-0.9967,0.0007,0.0012,-0.0131,39.69,39.92,38.42,42.395
2026-10-09T18:19:06+00:00,QQQ,2026-10-09,0,750.57,790.0,P,37.74,41.01,39.375,39.42,85,0,0.0,-0.9968,0.0007,0.0012,-0.013,38.0,40.85,38.0,43.395
2026-10-09T18:19:06+00:00,QQQ,2026-10-09,0,750.57,791.0,P,38.74,42.04,40.39,40.87,11,0,0.0,-0.9969,0.0007,0.0012,-0.0129,41.87,41.87,40.87,44.395
2026-10-09T18:19:06+00:00,QQQ,2026-10-09,0,750.57,792.0,P,39.72,43.04,41.38,42.65,3,0,0.0,-0.997,0.0006,0.0012,-0.0128,42.81,42.81,42.65,45.395
2026-10-09T18:19:06+00:00,QQQ,2026-10-09,0,750.57,794.0,P,41.72,45.04,43.38,44.53,4,0,0.0,-0.9971,0.0006,0.0011,-0.0126,44.31,44.53,44.31,47.395
2026-10-09T18:19:06+00:00,QQQ,2026-10-09,0,750.57,795.0,P,42.65,46.04,44.345,45.53,4,0,0.0,-0.9972,0.0006,0.0011,-0.0125,45.24,45.53,45.24,48.395
2026-10-09T18:19:06+00:00,QQQ,2026-10-09,0,750.57,798.0,P,45.74,49.04,47.39,47.92,8,0,0.0,-0.9974,0.0005,0.001,-0.0123,47.73,48.3,47.73,51.395
2026-10-09T18:19:06+00:00,QQQ,2026-10-09,0,750.57,799.0,P,46.65,50.04,48.345,48.19,29,0,0.0,-0.9974,0.0005,0.001,-0.0122,50.05,50.05,48.19,52.43
2026-10-09T18:19:06+00:00,QQQ,2026-10-09,0,750.57,800.0,P,47.65,51.02,49.335,49.47,75,0,0.0,-0.9975,0.0005,0.001,-0.0121,50.98,50.98,49.19,53.405
2026-10-09T18:19:06+00:00,QQQ,2026-10-09,0,750.57,801.0,P,48.65,52.02,50.335,50.47,58,0,0.0,-0.9975,0.0004,0.001,-0.012,51.23,51.26,50.44,54.44
2026-10-09T18:19:06+00:00,QQQ,2026-10-09,0,750.57,804.0,P,51.65,55.04,53.345,53.12,20,0,0.0,-0.9977,0.0004,0.0009,-0.0118,54.03,54.45,53.12,57.405
2026-10-09T18:19:06+00:00,QQQ,2026-10-09,0,750.57,805.0,P,52.72,56.01,54.365,54.12,20,0,0.0,-0.9977,0.0004,0.0009,-0.0117,54.96,55.38,54.12,58.405
2026-10-09T18:19:06+00:00,QQQ,2026-10-09,0,750.57,806.0,P,53.74,57.04,55.39,56.53,2,0,0.0,-0.9978,0.0004,0.0009,-0.0116,55.9,56.53,55.9,59.405
2026-10-09T18:19:06+00:00,QQQ,2026-10-09,0,750.57,807.0,P,54.74,58.04,56.39,57.26,18,0,0.0,-0.9978,0.0004,0.0009,-0.0115,56.81,57.56,56.8,60.405
2026-10-09T18:19:06+00:00,QQQ,2026-10-09,0,750.57,808.0,P,55.74,59.04,57.39,58.26,16,0,0.0,-0.9978,0.0004,0.0008,-0.0114,57.76,58.49,57.75,61.405
2026-10-09T18:19:06+00:00,QQQ,2026-10-09,0,750.57,809.0,P,56.74,60.04,58.39,59.94,2,0,0.0,-0.9979,0.0003,0.0008,-0.0114,59.98,59.98,59.94,62.44
2026-10-09T18:19:06+00:00,QQQ,2026-10-09,0,750.57,810.0,P,57.74,61.01,59.375,60.87,2,0,0.0,-0.9979,0.0003,0.0008,-0.0113,60.91,60.91,60.87,63.395
2026-10-09T18:22:06+00:00,QQQ,2026-10-09,0,750.76,500.0,C,248.99,252.24,250.615,250.08,45,45,0.0,0.9999,0.0,0.0,-0.0009,250.08,250.08,250.08,246.82
2026-10-09T18:22:06+00:00,QQQ,2026-10-09,0,750.76,550.0,C,199.27,202.24,200.755,200.9,1,3,0.0,0.9998,0.0,0.0001,-0.0022,200.9,200.9,200.9,196.72
2026-10-09T18:22:06+00:00,QQQ,2026-10-09,0,750.76,575.0,C,174.01,177.24,175.625,175.47,3,4,0.0,0.9998,0.0,0.0001,-0.0032,175.47,175.47,175.47,171.73
2026-10-09T18:22:06+00:00,QQQ,2026-10-09,0,750.76,585.0,C,163.97,167.24,165.605,166.99,1,13,0.0,0.9997,0.0,0.0001,-0.0037,166.99,166.99,166.99,161.74
2026-10-09T18:22:06+00:00,QQQ,2026-10-09,0,750.76,600.0,C,149.99,151.96,150.975,150.65,1,20,5.86,0.9996,0.0,0.0002,-0.0045,150.65,150.65,150.65,146.745
2026-10-09T18:22:06+00:00,QQQ,2026-10-09,0,750.76,610.0,C,138.97,142.24,140.605,138.96,2,3,0.0,0.9996,0.0,0.0002,-0.0051,139.36,139.36,138.96,136.75
2026-10-09T18:22:06+00:00,QQQ,2026-10-09,0,750.76,615.0,C,133.97,137.24,135.605,135.65,1,3,0.0,0.9995,0.0,0.0002,-0.0054,135.65,135.65,135.65,131.75
2026-10-09T18:22:06+00:00,QQQ,2026-10-09,0,750.76,620.0,C,128.97,132.24,130.605,131.33,2,9,0.0,0.9995,0.0,0.0002,-0.0058,130.53,131.33,130.53,126.855
2026-10-09T18:22:06+00:00,QQQ,2026-10-09,0,750.76,625.0,C,123.97,127.26,125.615,125.44,9,13,0.0,0.9994,0.0,0.0002,-0.0061,125.44,125.44,125.44,121.755
2026-10-09T18:22:06+00:00,QQQ,2026-10-09,0,750.76,630.0,C,118.97,122.37,120.67,120.34,1,25,0.0,0.9994,0.0,0.0003,-0.0065,120.34,120.34,120.34,116.76
2026-10-09T18:22:06+00:00,QQQ,2026-10-09,0,750.76,650.0,C,98.97,102.26,100.615,99.45,1,74,0.0,0.9991,0.0001,0.0004,-0.0081,99.45,99.45,99.45,96.76
2026-10-09T18:22:06+00:00,QQQ,2026-10-09,0,750.76,660.0,C,89.16,92.37,90.765,90.68,6,92,2.585,0.9989,0.0001,0.0004,-0.009,90.18,90.68,90.18,86.765
2026-10-09T18:22:06+00:00,QQQ,2026-10-09,0,750.76,670.0,C,79.01,82.26,80.635,81.06,2,22,0.0,0.9987,0.0001,0.0005,-0.0099,81.09,81.09,81.06,76.76
2026-10-09T18:22:06+00:00,QQQ,2026-10-09,0,750.76,675.0,C,74.37,77.37,75.87,76.44,30,63,2.7939,0.9986,0.0002,0.0006,-0.0104,74.62,76.45,74.59,71.76
2026-10-09T18:22:06+00:00,QQQ,2026-10-09,0,750.76,676.0,C,72.98,76.26,74.62,74.57,5,12,0.0,0.9985,0.0002,0.0006,-0.0105,73.69,74.57,73.66,70.795
2026-10-09T18:22:06+00:00,QQQ,2026-10-09,0,750.76,677.0,C,71.98,75.26,73.62,73.64,2,5,0.0,0.9985,0.0002,0.0006,-0.0106,72.73,73.64,72.73,69.94
2026-10-09T18:22:06+00:00,QQQ,2026-10-09,0,750.76,678.0,C,70.98,74.37,72.675,71.69,3,3,0.0,0.9985,0.0002,0.0006,-0.0107,71.67,71.69,71.67,68.88
2026-10-09T18:22:06+00:00,QQQ,2026-10-09,0,750.76,679.0,C,69.98,73.37,71.675,70.74,3,4,0.0,0.9984,0.0002,0.0006,-0.0108,70.73,70.74,70.73,67.885
2026-10-09T18:22:06+00:00,QQQ,2026-10-09,0,750.76,680.0,C,68.98,72.3,70.64,70.87,7,37,0.0,0.9984,0.0002,0.0006,-0.0109,71.78,71.78,69.88,66.825
2026-10-09T18:22:06+00:00,QQQ,2026-10-09,0,750.76,681.0,C,67.98,71.3,69.64,69.4,1,3,0.0,0.9984,0.0002,0.0006,-0.011,69.4,69.4,69.4,65.89
2026-10-09T18:22:06+00:00,QQQ,2026-10-09,0,750.76,682.0,C,66.98,70.37,68.675,68.25,2,5,0.0,0.9984,0.0002,0.0006,-0.0111,67.97,68.25,67.97,64.775
2026-10-09T18:22:06+00:00,QQQ,2026-10-09,0,750.76,683.0,C,65.98,69.3,67.64,67.62,3,0,0.0,0.9983,0.0002,0.0007,-0.0112,67.04,67.62,67.04,63.935
2026-10-09T18:22:06+00:00,QQQ,2026-10-09,0,750.76,684.0,C,64.98,68.37,66.675,66.69,4,0,0.0,0.9983,0.0002,0.0007,-0.0113,66.13,66.69,65.67,62.865
2026-10-09T18:22:06+00:00,QQQ,2026-10-09,0,750.76,685.0,C,65.12,67.37,66.245,66.1,11,11,3.0568,0.9982,0.0002,0.0007,-0.0114,65.2,66.14,64.74,62.005
2026-10-09T18:22:06+00:00,QQQ,2026-10-09,0,750.76,686.0,C,64.29,66.3,65.295,65.17,10,7,3.0696,0.9982,0.0002,0.0007,-0.0115,63.84,65.21,63.84,61.01
2026-10-09T18:22:06+00:00,QQQ,2026-10-09,0,750.76,687.0,C,63.33,65.36,64.345,63.15,2,10,3.0785,0.9982,0.0002,0.0007,-0.0116,62.92,63.15,62.92,59.775
2026-10-09T18:22:06+00:00,QQQ,2026-10-09,0,750.76,688.0,C,62.18,64.36,63.27,63.22,4,12,2.9618,0.9981,0.0003,0.0007,-0.0118,62.74,63.22,62.74,59.01
2026-10-09T18:22:06+00:00,QQQ,2026-10-09,0,750.76,689.0,C,61.36,63.24,62.3,62.29,8,8,2.9515,0.9981,0.0003,0.0007,-0.0119,61.03,62.29,60.99,58.01
2026-10-09T18:22:06+00:00,QQQ,2026-10-09,0,750.76,690.0,C,60.3,61.65,60.975,61.06,48,102,2.5004,0.998,0.0003,0.0008,-0.012,59.36,61.06,58.89,56.785
2026-10-09T18:22:06+00:00,QQQ,2026-10-09,0,750.76,691.0,C,59.15,60.72,59.935,60.13,1,11,2.3913,0.998,0.0003,0.0008,-0.0121,60.13,60.13,60.13,55.83
2026-10-09T18:22:06+00:00,QQQ,2026-10-09,0,750.76,693.0,C,57.28,59.21,58.245,58.1,4,7,2.7326,0.9979,0.0003,0.0008,-0.0123,56.08,58.3,56.08,54.015
2026-10-09T18:22:06+00:00,QQQ,2026-10-09,0,750.76,694.0,C,55.96,58.24,57.1,57.17,3,20,2.5304,0.9979,0.0003,0.0008,-0.0124,56.51,57.37,56.51,52.785
2026-10-09T18:22:06+00:00,QQQ,2026-10-09,0,750.76,695.0,C,55.27,57.24,56.255,55.96,10,20,2.6612,0.9978,0.0003,0.0008,-0.0125,54.94,55.96,54.94,51.935
2026-10-09T18:22:06+00:00,QQQ,2026-10-09,0,750.76,696.0,C,54.15,56.24,55.195,55.03,13,17,2.5597,0.9978,0.0004,0.0009,-0.0126,54.01,55.03,54.01,50.91
2026-10-09T18:22:06+00:00,QQQ,2026-10-09,0,750.76,697.0,C,53.28,55.24,54.26,54.18,9,69,2.5844,0.9977,0.0004,0.0009,-0.0128,53.15,54.18,53.15,49.91
2026-10-09T18:22:06+00:00,QQQ,2026-10-09,0,750.76,698.0,C,52.2,54.23,53.215,53.25,4,17,2.4997,0.9977,0.0004,0.0009,-0.0129,51.93,53.25,51.93,48.86
2026-10-09T18:22:06+00:00,QQQ,2026-10-09,0,750.76,699.0,C,51.25,53.24,52.245,50.97,3,27,2.4883,0.9976,0.0004,0.0009,-0.013,52.78,52.78,50.97,47.955
2026-10-09T18:22:06+00:00,QQQ,2026-10-09,0,750.76,700.0,C,50.56,51.29,50.925,50.79,51,1197,2.0499,0.9976,0.0004,0.0009,-0.0131,52.63,52.63,49.16,46.89
2026-10-09T18:22:06+00:00,QQQ,2026-10-09,0,750.76,701.0,C,49.2,49.78,49.49,49.76,11,143,1.6439,0.9975,0.0004,0.001,-0.0132,47.76,50.14,47.76,45.955
2026-10-09T18:22:06+00:00,QQQ,2026-10-09,0,750.76,702.0,C,48.11,50.24,49.175,49.13,38,114,2.2985,0.9974,0.0004,0.001,-0.0134,49.12,49.46,48.0,45.025
2026-10-09T18:22:06+00:00,QQQ,2026-10-09,0,750.76,703.0,C,47.2,49.24,48.22,48.2,31,76,2.3016,0.9974,0.0005,0.001,-0.0135,47.95,48.53,47.95,43.795
2026-10-09T18:22:06+00:00,QQQ,2026-10-09,0,750.76,704.0,C,46.13,48.22,47.175,46.49,13,64,2.2181,0.9973,0.0005,0.001,-0.0136,48.25,48.25,46.18,42.8
2026-10-09T18:22:06+00:00,QQQ,2026-10-09,0,750.76,705.0,C,45.15,46.22,45.685,45.55,58,361,0.0,0.9972,0.0005,0.0011,-0.0137,46.08,46.08,44.16,42.03
2026-10-09T18:22:06+00:00,QQQ,2026-10-09,0,750.76,706.0,C,44.3,46.24,45.27,44.66,6,230,2.223,0.9972,0.0005,0.0011,-0.0138,43.92,44.66,43.92,40.805
2026-10-09T18:22:06+00:00,QQQ,2026-10-09,0,750.76,707.0,C,43.25,45.24,44.245,44.59,19,105,2.1603,0.9971,0.0006,0.0011,-0.014,43.1,44.59,42.74,40.03
2026-10-09T18:22:06+00:00,QQQ,2026-10-09,0,750.76,708.0,C,42.18,44.24,43.21,43.66,17,95,2.0886,0.997,0.0006,0.0011,-0.0141,41.92,43.66,41.61,39.03
2026-10-09T18:22:06+00:00,QQQ,2026-10-09,0,750.76,709.0,C,40.97,43.24,42.105,42.14,6,147,1.949,0.9969,0.0006,0.0012,-0.0142,40.63,42.24,39.74,37.975
2026-10-09T18:22:06+00:00,QQQ,2026-10-09,0,750.76,710.0,C,40.63,41.33,40.98,40.82,58,1045,1.7679,0.9968,0.0006,0.0012,-0.0143,41.7,41.7,38.21,36.67
2026-10-09T18:22:06+00:00,QQQ,2026-10-09,0,750.76,711.0,C,39.03,41.22,40.125,39.95,9,158,1.8892,0.9967,0.0007,0.0012,-0.0144,39.4,40.19,37.78,35.67
2026-10-09T18:22:06+00:00,QQQ,2026-10-09,0,750.76,712.0,C,38.11,40.22,39.165,38.79,17,656,1.8858,0.9966,0.0007,0.0013,-0.0146,38.6,39.3,38.08,34.68
2026-10-09T18:22:06+00:00,QQQ,2026-10-09,0,750.76,713.0,C,37.07,39.24,38.155,38.23,13,141,1.8363,0.9965,0.0007,0.0013,-0.0147,36.33,38.29,35.61,33.68
2026-10-09T18:22:06+00:00,QQQ,2026-10-09,0,750.76,714.0,C,36.06,38.22,37.14,37.24,87,163,1.7825,0.9964,0.0008,0.0013,-0.0148,37.07,38.46,34.83,32.685
2026-10-09T18:22:06+00:00,QQQ,2026-10-09,0,750.76,715.0,C,35.51,36.07,35.79,35.7,136,1010,1.2147,0.9963,0.0008,0.0014,-0.015,35.8,36.09,34.22,31.69
2026-10-09T18:22:06+00:00,QQQ,2026-10-09,0,750.76,716.0,C,34.22,36.06,35.14,33.11,23,450,1.7015,0.9962,0.0008,0.0014,-0.0151,33.41,34.89,33.11,30.805
2026-10-09T18:22:06+00:00,QQQ,2026-10-09,0,750.76,717.0,C,32.21,34.25,33.23,33.57,27,392,0.0,0.9961,0.0009,0.0014,-0.0152,33.95,33.95,32.47,29.705
2026-10-09T18:22:06+00:00,QQQ,2026-10-09,0,750.76,718.0,C,31.98,33.33,32.655,32.59,50,342,0.0,0.996,0.0009,0.0015,-0.0153,31.51,32.65,31.26,28.705
2026-10-09T18:22:06+00:00,QQQ,2026-10-09,0,750.76,719.0,C,31.2,32.06,31.63,32.09,43,568,0.0,0.9958,0.001,0.0015,-0.0155,30.44,32.09,30.22,27.715
2026-10-09T18:22:06+00:00,QQQ,2026-10-09,0,750.76,720.0,C,30.38,31.35,30.865,30.61,115,1343,1.237,0.9957,0.0011,0.0016,-0.0156,31.34,31.34,29.03,26.895
2026-10-09T18:22:06+00:00,QQQ,2026-10-09,0,750.76,721.0,C,29.27,30.1,29.685,29.69,62,488,0.0,0.9955,0.0011,0.0016,-0.0157,29.07,29.69,28.84,25.725
2026-10-09T18:22:06+00:00,QQQ,2026-10-09,0,750.76,722.0,C,28.22,29.22,28.72,28.76,60,333,0.0,0.9954,0.0012,0.0017,-0.0159,28.9,28.9,26.81,24.735
2026-10-09T18:22:06+00:00,QQQ,2026-10-09,0,750.76,723.0,C,27.24,27.98,27.61,27.54,111,279,0.0,0.9952,0.0013,0.0018,-0.016,25.95,28.94,25.8,23.825
2026-10-09T18:22:06+00:00,QQQ,2026-10-09,0,750.76,724.0,C,26.65,26.95,26.8,26.4,72,257,0.9657,0.995,0.0014,0.0018,-0.0161,27.41,28.53,23.72,22.755
2026-10-09T18:22:06+00:00,QQQ,2026-10-09,0,750.76,725.0,C,25.66,25.89,25.775,25.86,132,1333,0.8461,0.9948,0.0014,0.0019,-0.0163,27.0,27.0,24.18,21.875
2026-10-09T18:22:06+00:00,QQQ,2026-10-09,0,750.76,726.0,C,24.63,24.87,24.75,24.75,75,180,0.0,0.9946,0.0016,0.002,-0.0164,25.8,26.34,22.86,20.8
2026-10-09T18:22:06+00:00,QQQ,2026-10-09,0,750.76,727.0,C,23.68,23.81,23.745,23.79,73,204,0.0,0.9944,0.0017,0.002,-0.0165,24.5,24.67,21.59,19.845
2026-10-09T18:22:06+00:00,QQQ,2026-10-09,0,750.76,728.0,C,22.68,22.82,22.75,22.73,31,462,0.0,0.9942,0.0018,0.0021,-0.0167,23.93,23.93,21.57,18.82
2026-10-09T18:22:06+00:00,QQQ,2026-10-09,0,750.76,729.0,C,21.68,21.82,21.75,21.43,19,348,0.0,0.9939,0.002,0.0022,-0.0168,20.34,21.53,20.1,17.97
2026-10-09T18:22:06+00:00,QQQ,2026-10-09,0,750.76,730.0,C,20.7,20.82,20.76,20.73,174,1397,0.6027,0.9936,0.0021,0.0023,-0.017,21.7,22.03,18.7,17.01
2026-10-09T18:22:06+00:00,QQQ,2026-10-09,0,750.76,731.0,C,19.68,19.82,19.75,19.83,65,413,0.0,0.9933,0.0023,0.0024,-0.0171,20.33,20.36,18.14,15.89
2026-10-09T18:22:06+00:00,QQQ,2026-10-09,0,750.76,732.0,C,18.68,18.82,18.75,18.67,20,596,0.0,0.993,0.0025,0.0025,-0.0173,19.7,19.7,17.67,14.955
2026-10-09T18:22:06+00:00,QQQ,2026-10-09,0,750.76,733.0,C,17.69,17.82,17.755,17.5,62,451,0.0,0.9926,0.0028,0.0026,-0.0174,19.07,19.07,15.75,14.155
2026-10-09T18:22:06+00:00,QQQ,2026-10-09,0,750.76,734.0,C,16.68,16.82,16.75,16.76,76,1767,0.0,0.9922,0.003,0.0027,-0.0175,17.29,17.29,15.18,13.06
2026-10-09T18:22:06+00:00,QQQ,2026-10-09,0,750.76,735.0,C,15.7,15.82,15.76,15.9,130,1682,0.4681,0.9918,0.0034,0.0029,-0.0177,16.84,16.84,13.7,12.27
2026-10-09T18:22:06+00:00,QQQ,2026-10-09,0,750.76,736.0,C,14.7,14.82,14.76,14.58,21,669,0.4409,0.9913,0.0038,0.0031,-0.0178,16.41,16.41,13.29,11.215
2026-10-09T18:22:06+00:00,QQQ,2026-10-09,0,750.76,737.0,C,13.7,13.82,13.76,13.47,65,312,0.4136,0.9907,0.0042,0.0032,-0.018,14.62,15.33,11.98,10.405
2026-10-09T18:22:06+00:00,QQQ,2026-10-09,0,750.76,738.0,C,12.7,12.83,12.765,12.68,288,1306,0.4158,0.9901,0.0048,0.0034,-0.0182,13.69,14.11,10.83,9.62
2026-10-09T18:22:06+00:00,QQQ,2026-10-09,0,750.76,739.0,C,11.69,11.82,11.755,11.89,88,1799,0.0,0.9894,0.0055,0.0037,-0.0183,13.94,13.94,9.74,8.75
2026-10-09T18:22:06+00:00,QQQ,2026-10-09,0,750.76,740.0,C,10.69,10.83,10.76,10.69,908,2675,0.3309,0.9885,0.0063,0.0039,-0.0185,12.58,12.58,8.69,7.9
2026-10-09T18:22:06+00:00,QQQ,2026-10-09,0,750.76,741.0,C,9.74,9.83,9.785,9.79,330,1165,0.3273,0.9874,0.0074,0.0043,-0.0188,11.03,11.34,7.68,7.085
2026-10-09T18:22:06+00:00,QQQ,2026-10-09,0,750.76,742.0,C,8.69,8.82,8.755,8.54,550,649,0.0,0.9861,0.0088,0.0047,-0.0192,9.85,10.55,6.8,6.285
2026-10-09T18:22:06+00:00,QQQ,2026-10-09,0,750.76,743.0,C,7.7,7.82,7.76,7.63,3296,1770,0.2465,0.9843,0.0108,0.0052,-0.0199,9.7,9.88,5.81,5.52
2026-10-09T18:22:06+00:00,QQQ,2026-10-09,0,750.76,744.0,C,6.7,6.8,6.75,6.47,1617,1035,0.0,0.9817,0.0138,0.006,-0.0214,8.63,8.71,4.96,4.81
2026-10-09T18:22:06+00:00,QQQ,2026-10-09,0,750.76,745.0,C,5.71,5.82,5.765,5.75,5554,4966,0.2056,0.9772,0.0187,0.0073,-0.0244,7.77,8.08,4.08,4.14
2026-10-09T18:22:06+00:00,QQQ,2026-10-09,0,750.76,746.0,C,4.72,4.82,4.77,4.78,6122,1922,0.1742,0.9688,0.0274,0.0094,-0.0309,6.78,7.0,3.26,3.51
2026-10-09T18:22:06+00:00,QQQ,2026-10-09,0,750.76,747.0,C,3.8,3.83,3.815,3.8,18011,5193,0.1579,0.9517,0.0442,0.0134,-0.0453,6.0,6.18,2.51,2.945
2026-10-09T18:22:06+00:00,QQQ,2026-10-09,0,750.76,748.0,C,2.83,2.85,2.84,2.8,42936,8982,0.1581,0.916,0.077,0.0202,-0.0769,5.06,5.3,1.84,2.435
2026-10-09T18:22:06+00:00,QQQ,2026-10-09,0,750.76,749.0,C,1.9,1.92,1.91,1.9,143117,9600,0.1328,0.842,0.1376,0.0309,-0.1455,4.21,4.37,1.19,1.975
2026-10-09T18:22:06+00:00,QQQ,2026-10-09,0,750.76,750.0,C,1.06,1.07,1.065,1.05,473743,13758,0.1222,0.6882,0.2293,0.0442,-0.31,3.52,3.67,0.71,1.575
2026-10-09T18:22:06+00:00,QQQ,2026-10-09,0,750.76,751.0,C,0.47,0.48,0.475,0.48,468751,3618,0.1192,0.4341,0.268,0.0488,-0.4718,2.83,2.93,0.36,1.245
2026-10-09T18:22:06+00:00,QQQ,2026-10-09,0,750.76,752.0,C,0.18,0.19,0.185,0.19,301088,7627,0.1249,0.2138,0.186,0.037,-0.1903,2.21,2.3,0.15,0.965
2026-10-09T18:22:06+00:00,QQQ,2026-10-09,0,750.76,753.0,C,0.08,0.09,0.085,0.09,195802,7311,0.1422,0.101,0.1007,0.0232,-0.0838,1.63,1.74,0.07,0.735
2026-10-09T18:22:06+00:00,QQQ,2026-10-09,0,750.76,754.0,C,0.04,0.05,0.045,0.04,114388,16990,0.162,0.0501,0.0525,0.0139,-0.0409,1.21,1.27,0.04,0.555
2026-10-09T18:22:06+00:00,QQQ,2026-10-09,0,750.76,755.0,C,0.03,0.04,0.035,0.03,89540,12707,0.1915,0.0285,0.0293,0.0089,-0.024,0.82,0.9,0.02,0.415
2026-10-09T18:22:06+00:00,QQQ,2026-10-09,0,750.76,756.0,C,0.02,0.03,0.025,0.02,41650,5861,0.2153,0.02,0.0191,0.0066,-0.0184,0.56,0.61,0.02,0.305
2026-10-09T18:22:06+00:00,QQQ,2026-10-09,0,750.76,757.0,C,0.01,0.02,0.015,0.01,25753,6216,0.2313,0.0165,0.0141,0.0056,-0.0169,0.38,0.4,0.01,0.225
2026-10-09T18:22:06+00:00,QQQ,2026-10-09,0,750.76,758.0,C,0.01,0.02,0.015,0.01,16255,8434,0.2627,0.0144,0.0111,0.0049,-0.0165,0.22,0.27,0.01,0.165
2026-10-09T18:22:06+00:00,QQQ,2026-10-09,0,750.76,759.0,C,0.01,0.02,0.015,0.02,12639,4072,0.2937,0.013,0.0091,0.0045,-0.0163,0.13,0.18,0.01,0.125
2026-10-09T18:22:06+00:00,QQQ,2026-10-09,0,750.76,760.0,C,0.01,0.02,0.015,0.02,18982,17370,0.3242,0.0118,0.0076,0.0041,-0.0162,0.07,0.12,0.01,0.095
2026-10-09T18:22:06+00:00,QQQ,2026-10-09,0,750.76,761.0,C,0.01,0.02,0.015,0.01,4012,4551,0.3544,0.0109,0.0065,0.0038,-0.0161,0.06,0.08,0.01,0.075
2026-10-09T18:22:06+00:00,QQQ,2026-10-09,0,750.76,762.0,C,0.0,0.01,0.01,0.01,5327,4524,0.3394,0.0101,0.0056,0.0035,-0.016,0.05,0.06,0.01,0.065
2026-10-09T18:22:06+00:00,QQQ,2026-10-09,0,750.76,763.0,C,0.0,0.01,0.01,0.01,3909,3803,0.3661,0.0094,0.0049,0.0033,-0.0158,0.04,0.05,0.01,0.045
2026-10-09T18:22:06+00:00,QQQ,2026-10-09,0,750.76,764.0,C,0.0,0.01,0.01,0.01,2530,2749,0.3926,0.0088,0.0043,0.0031,-0.0157,0.02,0.06,0.01,0.035
2026-10-09T18:22:06+00:00,QQQ,2026-10-09,0,750.76,765.0,C,0.0,0.01,0.01,0.01,3061,7567,0.419,0.0082,0.0038,0.0029,-0.0156,0.03,0.06,0.01,0.035
2026-10-09T18:22:06+00:00,QQQ,2026-10-09,0,750.76,766.0,C,0.0,0.01,0.01,0.01,1466,2567,0.4451,0.0078,0.0034,0.0028,-0.0155,0.02,0.02,0.01,0.025
2026-10-09T18:22:06+00:00,QQQ,2026-10-09,0,750.76,767.0,C,0.0,0.01,0.01,0.01,1245,3309,0.471,0.0074,0.0031,0.0026,-0.0154,0.01,0.02,0.01,0.025
2026-10-09T18:22:06+00:00,QQQ,2026-10-09,0,750.76,768.0,C,0.0,0.01,0.01,0.01,1092,3245,0.4968,0.007,0.0028,0.0025,-0.0153,0.02,0.02,0.01,0.015
2026-10-09T18:22:06+00:00,QQQ,2026-10-09,0,750.76,769.0,C,0.0,0.01,0.01,0.01,624,2360,0.5225,0.0066,0.0026,0.0024,-0.0152,0.01,0.03,0.01,0.015
2026-10-09T18:22:06+00:00,QQQ,2026-10-09,0,750.76,770.0,C,0.0,0.01,0.01,0.01,2341,9045,0.548,0.0063,0.0024,0.0023,-0.0151,0.04,0.04,0.01,0.015
2026-10-09T18:22:06+00:00,QQQ,2026-10-09,0,750.76,771.0,C,0.0,0.01,0.01,0.01,375,1228,0.5733,0.0061,0.0022,0.0022,-0.015,0.02,0.02,0.01,0.015
2026-10-09T18:22:06+00:00,QQQ,2026-10-09,0,750.76,772.0,C,0.0,0.01,0.01,0.01,162,2723,0.5986,0.0058,0.002,0.0021,-0.0149,0.01,0.01,0.01,0.015
2026-10-09T18:22:06+00:00,QQQ,2026-10-09,0,750.76,773.0,C,0.0,0.01,0.01,0.01,45,1918,0.6237,0.0056,0.0018,0.002,-0.0148,0.01,0.01,0.01,0.015
2026-10-09T18:22:06+00:00,QQQ,2026-10-09,0,750.76,774.0,C,0.0,0.01,0.01,0.01,149,2171,0.6486,0.0054,0.0017,0.002,-0.0147,0.01,0.01,0.01,0.005
2026-10-09T18:22:06+00:00,QQQ,2026-10-09,0,750.76,775.0,C,0.0,0.01,0.01,0.01,375,7727,0.6735,0.0052,0.0016,0.0019,-0.0146,0.01,0.02,0.01,0.005
2026-10-09T18:22:06+00:00,QQQ,2026-10-09,0,750.76,776.0,C,0.0,0.01,0.01,0.01,28,1057,0.6983,0.005,0.0015,0.0018,-0.0145,0.01,0.01,0.01,0.005
2026-10-09T18:22:06+00:00,QQQ,2026-10-09,0,750.76,777.0,C,0.0,0.01,0.01,0.01,112,1681,0.7229,0.0048,0.0014,0.0018,-0.0144,0.01,0.02,0.01,0.015
2026-10-09T18:22:06+00:00,QQQ,2026-10-09,0,750.76,778.0,C,0.0,0.01,0.01,0.01,7,1084,0.7475,0.0046,0.0013,0.0017,-0.0143,0.01,0.01,0.01,0.005
2026-10-09T18:22:06+00:00,QQQ,2026-10-09,0,750.76,779.0,C,0.0,0.01,0.01,0.01,320,658,0.7719,0.0045,0.0012,0.0016,-0.0142,0.01,0.01,0.01,0.005
2026-10-09T18:22:06+00:00,QQQ,2026-10-09,0,750.76,780.0,C,0.0,0.01,0.01,0.01,10,8418,0.7962,0.0043,0.0012,0.0016,-0.0141,0.01,0.01,0.01,0.005
2026-10-09T18:22:06+00:00,QQQ,2026-10-09,0,750.76,781.0,C,0.0,0.01,0.01,0.01,0,616,0.8205,0.0042,0.0011,0.0016,-0.014,0.0,0.0,0.0,0.005
2026-10-09T18:22:06+00:00,QQQ,2026-10-09,0,750.76,782.0,C,0.0,0.01,0.01,0.01,0,1243,0.8446,0.0041,0.001,0.0015,-0.0139,0.0,0.0,0.0,0.005
2026-10-09T18:22:06+00:00,QQQ,2026-10-09,0,750.76,783.0,C,0.0,0.01,0.01,0.01,0,614,0.8687,0.0039,0.001,0.0015,-0.0138,0.0,0.0,0.0,0.005
2026-10-09T18:22:06+00:00,QQQ,2026-10-09,0,750.76,784.0,C,0.0,0.01,0.01,0.01,0,278,0.8927,0.0038,0.0009,0.0014,-0.0137,0.0,0.0,0.0,0.005
2026-10-09T18:22:06+00:00,QQQ,2026-10-09,0,750.76,785.0,C,0.0,0.01,0.01,0.01,4,5635,0.9166,0.0037,0.0009,0.0014,-0.0136,0.01,0.01,0.01,0.005
2026-10-09T18:22:06+00:00,QQQ,2026-10-09,0,750.76,786.0,C,0.0,0.01,0.01,0.01,0,78,0.9404,0.0036,0.0008,0.0014,-0.0135,0.0,0.0,0.0,0.005
2026-10-09T18:22:06+00:00,QQQ,2026-10-09,0,750.76,787.0,C,0.0,0.01,0.01,0.01,4,103,0.9641,0.0035,0.0008,0.0013,-0.0134,0.01,0.01,0.01,0.005
2026-10-09T18:22:06+00:00,QQQ,2026-10-09,0,750.76,788.0,C,0.0,0.01,0.02,0.02,0,266,0.9878,0.0034,0.0008,0.0013,-0.0133,0.0,0.0,0.0,0.005
2026-10-09T18:22:06+00:00,QQQ,2026-10-09,0,750.76,790.0,C,0.0,0.01,0.01,0.01,1830,3401,1.0348,0.0032,0.0007,0.0012,-0.0131,0.01,0.01,0.01,0.005
2026-10-09T18:22:06+00:00,QQQ,2026-10-09,0,750.76,820.0,C,0.0,0.01,0.01,0.01,35,317,1.7106,0.0018,0.0002,0.0007,-0.0107,0.01,0.01,0.01,0.005
2026-10-09T18:22:06+00:00,QQQ,2026-10-09,0,750.76,490.0,P,0.0,0.01,0.01,0.01,115,3776,7.517,0.0,0.0,0.0,-0.0007,0.01,0.01,0.01,0.005
2026-10-09T18:22:06+00:00,QQQ,2026-10-09,0,750.76,575.0,P,0.0,0.01,0.01,0.01,7,18035,4.8257,-0.0002,0.0,0.0001,-0.0032,0.01,0.01,0.01,0.005
2026-10-09T18:22:06+00:00,QQQ,2026-10-09,0,750.76,600.0,P,0.0,0.01,0.01,0.01,1,18857,4.0996,-0.0004,0.0,0.0002,-0.0045,0.01,0.01,0.01,0.015
2026-10-09T18:22:06+00:00,QQQ,2026-10-09,0,750.76,625.0,P,0.0,0.01,0.01,0.01,25,3918,3.3971,-0.0006,0.0,0.0002,-0.0061,0.01,0.01,0.01,0.015
2026-10-09T18:22:06+00:00,QQQ,2026-10-09,0,750.76,630.0,P,0.0,0.01,0.01,0.01,4,678,3.2591,-0.0006,0.0,0.0003,-0.0065,0.01,0.01,0.01,0.015
2026-10-09T18:22:06+00:00,QQQ,2026-10-09,0,750.76,635.0,P,0.0,0.01,0.01,0.01,7,710,3.1218,-0.0007,0.0001,0.0003,-0.0068,0.01,0.01,0.01,0.015
2026-10-09T18:22:06+00:00,QQQ,2026-10-09,0,750.76,640.0,P,0.0,0.01,0.01,0.01,6,1706,2.9853,-0.0008,0.0001,0.0003,-0.0072,0.01,0.01,0.01,0.015
2026-10-09T18:22:06+00:00,QQQ,2026-10-09,0,750.76,650.0,P,0.0,0.01,0.01,0.01,27,2327,2.7144,-0.0009,0.0001,0.0004,-0.0081,0.01,0.02,0.01,0.015
2026-10-09T18:22:06+00:00,QQQ,2026-10-09,0,750.76,655.0,P,0.0,0.01,0.01,0.01,27,2971,2.5799,-0.001,0.0001,0.0004,-0.0085,0.01,0.01,0.01,0.015
2026-10-09T18:22:06+00:00,QQQ,2026-10-09,0,750.76,665.0,P,0.0,0.01,0.01,0.01,11,2444,2.3127,-0.0012,0.0001,0.0005,-0.0094,0.01,0.01,0.01,0.015
2026-10-09T18:22:06+00:00,QQQ,2026-10-09,0,750.76,670.0,P,0.0,0.01,0.01,0.01,46,2540,2.1799,-0.0013,0.0001,0.0005,-0.0099,0.01,0.01,0.01,0.015
2026-10-09T18:22:06+00:00,QQQ,2026-10-09,0,750.76,675.0,P,0.0,0.01,0.01,0.01,3,2079,2.0476,-0.0014,0.0002,0.0006,-0.0104,0.01,0.01,0.01,0.015
2026-10-09T18:22:06+00:00,QQQ,2026-10-09,0,750.76,676.0,P,0.0,0.01,0.01,0.01,5,2470,2.0212,-0.0015,0.0002,0.0006,-0.0105,0.01,0.01,0.01,0.015
2026-10-09T18:22:06+00:00,QQQ,2026-10-09,0,750.76,677.0,P,0.0,0.01,0.01,0.01,5,1366,1.9948,-0.0015,0.0002,0.0006,-0.0106,0.01,0.01,0.01,0.015
2026-10-09T18:22:06+00:00,QQQ,2026-10-09,0,750.76,678.0,P,0.0,0.01,0.01,0.01,3,1999,1.9685,-0.0015,0.0002,0.0006,-0.0107,0.01,0.01,0.01,0.015
2026-10-09T18:22:06+00:00,QQQ,2026-10-09,0,750.76,679.0,P,0.0,0.01,0.01,0.01,5,2159,1.9421,-0.0016,0.0002,0.0006,-0.0108,0.01,0.01,0.01,0.015
2026-10-09T18:22:06+00:00,QQQ,2026-10-09,0,750.76,680.0,P,0.0,0.01,0.01,0.01,39,8727,1.9158,-0.0016,0.0002,0.0006,-0.0109,0.01,0.01,0.01,0.015
2026-10-09T18:22:06+00:00,QQQ,2026-10-09,0,750.76,683.0,P,0.0,0.01,0.01,0.01,5,3175,1.8368,-0.0017,0.0002,0.0007,-0.0112,0.01,0.01,0.01,0.025
2026-10-09T18:22:06+00:00,QQQ,2026-10-09,0,750.76,685.0,P,0.0,0.01,0.01,0.01,11,3758,1.7843,-0.0018,0.0002,0.0007,-0.0114,0.01,0.01,0.01,0.025
2026-10-09T18:22:06+00:00,QQQ,2026-10-09,0,750.76,686.0,P,0.0,0.01,0.01,0.01,3,7960,1.758,-0.0018,0.0002,0.0007,-0.0115,0.01,0.01,0.01,0.025
2026-10-09T18:22:06+00:00,QQQ,2026-10-09,0,750.76,688.0,P,0.0,0.01,0.01,0.01,1,4727,1.7056,-0.0019,0.0003,0.0007,-0.0118,0.01,0.01,0.01,0.025
2026-10-09T18:22:06+00:00,QQQ,2026-10-09,0,750.76,689.0,P,0.0,0.01,0.01,0.01,10,939,1.6793,-0.0019,0.0003,0.0007,-0.0119,0.01,0.01,0.01,0.025
2026-10-09T18:22:06+00:00,QQQ,2026-10-09,0,750.76,690.0,P,0.0,0.01,0.01,0.01,14,3470,1.6531,-0.002,0.0003,0.0008,-0.012,0.01,0.01,0.01,0.025
2026-10-09T18:22:06+00:00,QQQ,2026-10-09,0,750.76,692.0,P,0.0,0.01,0.01,0.01,2,1447,1.6007,-0.002,0.0003,0.0008,-0.0122,0.01,0.01,0.01,0.025
2026-10-09T18:22:06+00:00,QQQ,2026-10-09,0,750.76,694.0,P,0.0,0.01,0.01,0.01,4,2153,1.5484,-0.0021,0.0003,0.0008,-0.0124,0.01,0.01,0.01,0.025
2026-10-09T18:22:06+00:00,QQQ,2026-10-09,0,750.76,695.0,P,0.0,0.01,0.01,0.01,6,3551,1.5222,-0.0022,0.0003,0.0008,-0.0125,0.01,0.01,0.01,0.025
2026-10-09T18:22:06+00:00,QQQ,2026-10-09,0,750.76,698.0,P,0.0,0.01,0.01,0.01,114,2587,1.4437,-0.0023,0.0004,0.0009,-0.0129,0.01,0.01,0.01,0.025
2026-10-09T18:22:06+00:00,QQQ,2026-10-09,0,750.76,699.0,P,0.0,0.01,0.01,0.01,18,3101,1.4176,-0.0024,0.0004,0.0009,-0.013,0.01,0.01,0.01,0.025
2026-10-09T18:22:06+00:00,QQQ,2026-10-09,0,750.76,700.0,P,0.0,0.01,0.01,0.01,78,6755,1.3914,-0.0024,0.0004,0.0009,-0.0131,0.01,0.02,0.01,0.025
2026-10-09T18:22:06+00:00,QQQ,2026-10-09,0,750.76,701.0,P,0.0,0.01,0.01,0.01,66,7373,1.3653,-0.0025,0.0004,0.001,-0.0132,0.02,0.02,0.01,0.025
2026-10-09T18:22:06+00:00,QQQ,2026-10-09,0,750.76,702.0,P,0.0,0.01,0.01,0.01,466,4808,1.3391,-0.0026,0.0004,0.001,-0.0134,0.01,0.02,0.01,0.025
2026-10-09T18:22:06+00:00,QQQ,2026-10-09,0,750.76,703.0,P,0.0,0.01,0.01,0.01,1192,1946,1.313,-0.0026,0.0005,0.001,-0.0135,0.01,0.02,0.01,0.035
2026-10-09T18:22:06+00:00,QQQ,2026-10-09,0,750.76,704.0,P,0.0,0.01,0.01,0.01,1224,2012,1.2868,-0.0027,0.0005,0.001,-0.0136,0.01,0.02,0.01,0.035
2026-10-09T18:22:06+00:00,QQQ,2026-10-09,0,750.76,705.0,P,0.0,0.01,0.01,0.01,776,2713,1.2607,-0.0028,0.0005,0.0011,-0.0137,0.01,0.02,0.01,0.035
2026-10-09T18:22:06+00:00,QQQ,2026-10-09,0,750.76,706.0,P,0.0,0.01,0.01,0.01,1242,2431,1.2346,-0.0028,0.0005,0.0011,-0.0138,0.01,0.02,0.01,0.035
2026-10-09T18:22:06+00:00,QQQ,2026-10-09,0,750.76,707.0,P,0.0,0.01,0.01,0.01,2238,2027,1.2084,-0.0029,0.0006,0.0011,-0.014,0.01,0.02,0.01,0.035
2026-10-09T18:22:06+00:00,QQQ,2026-10-09,0,750.76,708.0,P,0.0,0.01,0.01,0.01,3119,3741,1.1822,-0.003,0.0006,0.0011,-0.0141,0.01,0.02,0.01,0.035
2026-10-09T18:22:06+00:00,QQQ,2026-10-09,0,750.76,709.0,P,0.0,0.01,0.01,0.01,3974,3867,1.1561,-0.0031,0.0006,0.0012,-0.0142,0.01,0.01,0.01,0.035
2026-10-09T18:22:06+00:00,QQQ,2026-10-09,0,750.76,710.0,P,0.0,0.01,0.01,0.01,4897,8130,1.1299,-0.0032,0.0006,0.0012,-0.0143,0.02,0.02,0.01,0.035
2026-10-09T18:22:06+00:00,QQQ,2026-10-09,0,750.76,711.0,P,0.0,0.01,0.01,0.01,3123,2127,1.1038,-0.0033,0.0007,0.0012,-0.0144,0.02,0.02,0.01,0.035
2026-10-09T18:22:06+00:00,QQQ,2026-10-09,0,750.76,712.0,P,0.0,0.01,0.01,0.01,1644,929,1.0776,-0.0034,0.0007,0.0013,-0.0146,0.02,0.02,0.01,0.045
2026-10-09T18:22:06+00:00,QQQ,2026-10-09,0,750.76,713.0,P,0.0,0.01,0.01,0.01,761,1065,1.0514,-0.0035,0.0007,0.0013,-0.0147,0.01,0.02,0.01,0.045
2026-10-09T18:22:06+00:00,QQQ,2026-10-09,0,750.76,714.0,P,0.0,0.01,0.01,0.01,1161,3990,1.0252,-0.0036,0.0008,0.0013,-0.0148,0.02,0.02,0.01,0.045
2026-10-09T18:22:06+00:00,QQQ,2026-10-09,0,750.76,715.0,P,0.0,0.01,0.01,0.01,1108,11881,0.999,-0.0037,0.0008,0.0014,-0.015,0.02,0.02,0.01,0.045
2026-10-09T18:22:06+00:00,QQQ,2026-10-09,0,750.76,716.0,P,0.0,0.01,0.01,0.01,1828,1203,0.9728,-0.0038,0.0008,0.0014,-0.0151,0.01,0.02,0.01,0.045
2026-10-09T18:22:06+00:00,QQQ,2026-10-09,0,750.76,717.0,P,0.0,0.01,0.01,0.01,3291,3683,0.9465,-0.0039,0.0009,0.0014,-0.0152,0.02,0.02,0.01,0.055
2026-10-09T18:22:06+00:00,QQQ,2026-10-09,0,750.76,718.0,P,0.0,0.01,0.01,0.01,117,2044,0.9202,-0.004,0.0009,0.0015,-0.0153,0.01,0.02,0.01,0.055
2026-10-09T18:22:06+00:00,QQQ,2026-10-09,0,750.76,719.0,P,0.0,0.01,0.01,0.01,439,2212,0.894,-0.0042,0.001,0.0015,-0.0155,0.01,0.02,0.01,0.055
2026-10-09T18:22:06+00:00,QQQ,2026-10-09,0,750.76,720.0,P,0.0,0.01,0.01,0.01,1513,6354,0.8677,-0.0043,0.0011,0.0016,-0.0156,0.02,0.02,0.01,0.065
2026-10-09T18:22:06+00:00,QQQ,2026-10-09,0,750.76,721.0,P,0.0,0.01,0.01,0.01,2534,1770,0.8413,-0.0045,0.0011,0.0016,-0.0157,0.01,0.03,0.01,0.065
2026-10-09T18:22:06+00:00,QQQ,2026-10-09,0,750.76,722.0,P,0.0,0.01,0.01,0.01,1921,2311,0.815,-0.0046,0.0012,0.0017,-0.0159,0.01,0.02,0.01,0.075
2026-10-09T18:22:06+00:00,QQQ,2026-10-09,0,750.76,723.0,P,0.0,0.01,0.01,0.01,782,1460,0.7886,-0.0048,0.0013,0.0018,-0.016,0.02,0.02,0.01,0.085
2026-10-09T18:22:06+00:00,QQQ,2026-10-09,0,750.76,724.0,P,0.0,0.01,0.01,0.01,3742,2301,0.7621,-0.005,0.0014,0.0018,-0.0161,0.02,0.03,0.01,0.095
2026-10-09T18:22:06+00:00,QQQ,2026-10-09,0,750.76,725.0,P,0.0,0.01,0.01,0.01,5615,9318,0.7357,-0.0052,0.0014,0.0019,-0.0163,0.01,0.03,0.01,0.105
2026-10-09T18:22:06+00:00,QQQ,2026-10-09,0,750.76,726.0,P,0.0,0.01,0.01,0.01,2975,1442,0.7092,-0.0054,0.0016,0.002,-0.0164,0.02,0.03,0.01,0.115
2026-10-09T18:22:06+00:00,QQQ,2026-10-09,0,750.76,727.0,P,0.0,0.01,0.01,0.01,3636,5097,0.6826,-0.0056,0.0017,0.002,-0.0165,0.03,0.03,0.01,0.125
2026-10-09T18:22:06+00:00,QQQ,2026-10-09,0,750.76,728.0,P,0.01,0.02,0.015,0.02,5719,1950,0.7326,-0.0058,0.0018,0.0021,-0.0167,0.03,0.03,0.01,0.145
2026-10-09T18:22:06+00:00,QQQ,2026-10-09,0,750.76,729.0,P,0.01,0.02,0.015,0.01,2047,2704,0.7034,-0.0061,0.002,0.0022,-0.0168,0.02,0.04,0.01,0.165
2026-10-09T18:22:06+00:00,QQQ,2026-10-09,0,750.76,730.0,P,0.01,0.02,0.015,0.01,5446,34359,0.6741,-0.0064,0.0021,0.0023,-0.017,0.06,0.06,0.01,0.185
2026-10-09T18:22:06+00:00,QQQ,2026-10-09,0,750.76,731.0,P,0.01,0.02,0.015,0.01,4143,2653,0.6447,-0.0067,0.0023,0.0024,-0.0171,0.02,0.05,0.01,0.215
2026-10-09T18:22:06+00:00,QQQ,2026-10-09,0,750.76,732.0,P,0.01,0.02,0.015,0.01,1991,3353,0.6153,-0.007,0.0025,0.0025,-0.0173,0.03,0.06,0.01,0.245
2026-10-09T18:22:06+00:00,QQQ,2026-10-09,0,750.76,733.0,P,0.01,0.02,0.015,0.02,3491,2396,0.5857,-0.0074,0.0028,0.0026,-0.0174,0.03,0.07,0.01,0.295
2026-10-09T18:22:06+00:00,QQQ,2026-10-09,0,750.76,734.0,P,0.01,0.02,0.015,0.02,4286,2892,0.556,-0.0078,0.003,0.0027,-0.0175,0.06,0.08,0.01,0.345
2026-10-09T18:22:06+00:00,QQQ,2026-10-09,0,750.76,735.0,P,0.01,0.02,0.015,0.01,5911,20613,0.5262,-0.0082,0.0034,0.0029,-0.0177,0.1,0.11,0.01,0.415
2026-10-09T18:22:06+00:00,QQQ,2026-10-09,0,750.76,736.0,P,0.01,0.02,0.015,0.01,3865,8702,0.4963,-0.0087,0.0038,0.0031,-0.0178,0.04,0.11,0.01,0.485
2026-10-09T18:22:06+00:00,QQQ,2026-10-09,0,750.76,737.0,P,0.01,0.02,0.015,0.01,6135,5316,0.4662,-0.0093,0.0042,0.0032,-0.018,0.07,0.13,0.01,0.585
2026-10-09T18:22:06+00:00,QQQ,2026-10-09,0,750.76,738.0,P,0.01,0.02,0.015,0.02,5820,8135,0.436,-0.0099,0.0048,0.0034,-0.0182,0.09,0.16,0.01,0.695
2026-10-09T18:22:06+00:00,QQQ,2026-10-09,0,750.76,739.0,P,0.01,0.02,0.015,0.01,12086,4999,0.4056,-0.0106,0.0055,0.0037,-0.0183,0.09,0.19,0.01,0.825
2026-10-09T18:22:06+00:00,QQQ,2026-10-09,0,750.76,740.0,P,0.01,0.02,0.015,0.02,49666,18244,0.3749,-0.0115,0.0063,0.0039,-0.0185,0.12,0.24,0.01,0.975
2026-10-09T18:22:06+00:00,QQQ,2026-10-09,0,750.76,741.0,P,0.01,0.02,0.015,0.01,15207,4668,0.3441,-0.0126,0.0074,0.0043,-0.0188,0.13,0.31,0.01,1.155
2026-10-09T18:22:06+00:00,QQQ,2026-10-09,0,750.76,742.0,P,0.01,0.02,0.015,0.01,28616,5631,0.3129,-0.0139,0.0088,0.0047,-0.0192,0.13,0.39,0.01,1.365
2026-10-09T18:22:06+00:00,QQQ,2026-10-09,0,750.76,743.0,P,0.02,0.03,0.025,0.02,49606,6509,0.3023,-0.0157,0.0108,0.0052,-0.0199,0.16,0.5,0.02,1.615
2026-10-09T18:22:06+00:00,QQQ,2026-10-09,0,750.76,744.0,P,0.02,0.03,0.025,0.02,44873,8846,0.2687,-0.0183,0.0138,0.006,-0.0214,0.23,0.65,0.02,1.895
2026-10-09T18:22:06+00:00,QQQ,2026-10-09,0,750.76,745.0,P,0.03,0.04,0.035,0.03,77151,10627,0.2477,-0.0228,0.0187,0.0073,-0.0244,0.33,0.82,0.03,2.215
2026-10-09T18:22:06+00:00,QQQ,2026-10-09,0,750.76,746.0,P,0.04,0.05,0.045,0.04,70547,4308,0.2213,-0.0312,0.0274,0.0094,-0.0309,0.35,1.06,0.04,2.595
2026-10-09T18:22:06+00:00,QQQ,2026-10-09,0,750.76,747.0,P,0.05,0.06,0.055,0.06,110498,3712,0.1904,-0.0483,0.0442,0.0134,-0.0453,0.48,1.35,0.05,3.02
2026-10-09T18:22:06+00:00,QQQ,2026-10-09,0,750.76,748.0,P,0.07,0.08,0.075,0.08,202134,8644,0.1608,-0.084,0.077,0.0202,-0.0769,0.65,1.73,0.07,3.51
2026-10-09T18:22:06+00:00,QQQ,2026-10-09,0,750.76,749.0,P,0.13,0.14,0.135,0.14,303452,6783,0.138,-0.158,0.1376,0.0309,-0.1455,0.84,2.17,0.13,4.06
2026-10-09T18:22:06+00:00,QQQ,2026-10-09,0,750.76,750.0,P,0.3,0.31,0.305,0.31,405906,11256,0.1233,-0.3118,0.2293,0.0442,-0.31,1.1,2.7,0.28,4.655
2026-10-09T18:22:06+00:00,QQQ,2026-10-09,0,750.76,751.0,P,0.71,0.72,0.715,0.71,169772,3588,0.1181,-0.5659,0.268,0.0488,-0.4718,1.42,3.36,0.63,5.31
2026-10-09T18:22:06+00:00,QQQ,2026-10-09,0,750.76,752.0,P,1.42,1.45,1.435,1.42,53631,5956,0.1263,-0.7862,0.186,0.037,-0.1903,1.73,4.04,1.18,6.035
2026-10-09T18:22:06+00:00,QQQ,2026-10-09,0,750.76,753.0,P,2.28,2.39,2.335,2.37,14976,3999,0.1444,-0.899,0.1007,0.0232,-0.0838,2.23,4.89,1.88,6.805
2026-10-09T18:22:06+00:00,QQQ,2026-10-09,0,750.76,754.0,P,3.26,3.37,3.315,3.32,6694,12242,0.1813,-0.9499,0.0525,0.0139,-0.0409,2.83,5.78,2.44,7.725
2026-10-09T18:22:06+00:00,QQQ,2026-10-09,0,750.76,755.0,P,4.23,4.36,4.295,4.31,4272,4678,0.2049,-0.9715,0.0293,0.0089,-0.024,3.44,6.67,3.1,8.53
2026-10-09T18:22:06+00:00,QQQ,2026-10-09,0,750.76,756.0,P,5.21,5.34,5.275,5.4,1970,1570,0.2218,-0.98,0.0191,0.0066,-0.0184,4.2,7.61,3.77,9.475
2026-10-09T18:22:06+00:00,QQQ,2026-10-09,0,750.76,757.0,P,6.21,6.34,6.275,6.11,496,269,0.2565,-0.9835,0.0141,0.0056,-0.0169,5.0,8.43,5.0,10.455
2026-10-09T18:22:06+00:00,QQQ,2026-10-09,0,750.76,758.0,P,7.21,7.34,7.275,7.1,638,1094,0.2905,-0.9856,0.0111,0.0049,-0.0165,6.35,9.54,6.08,11.385
2026-10-09T18:22:06+00:00,QQQ,2026-10-09,0,750.76,759.0,P,8.21,8.34,8.275,8.54,488,67,0.3238,-0.987,0.0091,0.0045,-0.0163,7.44,10.31,7.44,12.215
2026-10-09T18:22:06+00:00,QQQ,2026-10-09,0,750.76,760.0,P,9.21,9.34,9.275,9.45,387,317,0.3567,-0.9882,0.0076,0.0041,-0.0162,7.7,11.31,7.26,13.21
2026-10-09T18:22:06+00:00,QQQ,2026-10-09,0,750.76,761.0,P,10.19,10.32,10.255,10.23,207,79,0.3373,-0.9891,0.0065,0.0038,-0.0161,6.85,12.21,6.85,14.1
2026-10-09T18:22:06+00:00,QQQ,2026-10-09,0,750.76,762.0,P,11.19,11.33,11.26,11.48,119,4,0.3842,-0.9899,0.0056,0.0035,-0.016,10.18,13.47,10.18,15.21
2026-10-09T18:22:06+00:00,QQQ,2026-10-09,0,750.76,763.0,P,12.19,12.33,12.26,12.48,64,2,0.4137,-0.9906,0.0049,0.0033,-0.0158,13.28,13.92,12.29,16.215
2026-10-09T18:22:06+00:00,QQQ,2026-10-09,0,750.76,764.0,P,13.2,13.33,13.265,13.26,13,6,0.459,-0.9912,0.0043,0.0031,-0.0157,12.25,13.91,12.25,17.215
2026-10-09T18:22:06+00:00,QQQ,2026-10-09,0,750.76,765.0,P,14.2,14.33,14.265,15.41,46,12,0.4888,-0.9918,0.0038,0.0029,-0.0156,13.84,16.17,13.84,18.205
2026-10-09T18:22:06+00:00,QQQ,2026-10-09,0,750.76,766.0,P,15.19,15.33,15.26,15.36,4,2,0.5007,-0.9922,0.0034,0.0028,-0.0155,14.16,16.34,14.16,19.31
2026-10-09T18:22:06+00:00,QQQ,2026-10-09,0,750.76,767.0,P,16.19,16.33,16.26,16.55,24,22,0.5293,-0.9926,0.0031,0.0026,-0.0154,16.1,16.55,16.1,20.21
2026-10-09T18:22:06+00:00,QQQ,2026-10-09,0,750.76,768.0,P,17.19,17.33,17.26,18.0,30,12,0.5576,-0.993,0.0028,0.0025,-0.0153,17.22,19.25,16.37,21.2
2026-10-09T18:22:06+00:00,QQQ,2026-10-09,0,750.76,769.0,P,18.19,18.32,18.255,20.03,4,2,0.5602,-0.9934,0.0026,0.0024,-0.0152,19.8,20.51,19.34,22.215
2026-10-09T18:22:06+00:00,QQQ,2026-10-09,0,750.76,770.0,P,19.15,19.33,19.24,19.2,324,22,0.5872,-0.9937,0.0024,0.0023,-0.0151,20.07,20.81,18.8,23.205
2026-10-09T18:22:06+00:00,QQQ,2026-10-09,0,750.76,771.0,P,20.15,20.33,20.24,20.65,2,0,0.614,-0.9939,0.0022,0.0022,-0.015,21.7,21.7,20.65,24.205
2026-10-09T18:22:06+00:00,QQQ,2026-10-09,0,750.76,772.0,P,21.15,21.33,21.24,22.61,15,0,0.6407,-0.9942,0.002,0.0021,-0.0149,22.3,22.61,22.3,25.22
2026-10-09T18:22:06+00:00,QQQ,2026-10-09,0,750.76,773.0,P,22.19,22.32,22.255,23.49,1,0,0.6673,-0.9944,0.0018,0.002,-0.0148,23.49,23.49,23.49,26.21
2026-10-09T18:22:06+00:00,QQQ,2026-10-09,0,750.76,774.0,P,23.18,23.33,23.255,24.62,10,0,0.7241,-0.9946,0.0017,0.002,-0.0147,22.59,25.51,21.66,27.22
2026-10-09T18:22:06+00:00,QQQ,2026-10-09,0,750.76,775.0,P,24.18,24.33,24.255,23.9,12,28,0.7513,-0.9948,0.0016,0.0019,-0.0146,26.0,26.17,23.9,28.21
2026-10-09T18:22:06+00:00,QQQ,2026-10-09,0,750.76,776.0,P,23.7,27.02,25.36,25.5,8,0,1.0154,-0.995,0.0015,0.0018,-0.0145,26.95,26.95,24.83,29.22
2026-10-09T18:22:06+00:00,QQQ,2026-10-09,0,750.76,777.0,P,24.7,28.02,26.36,26.82,11,1,1.0485,-0.9952,0.0014,0.0018,-0.0144,26.52,28.83,26.52,30.215
2026-10-09T18:22:06+00:00,QQQ,2026-10-09,0,750.76,778.0,P,25.55,29.03,27.29,29.11,2,0,0.9464,-0.9954,0.0013,0.0017,-0.0143,29.24,29.24,29.11,31.305
2026-10-09T18:22:06+00:00,QQQ,2026-10-09,0,750.76,779.0,P,27.76,30.02,28.89,30.01,1,0,1.548,-0.9955,0.0012,0.0016,-0.0142,30.01,30.01,30.01,32.215
2026-10-09T18:22:06+00:00,QQQ,2026-10-09,0,750.76,780.0,P,28.77,31.01,29.89,30.08,10,3,1.5888,-0.9957,0.0012,0.0016,-0.0141,30.6,31.28,30.08,33.22
2026-10-09T18:22:06+00:00,QQQ,2026-10-09,0,750.76,781.0,P,29.77,32.04,30.905,31.32,8,0,1.638,-0.9958,0.0011,0.0016,-0.014,32.21,32.22,31.03,34.22
2026-10-09T18:22:06+00:00,QQQ,2026-10-09,0,750.76,782.0,P,30.78,33.04,31.91,32.32,8,0,1.6813,-0.9959,0.001,0.0015,-0.0139,33.15,33.15,31.95,35.315
2026-10-09T18:22:06+00:00,QQQ,2026-10-09,0,750.76,783.0,P,31.61,34.04,32.825,33.46,6,0,1.663,-0.9961,0.001,0.0015,-0.0138,34.34,34.34,33.46,36.215
2026-10-09T18:22:06+00:00,QQQ,2026-10-09,0,750.76,784.0,P,32.65,35.04,33.845,35.01,4,0,1.7213,-0.9962,0.0009,0.0014,-0.0137,35.3,35.3,34.91,37.815
2026-10-09T18:22:06+00:00,QQQ,2026-10-09,0,750.76,785.0,P,33.74,35.98,34.86,35.19,13,0,1.77,-0.9963,0.0009,0.0014,-0.0136,35.94,36.22,35.02,38.395
2026-10-09T18:22:06+00:00,QQQ,2026-10-09,0,750.76,786.0,P,33.65,37.04,35.345,36.19,9,0,1.3113,-0.9964,0.0008,0.0014,-0.0135,36.87,36.87,35.95,39.395
2026-10-09T18:22:06+00:00,QQQ,2026-10-09,0,750.76,787.0,P,34.65,38.04,36.345,37.99,1,0,1.3422,-0.9965,0.0008,0.0013,-0.0134,37.99,37.99,37.99,40.395
2026-10-09T18:22:06+00:00,QQQ,2026-10-09,0,750.76,788.0,P,35.74,39.04,37.39,38.02,7,0,1.4505,-0.9966,0.0008,0.0013,-0.0133,38.93,38.93,38.02,41.395
2026-10-09T18:22:06+00:00,QQQ,2026-10-09,0,750.76,789.0,P,36.65,40.04,38.345,38.42,63,0,1.4037,-0.9967,0.0007,0.0012,-0.0132,39.69,39.92,38.42,42.395
2026-10-09T18:22:06+00:00,QQQ,2026-10-09,0,750.76,790.0,P,37.74,41.01,39.375,39.42,85,0,1.4897,-0.9968,0.0007,0.0012,-0.0131,38.0,40.85,38.0,43.395
2026-10-09T18:22:06+00:00,QQQ,2026-10-09,0,750.76,791.0,P,38.74,42.04,40.39,40.87,11,0,1.546,-0.9968,0.0007,0.0012,-0.013,41.87,41.87,40.87,44.395
2026-10-09T18:22:06+00:00,QQQ,2026-10-09,0,750.76,792.0,P,39.72,43.04,41.38,42.65,3,0,1.5608,-0.9969,0.0006,0.0012,-0.013,42.81,42.81,42.65,45.395
2026-10-09T18:22:06+00:00,QQQ,2026-10-09,0,750.76,794.0,P,41.72,45.04,43.38,44.53,4,0,1.6231,-0.9971,0.0006,0.0011,-0.0128,44.31,44.53,44.31,47.395
2026-10-09T18:22:06+00:00,QQQ,2026-10-09,0,750.76,795.0,P,42.65,46.04,44.345,45.53,4,0,1.5852,-0.9971,0.0006,0.0011,-0.0127,45.24,45.53,45.24,48.395
2026-10-09T18:22:06+00:00,QQQ,2026-10-09,0,750.76,798.0,P,45.74,49.04,47.39,47.92,8,0,1.7643,-0.9973,0.0005,0.001,-0.0124,47.73,48.3,47.73,51.395
2026-10-09T18:22:06+00:00,QQQ,2026-10-09,0,750.76,799.0,P,46.65,50.04,48.345,48.19,29,0,1.704,-0.9974,0.0005,0.001,-0.0124,50.05,50.05,48.19,52.43
2026-10-09T18:22:06+00:00,QQQ,2026-10-09,0,750.76,800.0,P,47.65,51.02,49.335,49.47,75,0,1.7092,-0.9974,0.0005,0.001,-0.0123,50.98,50.98,49.19,53.405
2026-10-09T18:22:06+00:00,QQQ,2026-10-09,0,750.76,801.0,P,48.65,52.02,50.335,50.47,58,0,1.7382,-0.9975,0.0004,0.001,-0.0122,51.23,51.26,50.44,54.44
2026-10-09T18:22:06+00:00,QQQ,2026-10-09,0,750.76,804.0,P,51.65,55.04,53.345,53.12,20,0,1.8501,-0.9976,0.0004,0.0009,-0.0119,54.03,54.45,53.12,57.405
2026-10-09T18:22:06+00:00,QQQ,2026-10-09,0,750.76,805.0,P,52.72,56.01,54.365,54.12,20,0,1.9256,-0.9977,0.0004,0.0009,-0.0118,54.96,55.38,54.12,58.405
2026-10-09T18:22:06+00:00,QQQ,2026-10-09,0,750.76,806.0,P,53.74,57.04,55.39,56.53,2,0,2.0071,-0.9977,0.0004,0.0009,-0.0118,55.9,56.53,55.9,59.405
2026-10-09T18:22:06+00:00,QQQ,2026-10-09,0,750.76,807.0,P,54.74,58.04,56.39,57.26,18,0,2.037,-0.9978,0.0004,0.0009,-0.0117,56.81,57.56,56.8,60.405
2026-10-09T18:22:06+00:00,QQQ,2026-10-09,0,750.76,808.0,P,55.74,59.04,57.39,58.26,16,0,2.0668,-0.9978,0.0004,0.0008,-0.0116,57.76,58.49,57.75,61.405
2026-10-09T18:22:06+00:00,QQQ,2026-10-09,0,750.76,809.0,P,56.74,60.04,58.39,59.94,2,0,2.0965,-0.9979,0.0003,0.0008,-0.0115,59.98,59.98,59.94,62.44
2026-10-09T18:22:06+00:00,QQQ,2026-10-09,0,750.76,810.0,P,57.74,61.01,59.375,60.87,2,0,2.0942,-0.9979,0.0003,0.0008,-0.0114,60.91,60.91,60.87,63.395
