ts_utc,sym,expiry,dte,spot,strike,cp,bid,ask,mid,last,volume,open_interest,iv,delta,gamma,vega,theta,day_open,day_high,day_low,prev_close
2026-09-25T13:00:10+00:00,QQQ,2026-09-25,0,744.87,500.0,C,238.52,241.74,240.13,240.82,9,14,3.1912,0.9999,0.0,0.0,0.0,237.66,241.62,237.07,240.86
2026-09-25T13:00:10+00:00,QQQ,2026-09-25,0,744.87,505.0,C,233.52,236.73,235.125,238.17,8,8,3.11,0.9999,0.0,0.0,0.0,238.17,238.17,238.17,236.015
2026-09-25T13:00:10+00:00,QQQ,2026-09-25,0,744.87,565.0,C,173.06,177.32,175.19,176.6,2,1,2.3179,0.9999,0.0,0.0001,0.0,176.6,176.6,176.6,175.905
2026-09-25T13:00:10+00:00,QQQ,2026-09-25,0,744.87,590.0,C,148.3,151.94,150.12,150.99,1,3,1.9218,0.9999,0.0,0.0002,0.0,150.99,150.99,150.99,151.05
2026-09-25T13:00:10+00:00,QQQ,2026-09-25,0,744.87,595.0,C,143.42,147.31,145.365,144.6,1,2,1.9286,0.9998,0.0,0.0002,0.0,144.6,144.6,144.6,146.025
2026-09-25T13:00:10+00:00,QQQ,2026-09-25,0,744.87,600.0,C,138.41,142.33,140.37,136.83,10,16,1.8589,0.9998,0.0,0.0002,0.0,136.83,136.83,136.83,141.055
2026-09-25T13:00:10+00:00,QQQ,2026-09-25,0,744.87,610.0,C,128.43,132.29,130.36,126.69,7,14,1.738,0.9998,0.0,0.0002,0.0,126.62,126.69,126.61,131.06
2026-09-25T13:00:10+00:00,QQQ,2026-09-25,0,744.87,615.0,C,123.05,127.31,125.18,120.99,2,1,1.6459,0.9998,0.0,0.0003,0.0,120.84,120.99,120.84,126.03
2026-09-25T13:00:10+00:00,QQQ,2026-09-25,0,744.87,620.0,C,118.43,122.34,120.385,115.69,2,32,1.7,0.9998,0.0,0.0003,0.0,115.4,115.69,115.4,121.26
2026-09-25T13:00:10+00:00,QQQ,2026-09-25,0,744.87,625.0,C,113.42,117.3,115.36,111.09,4,2,1.6205,0.9997,0.0,0.0003,0.0,110.51,111.09,110.48,116.05
2026-09-25T13:00:10+00:00,QQQ,2026-09-25,0,744.87,630.0,C,108.09,112.3,110.195,110.68,8,10,1.3289,0.9997,0.0,0.0004,0.0,107.73,110.68,105.69,111.36
2026-09-25T13:00:10+00:00,QQQ,2026-09-25,0,744.87,635.0,C,103.44,107.34,105.39,100.62,4,1,1.4092,0.9996,0.0,0.0004,0.0,100.69,102.43,100.62,106.385
2026-09-25T13:00:10+00:00,QQQ,2026-09-25,0,744.87,640.0,C,98.48,102.35,100.415,101.54,14,5,1.4461,0.9996,0.0,0.0005,0.0,95.04,101.57,95.04,101.165
2026-09-25T13:00:10+00:00,QQQ,2026-09-25,0,744.87,645.0,C,93.44,97.35,95.395,94.27,8,1,1.2769,0.9995,0.0,0.0006,0.0,90.46,94.27,90.46,96.355
2026-09-25T13:00:10+00:00,QQQ,2026-09-25,0,744.87,650.0,C,88.47,92.35,90.41,91.21,23,42,1.2374,0.9995,0.0001,0.0007,0.0,85.35,91.21,85.35,91.05
2026-09-25T13:00:10+00:00,QQQ,2026-09-25,0,744.87,655.0,C,83.57,86.79,85.18,85.09,70,40,1.1407,0.9994,0.0001,0.0008,0.0,82.7,87.72,80.14,85.85
2026-09-25T13:00:10+00:00,QQQ,2026-09-25,0,744.87,660.0,C,78.57,81.79,80.18,79.69,18,2,1.0786,0.9992,0.0001,0.001,0.0,75.29,79.69,75.29,81.415
2026-09-25T13:00:10+00:00,QQQ,2026-09-25,0,744.87,665.0,C,73.57,76.78,75.175,71.23,6,51,1.014,0.9991,0.0001,0.0012,0.0,71.14,72.15,71.14,75.76
2026-09-25T13:00:10+00:00,QQQ,2026-09-25,0,744.87,667.0,C,71.58,74.79,73.185,72.91,16,3,0.9942,0.999,0.0001,0.0013,0.0,69.07,72.91,68.73,73.855
2026-09-25T13:00:10+00:00,QQQ,2026-09-25,0,744.87,669.0,C,69.58,72.79,71.185,70.81,38,6,0.9694,0.9989,0.0001,0.0014,0.0,66.92,72.05,66.75,72.075
2026-09-25T13:00:10+00:00,QQQ,2026-09-25,0,744.87,670.0,C,68.58,71.81,70.195,65.41,2,18,0.9618,0.9989,0.0001,0.0014,0.0,67.13,67.13,65.41,71.095
2026-09-25T13:00:10+00:00,QQQ,2026-09-25,0,744.87,671.0,C,67.58,70.81,69.195,71.73,71,36,0.9493,0.9988,0.0002,0.0015,0.0,64.85,71.73,64.73,70.095
2026-09-25T13:00:10+00:00,QQQ,2026-09-25,0,744.87,672.0,C,66.58,69.79,68.185,67.88,20,5,0.9323,0.9988,0.0002,0.0016,0.0,63.95,67.9,63.15,69.095
2026-09-25T13:00:10+00:00,QQQ,2026-09-25,0,744.87,673.0,C,65.58,68.79,67.185,68.61,13,7,0.9199,0.9987,0.0002,0.0016,0.0,63.03,68.66,63.03,67.88
2026-09-25T13:00:10+00:00,QQQ,2026-09-25,0,744.87,674.0,C,64.58,67.8,66.19,62.17,8,2,0.9098,0.9987,0.0002,0.0017,0.0,61.68,62.55,61.17,67.095
2026-09-25T13:00:10+00:00,QQQ,2026-09-25,0,744.87,675.0,C,63.57,66.79,65.18,66.13,29,47,0.8928,0.9986,0.0002,0.0018,0.0,61.65,66.29,60.72,66.13
2026-09-25T13:00:10+00:00,QQQ,2026-09-25,0,744.87,676.0,C,62.58,65.79,64.185,64.41,10,1,0.8827,0.9986,0.0002,0.0018,0.0,60.04,66.1,60.04,65.25
2026-09-25T13:00:10+00:00,QQQ,2026-09-25,0,744.87,677.0,C,61.58,64.79,63.185,63.51,12,16,0.8703,0.9985,0.0002,0.0019,0.0,59.15,64.55,59.15,64.1
2026-09-25T13:00:10+00:00,QQQ,2026-09-25,0,744.87,678.0,C,60.58,63.79,62.185,63.95,40,6,0.8579,0.9984,0.0002,0.002,0.0,57.65,64.1,57.65,63.105
2026-09-25T13:00:10+00:00,QQQ,2026-09-25,0,744.87,679.0,C,59.58,62.79,61.185,63.01,68,4,0.8455,0.9984,0.0002,0.0021,0.0,56.55,63.1,56.55,62.535
2026-09-25T13:00:10+00:00,QQQ,2026-09-25,0,744.87,680.0,C,58.58,61.79,60.185,61.7,58,15,0.8331,0.9983,0.0002,0.0022,0.0,55.55,62.01,55.55,61.205
2026-09-25T13:00:10+00:00,QQQ,2026-09-25,0,744.87,681.0,C,57.58,60.79,59.185,60.66,36,6,0.8207,0.9982,0.0003,0.0023,0.0,54.49,61.1,54.07,60.26
2026-09-25T13:00:10+00:00,QQQ,2026-09-25,0,744.87,682.0,C,56.58,59.79,58.185,59.87,32,5,0.8084,0.9981,0.0003,0.0024,0.0,53.48,60.09,53.48,59.255
2026-09-25T13:00:10+00:00,QQQ,2026-09-25,0,744.87,683.0,C,55.58,58.79,57.185,58.81,32,18,0.796,0.998,0.0003,0.0025,0.0,52.32,59.15,52.32,57.885
2026-09-25T13:00:10+00:00,QQQ,2026-09-25,0,744.87,684.0,C,54.58,57.79,56.185,57.5,32,8,0.7835,0.9979,0.0003,0.0026,0.0,52.59,58.1,51.84,57.11
2026-09-25T13:00:10+00:00,QQQ,2026-09-25,0,744.87,685.0,C,53.46,56.79,55.125,56.54,34,40,0.745,0.9978,0.0003,0.0027,0.0,51.04,57.11,51.04,56.1
2026-09-25T13:00:10+00:00,QQQ,2026-09-25,0,744.87,686.0,C,52.58,55.79,54.185,54.12,21,4,0.7587,0.9977,0.0004,0.0028,0.0,49.36,56.1,49.36,55.11
2026-09-25T13:00:10+00:00,QQQ,2026-09-25,0,744.87,687.0,C,51.58,54.8,53.19,54.54,28,12,0.7483,0.9976,0.0004,0.003,0.0,48.41,55.1,48.41,54.11
2026-09-25T13:00:10+00:00,QQQ,2026-09-25,0,744.87,688.0,C,50.58,53.8,52.19,53.65,20,5,0.7359,0.9974,0.0004,0.0031,0.0,47.3,54.1,47.3,53.11
2026-09-25T13:00:10+00:00,QQQ,2026-09-25,0,744.87,689.0,C,49.58,52.8,51.19,53.04,20,46,0.7234,0.9973,0.0004,0.0033,0.0,46.57,53.04,46.33,52.11
2026-09-25T13:00:10+00:00,QQQ,2026-09-25,0,744.87,690.0,C,48.58,51.8,50.19,51.97,67,164,0.711,0.9972,0.0004,0.0034,0.0,45.09,51.97,45.09,51.11
2026-09-25T13:00:10+00:00,QQQ,2026-09-25,0,744.87,691.0,C,47.59,50.8,49.195,50.9,12,48,0.7004,0.997,0.0005,0.0036,0.0,44.59,50.9,44.45,50.1
2026-09-25T13:00:10+00:00,QQQ,2026-09-25,0,744.87,692.0,C,46.59,49.8,48.195,49.24,8,22,0.6879,0.9968,0.0005,0.0038,0.0,43.75,50.09,43.62,48.93
2026-09-25T13:00:10+00:00,QQQ,2026-09-25,0,744.87,693.0,C,45.58,48.8,47.19,48.88,5,5,0.6735,0.9967,0.0006,0.004,0.0,43.63,49.44,43.63,48.105
2026-09-25T13:00:10+00:00,QQQ,2026-09-25,0,744.87,694.0,C,44.59,47.8,46.195,47.26,14,29,0.6629,0.9965,0.0006,0.0042,-0.0009,41.34,47.26,41.34,47.11
2026-09-25T13:00:10+00:00,QQQ,2026-09-25,0,744.87,695.0,C,43.58,46.8,45.19,46.1,29,225,0.6485,0.9963,0.0006,0.0045,-0.0021,41.68,46.1,40.16,46.11
2026-09-25T13:00:10+00:00,QQQ,2026-09-25,0,744.87,696.0,C,42.58,45.8,44.19,43.7,12,12,0.636,0.996,0.0007,0.0047,-0.0034,40.17,44.25,40.17,45.11
2026-09-25T13:00:10+00:00,QQQ,2026-09-25,0,744.87,697.0,C,41.59,44.8,43.195,44.01,45,84,0.6252,0.9958,0.0007,0.005,-0.0048,40.03,44.06,38.18,44.27
2026-09-25T13:00:10+00:00,QQQ,2026-09-25,0,744.87,698.0,C,40.59,43.81,42.2,42.98,9,80,0.6144,0.9955,0.0008,0.0052,-0.0062,38.67,42.98,37.77,43.11
2026-09-25T13:00:10+00:00,QQQ,2026-09-25,0,744.87,699.0,C,39.59,42.81,41.2,41.89,22,114,0.6018,0.9952,0.0008,0.0056,-0.0077,36.52,43.45,36.52,42.265
2026-09-25T13:00:10+00:00,QQQ,2026-09-25,0,744.87,700.0,C,38.59,41.81,40.2,41.26,64,969,0.5891,0.995,0.0009,0.0059,-0.0093,35.21,42.16,35.21,41.15
2026-09-25T13:00:10+00:00,QQQ,2026-09-25,0,744.87,701.0,C,37.6,40.81,39.205,40.29,18,57,0.5781,0.9946,0.001,0.0062,-0.011,38.78,41.1,38.76,40.27
2026-09-25T13:00:10+00:00,QQQ,2026-09-25,0,744.87,702.0,C,36.59,39.81,38.2,39.29,94,309,0.5638,0.9943,0.001,0.0066,-0.0128,37.73,40.46,36.25,39.265
2026-09-25T13:00:10+00:00,QQQ,2026-09-25,0,744.87,703.0,C,35.59,38.81,37.2,38.32,107,192,0.5512,0.9939,0.0011,0.007,-0.0146,34.56,39.46,34.56,38.265
2026-09-25T13:00:10+00:00,QQQ,2026-09-25,0,744.87,704.0,C,34.58,37.81,36.195,37.35,31,330,0.5369,0.9934,0.0012,0.0074,-0.0166,33.36,37.78,31.82,37.205
2026-09-25T13:00:10+00:00,QQQ,2026-09-25,0,744.87,705.0,C,33.6,35.36,34.48,36.71,41,1128,0.0,0.993,0.0013,0.0079,-0.0187,31.89,36.96,30.61,36.36
2026-09-25T13:00:10+00:00,QQQ,2026-09-25,0,744.87,706.0,C,32.95,35.82,34.385,35.34,12,382,0.5614,0.9925,0.0014,0.0084,-0.021,30.91,36.69,29.61,35.17
2026-09-25T13:00:10+00:00,QQQ,2026-09-25,0,744.87,707.0,C,31.64,34.82,33.23,34.33,34,399,0.5088,0.9919,0.0016,0.009,-0.0234,30.15,34.33,28.67,34.155
2026-09-25T13:00:10+00:00,QQQ,2026-09-25,0,744.87,708.0,C,30.99,32.36,31.675,31.52,7,486,0.0,0.9913,0.0017,0.0096,-0.0259,28.3,31.52,28.3,33.185
2026-09-25T13:00:10+00:00,QQQ,2026-09-25,0,744.87,709.0,C,29.97,32.82,31.395,32.0,151,475,0.5227,0.9907,0.0018,0.0102,-0.0287,28.29,33.0,26.75,32.36
2026-09-25T13:00:10+00:00,QQQ,2026-09-25,0,744.87,710.0,C,28.97,31.83,30.4,31.6,72,2041,0.5101,0.9899,0.002,0.0109,-0.0317,25.23,31.6,25.23,31.365
2026-09-25T13:00:10+00:00,QQQ,2026-09-25,0,744.87,711.0,C,27.97,30.83,29.4,30.58,97,1740,0.4963,0.9891,0.0022,0.0117,-0.0349,26.2,31.33,24.74,30.185
2026-09-25T13:00:10+00:00,QQQ,2026-09-25,0,744.87,712.0,C,26.61,29.83,28.22,29.13,356,1393,0.4411,0.9882,0.0024,0.0125,-0.0384,25.21,29.13,24.05,29.29
2026-09-25T13:00:10+00:00,QQQ,2026-09-25,0,744.87,713.0,C,25.62,28.83,27.225,27.67,81,388,0.4293,0.9872,0.0027,0.0134,-0.0422,23.97,29.38,22.66,28.175
2026-09-25T13:00:10+00:00,QQQ,2026-09-25,0,744.87,714.0,C,24.62,27.84,26.23,26.71,24,433,0.4174,0.9861,0.0029,0.0145,-0.0464,22.51,26.97,21.85,27.3
2026-09-25T13:00:10+00:00,QQQ,2026-09-25,0,744.87,715.0,C,24.06,26.85,25.455,25.02,552,2764,0.4511,0.9848,0.0032,0.0156,-0.0511,20.76,27.37,20.55,26.375
2026-09-25T13:00:10+00:00,QQQ,2026-09-25,0,744.87,716.0,C,22.64,25.85,24.245,24.79,61,899,0.3944,0.9834,0.0036,0.0169,-0.0563,19.86,26.57,19.65,25.2
2026-09-25T13:00:10+00:00,QQQ,2026-09-25,0,744.87,717.0,C,21.65,24.85,23.25,24.43,69,1275,0.3821,0.9817,0.004,0.0183,-0.0623,20.5,25.58,18.87,24.345
2026-09-25T13:00:10+00:00,QQQ,2026-09-25,0,744.87,718.0,C,21.08,23.86,22.47,22.87,259,2117,0.4107,0.9798,0.0045,0.0199,-0.0691,19.39,24.58,18.09,23.305
2026-09-25T13:00:10+00:00,QQQ,2026-09-25,0,744.87,719.0,C,20.04,22.87,21.455,22.64,622,2166,0.3936,0.9776,0.005,0.0218,-0.077,17.04,23.59,17.02,22.335
2026-09-25T13:00:10+00:00,QQQ,2026-09-25,0,744.87,720.0,C,19.06,21.88,20.47,20.15,488,4506,0.3816,0.975,0.0056,0.0239,-0.0864,16.38,22.59,15.38,21.345
2026-09-25T13:00:10+00:00,QQQ,2026-09-25,0,744.87,721.0,C,18.08,20.89,19.485,19.76,594,1521,0.3692,0.9718,0.0064,0.0263,-0.0976,15.8,21.6,14.93,20.33
2026-09-25T13:00:10+00:00,QQQ,2026-09-25,0,744.87,722.0,C,16.76,19.9,18.33,19.61,383,1603,0.3288,0.9681,0.0073,0.0292,-0.1112,13.92,20.86,13.9,19.4
2026-09-25T13:00:10+00:00,QQQ,2026-09-25,0,744.87,723.0,C,16.17,18.92,17.545,18.12,189,1475,0.3482,0.9635,0.0084,0.0326,-0.1279,12.76,19.67,12.76,18.41
2026-09-25T13:00:10+00:00,QQQ,2026-09-25,0,744.87,724.0,C,14.81,16.47,15.64,16.36,422,1444,0.0,0.9579,0.0096,0.0365,-0.1485,12.67,18.59,11.79,17.38
2026-09-25T13:00:10+00:00,QQQ,2026-09-25,0,744.87,725.0,C,14.17,16.97,15.57,15.67,592,3340,0.3208,0.9511,0.0111,0.0411,-0.1742,11.6,17.46,10.98,16.38
2026-09-25T13:00:10+00:00,QQQ,2026-09-25,0,744.87,726.0,C,13.26,14.49,13.875,14.75,476,2231,0.0,0.9428,0.0129,0.0464,-0.2064,10.4,15.85,9.91,15.465
2026-09-25T13:00:10+00:00,QQQ,2026-09-25,0,744.87,727.0,C,12.27,13.53,12.9,14.72,456,1527,0.14,0.9326,0.0149,0.0526,-0.2468,9.42,15.42,9.22,14.495
2026-09-25T13:00:10+00:00,QQQ,2026-09-25,0,744.87,728.0,C,11.76,12.59,12.175,12.8,796,2229,0.2163,0.9201,0.0174,0.0597,-0.2975,8.62,14.74,8.28,13.5
2026-09-25T13:00:10+00:00,QQQ,2026-09-25,0,744.87,729.0,C,10.41,11.65,11.03,11.39,886,6541,0.173,0.9051,0.0201,0.0676,-0.361,8.0,13.67,7.51,12.54
2026-09-25T13:00:10+00:00,QQQ,2026-09-25,0,744.87,730.0,C,9.62,10.49,10.055,10.43,3301,5327,0.1657,0.887,0.0232,0.0765,-0.44,6.96,12.75,6.65,11.5
2026-09-25T13:00:10+00:00,QQQ,2026-09-25,0,744.87,731.0,C,9.11,9.75,9.43,10.98,1006,2062,0.2077,0.8656,0.0267,0.0861,-0.5378,6.39,11.7,5.92,10.59
2026-09-25T13:00:10+00:00,QQQ,2026-09-25,0,744.87,732.0,C,8.48,8.65,8.565,9.08,1529,1757,0.2066,0.8404,0.0304,0.0962,-0.6581,5.64,11.1,5.23,9.62
2026-09-25T13:00:10+00:00,QQQ,2026-09-25,0,744.87,733.0,C,7.64,7.79,7.715,7.9,1602,1220,0.2047,0.8111,0.0343,0.1068,-0.8046,5.03,9.88,4.53,8.795
2026-09-25T13:00:10+00:00,QQQ,2026-09-25,0,744.87,734.0,C,6.79,6.98,6.885,6.9,6576,3797,0.1985,0.7777,0.0383,0.1172,-0.9814,4.22,9.56,3.87,7.875
2026-09-25T13:00:10+00:00,QQQ,2026-09-25,0,744.87,735.0,C,6.03,6.17,6.1,6.59,22657,8526,0.1973,0.74,0.0423,0.1272,-1.1927,3.65,8.63,3.27,7.03
2026-09-25T13:00:10+00:00,QQQ,2026-09-25,0,744.87,736.0,C,5.29,5.42,5.355,5.5,42914,4244,0.1951,0.6981,0.046,0.1364,-1.4427,3.12,7.65,2.75,6.225
2026-09-25T13:00:10+00:00,QQQ,2026-09-25,0,744.87,737.0,C,4.62,4.68,4.65,4.75,34023,3792,0.193,0.6522,0.0494,0.1442,-1.7355,2.76,7.0,2.27,5.46
2026-09-25T13:00:10+00:00,QQQ,2026-09-25,0,744.87,738.0,C,3.96,4.02,3.99,4.14,39679,3576,0.1905,0.6028,0.0522,0.1503,-2.0748,2.38,6.19,1.87,4.735
2026-09-25T13:00:10+00:00,QQQ,2026-09-25,0,744.87,739.0,C,3.39,3.4,3.395,3.33,26870,5477,0.1881,0.5504,0.0543,0.1541,-2.4398,1.9,5.54,1.5,4.07
2026-09-25T13:00:10+00:00,QQQ,2026-09-25,0,744.87,740.0,C,2.84,2.85,2.845,2.82,85207,9097,0.1861,0.4959,0.0554,0.1553,-2.5948,1.58,4.88,1.2,3.455
2026-09-25T13:00:10+00:00,QQQ,2026-09-25,0,744.87,741.0,C,2.3,2.34,2.32,2.32,55951,7953,0.1828,0.4401,0.0555,0.1536,-2.2911,1.3,4.2,0.94,2.9
2026-09-25T13:00:10+00:00,QQQ,2026-09-25,0,744.87,742.0,C,1.86,1.89,1.875,1.89,55776,6533,0.1807,0.3843,0.0544,0.149,-1.8629,1.05,3.68,0.74,2.405
2026-09-25T13:00:10+00:00,QQQ,2026-09-25,0,744.87,743.0,C,1.47,1.51,1.49,1.48,41365,5419,0.1785,0.3299,0.052,0.1415,-1.4852,0.85,3.14,0.57,1.965
2026-09-25T13:00:10+00:00,QQQ,2026-09-25,0,744.87,744.0,C,1.16,1.19,1.175,1.17,31282,6129,0.177,0.2785,0.0486,0.1316,-1.1684,0.63,2.67,0.44,1.585
2026-09-25T13:00:10+00:00,QQQ,2026-09-25,0,744.87,745.0,C,0.91,0.92,0.915,0.92,61216,13975,0.1763,0.2316,0.0443,0.12,-0.9103,0.46,2.24,0.34,1.255
2026-09-25T13:00:10+00:00,QQQ,2026-09-25,0,744.87,746.0,C,0.69,0.71,0.7,0.69,27232,14457,0.1755,0.1903,0.0394,0.1075,-0.7058,0.45,1.87,0.26,0.995
2026-09-25T13:00:10+00:00,QQQ,2026-09-25,0,744.87,747.0,C,0.54,0.55,0.545,0.53,21880,4485,0.1768,0.155,0.0344,0.0948,-0.5469,0.37,1.55,0.2,0.775
2026-09-25T13:00:10+00:00,QQQ,2026-09-25,0,744.87,748.0,C,0.41,0.42,0.415,0.41,17258,8907,0.1774,0.1256,0.0295,0.0826,-0.4242,0.24,1.28,0.16,0.605
2026-09-25T13:00:10+00:00,QQQ,2026-09-25,0,744.87,749.0,C,0.31,0.32,0.315,0.32,16241,5760,0.1785,0.1013,0.025,0.0713,-0.3298,0.22,1.05,0.13,0.475
2026-09-25T13:00:10+00:00,QQQ,2026-09-25,0,744.87,750.0,C,0.24,0.25,0.245,0.24,37544,20833,0.181,0.0815,0.021,0.0611,-0.2572,0.11,0.86,0.1,0.365
2026-09-25T13:00:10+00:00,QQQ,2026-09-25,0,744.87,751.0,C,0.2,0.21,0.205,0.2,7944,3438,0.1867,0.0657,0.0175,0.0521,-0.2017,0.15,0.7,0.08,0.285
2026-09-25T13:00:10+00:00,QQQ,2026-09-25,0,744.87,752.0,C,0.15,0.17,0.16,0.17,10016,4770,0.1894,0.0531,0.0146,0.0444,-0.1595,0.12,0.56,0.06,0.225
2026-09-25T13:00:10+00:00,QQQ,2026-09-25,0,744.87,753.0,C,0.13,0.14,0.135,0.14,11894,4891,0.195,0.0432,0.0121,0.0378,-0.1279,0.07,0.46,0.05,0.175
2026-09-25T13:00:10+00:00,QQQ,2026-09-25,0,744.87,754.0,C,0.1,0.12,0.11,0.11,6786,12655,0.1992,0.0356,0.0101,0.0324,-0.1044,0.06,0.38,0.03,0.145
2026-09-25T13:00:10+00:00,QQQ,2026-09-25,0,744.87,755.0,C,0.09,0.1,0.095,0.1,12947,21605,0.205,0.0299,0.0086,0.0282,-0.0874,0.08,0.3,0.03,0.115
2026-09-25T13:00:10+00:00,QQQ,2026-09-25,0,744.87,756.0,C,0.08,0.09,0.085,0.09,6904,5483,0.2122,0.0254,0.0073,0.0247,-0.0746,0.07,0.25,0.03,0.095
2026-09-25T13:00:10+00:00,QQQ,2026-09-25,0,744.87,757.0,C,0.07,0.08,0.075,0.08,2327,2957,0.2186,0.022,0.0063,0.0219,-0.0652,0.04,0.21,0.03,0.085
2026-09-25T13:00:10+00:00,QQQ,2026-09-25,0,744.87,758.0,C,0.06,0.07,0.065,0.08,1581,3008,0.2242,0.0195,0.0055,0.0198,-0.0584,0.06,0.17,0.03,0.065
2026-09-25T13:00:10+00:00,QQQ,2026-09-25,0,744.87,759.0,C,0.05,0.07,0.06,0.06,681,988,0.2318,0.0175,0.0048,0.018,-0.0533,0.06,0.13,0.02,0.055
2026-09-25T13:00:10+00:00,QQQ,2026-09-25,0,744.87,760.0,C,0.05,0.06,0.055,0.05,6301,9228,0.239,0.0159,0.0043,0.0166,-0.0495,0.05,0.12,0.02,0.055
2026-09-25T13:00:10+00:00,QQQ,2026-09-25,0,744.87,761.0,C,0.04,0.05,0.045,0.05,1730,1234,0.2421,0.0146,0.0039,0.0155,-0.0465,0.05,0.1,0.02,0.045
2026-09-25T13:00:10+00:00,QQQ,2026-09-25,0,744.87,762.0,C,0.04,0.05,0.045,0.03,583,1142,0.2519,0.0136,0.0035,0.0145,-0.0441,0.02,0.08,0.01,0.045
2026-09-25T13:00:10+00:00,QQQ,2026-09-25,0,744.87,763.0,C,0.04,0.05,0.045,0.05,840,935,0.2615,0.0127,0.0032,0.0136,-0.0421,0.02,0.07,0.01,0.035
2026-09-25T13:00:10+00:00,QQQ,2026-09-25,0,744.87,764.0,C,0.03,0.05,0.04,0.04,3376,2707,0.267,0.0119,0.003,0.0128,-0.0404,0.03,0.06,0.02,0.035
2026-09-25T13:00:10+00:00,QQQ,2026-09-25,0,744.87,765.0,C,0.03,0.04,0.035,0.03,2709,5206,0.2718,0.0112,0.0027,0.0122,-0.0388,0.03,0.07,0.01,0.025
2026-09-25T13:00:10+00:00,QQQ,2026-09-25,0,744.87,766.0,C,0.03,0.04,0.035,0.03,56,487,0.2811,0.0105,0.0025,0.0115,-0.0374,0.02,0.04,0.01,0.025
2026-09-25T13:00:10+00:00,QQQ,2026-09-25,0,744.87,767.0,C,0.03,0.04,0.035,0.03,101,171,0.2903,0.0099,0.0023,0.011,-0.036,0.02,0.03,0.01,0.025
2026-09-25T13:00:10+00:00,QQQ,2026-09-25,0,744.87,768.0,C,0.03,0.04,0.035,0.01,435,706,0.2995,0.0094,0.0022,0.0104,-0.0347,0.02,0.03,0.01,0.025
2026-09-25T13:00:10+00:00,QQQ,2026-09-25,0,744.87,769.0,C,0.02,0.04,0.03,0.03,623,711,0.3032,0.0089,0.002,0.0099,-0.0334,0.01,0.03,0.01,0.025
2026-09-25T13:00:10+00:00,QQQ,2026-09-25,0,744.87,770.0,C,0.02,0.03,0.025,0.02,619,7792,0.3054,0.0084,0.0018,0.0094,-0.0322,0.02,0.03,0.01,0.015
2026-09-25T13:00:10+00:00,QQQ,2026-09-25,0,744.87,771.0,C,0.02,0.03,0.025,0.01,32,90,0.3142,0.0079,0.0017,0.009,-0.031,0.02,0.02,0.01,0.015
2026-09-25T13:00:10+00:00,QQQ,2026-09-25,0,744.87,772.0,C,0.02,0.03,0.025,0.02,41,62,0.3229,0.0075,0.0016,0.0085,-0.0298,0.02,0.02,0.01,0.015
2026-09-25T13:00:10+00:00,QQQ,2026-09-25,0,744.87,773.0,C,0.02,0.03,0.025,0.02,431,1061,0.3316,0.0071,0.0015,0.0081,-0.0287,0.02,0.02,0.01,0.015
2026-09-25T13:00:10+00:00,QQQ,2026-09-25,0,744.87,774.0,C,0.02,0.03,0.025,0.02,271,1312,0.3403,0.0067,0.0014,0.0077,-0.0276,0.01,0.03,0.01,0.015
2026-09-25T13:00:10+00:00,QQQ,2026-09-25,0,744.87,775.0,C,0.02,0.03,0.025,0.01,14,1926,0.3489,0.0064,0.0013,0.0074,-0.0265,0.03,0.03,0.01,0.015
2026-09-25T13:00:10+00:00,QQQ,2026-09-25,0,744.87,776.0,C,0.01,0.03,0.02,0.02,2,368,0.349,0.006,0.0012,0.007,-0.0254,0.01,0.02,0.01,0.015
2026-09-25T13:00:10+00:00,QQQ,2026-09-25,0,744.87,777.0,C,0.01,0.03,0.02,0.02,14,68,0.3574,0.0057,0.0011,0.0067,-0.0244,0.02,0.02,0.02,0.015
2026-09-25T13:00:10+00:00,QQQ,2026-09-25,0,744.87,778.0,C,0.01,0.02,0.015,0.01,127,139,0.355,0.0054,0.0011,0.0064,-0.0234,0.01,0.01,0.01,0.015
2026-09-25T13:00:10+00:00,QQQ,2026-09-25,0,744.87,779.0,C,0.01,0.02,0.015,0.02,121,328,0.3632,0.0051,0.001,0.006,-0.0224,0.01,0.02,0.01,0.015
2026-09-25T13:00:10+00:00,QQQ,2026-09-25,0,744.87,780.0,C,0.01,0.02,0.015,0.02,164,1683,0.3713,0.0049,0.0009,0.0058,-0.0215,0.02,0.02,0.01,0.015
2026-09-25T13:00:10+00:00,QQQ,2026-09-25,0,744.87,781.0,C,0.01,0.02,0.015,0.01,139,264,0.3794,0.0046,0.0009,0.0055,-0.0206,0.01,0.01,0.01,0.005
2026-09-25T13:00:10+00:00,QQQ,2026-09-25,0,744.87,782.0,C,0.01,0.02,0.015,0.01,504,707,0.3874,0.0044,0.0008,0.0052,-0.0197,0.01,0.02,0.01,0.005
2026-09-25T13:00:10+00:00,QQQ,2026-09-25,0,744.87,785.0,C,0.0,0.01,0.01,0.01,56,562,0.3725,0.0037,0.0007,0.0045,-0.0171,0.01,0.01,0.01,0.005
2026-09-25T13:00:10+00:00,QQQ,2026-09-25,0,744.87,790.0,C,0.01,0.02,0.015,0.01,191,913,0.451,0.0028,0.0005,0.0035,-0.0134,0.01,0.01,0.01,0.005
2026-09-25T13:00:10+00:00,QQQ,2026-09-25,0,744.87,795.0,C,0.0,0.02,0.01,0.01,70,817,0.4448,0.0021,0.0004,0.0027,-0.0104,0.01,0.01,0.01,0.005
2026-09-25T13:00:10+00:00,QQQ,2026-09-25,0,744.87,800.0,C,0.0,0.01,0.01,0.01,5,1377,0.4803,0.0016,0.0003,0.002,-0.0079,0.02,0.02,0.01,0.005
2026-09-25T13:00:10+00:00,QQQ,2026-09-25,0,744.87,805.0,C,0.0,0.02,0.01,0.01,198,663,0.546,0.0011,0.0002,0.0015,-0.0059,0.01,0.01,0.01,0.005
2026-09-25T13:00:10+00:00,QQQ,2026-09-25,0,744.87,810.0,C,0.0,0.01,0.01,0.01,164,519,0.5499,0.0008,0.0001,0.0011,-0.0043,0.01,0.02,0.01,0.005
2026-09-25T13:00:10+00:00,QQQ,2026-09-25,0,744.87,815.0,C,0.0,0.01,0.01,0.01,111,667,0.5841,0.0006,0.0001,0.0008,-0.0031,0.01,0.01,0.01,0.005
2026-09-25T13:00:10+00:00,QQQ,2026-09-25,0,744.87,820.0,C,0.0,0.01,0.01,0.01,1,777,0.618,0.0004,0.0001,0.0006,-0.0022,0.01,0.01,0.01,0.005
2026-09-25T13:00:10+00:00,QQQ,2026-09-25,0,744.87,825.0,C,0.0,0.01,0.01,0.01,1,168,0.6515,0.0003,0.0,0.0004,-0.0015,0.01,0.01,0.01,0.005
2026-09-25T13:00:10+00:00,QQQ,2026-09-25,0,744.87,850.0,C,0.0,0.01,0.01,0.01,3,69,0.8142,0.0,0.0,0.0001,-0.0002,0.01,0.01,0.01,0.005
2026-09-25T13:00:10+00:00,QQQ,2026-09-25,0,744.87,880.0,C,0.0,0.01,0.01,0.01,1,363,1.0001,0.0,0.0,0.0,0.0,0.01,0.01,0.01,0.005
2026-09-25T13:00:10+00:00,QQQ,2026-09-25,0,744.87,525.0,P,0.0,0.01,0.01,0.01,10,185,1.9211,0.0,0.0,0.0001,-0.0005,0.01,0.01,0.01,0.005
2026-09-25T13:00:10+00:00,QQQ,2026-09-25,0,744.87,545.0,P,0.0,0.01,0.01,0.01,10,749,1.7232,0.0,0.0,0.0001,-0.0006,0.01,0.01,0.01,0.005
2026-09-25T13:00:10+00:00,QQQ,2026-09-25,0,744.87,560.0,P,0.0,0.01,0.01,0.01,40,3842,1.5789,-0.0001,0.0,0.0001,-0.0007,0.01,0.01,0.01,0.005
2026-09-25T13:00:10+00:00,QQQ,2026-09-25,0,744.87,565.0,P,0.0,0.01,0.01,0.01,50,628,1.5315,-0.0001,0.0,0.0001,-0.0007,0.01,0.01,0.01,0.005
2026-09-25T13:00:10+00:00,QQQ,2026-09-25,0,744.87,580.0,P,0.0,0.01,0.01,0.01,10,772,1.3914,-0.0001,0.0,0.0001,-0.0009,0.01,0.01,0.01,0.005
2026-09-25T13:00:10+00:00,QQQ,2026-09-25,0,744.87,585.0,P,0.0,0.01,0.01,0.01,1,2841,1.3454,-0.0001,0.0,0.0001,-0.001,0.01,0.01,0.01,0.005
2026-09-25T13:00:10+00:00,QQQ,2026-09-25,0,744.87,590.0,P,0.0,0.01,0.01,0.01,1,2137,1.2997,-0.0001,0.0,0.0002,-0.001,0.01,0.01,0.01,0.005
2026-09-25T13:00:10+00:00,QQQ,2026-09-25,0,744.87,595.0,P,0.0,0.01,0.01,0.01,118,2083,1.2543,-0.0001,0.0,0.0002,-0.0011,0.01,0.01,0.01,0.005
2026-09-25T13:00:10+00:00,QQQ,2026-09-25,0,744.87,600.0,P,0.0,0.01,0.01,0.01,329,4152,1.2092,-0.0001,0.0,0.0002,-0.0012,0.01,0.01,0.01,0.005
2026-09-25T13:00:10+00:00,QQQ,2026-09-25,0,744.87,605.0,P,0.0,0.01,0.01,0.01,49,1883,1.1643,-0.0001,0.0,0.0002,-0.0013,0.01,0.01,0.01,0.005
2026-09-25T13:00:10+00:00,QQQ,2026-09-25,0,744.87,610.0,P,0.0,0.01,0.01,0.01,147,1466,1.1198,-0.0002,0.0,0.0002,-0.0014,0.02,0.02,0.01,0.005
2026-09-25T13:00:10+00:00,QQQ,2026-09-25,0,744.87,615.0,P,0.0,0.02,0.01,0.01,44,801,1.0755,-0.0002,0.0,0.0003,-0.0016,0.01,0.01,0.01,0.005
2026-09-25T13:00:10+00:00,QQQ,2026-09-25,0,744.87,620.0,P,0.0,0.02,0.01,0.01,663,2323,1.0879,-0.0002,0.0,0.0003,-0.0018,0.01,0.02,0.01,0.005
2026-09-25T13:00:10+00:00,QQQ,2026-09-25,0,744.87,625.0,P,0.0,0.02,0.01,0.01,927,1666,1.0421,-0.0002,0.0,0.0003,-0.002,0.01,0.02,0.01,0.005
2026-09-25T13:00:10+00:00,QQQ,2026-09-25,0,744.87,630.0,P,0.0,0.01,0.01,0.01,566,3451,0.9442,-0.0003,0.0,0.0004,-0.0022,0.01,0.02,0.01,0.005
2026-09-25T13:00:10+00:00,QQQ,2026-09-25,0,744.87,635.0,P,0.0,0.01,0.01,0.01,405,15929,0.9009,-0.0003,0.0,0.0004,-0.0024,0.01,0.01,0.01,0.005
2026-09-25T13:00:10+00:00,QQQ,2026-09-25,0,744.87,640.0,P,0.0,0.02,0.01,0.01,122,1828,0.9059,-0.0004,0.0,0.0005,-0.0028,0.02,0.02,0.01,0.005
2026-09-25T13:00:10+00:00,QQQ,2026-09-25,0,744.87,645.0,P,0.0,0.01,0.01,0.01,151,4195,0.8149,-0.0004,0.0,0.0006,-0.0031,0.01,0.01,0.01,0.005
2026-09-25T13:00:10+00:00,QQQ,2026-09-25,0,744.87,650.0,P,0.0,0.01,0.01,0.01,2195,10661,0.7722,-0.0005,0.0001,0.0007,-0.0036,0.01,0.02,0.01,0.005
2026-09-25T13:00:10+00:00,QQQ,2026-09-25,0,744.87,655.0,P,0.01,0.02,0.015,0.01,2934,6272,0.7992,-0.0006,0.0001,0.0008,-0.0041,0.01,0.02,0.01,0.005
2026-09-25T13:00:10+00:00,QQQ,2026-09-25,0,744.87,660.0,P,0.01,0.02,0.015,0.01,4048,4570,0.7534,-0.0007,0.0001,0.001,-0.0048,0.02,0.02,0.01,0.005
2026-09-25T13:00:10+00:00,QQQ,2026-09-25,0,744.87,665.0,P,0.01,0.02,0.015,0.01,2821,38192,0.7078,-0.0009,0.0001,0.0012,-0.0056,0.01,0.02,0.01,0.005
2026-09-25T13:00:10+00:00,QQQ,2026-09-25,0,744.87,667.0,P,0.01,0.02,0.015,0.01,2533,2556,0.6896,-0.001,0.0001,0.0013,-0.006,0.02,0.02,0.01,0.005
2026-09-25T13:00:10+00:00,QQQ,2026-09-25,0,744.87,668.0,P,0.01,0.02,0.015,0.02,2041,2421,0.6805,-0.001,0.0001,0.0013,-0.0062,0.01,0.02,0.01,0.005
2026-09-25T13:00:10+00:00,QQQ,2026-09-25,0,744.87,669.0,P,0.01,0.02,0.015,0.01,625,796,0.6714,-0.001,0.0001,0.0014,-0.0064,0.02,0.02,0.01,0.005
2026-09-25T13:00:10+00:00,QQQ,2026-09-25,0,744.87,670.0,P,0.01,0.02,0.015,0.01,73,5857,0.6623,-0.0011,0.0001,0.0014,-0.0067,0.01,0.02,0.01,0.005
2026-09-25T13:00:10+00:00,QQQ,2026-09-25,0,744.87,671.0,P,0.01,0.02,0.015,0.02,306,1479,0.6532,-0.0011,0.0002,0.0015,-0.0069,0.01,0.02,0.01,0.005
2026-09-25T13:00:10+00:00,QQQ,2026-09-25,0,744.87,672.0,P,0.01,0.02,0.015,0.01,413,726,0.6441,-0.0012,0.0002,0.0016,-0.0072,0.01,0.02,0.01,0.015
2026-09-25T13:00:10+00:00,QQQ,2026-09-25,0,744.87,673.0,P,0.01,0.02,0.015,0.02,294,607,0.635,-0.0012,0.0002,0.0016,-0.0074,0.02,0.02,0.01,0.015
2026-09-25T13:00:10+00:00,QQQ,2026-09-25,0,744.87,674.0,P,0.01,0.02,0.015,0.01,613,825,0.626,-0.0013,0.0002,0.0017,-0.0077,0.04,0.04,0.01,0.015
2026-09-25T13:00:10+00:00,QQQ,2026-09-25,0,744.87,675.0,P,0.01,0.02,0.015,0.01,30,3161,0.6169,-0.0013,0.0002,0.0018,-0.008,0.01,0.03,0.01,0.015
2026-09-25T13:00:10+00:00,QQQ,2026-09-25,0,744.87,676.0,P,0.01,0.02,0.015,0.01,1,464,0.6078,-0.0014,0.0002,0.0018,-0.0083,0.01,0.01,0.01,0.015
2026-09-25T13:00:10+00:00,QQQ,2026-09-25,0,744.87,677.0,P,0.01,0.02,0.015,0.01,3,772,0.5988,-0.0015,0.0002,0.0019,-0.0086,0.01,0.01,0.01,0.015
2026-09-25T13:00:10+00:00,QQQ,2026-09-25,0,744.87,678.0,P,0.01,0.02,0.015,0.01,1,890,0.5897,-0.0015,0.0002,0.002,-0.0089,0.01,0.01,0.01,0.015
2026-09-25T13:00:10+00:00,QQQ,2026-09-25,0,744.87,679.0,P,0.01,0.02,0.015,0.01,1955,723,0.5806,-0.0016,0.0002,0.0021,-0.0093,0.01,0.02,0.01,0.015
2026-09-25T13:00:10+00:00,QQQ,2026-09-25,0,744.87,680.0,P,0.01,0.02,0.015,0.01,175,3580,0.5716,-0.0017,0.0002,0.0022,-0.0096,0.02,0.02,0.01,0.015
2026-09-25T13:00:10+00:00,QQQ,2026-09-25,0,744.87,681.0,P,0.01,0.02,0.015,0.01,1873,1155,0.5625,-0.0018,0.0003,0.0023,-0.01,0.03,0.03,0.01,0.015
2026-09-25T13:00:10+00:00,QQQ,2026-09-25,0,744.87,682.0,P,0.01,0.02,0.015,0.01,2233,1046,0.5534,-0.0018,0.0003,0.0024,-0.0104,0.02,0.03,0.01,0.015
2026-09-25T13:00:10+00:00,QQQ,2026-09-25,0,744.87,683.0,P,0.01,0.02,0.015,0.01,2862,3458,0.5444,-0.0019,0.0003,0.0025,-0.0109,0.02,0.02,0.01,0.015
2026-09-25T13:00:10+00:00,QQQ,2026-09-25,0,744.87,684.0,P,0.01,0.02,0.015,0.01,2370,928,0.5353,-0.002,0.0003,0.0026,-0.0113,0.02,0.02,0.01,0.015
2026-09-25T13:00:10+00:00,QQQ,2026-09-25,0,744.87,685.0,P,0.01,0.02,0.015,0.01,2577,2903,0.5263,-0.0022,0.0003,0.0027,-0.0118,0.03,0.03,0.01,0.015
2026-09-25T13:00:10+00:00,QQQ,2026-09-25,0,744.87,686.0,P,0.01,0.02,0.015,0.01,5463,2437,0.5172,-0.0023,0.0004,0.0028,-0.0123,0.02,0.03,0.01,0.015
2026-09-25T13:00:10+00:00,QQQ,2026-09-25,0,744.87,687.0,P,0.01,0.03,0.02,0.01,7027,2225,0.5227,-0.0024,0.0004,0.003,-0.0129,0.03,0.03,0.01,0.015
2026-09-25T13:00:10+00:00,QQQ,2026-09-25,0,744.87,688.0,P,0.01,0.03,0.02,0.02,3141,1946,0.5135,-0.0025,0.0004,0.0031,-0.0134,0.03,0.03,0.01,0.015
2026-09-25T13:00:10+00:00,QQQ,2026-09-25,0,744.87,689.0,P,0.01,0.03,0.02,0.01,2364,2011,0.5042,-0.0026,0.0004,0.0033,-0.0141,0.03,0.03,0.01,0.015
2026-09-25T13:00:10+00:00,QQQ,2026-09-25,0,744.87,690.0,P,0.01,0.03,0.02,0.02,3643,85486,0.4949,-0.0028,0.0004,0.0034,-0.0147,0.03,0.03,0.01,0.015
2026-09-25T13:00:10+00:00,QQQ,2026-09-25,0,744.87,691.0,P,0.01,0.03,0.02,0.01,3972,2293,0.4856,-0.003,0.0005,0.0036,-0.0154,0.03,0.03,0.01,0.015
2026-09-25T13:00:10+00:00,QQQ,2026-09-25,0,744.87,692.0,P,0.01,0.03,0.02,0.02,1709,1496,0.4764,-0.0031,0.0005,0.0038,-0.0161,0.05,0.05,0.01,0.015
2026-09-25T13:00:10+00:00,QQQ,2026-09-25,0,744.87,693.0,P,0.01,0.03,0.02,0.01,3203,4215,0.4671,-0.0033,0.0006,0.004,-0.0169,0.03,0.03,0.01,0.015
2026-09-25T13:00:10+00:00,QQQ,2026-09-25,0,744.87,694.0,P,0.01,0.03,0.02,0.01,3317,2917,0.4578,-0.0035,0.0006,0.0042,-0.0177,0.03,0.03,0.01,0.015
2026-09-25T13:00:10+00:00,QQQ,2026-09-25,0,744.87,695.0,P,0.01,0.03,0.02,0.03,3476,5302,0.4486,-0.0037,0.0006,0.0045,-0.0186,0.04,0.04,0.01,0.015
2026-09-25T13:00:10+00:00,QQQ,2026-09-25,0,744.87,696.0,P,0.01,0.03,0.02,0.01,2785,2333,0.4393,-0.0039,0.0007,0.0047,-0.0195,0.03,0.03,0.01,0.015
2026-09-25T13:00:10+00:00,QQQ,2026-09-25,0,744.87,697.0,P,0.02,0.03,0.025,0.01,1563,1476,0.4402,-0.0042,0.0007,0.005,-0.0205,0.03,0.03,0.01,0.015
2026-09-25T13:00:10+00:00,QQQ,2026-09-25,0,744.87,698.0,P,0.02,0.03,0.025,0.02,8401,5285,0.4308,-0.0044,0.0008,0.0052,-0.0216,0.02,0.03,0.01,0.015
2026-09-25T13:00:10+00:00,QQQ,2026-09-25,0,744.87,699.0,P,0.02,0.03,0.025,0.02,6807,5876,0.4213,-0.0047,0.0008,0.0056,-0.0227,0.04,0.04,0.01,0.015
2026-09-25T13:00:10+00:00,QQQ,2026-09-25,0,744.87,700.0,P,0.02,0.03,0.025,0.02,2607,18205,0.4118,-0.005,0.0009,0.0059,-0.0239,0.03,0.06,0.01,0.015
2026-09-25T13:00:10+00:00,QQQ,2026-09-25,0,744.87,701.0,P,0.02,0.03,0.025,0.02,828,1908,0.4023,-0.0053,0.001,0.0062,-0.0252,0.04,0.04,0.01,0.015
2026-09-25T13:00:10+00:00,QQQ,2026-09-25,0,744.87,702.0,P,0.02,0.03,0.025,0.02,559,2384,0.3928,-0.0057,0.001,0.0066,-0.0266,0.05,0.05,0.01,0.015
2026-09-25T13:00:10+00:00,QQQ,2026-09-25,0,744.87,703.0,P,0.02,0.03,0.025,0.02,121,1702,0.3833,-0.0061,0.0011,0.007,-0.0281,0.05,0.05,0.01,0.025
2026-09-25T13:00:10+00:00,QQQ,2026-09-25,0,744.87,704.0,P,0.02,0.04,0.03,0.02,1979,3626,0.3815,-0.0065,0.0012,0.0074,-0.0298,0.06,0.06,0.02,0.025
2026-09-25T13:00:10+00:00,QQQ,2026-09-25,0,744.87,705.0,P,0.02,0.03,0.025,0.02,1379,32695,0.3643,-0.007,0.0013,0.0079,-0.0315,0.06,0.06,0.02,0.025
2026-09-25T13:00:10+00:00,QQQ,2026-09-25,0,744.87,706.0,P,0.03,0.04,0.035,0.03,1297,1957,0.3687,-0.0075,0.0014,0.0084,-0.0334,0.07,0.07,0.02,0.025
2026-09-25T13:00:10+00:00,QQQ,2026-09-25,0,744.87,707.0,P,0.03,0.04,0.035,0.03,2232,3017,0.3589,-0.008,0.0016,0.009,-0.0354,0.07,0.07,0.02,0.025
2026-09-25T13:00:10+00:00,QQQ,2026-09-25,0,744.87,708.0,P,0.03,0.04,0.035,0.02,485,1971,0.349,-0.0086,0.0017,0.0096,-0.0376,0.07,0.07,0.02,0.025
2026-09-25T13:00:10+00:00,QQQ,2026-09-25,0,744.87,709.0,P,0.03,0.04,0.035,0.03,1688,2181,0.3391,-0.0093,0.0018,0.0102,-0.04,0.09,0.09,0.02,0.025
2026-09-25T13:00:10+00:00,QQQ,2026-09-25,0,744.87,710.0,P,0.03,0.04,0.035,0.03,3144,10372,0.3292,-0.01,0.002,0.0109,-0.0426,0.11,0.11,0.02,0.025
2026-09-25T13:00:10+00:00,QQQ,2026-09-25,0,744.87,711.0,P,0.04,0.05,0.045,0.04,712,2672,0.3295,-0.0108,0.0022,0.0117,-0.0454,0.1,0.1,0.02,0.035
2026-09-25T13:00:10+00:00,QQQ,2026-09-25,0,744.87,712.0,P,0.04,0.05,0.045,0.03,3056,2064,0.3193,-0.0117,0.0024,0.0125,-0.0486,0.11,0.11,0.03,0.035
2026-09-25T13:00:10+00:00,QQQ,2026-09-25,0,744.87,713.0,P,0.04,0.05,0.045,0.03,961,2093,0.3091,-0.0127,0.0027,0.0134,-0.052,0.12,0.12,0.03,0.035
2026-09-25T13:00:10+00:00,QQQ,2026-09-25,0,744.87,714.0,P,0.04,0.06,0.05,0.05,7881,4859,0.3028,-0.0139,0.0029,0.0145,-0.0559,0.15,0.15,0.03,0.035
2026-09-25T13:00:10+00:00,QQQ,2026-09-25,0,744.87,715.0,P,0.05,0.06,0.055,0.05,7503,9399,0.2965,-0.0151,0.0032,0.0156,-0.0601,0.19,0.19,0.03,0.035
2026-09-25T13:00:10+00:00,QQQ,2026-09-25,0,744.87,716.0,P,0.05,0.06,0.055,0.05,2098,4106,0.286,-0.0165,0.0036,0.0168,-0.065,0.21,0.21,0.03,0.045
2026-09-25T13:00:10+00:00,QQQ,2026-09-25,0,744.87,717.0,P,0.05,0.06,0.055,0.05,4057,3256,0.2755,-0.0182,0.004,0.0183,-0.0706,0.21,0.24,0.04,0.045
2026-09-25T13:00:10+00:00,QQQ,2026-09-25,0,744.87,718.0,P,0.05,0.06,0.055,0.05,2219,13685,0.265,-0.0201,0.0044,0.0199,-0.077,0.24,0.28,0.03,0.045
2026-09-25T13:00:10+00:00,QQQ,2026-09-25,0,744.87,719.0,P,0.07,0.08,0.075,0.06,12177,8537,0.2661,-0.0223,0.005,0.0217,-0.0845,0.3,0.32,0.04,0.055
2026-09-25T13:00:10+00:00,QQQ,2026-09-25,0,744.87,720.0,P,0.08,0.09,0.085,0.09,8317,11872,0.2601,-0.0249,0.0056,0.0238,-0.0935,0.32,0.38,0.04,0.055
2026-09-25T13:00:10+00:00,QQQ,2026-09-25,0,744.87,721.0,P,0.08,0.09,0.085,0.08,3846,4963,0.2489,-0.028,0.0064,0.0263,-0.1043,0.4,0.44,0.05,0.065
2026-09-25T13:00:10+00:00,QQQ,2026-09-25,0,744.87,722.0,P,0.09,0.1,0.095,0.1,4940,8821,0.242,-0.0318,0.0073,0.0291,-0.1174,0.45,0.51,0.06,0.075
2026-09-25T13:00:10+00:00,QQQ,2026-09-25,0,744.87,723.0,P,0.11,0.12,0.115,0.11,3673,2426,0.2381,-0.0363,0.0083,0.0325,-0.1336,0.53,0.6,0.07,0.085
2026-09-25T13:00:10+00:00,QQQ,2026-09-25,0,744.87,724.0,P,0.14,0.16,0.15,0.15,5350,3949,0.2371,-0.042,0.0096,0.0365,-0.1543,0.6,0.7,0.07,0.095
2026-09-25T13:00:10+00:00,QQQ,2026-09-25,0,744.87,725.0,P,0.17,0.18,0.175,0.17,22197,13949,0.2316,-0.0488,0.0111,0.0411,-0.1796,0.71,0.79,0.08,0.105
2026-09-25T13:00:10+00:00,QQQ,2026-09-25,0,744.87,726.0,P,0.2,0.21,0.205,0.2,10093,4854,0.2273,-0.0572,0.0129,0.0464,-0.2115,0.83,0.95,0.1,0.125
2026-09-25T13:00:10+00:00,QQQ,2026-09-25,0,744.87,727.0,P,0.24,0.25,0.245,0.23,19370,3625,0.2216,-0.0674,0.0149,0.0526,-0.2515,0.91,1.1,0.12,0.155
2026-09-25T13:00:10+00:00,QQQ,2026-09-25,0,744.87,728.0,P,0.29,0.31,0.3,0.3,11011,3308,0.2182,-0.0798,0.0174,0.0597,-0.3019,1.11,1.28,0.15,0.185
2026-09-25T13:00:10+00:00,QQQ,2026-09-25,0,744.87,729.0,P,0.37,0.38,0.375,0.37,12218,4682,0.2152,-0.0949,0.0201,0.0676,-0.365,1.4,1.49,0.19,0.225
2026-09-25T13:00:10+00:00,QQQ,2026-09-25,0,744.87,730.0,P,0.43,0.45,0.44,0.43,50378,18960,0.2103,-0.1129,0.0232,0.0765,-0.4436,1.54,1.71,0.24,0.275
2026-09-25T13:00:10+00:00,QQQ,2026-09-25,0,744.87,731.0,P,0.53,0.55,0.54,0.53,15299,7137,0.2072,-0.1344,0.0267,0.0861,-0.5411,1.87,2.0,0.3,0.345
2026-09-25T13:00:10+00:00,QQQ,2026-09-25,0,744.87,732.0,P,0.66,0.68,0.67,0.67,22333,6919,0.2052,-0.1596,0.0304,0.0962,-0.661,2.11,2.31,0.37,0.425
2026-09-25T13:00:10+00:00,QQQ,2026-09-25,0,744.87,733.0,P,0.8,0.82,0.81,0.82,27061,7671,0.2016,-0.1889,0.0343,0.1068,-0.8071,2.43,2.62,0.47,0.535
2026-09-25T13:00:10+00:00,QQQ,2026-09-25,0,744.87,734.0,P,0.98,1.0,0.99,1.0,31231,7291,0.1991,-0.2223,0.0384,0.1172,-0.9836,2.82,3.04,0.59,0.665
2026-09-25T13:00:10+00:00,QQQ,2026-09-25,0,744.87,735.0,P,1.18,1.22,1.2,1.2,79212,14645,0.1968,-0.2601,0.0424,0.1272,-1.1946,3.5,3.51,0.74,0.825
2026-09-25T13:00:10+00:00,QQQ,2026-09-25,0,744.87,736.0,P,1.45,1.47,1.46,1.45,63585,18995,0.1946,-0.3021,0.0462,0.1364,-1.4444,3.71,4.0,0.93,1.025
2026-09-25T13:00:10+00:00,QQQ,2026-09-25,0,744.87,737.0,P,1.73,1.76,1.745,1.76,35743,4892,0.1915,-0.3482,0.0497,0.1442,-1.7372,4.29,4.56,1.15,1.265
2026-09-25T13:00:10+00:00,QQQ,2026-09-25,0,744.87,738.0,P,2.08,2.11,2.095,2.1,42444,6418,0.1897,-0.398,0.0527,0.1502,-2.0766,4.78,5.16,1.36,1.545
2026-09-25T13:00:10+00:00,QQQ,2026-09-25,0,744.87,739.0,P,2.46,2.51,2.485,2.49,34359,4617,0.1869,-0.451,0.055,0.154,-2.4424,5.44,5.73,1.64,1.875
2026-09-25T13:00:10+00:00,QQQ,2026-09-25,0,744.87,740.0,P,2.9,2.95,2.925,2.9,63835,9175,0.1842,-0.5066,0.0566,0.155,-2.599,6.1,6.5,1.96,2.265
2026-09-25T13:00:10+00:00,QQQ,2026-09-25,0,744.87,741.0,P,3.4,3.44,3.42,3.4,35784,3830,0.1816,-0.5638,0.0571,0.1529,-2.2982,6.7,7.23,2.36,2.705
2026-09-25T13:00:10+00:00,QQQ,2026-09-25,0,744.87,742.0,P,3.94,4.01,3.975,3.9,14588,2155,0.1785,-0.6216,0.0565,0.1473,-1.8746,7.55,8.0,2.75,3.2
2026-09-25T13:00:10+00:00,QQQ,2026-09-25,0,744.87,743.0,P,4.56,4.64,4.6,4.58,7351,2163,0.176,-0.6784,0.0546,0.139,-1.5036,8.27,8.64,3.21,3.765
2026-09-25T13:00:10+00:00,QQQ,2026-09-25,0,744.87,744.0,P,5.2,5.35,5.275,5.07,3390,1690,0.174,-0.7326,0.0515,0.1289,-1.1958,9.08,9.31,3.86,4.385
2026-09-25T13:00:10+00:00,QQQ,2026-09-25,0,744.87,745.0,P,5.95,6.09,6.02,5.95,9607,4711,0.1722,-0.7827,0.0472,0.1152,-0.9511,10.1,10.49,4.37,5.05
2026-09-25T13:00:10+00:00,QQQ,2026-09-25,0,744.87,746.0,P,6.71,6.91,6.81,6.58,1881,1592,0.1684,-0.8268,0.042,0.0998,-0.7625,11.18,11.2,5.2,5.785
2026-09-25T13:00:10+00:00,QQQ,2026-09-25,0,744.87,747.0,P,7.21,7.98,7.595,7.25,1109,1426,0.1588,-0.8641,0.0364,0.0838,-0.6207,12.26,12.26,5.73,6.57
2026-09-25T13:00:10+00:00,QQQ,2026-09-25,0,744.87,748.0,P,7.81,8.86,8.335,7.61,1088,960,0.0,-0.8949,0.0308,0.0722,-0.515,12.04,13.12,6.65,7.41
2026-09-25T13:00:10+00:00,QQQ,2026-09-25,0,744.87,749.0,P,8.69,9.88,9.285,7.73,728,484,0.0,-0.9196,0.0254,0.0592,-0.4387,13.96,13.96,7.39,8.22
2026-09-25T13:00:10+00:00,QQQ,2026-09-25,0,744.87,750.0,P,9.67,10.81,10.24,10.14,1497,1729,0.0,-0.939,0.0206,0.0464,-0.3839,14.8,15.28,8.14,9.185
2026-09-25T13:00:10+00:00,QQQ,2026-09-25,0,744.87,751.0,P,10.62,11.79,11.205,9.92,380,87,0.0,-0.9542,0.0165,0.0393,-0.3432,13.95,15.36,9.24,9.97
2026-09-25T13:00:10+00:00,QQQ,2026-09-25,0,744.87,752.0,P,11.93,12.7,12.315,11.7,251,19,0.0,-0.9654,0.0131,0.0295,-0.3163,14.74,14.74,10.15,10.94
2026-09-25T13:00:10+00:00,QQQ,2026-09-25,0,744.87,753.0,P,12.62,13.78,13.2,11.84,304,3,0.0,-0.9739,0.0103,0.0248,-0.2964,18.0,18.06,11.1,11.9
2026-09-25T13:00:10+00:00,QQQ,2026-09-25,0,744.87,754.0,P,13.62,14.78,14.2,13.68,235,0,0.0,-0.9799,0.0081,0.0185,-0.2835,18.16,18.16,11.82,12.885
2026-09-25T13:00:10+00:00,QQQ,2026-09-25,0,744.87,755.0,P,14.62,15.78,15.2,15.05,367,8,0.0,-0.9844,0.0065,0.0166,-0.2737,19.7,19.7,12.5,14.01
2026-09-25T13:00:10+00:00,QQQ,2026-09-25,0,744.87,756.0,P,15.62,16.78,16.2,15.5,561,27,0.0,-0.9874,0.0053,0.0131,-0.2682,15.99,17.67,13.49,14.905
2026-09-25T13:00:10+00:00,QQQ,2026-09-25,0,744.87,757.0,P,16.65,17.78,17.215,15.6,115,0,0.0,-0.9896,0.0044,0.0104,-0.264,19.55,19.55,14.9,15.875
2026-09-25T13:00:10+00:00,QQQ,2026-09-25,0,744.87,758.0,P,17.62,18.78,18.2,17.75,98,1,0.0,-0.9912,0.0036,0.0096,-0.2609,20.97,20.97,15.7,16.96
2026-09-25T13:00:10+00:00,QQQ,2026-09-25,0,744.87,759.0,P,18.62,19.78,19.2,18.61,45,3,0.0,-0.9924,0.0031,0.0089,-0.2586,19.24,19.24,16.89,17.88
2026-09-25T13:00:10+00:00,QQQ,2026-09-25,0,744.87,760.0,P,19.62,20.78,20.2,18.97,29,4,0.0,-0.9932,0.0027,0.0078,-0.2574,22.52,22.52,17.9,18.885
2026-09-25T13:00:10+00:00,QQQ,2026-09-25,0,744.87,761.0,P,20.63,21.78,21.205,20.41,0,0,0.0,-0.9939,0.0024,0.0069,-0.2564,0.0,0.0,0.0,19.87
2026-09-25T13:00:10+00:00,QQQ,2026-09-25,0,744.87,762.0,P,21.63,22.78,22.205,19.99,18,0,0.0,-0.9944,0.0022,0.0062,-0.2557,25.51,25.58,19.99,20.86
2026-09-25T13:00:10+00:00,QQQ,2026-09-25,0,744.87,763.0,P,22.58,23.73,23.155,20.86,15,0,0.0,-0.9948,0.002,0.0055,-0.255,21.2,21.2,20.85,21.875
2026-09-25T13:00:10+00:00,QQQ,2026-09-25,0,744.87,764.0,P,23.63,24.78,24.205,16.39,0,0,0.0,-0.9952,0.0018,0.005,-0.2544,0.0,0.0,0.0,22.8
2026-09-25T13:00:10+00:00,QQQ,2026-09-25,0,744.87,765.0,P,24.63,25.78,25.205,24.0,0,0,0.0,-0.9956,0.0016,0.0049,-0.2539,0.0,0.0,0.0,23.805
2026-09-25T13:00:10+00:00,QQQ,2026-09-25,0,744.87,766.0,P,25.58,26.73,26.155,25.09,0,0,0.0,-0.9959,0.0015,0.0047,-0.2534,0.0,0.0,0.0,24.77
2026-09-25T13:00:10+00:00,QQQ,2026-09-25,0,744.87,767.0,P,26.58,27.75,27.165,26.51,20,20,0.0,-0.9962,0.0013,0.0045,-0.2529,26.52,26.52,26.51,25.755
2026-09-25T13:00:10+00:00,QQQ,2026-09-25,0,744.87,768.0,P,27.58,28.78,28.18,27.17,0,0,0.0,-0.9964,0.0012,0.0043,-0.2524,0.0,0.0,0.0,26.76
2026-09-25T13:00:10+00:00,QQQ,2026-09-25,0,744.87,769.0,P,28.58,29.73,29.155,32.67,2,0,0.0,-0.9967,0.0011,0.0042,-0.252,32.61,32.67,32.61,27.865
2026-09-25T13:00:10+00:00,QQQ,2026-09-25,0,744.87,770.0,P,29.58,30.73,30.155,28.33,5,0,0.0,-0.9969,0.001,0.004,-0.2515,32.08,34.57,28.33,28.865
2026-09-25T13:00:10+00:00,QQQ,2026-09-25,0,744.87,771.0,P,30.58,31.74,31.16,29.34,3,0,0.0,-0.9971,0.0009,0.0037,-0.2512,33.08,33.08,29.34,29.755
2026-09-25T13:00:10+00:00,QQQ,2026-09-25,0,744.87,772.0,P,31.63,32.78,32.205,0.0,0,0,0.0,-0.9973,0.0009,0.0034,-0.2509,0.0,0.0,0.0,30.8
2026-09-25T13:00:10+00:00,QQQ,2026-09-25,0,744.87,773.0,P,32.58,33.75,33.165,37.15,8,0,0.0,-0.9974,0.0008,0.0031,-0.2506,37.76,38.72,37.15,31.755
2026-09-25T13:00:10+00:00,QQQ,2026-09-25,0,744.87,774.0,P,33.58,34.78,34.18,38.58,8,0,0.0,-0.9976,0.0007,0.0028,-0.2503,38.48,39.1,38.36,32.91
2026-09-25T13:00:10+00:00,QQQ,2026-09-25,0,744.87,775.0,P,34.63,35.78,35.205,34.8,0,0,0.0,-0.9977,0.0007,0.0026,-0.25,0.0,0.0,0.0,33.755
2026-09-25T13:00:10+00:00,QQQ,2026-09-25,0,744.87,776.0,P,35.63,36.78,36.205,0.0,0,0,0.0,-0.9979,0.0006,0.0023,-0.2497,0.0,0.0,0.0,34.79
2026-09-25T13:00:10+00:00,QQQ,2026-09-25,0,744.87,777.0,P,35.44,38.85,37.145,41.6,4,0,0.0,-0.998,0.0006,0.0021,-0.2494,41.36,42.13,41.36,35.87
2026-09-25T13:00:10+00:00,QQQ,2026-09-25,0,744.87,778.0,P,36.44,39.85,38.145,41.98,4,0,0.0,-0.9982,0.0005,0.0021,-0.2491,42.35,42.35,41.98,36.785
2026-09-25T13:00:10+00:00,QQQ,2026-09-25,0,744.87,779.0,P,37.44,41.14,39.29,42.96,2,0,0.0,-0.9983,0.0005,0.002,-0.2488,43.02,43.02,42.96,38.2
2026-09-25T13:00:10+00:00,QQQ,2026-09-25,0,744.87,780.0,P,38.44,42.14,40.29,69.24,0,0,0.0,-0.9984,0.0005,0.0019,-0.2485,0.0,0.0,0.0,39.03
2026-09-25T13:00:10+00:00,QQQ,2026-09-25,0,744.87,781.0,P,39.44,43.14,41.29,45.48,4,0,0.0,-0.9985,0.0004,0.0019,-0.2482,45.43,46.24,45.43,40.285
2026-09-25T13:00:10+00:00,QQQ,2026-09-25,0,744.87,782.0,P,40.44,44.14,42.29,46.83,4,0,0.0,-0.9986,0.0004,0.0018,-0.248,46.59,46.83,46.59,41.09
2026-09-25T13:00:10+00:00,QQQ,2026-09-25,0,744.87,785.0,P,43.44,46.76,45.1,49.84,6,0,0.0,-0.9989,0.0003,0.0015,-0.2472,49.55,50.32,49.43,44.205
2026-09-25T13:00:10+00:00,QQQ,2026-09-25,0,744.87,790.0,P,48.44,51.65,50.045,54.12,10,4,0.0,-0.9992,0.0002,0.0009,-0.2464,54.7,55.04,54.12,48.84
2026-09-25T13:00:10+00:00,QQQ,2026-09-25,0,744.87,800.0,P,58.44,61.65,60.045,58.78,2,0,0.0,-0.9997,0.0001,0.0004,-0.2452,58.78,58.78,58.78,59.08
2026-09-25T13:00:10+00:00,QQQ,2026-09-25,0,744.87,805.0,P,63.44,66.78,65.11,69.94,2,0,0.0,-0.9998,0.0,0.0003,-0.2448,69.92,69.94,69.92,64.24
2026-09-25T14:00:11+00:00,QQQ,2026-09-25,0,743.93,675.0,C,67.57,69.62,68.595,67.78,31,47,0.0,0.9983,0.0002,0.0011,-0.0116,67.56,67.78,67.56,66.13
2026-09-25T14:00:11+00:00,QQQ,2026-09-25,0,743.93,695.0,C,47.6,49.61,48.605,47.8,31,225,0.0,0.9975,0.0004,0.0016,-0.0132,47.58,47.8,47.58,46.11
2026-09-25T14:00:11+00:00,QQQ,2026-09-25,0,743.93,700.0,C,43.46,44.4,43.93,44.03,42,969,0.9268,0.9972,0.0005,0.0018,-0.0136,42.0,44.03,42.0,41.15
2026-09-25T14:00:11+00:00,QQQ,2026-09-25,0,743.93,701.0,C,41.59,43.64,42.615,42.28,5,57,0.0,0.9971,0.0006,0.0019,-0.0136,42.29,42.29,42.28,40.27
2026-09-25T14:00:11+00:00,QQQ,2026-09-25,0,743.93,703.0,C,40.78,41.61,41.195,40.98,2,192,1.1292,0.9969,0.0006,0.002,-0.0138,40.98,40.98,40.98,38.265
2026-09-25T14:00:11+00:00,QQQ,2026-09-25,0,743.93,704.0,C,38.58,40.65,39.615,39.29,5,330,0.0,0.9968,0.0006,0.002,-0.0139,39.3,39.3,39.29,37.205
2026-09-25T14:00:11+00:00,QQQ,2026-09-25,0,743.93,707.0,C,36.78,37.63,37.205,37.0,6,399,1.0409,0.9966,0.0007,0.0022,-0.0142,36.87,37.0,36.87,34.155
2026-09-25T14:00:11+00:00,QQQ,2026-09-25,0,743.93,708.0,C,35.43,36.63,36.03,35.75,2,486,0.8941,0.9965,0.0008,0.0023,-0.0143,35.86,35.86,35.75,33.185
2026-09-25T14:00:11+00:00,QQQ,2026-09-25,0,743.93,709.0,C,33.59,35.62,34.605,34.58,1,475,0.0,0.9964,0.0008,0.0023,-0.0144,34.58,34.58,34.58,32.36
2026-09-25T14:00:11+00:00,QQQ,2026-09-25,0,743.93,710.0,C,32.94,34.62,33.78,33.73,2,2041,0.0,0.9962,0.0009,0.0024,-0.0146,33.83,33.83,33.73,31.365
2026-09-25T14:00:11+00:00,QQQ,2026-09-25,0,743.93,711.0,C,31.85,33.64,32.745,32.71,1,1740,0.0,0.9961,0.0009,0.0025,-0.0147,32.71,32.71,32.71,30.185
2026-09-25T14:00:11+00:00,QQQ,2026-09-25,0,743.93,712.0,C,30.84,32.62,31.73,30.8,1,1393,0.0,0.996,0.001,0.0026,-0.0148,30.8,30.8,30.8,29.29
2026-09-25T14:00:11+00:00,QQQ,2026-09-25,0,743.93,713.0,C,30.36,31.59,30.975,27.67,0,388,0.734,0.9958,0.001,0.0026,-0.015,0.0,0.0,0.0,28.175
2026-09-25T14:00:11+00:00,QQQ,2026-09-25,0,743.93,714.0,C,28.84,30.62,29.73,26.71,0,433,0.0,0.9957,0.0011,0.0027,-0.0152,0.0,0.0,0.0,27.3
2026-09-25T14:00:11+00:00,QQQ,2026-09-25,0,743.93,715.0,C,28.7,29.53,29.115,27.47,4,2764,0.7997,0.9955,0.0012,0.0028,-0.0154,27.38,27.47,27.32,26.375
2026-09-25T14:00:11+00:00,QQQ,2026-09-25,0,743.93,716.0,C,27.5,28.59,28.045,28.11,6,899,0.7308,0.9953,0.0012,0.003,-0.0157,26.37,28.12,26.29,25.2
2026-09-25T14:00:11+00:00,QQQ,2026-09-25,0,743.93,717.0,C,26.48,27.62,27.05,26.97,6,1275,0.712,0.9951,0.0013,0.0031,-0.016,25.38,27.27,24.5,24.345
2026-09-25T14:00:11+00:00,QQQ,2026-09-25,0,743.93,718.0,C,24.91,26.62,25.765,26.01,3,2117,0.0,0.9948,0.0014,0.0032,-0.0164,24.15,26.01,24.15,23.305
2026-09-25T14:00:11+00:00,QQQ,2026-09-25,0,743.93,719.0,C,24.49,25.61,25.05,25.3,16,2166,0.667,0.9946,0.0016,0.0034,-0.0168,23.86,25.45,23.86,22.335
2026-09-25T14:00:11+00:00,QQQ,2026-09-25,0,743.93,720.0,C,23.79,24.41,24.1,24.4,21,4506,0.6744,0.9942,0.0017,0.0036,-0.0174,23.8,24.4,23.8,21.345
2026-09-25T14:00:11+00:00,QQQ,2026-09-25,0,743.93,721.0,C,22.78,23.62,23.2,23.02,20,1521,0.7002,0.9938,0.0019,0.0038,-0.0181,22.91,23.19,21.15,20.33
2026-09-25T14:00:11+00:00,QQQ,2026-09-25,0,743.93,722.0,C,21.79,22.61,22.2,22.19,18,1603,0.6754,0.9933,0.0021,0.0041,-0.0191,20.23,22.19,20.15,19.4
2026-09-25T14:00:11+00:00,QQQ,2026-09-25,0,743.93,723.0,C,20.79,21.54,21.165,21.22,15,1475,0.6351,0.9927,0.0023,0.0044,-0.0203,18.87,21.22,18.87,18.41
2026-09-25T14:00:11+00:00,QQQ,2026-09-25,0,743.93,724.0,C,19.79,20.55,20.17,20.26,126,1444,0.6127,0.992,0.0026,0.0048,-0.0218,18.9,20.27,18.16,17.38
2026-09-25T14:00:11+00:00,QQQ,2026-09-25,0,743.93,725.0,C,18.79,19.44,19.115,18.86,106,3340,0.5633,0.991,0.003,0.0053,-0.0238,17.18,19.22,16.95,16.38
2026-09-25T14:00:11+00:00,QQQ,2026-09-25,0,743.93,726.0,C,17.8,18.54,18.17,18.26,249,2231,0.5628,0.9898,0.0035,0.0059,-0.0264,16.54,18.26,15.95,15.465
2026-09-25T14:00:11+00:00,QQQ,2026-09-25,0,743.93,727.0,C,16.8,17.45,17.125,17.46,15,1527,0.519,0.9883,0.004,0.0067,-0.0298,15.02,17.46,15.02,14.495
2026-09-25T14:00:11+00:00,QQQ,2026-09-25,0,743.93,728.0,C,15.82,16.56,16.19,15.6,6,2229,0.5199,0.9864,0.0048,0.0077,-0.0343,14.37,15.6,14.37,13.5
2026-09-25T14:00:11+00:00,QQQ,2026-09-25,0,743.93,729.0,C,14.81,15.56,15.185,14.06,10,6541,0.4923,0.9838,0.0057,0.0089,-0.0402,13.6,14.06,13.6,12.54
2026-09-25T14:00:11+00:00,QQQ,2026-09-25,0,743.93,730.0,C,13.83,14.64,14.235,14.57,92,5327,0.4833,0.9805,0.007,0.0104,-0.048,13.43,14.57,12.1,11.5
2026-09-25T14:00:11+00:00,QQQ,2026-09-25,0,743.93,731.0,C,12.84,13.38,13.11,13.15,40,2062,0.413,0.9762,0.0085,0.0123,-0.0582,12.55,13.5,10.82,10.59
2026-09-25T14:00:11+00:00,QQQ,2026-09-25,0,743.93,732.0,C,11.85,12.67,12.26,12.22,27,1757,0.4369,0.9706,0.0106,0.0146,-0.0717,10.5,12.25,10.5,9.62
2026-09-25T14:00:11+00:00,QQQ,2026-09-25,0,743.93,733.0,C,10.87,11.35,11.11,11.22,69,1220,0.362,0.9632,0.0131,0.0175,-0.0897,9.9,11.31,9.3,8.795
2026-09-25T14:00:11+00:00,QQQ,2026-09-25,0,743.93,734.0,C,9.89,10.49,10.19,10.42,11,3797,0.3613,0.9535,0.0164,0.0211,-0.1136,8.3,10.46,8.16,7.875
2026-09-25T14:00:11+00:00,QQQ,2026-09-25,0,743.93,735.0,C,8.92,9.5,9.21,9.5,208,8526,0.3392,0.9407,0.0206,0.0255,-0.1459,7.16,9.6,6.0,7.03
2026-09-25T14:00:11+00:00,QQQ,2026-09-25,0,743.93,736.0,C,7.96,8.26,8.11,8.34,240,4244,0.2829,0.9239,0.0258,0.0308,-0.1895,6.73,8.62,6.12,6.225
2026-09-25T14:00:11+00:00,QQQ,2026-09-25,0,743.93,737.0,C,7.02,7.3,7.16,7.23,361,3792,0.2693,0.9017,0.0323,0.037,-0.249,5.66,7.64,5.3,5.46
2026-09-25T14:00:11+00:00,QQQ,2026-09-25,0,743.93,738.0,C,6.18,6.27,6.225,6.33,942,3576,0.2442,0.8727,0.0402,0.0442,-0.3303,5.07,6.85,4.48,4.735
2026-09-25T14:00:11+00:00,QQQ,2026-09-25,0,743.93,739.0,C,5.3,5.37,5.335,5.57,820,5477,0.2384,0.8352,0.0493,0.0523,-0.4412,4.22,5.94,3.7,4.07
2026-09-25T14:00:11+00:00,QQQ,2026-09-25,0,743.93,740.0,C,4.46,4.5,4.48,4.49,3555,9097,0.2346,0.7876,0.0594,0.0608,-0.5914,3.58,5.07,3.0,3.455
2026-09-25T14:00:11+00:00,QQQ,2026-09-25,0,743.93,741.0,C,3.67,3.7,3.685,3.69,4529,7953,0.2281,0.7288,0.0697,0.0691,-0.7927,2.92,4.22,2.39,2.9
2026-09-25T14:00:11+00:00,QQQ,2026-09-25,0,743.93,742.0,C,2.94,2.95,2.945,2.96,11275,6533,0.223,0.6585,0.0793,0.0762,-1.0582,2.16,3.46,1.84,2.405
2026-09-25T14:00:11+00:00,QQQ,2026-09-25,0,743.93,743.0,C,2.28,2.29,2.285,2.3,22588,5419,0.2187,0.5779,0.0865,0.081,-1.4014,1.73,2.77,1.37,1.965
2026-09-25T14:00:11+00:00,QQQ,2026-09-25,0,743.93,744.0,C,1.72,1.73,1.725,1.73,40164,6129,0.2147,0.4899,0.0899,0.0825,-1.7088,1.18,2.14,1.0,1.585
2026-09-25T14:00:11+00:00,QQQ,2026-09-25,0,743.93,745.0,C,1.24,1.25,1.245,1.25,35299,13975,0.2107,0.3995,0.0884,0.08,-1.2397,0.9,1.6,0.72,1.255
2026-09-25T14:00:11+00:00,QQQ,2026-09-25,0,743.93,746.0,C,0.87,0.88,0.875,0.88,26164,14457,0.2085,0.3128,0.0819,0.0737,-0.87,0.68,1.17,0.5,0.995
2026-09-25T14:00:11+00:00,QQQ,2026-09-25,0,743.93,747.0,C,0.59,0.6,0.595,0.6,15440,4485,0.2072,0.2356,0.0714,0.0645,-0.5935,0.4,0.85,0.34,0.775
2026-09-25T14:00:11+00:00,QQQ,2026-09-25,0,743.93,748.0,C,0.39,0.4,0.395,0.4,18514,8907,0.209,0.1718,0.0588,0.0538,-0.3974,0.26,0.63,0.16,0.605
2026-09-25T14:00:11+00:00,QQQ,2026-09-25,0,743.93,749.0,C,0.26,0.27,0.265,0.26,7687,5760,0.2121,0.1226,0.0463,0.0433,-0.2649,0.17,0.44,0.11,0.475
2026-09-25T14:00:11+00:00,QQQ,2026-09-25,0,743.93,750.0,C,0.18,0.19,0.185,0.18,13576,20833,0.2155,0.087,0.0354,0.0341,-0.1787,0.11,0.32,0.1,0.365
2026-09-25T14:00:11+00:00,QQQ,2026-09-25,0,743.93,751.0,C,0.12,0.13,0.125,0.12,7154,3438,0.2234,0.0623,0.0266,0.0267,-0.1237,0.07,0.24,0.06,0.285
2026-09-25T14:00:11+00:00,QQQ,2026-09-25,0,743.93,752.0,C,0.09,0.1,0.095,0.09,1355,4770,0.234,0.0455,0.02,0.021,-0.0887,0.06,0.18,0.02,0.225
2026-09-25T14:00:11+00:00,QQQ,2026-09-25,0,743.93,753.0,C,0.06,0.07,0.065,0.07,4802,4891,0.2395,0.0341,0.0152,0.0167,-0.0661,0.05,0.13,0.04,0.175
2026-09-25T14:00:11+00:00,QQQ,2026-09-25,0,743.93,754.0,C,0.05,0.06,0.055,0.06,585,12655,0.2536,0.0263,0.0118,0.0135,-0.051,0.09,0.1,0.04,0.145
2026-09-25T14:00:11+00:00,QQQ,2026-09-25,0,743.93,755.0,C,0.04,0.05,0.045,0.04,1128,21605,0.2656,0.0208,0.0092,0.0111,-0.0407,0.01,0.08,0.01,0.115
2026-09-25T14:00:11+00:00,QQQ,2026-09-25,0,743.93,756.0,C,0.03,0.04,0.035,0.04,1399,5483,0.2751,0.0168,0.0074,0.0093,-0.0334,0.04,0.06,0.02,0.095
2026-09-25T14:00:11+00:00,QQQ,2026-09-25,0,743.93,757.0,C,0.02,0.03,0.025,0.02,622,2957,0.2809,0.0139,0.006,0.0079,-0.0282,0.01,0.05,0.01,0.085
2026-09-25T14:00:11+00:00,QQQ,2026-09-25,0,743.93,758.0,C,0.02,0.03,0.025,0.03,289,3008,0.2992,0.0117,0.005,0.0068,-0.0243,0.03,0.04,0.02,0.065
2026-09-25T14:00:11+00:00,QQQ,2026-09-25,0,743.93,759.0,C,0.02,0.03,0.025,0.02,248,988,0.3173,0.0101,0.0042,0.006,-0.0214,0.01,0.04,0.01,0.055
2026-09-25T14:00:11+00:00,QQQ,2026-09-25,0,743.93,760.0,C,0.01,0.02,0.015,0.02,3267,9228,0.3156,0.0087,0.0035,0.0053,-0.019,0.03,0.04,0.01,0.055
2026-09-25T14:00:11+00:00,QQQ,2026-09-25,0,743.93,761.0,C,0.01,0.02,0.015,0.02,2659,1234,0.3326,0.0078,0.0031,0.0047,-0.0174,0.02,0.03,0.01,0.045
2026-09-25T14:00:11+00:00,QQQ,2026-09-25,0,743.93,762.0,C,0.01,0.02,0.015,0.02,108,1142,0.3494,0.007,0.0027,0.0043,-0.0162,0.02,0.03,0.01,0.045
2026-09-25T14:00:11+00:00,QQQ,2026-09-25,0,743.93,763.0,C,0.01,0.02,0.015,0.02,30,935,0.3662,0.0064,0.0024,0.004,-0.0153,0.02,0.02,0.01,0.035
2026-09-25T14:00:11+00:00,QQQ,2026-09-25,0,743.93,764.0,C,0.01,0.02,0.015,0.02,2,2707,0.3829,0.0059,0.0021,0.0037,-0.0146,0.01,0.02,0.01,0.035
2026-09-25T14:00:11+00:00,QQQ,2026-09-25,0,743.93,765.0,C,0.01,0.02,0.015,0.01,751,5206,0.3995,0.0056,0.0019,0.0035,-0.014,0.02,0.02,0.01,0.025
2026-09-25T14:00:11+00:00,QQQ,2026-09-25,0,743.93,766.0,C,0.0,0.01,0.01,0.01,1195,487,0.3723,0.0052,0.0018,0.0033,-0.0136,0.02,0.02,0.01,0.025
2026-09-25T14:00:11+00:00,QQQ,2026-09-25,0,743.93,767.0,C,0.0,0.01,0.01,0.01,136,171,0.3873,0.005,0.0016,0.0031,-0.0132,0.01,0.02,0.01,0.025
2026-09-25T14:00:11+00:00,QQQ,2026-09-25,0,743.93,768.0,C,0.0,0.01,0.02,0.02,12,706,0.4022,0.0047,0.0015,0.003,-0.013,0.01,0.02,0.01,0.025
2026-09-25T14:00:11+00:00,QQQ,2026-09-25,0,743.93,769.0,C,0.0,0.01,0.01,0.01,1,711,0.417,0.0045,0.0014,0.0029,-0.0128,0.01,0.01,0.01,0.025
2026-09-25T14:00:11+00:00,QQQ,2026-09-25,0,743.93,770.0,C,0.0,0.01,0.01,0.01,246,7792,0.4318,0.0043,0.0013,0.0028,-0.0126,0.02,0.02,0.01,0.015
2026-09-25T14:00:11+00:00,QQQ,2026-09-25,0,743.93,771.0,C,0.0,0.01,0.01,0.01,40,90,0.4465,0.0042,0.0012,0.0027,-0.0124,0.01,0.02,0.01,0.015
2026-09-25T14:00:11+00:00,QQQ,2026-09-25,0,743.93,772.0,C,0.0,0.01,0.02,0.02,0,62,0.4611,0.004,0.0011,0.0026,-0.0123,0.0,0.0,0.0,0.015
2026-09-25T14:00:11+00:00,QQQ,2026-09-25,0,743.93,773.0,C,0.0,0.01,0.02,0.02,0,1061,0.4757,0.0039,0.0011,0.0025,-0.0122,0.0,0.0,0.0,0.015
2026-09-25T14:00:11+00:00,QQQ,2026-09-25,0,743.93,774.0,C,0.0,0.01,0.02,0.02,0,1312,0.4902,0.0037,0.001,0.0024,-0.0121,0.0,0.0,0.0,0.015
2026-09-25T14:00:11+00:00,QQQ,2026-09-25,0,743.93,775.0,C,0.0,0.01,0.01,0.01,0,1926,0.5047,0.0036,0.001,0.0023,-0.012,0.0,0.0,0.0,0.015
2026-09-25T14:00:11+00:00,QQQ,2026-09-25,0,743.93,776.0,C,0.0,0.01,0.02,0.02,0,368,0.5191,0.0035,0.0009,0.0023,-0.012,0.0,0.0,0.0,0.015
2026-09-25T14:00:11+00:00,QQQ,2026-09-25,0,743.93,777.0,C,0.0,0.01,0.02,0.02,0,68,0.5335,0.0034,0.0009,0.0022,-0.0119,0.0,0.0,0.0,0.015
2026-09-25T14:00:11+00:00,QQQ,2026-09-25,0,743.93,778.0,C,0.0,0.01,0.02,0.02,4,139,0.5478,0.0033,0.0008,0.0022,-0.0118,0.02,0.02,0.02,0.015
2026-09-25T14:00:11+00:00,QQQ,2026-09-25,0,743.93,779.0,C,0.0,0.01,0.02,0.02,0,328,0.5621,0.0032,0.0008,0.0021,-0.0118,0.0,0.0,0.0,0.015
2026-09-25T14:00:11+00:00,QQQ,2026-09-25,0,743.93,780.0,C,0.0,0.01,0.02,0.02,0,1683,0.5763,0.0032,0.0007,0.002,-0.0117,0.0,0.0,0.0,0.015
2026-09-25T14:00:11+00:00,QQQ,2026-09-25,0,743.93,781.0,C,0.0,0.01,0.01,0.01,0,264,0.5905,0.0031,0.0007,0.002,-0.0116,0.0,0.0,0.0,0.005
2026-09-25T14:00:11+00:00,QQQ,2026-09-25,0,743.93,782.0,C,0.0,0.01,0.01,0.01,150,707,0.6046,0.003,0.0007,0.002,-0.0116,0.01,0.01,0.01,0.005
2026-09-25T14:00:11+00:00,QQQ,2026-09-25,0,743.93,935.0,C,0.0,0.01,0.01,0.01,4,40,2.4421,0.0005,0.0,0.0004,-0.0061,0.01,0.01,0.01,0.005
2026-09-25T14:00:11+00:00,QQQ,2026-09-25,0,743.93,580.0,P,0.0,0.01,0.01,0.01,3,772,2.6864,-0.0004,0.0,0.0003,-0.0059,0.01,0.01,0.01,0.005
2026-09-25T14:00:11+00:00,QQQ,2026-09-25,0,743.93,600.0,P,0.0,0.01,0.01,0.01,1,4152,2.3419,-0.0006,0.0,0.0004,-0.0069,0.01,0.01,0.01,0.005
2026-09-25T14:00:11+00:00,QQQ,2026-09-25,0,743.93,620.0,P,0.0,0.01,0.01,0.01,10,2323,2.0063,-0.0007,0.0001,0.0005,-0.0081,0.01,0.01,0.01,0.005
2026-09-25T14:00:11+00:00,QQQ,2026-09-25,0,743.93,650.0,P,0.0,0.01,0.01,0.01,6,10661,1.5167,-0.0011,0.0001,0.0008,-0.0099,0.01,0.01,0.01,0.005
2026-09-25T14:00:11+00:00,QQQ,2026-09-25,0,743.93,660.0,P,0.0,0.01,0.01,0.01,2,4570,1.3566,-0.0013,0.0001,0.0009,-0.0106,0.01,0.01,0.01,0.005
2026-09-25T14:00:11+00:00,QQQ,2026-09-25,0,743.93,672.0,P,0.0,0.01,0.01,0.01,1,726,1.1662,-0.0016,0.0002,0.0011,-0.0114,0.01,0.01,0.01,0.015
2026-09-25T14:00:11+00:00,QQQ,2026-09-25,0,743.93,673.0,P,0.0,0.01,0.01,0.01,1,607,1.1504,-0.0016,0.0002,0.0011,-0.0115,0.01,0.01,0.01,0.015
2026-09-25T14:00:11+00:00,QQQ,2026-09-25,0,743.93,674.0,P,0.0,0.01,0.01,0.01,1,825,1.1346,-0.0017,0.0002,0.0011,-0.0116,0.01,0.01,0.01,0.015
2026-09-25T14:00:11+00:00,QQQ,2026-09-25,0,743.93,675.0,P,0.0,0.01,0.01,0.01,20,3161,1.1188,-0.0017,0.0002,0.0011,-0.0116,0.01,0.01,0.01,0.015
2026-09-25T14:00:11+00:00,QQQ,2026-09-25,0,743.93,677.0,P,0.0,0.01,0.01,0.01,2,772,1.0873,-0.0018,0.0002,0.0012,-0.0118,0.01,0.01,0.01,0.015
2026-09-25T14:00:11+00:00,QQQ,2026-09-25,0,743.93,680.0,P,0.0,0.01,0.01,0.01,62,3580,1.04,-0.0019,0.0003,0.0012,-0.012,0.01,0.02,0.01,0.015
2026-09-25T14:00:11+00:00,QQQ,2026-09-25,0,743.93,681.0,P,0.0,0.01,0.01,0.01,50,1155,1.0243,-0.0019,0.0003,0.0013,-0.0121,0.01,0.01,0.01,0.015
2026-09-25T14:00:11+00:00,QQQ,2026-09-25,0,743.93,685.0,P,0.0,0.01,0.01,0.01,100,2903,0.9614,-0.0021,0.0003,0.0014,-0.0124,0.01,0.01,0.01,0.015
2026-09-25T14:00:11+00:00,QQQ,2026-09-25,0,743.93,686.0,P,0.0,0.01,0.01,0.01,1,2437,0.9457,-0.0021,0.0003,0.0014,-0.0124,0.01,0.01,0.01,0.015
2026-09-25T14:00:11+00:00,QQQ,2026-09-25,0,743.93,687.0,P,0.0,0.01,0.01,0.01,5,2225,0.93,-0.0021,0.0003,0.0014,-0.0125,0.01,0.01,0.01,0.015
2026-09-25T14:00:11+00:00,QQQ,2026-09-25,0,743.93,688.0,P,0.0,0.01,0.01,0.01,50,1946,0.9144,-0.0022,0.0003,0.0014,-0.0126,0.01,0.01,0.01,0.015
2026-09-25T14:00:11+00:00,QQQ,2026-09-25,0,743.93,689.0,P,0.0,0.01,0.01,0.01,26,2011,0.8986,-0.0022,0.0004,0.0015,-0.0127,0.01,0.01,0.01,0.015
2026-09-25T14:00:11+00:00,QQQ,2026-09-25,0,743.93,690.0,P,0.0,0.01,0.01,0.01,67,85486,0.883,-0.0023,0.0004,0.0015,-0.0128,0.01,0.01,0.01,0.015
2026-09-25T14:00:11+00:00,QQQ,2026-09-25,0,743.93,691.0,P,0.0,0.01,0.01,0.01,3,2293,0.8673,-0.0023,0.0004,0.0015,-0.0128,0.01,0.01,0.01,0.015
2026-09-25T14:00:11+00:00,QQQ,2026-09-25,0,743.93,692.0,P,0.0,0.01,0.01,0.01,6,1496,0.8516,-0.0024,0.0004,0.0016,-0.0129,0.01,0.01,0.01,0.015
2026-09-25T14:00:11+00:00,QQQ,2026-09-25,0,743.93,695.0,P,0.0,0.01,0.01,0.01,1,5302,0.8046,-0.0025,0.0004,0.0016,-0.0132,0.01,0.01,0.01,0.015
2026-09-25T14:00:11+00:00,QQQ,2026-09-25,0,743.93,696.0,P,0.0,0.01,0.02,0.02,1,2333,0.7889,-0.0026,0.0004,0.0017,-0.0132,0.02,0.02,0.02,0.015
2026-09-25T14:00:11+00:00,QQQ,2026-09-25,0,743.93,698.0,P,0.0,0.01,0.01,0.01,11,5285,0.7575,-0.0027,0.0005,0.0018,-0.0134,0.01,0.01,0.01,0.015
2026-09-25T14:00:11+00:00,QQQ,2026-09-25,0,743.93,699.0,P,0.0,0.01,0.01,0.01,1,5876,0.7419,-0.0028,0.0005,0.0018,-0.0135,0.01,0.01,0.01,0.015
2026-09-25T14:00:11+00:00,QQQ,2026-09-25,0,743.93,700.0,P,0.0,0.01,0.01,0.01,18,18205,0.7262,-0.0028,0.0005,0.0018,-0.0136,0.01,0.01,0.01,0.015
2026-09-25T14:00:11+00:00,QQQ,2026-09-25,0,743.93,702.0,P,0.0,0.01,0.01,0.01,2,2384,0.6948,-0.003,0.0006,0.0019,-0.0137,0.01,0.01,0.01,0.015
2026-09-25T14:00:11+00:00,QQQ,2026-09-25,0,743.93,703.0,P,0.0,0.01,0.01,0.01,5,1702,0.6791,-0.0031,0.0006,0.002,-0.0138,0.01,0.01,0.01,0.025
2026-09-25T14:00:11+00:00,QQQ,2026-09-25,0,743.93,705.0,P,0.0,0.01,0.01,0.01,158,32695,0.6478,-0.0032,0.0007,0.0021,-0.014,0.02,0.02,0.01,0.025
2026-09-25T14:00:11+00:00,QQQ,2026-09-25,0,743.93,706.0,P,0.0,0.01,0.01,0.01,6,1957,0.632,-0.0033,0.0007,0.0021,-0.0141,0.01,0.01,0.01,0.025
2026-09-25T14:00:11+00:00,QQQ,2026-09-25,0,743.93,707.0,P,0.0,0.01,0.01,0.01,20,3017,0.6163,-0.0034,0.0007,0.0022,-0.0142,0.01,0.01,0.01,0.025
2026-09-25T14:00:11+00:00,QQQ,2026-09-25,0,743.93,708.0,P,0.0,0.01,0.01,0.01,51,1971,0.6006,-0.0035,0.0008,0.0023,-0.0143,0.01,0.01,0.01,0.025
2026-09-25T14:00:11+00:00,QQQ,2026-09-25,0,743.93,709.0,P,0.0,0.01,0.01,0.01,46,2181,0.5849,-0.0036,0.0008,0.0023,-0.0144,0.01,0.03,0.01,0.025
2026-09-25T14:00:11+00:00,QQQ,2026-09-25,0,743.93,710.0,P,0.0,0.01,0.01,0.01,348,10372,0.5692,-0.0038,0.0009,0.0024,-0.0146,0.01,0.01,0.01,0.025
2026-09-25T14:00:11+00:00,QQQ,2026-09-25,0,743.93,711.0,P,0.0,0.01,0.01,0.01,32,2672,0.5534,-0.0039,0.0009,0.0025,-0.0147,0.01,0.01,0.01,0.035
2026-09-25T14:00:11+00:00,QQQ,2026-09-25,0,743.93,712.0,P,0.0,0.01,0.01,0.01,53,2064,0.5377,-0.004,0.001,0.0026,-0.0148,0.01,0.01,0.01,0.035
2026-09-25T14:00:11+00:00,QQQ,2026-09-25,0,743.93,713.0,P,0.0,0.01,0.01,0.01,129,2093,0.5219,-0.0042,0.001,0.0026,-0.015,0.02,0.02,0.01,0.035
2026-09-25T14:00:11+00:00,QQQ,2026-09-25,0,743.93,714.0,P,0.0,0.01,0.01,0.01,892,4859,0.5061,-0.0043,0.0011,0.0027,-0.0152,0.01,0.02,0.01,0.035
2026-09-25T14:00:11+00:00,QQQ,2026-09-25,0,743.93,715.0,P,0.0,0.01,0.01,0.01,2830,9399,0.4903,-0.0045,0.0012,0.0028,-0.0154,0.01,0.01,0.01,0.035
2026-09-25T14:00:11+00:00,QQQ,2026-09-25,0,743.93,716.0,P,0.0,0.01,0.01,0.01,607,4106,0.4745,-0.0047,0.0012,0.003,-0.0157,0.02,0.02,0.01,0.045
2026-09-25T14:00:11+00:00,QQQ,2026-09-25,0,743.93,717.0,P,0.0,0.01,0.01,0.01,1409,3256,0.4587,-0.0049,0.0013,0.0031,-0.016,0.01,0.02,0.01,0.045
2026-09-25T14:00:11+00:00,QQQ,2026-09-25,0,743.93,718.0,P,0.01,0.02,0.015,0.02,782,13685,0.4934,-0.0052,0.0014,0.0032,-0.0164,0.01,0.02,0.01,0.045
2026-09-25T14:00:11+00:00,QQQ,2026-09-25,0,743.93,719.0,P,0.01,0.02,0.015,0.01,1529,8537,0.476,-0.0054,0.0016,0.0034,-0.0168,0.02,0.02,0.01,0.055
2026-09-25T14:00:11+00:00,QQQ,2026-09-25,0,743.93,720.0,P,0.01,0.02,0.015,0.02,3925,11872,0.4586,-0.0058,0.0017,0.0036,-0.0174,0.01,0.02,0.01,0.055
2026-09-25T14:00:11+00:00,QQQ,2026-09-25,0,743.93,721.0,P,0.01,0.02,0.015,0.01,323,4963,0.4411,-0.0062,0.0019,0.0038,-0.0181,0.01,0.03,0.01,0.065
2026-09-25T14:00:11+00:00,QQQ,2026-09-25,0,743.93,722.0,P,0.01,0.02,0.015,0.01,284,8821,0.4236,-0.0067,0.0021,0.0041,-0.0191,0.02,0.03,0.01,0.075
2026-09-25T14:00:11+00:00,QQQ,2026-09-25,0,743.93,723.0,P,0.01,0.02,0.015,0.01,727,2426,0.4061,-0.0073,0.0023,0.0044,-0.0203,0.03,0.04,0.01,0.085
2026-09-25T14:00:11+00:00,QQQ,2026-09-25,0,743.93,724.0,P,0.01,0.02,0.015,0.02,888,3949,0.3885,-0.008,0.0026,0.0048,-0.0218,0.03,0.03,0.01,0.095
2026-09-25T14:00:11+00:00,QQQ,2026-09-25,0,743.93,725.0,P,0.02,0.03,0.025,0.02,6723,13949,0.394,-0.009,0.003,0.0053,-0.0238,0.03,0.04,0.01,0.105
2026-09-25T14:00:11+00:00,QQQ,2026-09-25,0,743.93,726.0,P,0.02,0.03,0.025,0.03,651,4854,0.3754,-0.0102,0.0035,0.0059,-0.0264,0.02,0.05,0.01,0.125
2026-09-25T14:00:11+00:00,QQQ,2026-09-25,0,743.93,727.0,P,0.02,0.03,0.025,0.03,1116,3625,0.3567,-0.0117,0.004,0.0067,-0.0298,0.05,0.06,0.02,0.155
2026-09-25T14:00:11+00:00,QQQ,2026-09-25,0,743.93,728.0,P,0.03,0.04,0.035,0.04,687,3308,0.3534,-0.0136,0.0048,0.0077,-0.0343,0.02,0.07,0.02,0.185
2026-09-25T14:00:11+00:00,QQQ,2026-09-25,0,743.93,729.0,P,0.04,0.05,0.045,0.03,1427,4682,0.346,-0.0162,0.0057,0.0089,-0.0402,0.03,0.07,0.03,0.225
2026-09-25T14:00:11+00:00,QQQ,2026-09-25,0,743.93,730.0,P,0.05,0.06,0.055,0.05,4298,18960,0.3358,-0.0195,0.007,0.0104,-0.048,0.05,0.11,0.03,0.275
2026-09-25T14:00:11+00:00,QQQ,2026-09-25,0,743.93,731.0,P,0.06,0.07,0.065,0.06,2034,7137,0.3235,-0.0238,0.0085,0.0123,-0.0582,0.06,0.12,0.05,0.345
2026-09-25T14:00:11+00:00,QQQ,2026-09-25,0,743.93,732.0,P,0.07,0.08,0.075,0.08,2413,6919,0.3095,-0.0294,0.0106,0.0146,-0.0717,0.07,0.15,0.07,0.425
2026-09-25T14:00:11+00:00,QQQ,2026-09-25,0,743.93,733.0,P,0.09,0.1,0.095,0.08,3804,7671,0.3001,-0.0368,0.0131,0.0175,-0.0897,0.09,0.19,0.06,0.535
2026-09-25T14:00:11+00:00,QQQ,2026-09-25,0,743.93,734.0,P,0.11,0.12,0.115,0.1,4505,7291,0.2876,-0.0465,0.0164,0.0211,-0.1136,0.11,0.25,0.1,0.665
2026-09-25T14:00:11+00:00,QQQ,2026-09-25,0,743.93,735.0,P,0.14,0.15,0.145,0.15,7532,14645,0.277,-0.0593,0.0206,0.0255,-0.1459,0.16,0.33,0.07,0.825
2026-09-25T14:00:11+00:00,QQQ,2026-09-25,0,743.93,736.0,P,0.18,0.19,0.185,0.19,5144,18995,0.2666,-0.0761,0.0258,0.0308,-0.1895,0.23,0.44,0.16,1.025
2026-09-25T14:00:11+00:00,QQQ,2026-09-25,0,743.93,737.0,P,0.24,0.25,0.245,0.25,7421,4892,0.2583,-0.0983,0.0323,0.037,-0.249,0.33,0.59,0.21,1.265
2026-09-25T14:00:11+00:00,QQQ,2026-09-25,0,743.93,738.0,P,0.32,0.33,0.325,0.33,8285,6418,0.2499,-0.1273,0.0402,0.0442,-0.3303,0.51,0.78,0.27,1.545
2026-09-25T14:00:11+00:00,QQQ,2026-09-25,0,743.93,739.0,P,0.43,0.44,0.435,0.44,6213,4617,0.2423,-0.1648,0.0493,0.0523,-0.4412,0.66,1.03,0.36,1.875
2026-09-25T14:00:11+00:00,QQQ,2026-09-25,0,743.93,740.0,P,0.58,0.59,0.585,0.58,16070,9175,0.2361,-0.2124,0.0594,0.0608,-0.5914,0.9,1.34,0.24,2.265
2026-09-25T14:00:11+00:00,QQQ,2026-09-25,0,743.93,741.0,P,0.78,0.79,0.785,0.78,26556,3830,0.2302,-0.2712,0.0697,0.0691,-0.7927,1.21,1.72,0.65,2.705
2026-09-25T14:00:11+00:00,QQQ,2026-09-25,0,743.93,742.0,P,1.04,1.05,1.045,1.04,18142,2155,0.2249,-0.3415,0.0793,0.0762,-1.0582,1.61,2.18,0.89,3.2
2026-09-25T14:00:11+00:00,QQQ,2026-09-25,0,743.93,743.0,P,1.38,1.39,1.385,1.39,13474,2163,0.2193,-0.4221,0.0865,0.081,-1.4014,2.07,2.7,1.19,3.765
2026-09-25T14:00:11+00:00,QQQ,2026-09-25,0,743.93,744.0,P,1.82,1.84,1.83,1.83,11216,1690,0.2158,-0.5101,0.0899,0.0825,-1.7088,2.53,3.31,1.56,4.385
2026-09-25T14:00:11+00:00,QQQ,2026-09-25,0,743.93,745.0,P,2.34,2.36,2.35,2.34,2806,4711,0.2125,-0.6005,0.0884,0.08,-1.2397,3.13,4.05,2.04,5.05
2026-09-25T14:00:11+00:00,QQQ,2026-09-25,0,743.93,746.0,P,2.97,2.99,2.98,2.98,576,1592,0.2105,-0.6872,0.0819,0.0737,-0.87,4.0,4.63,2.6,5.785
2026-09-25T14:00:11+00:00,QQQ,2026-09-25,0,743.93,747.0,P,3.66,3.71,3.685,3.76,296,1426,0.2087,-0.7644,0.0714,0.0645,-0.5935,5.3,5.57,3.26,6.57
2026-09-25T14:00:11+00:00,QQQ,2026-09-25,0,743.93,748.0,P,4.46,4.53,4.495,4.59,158,960,0.2126,-0.8282,0.0588,0.0538,-0.3974,6.27,6.27,4.0,7.41
2026-09-25T14:00:11+00:00,QQQ,2026-09-25,0,743.93,749.0,P,5.32,5.4,5.36,5.21,120,484,0.2178,-0.8774,0.0463,0.0433,-0.2649,5.75,5.75,4.86,8.22
2026-09-25T14:00:11+00:00,QQQ,2026-09-25,0,743.93,750.0,P,5.84,6.4,6.12,6.1,142,1729,0.0,-0.913,0.0354,0.0341,-0.1787,7.01,8.45,5.84,9.185
2026-09-25T14:00:11+00:00,QQQ,2026-09-25,0,743.93,751.0,P,6.59,7.34,6.965,7.0,45,87,0.0,-0.9377,0.0266,0.0267,-0.1237,8.73,9.02,7.0,9.97
2026-09-25T14:00:11+00:00,QQQ,2026-09-25,0,743.93,752.0,P,7.53,8.31,7.92,8.25,12,19,0.0,-0.9545,0.02,0.021,-0.0887,9.85,9.85,8.25,10.94
2026-09-25T14:00:11+00:00,QQQ,2026-09-25,0,743.93,753.0,P,8.5,9.28,8.89,9.44,4,3,0.0,-0.9659,0.0152,0.0167,-0.0661,10.9,10.9,9.44,11.9
2026-09-25T14:00:11+00:00,QQQ,2026-09-25,0,743.93,754.0,P,9.49,10.27,9.88,9.75,14,0,0.0,-0.9737,0.0118,0.0135,-0.051,12.14,12.14,9.75,12.885
2026-09-25T14:00:11+00:00,QQQ,2026-09-25,0,743.93,755.0,P,10.46,11.26,10.86,10.88,7,8,0.0,-0.9792,0.0092,0.0111,-0.0407,12.33,12.66,10.88,14.01
2026-09-25T14:00:11+00:00,QQQ,2026-09-25,0,743.93,756.0,P,11.45,12.25,11.85,12.26,6,27,0.0,-0.9832,0.0074,0.0093,-0.0334,12.74,12.74,12.16,14.905
2026-09-25T14:00:11+00:00,QQQ,2026-09-25,0,743.93,757.0,P,12.44,13.26,12.85,13.19,1,0,0.0,-0.9861,0.006,0.0079,-0.0282,13.19,13.19,13.19,15.875
2026-09-25T14:00:11+00:00,QQQ,2026-09-25,0,743.93,758.0,P,13.5,14.25,13.875,13.75,8,1,0.0,-0.9883,0.005,0.0068,-0.0243,14.22,14.22,13.75,16.96
2026-09-25T14:00:11+00:00,QQQ,2026-09-25,0,743.93,759.0,P,14.43,15.24,14.835,16.55,2,3,0.0,-0.9899,0.0042,0.006,-0.0214,18.46,18.46,16.55,17.88
2026-09-25T14:00:11+00:00,QQQ,2026-09-25,0,743.93,760.0,P,15.42,16.24,15.83,18.97,0,4,0.0,-0.9912,0.0036,0.0053,-0.0192,0.0,0.0,0.0,18.885
2026-09-25T14:00:11+00:00,QQQ,2026-09-25,0,743.93,761.0,P,16.41,17.23,16.82,20.41,0,0,0.0,-0.9921,0.0031,0.0048,-0.0176,0.0,0.0,0.0,19.87
2026-09-25T14:00:11+00:00,QQQ,2026-09-25,0,743.93,762.0,P,17.42,18.23,17.825,19.99,0,0,0.0,-0.9929,0.0027,0.0044,-0.0164,0.0,0.0,0.0,20.86
2026-09-25T14:00:11+00:00,QQQ,2026-09-25,0,743.93,763.0,P,18.41,19.24,18.825,20.86,0,0,0.0,-0.9935,0.0024,0.004,-0.0154,0.0,0.0,0.0,21.875
2026-09-25T14:00:11+00:00,QQQ,2026-09-25,0,743.93,764.0,P,19.41,20.23,19.82,16.39,0,0,0.0,-0.994,0.0022,0.0038,-0.0147,0.0,0.0,0.0,22.8
2026-09-25T14:00:11+00:00,QQQ,2026-09-25,0,743.93,765.0,P,20.41,21.23,20.82,24.0,0,0,0.0,-0.9944,0.002,0.0035,-0.0142,0.0,0.0,0.0,23.805
2026-09-25T14:00:11+00:00,QQQ,2026-09-25,0,743.93,766.0,P,21.4,22.23,21.815,25.09,0,0,0.0,-0.9947,0.0018,0.0033,-0.0137,0.0,0.0,0.0,24.77
2026-09-25T14:00:11+00:00,QQQ,2026-09-25,0,743.93,767.0,P,22.4,23.24,22.82,23.81,12,20,0.0,-0.995,0.0016,0.0032,-0.0134,24.73,26.35,23.81,25.755
2026-09-25T14:00:11+00:00,QQQ,2026-09-25,0,743.93,768.0,P,23.39,24.25,23.82,27.17,0,0,0.0,-0.9952,0.0015,0.003,-0.0131,0.0,0.0,0.0,26.76
2026-09-25T14:00:11+00:00,QQQ,2026-09-25,0,743.93,769.0,P,24.39,26.44,25.415,32.67,0,0,0.7134,-0.9955,0.0014,0.0029,-0.0129,0.0,0.0,0.0,27.865
2026-09-25T14:00:11+00:00,QQQ,2026-09-25,0,743.93,770.0,P,25.39,27.39,26.39,28.33,0,0,0.723,-0.9956,0.0013,0.0028,-0.0127,0.0,0.0,0.0,28.865
2026-09-25T14:00:11+00:00,QQQ,2026-09-25,0,743.93,771.0,P,26.39,28.44,27.415,29.34,0,0,0.7578,-0.9958,0.0012,0.0027,-0.0126,0.0,0.0,0.0,29.755
2026-09-25T14:00:11+00:00,QQQ,2026-09-25,0,743.93,772.0,P,27.4,29.41,28.405,0.0,0,0,0.7746,-0.996,0.0012,0.0026,-0.0125,0.0,0.0,0.0,30.8
2026-09-25T14:00:11+00:00,QQQ,2026-09-25,0,743.93,773.0,P,28.41,30.32,29.365,37.15,0,0,0.7739,-0.9961,0.0011,0.0025,-0.0124,0.0,0.0,0.0,31.755
2026-09-25T14:00:11+00:00,QQQ,2026-09-25,0,743.93,774.0,P,29.4,31.41,30.405,38.58,0,0,0.8179,-0.9962,0.001,0.0024,-0.0123,0.0,0.0,0.0,32.91
2026-09-25T14:00:11+00:00,QQQ,2026-09-25,0,743.93,775.0,P,30.49,32.35,31.42,34.8,0,0,0.8476,-0.9963,0.001,0.0024,-0.0122,0.0,0.0,0.0,33.755
2026-09-25T14:00:11+00:00,QQQ,2026-09-25,0,743.93,776.0,P,31.39,33.39,32.39,0.0,0,0,0.8522,-0.9964,0.0009,0.0023,-0.0121,0.0,0.0,0.0,34.79
2026-09-25T14:00:11+00:00,QQQ,2026-09-25,0,743.93,777.0,P,32.39,34.39,33.39,41.6,0,0,0.8733,-0.9966,0.0009,0.0022,-0.012,0.0,0.0,0.0,35.87
2026-09-25T14:00:11+00:00,QQQ,2026-09-25,0,743.93,778.0,P,33.39,35.44,34.415,35.38,6,0,0.909,-0.9966,0.0008,0.0022,-0.012,34.64,35.38,34.61,36.785
2026-09-25T14:00:11+00:00,QQQ,2026-09-25,0,743.93,779.0,P,34.4,36.37,35.385,36.37,6,0,0.912,-0.9967,0.0008,0.0021,-0.0119,35.57,36.37,35.54,38.2
2026-09-25T14:00:11+00:00,QQQ,2026-09-25,0,743.93,780.0,P,35.4,37.41,36.405,69.24,0,0,0.9451,-0.9968,0.0008,0.0021,-0.0118,0.0,0.0,0.0,39.03
2026-09-25T14:00:11+00:00,QQQ,2026-09-25,0,743.93,781.0,P,36.4,38.43,37.415,45.48,0,0,0.972,-0.9969,0.0007,0.002,-0.0118,0.0,0.0,0.0,40.285
2026-09-25T15:31:28+00:00,QQQ,2026-09-25,0,742.985,510.0,C,232.02,234.13,233.075,232.09,1,5,5.7263,0.9998,0.0,0.0001,-0.003,232.09,232.09,232.09,231.115
2026-09-25T15:31:28+00:00,QQQ,2026-09-25,0,742.985,600.0,C,141.99,144.32,143.155,141.06,12,16,3.6803,0.9994,0.0,0.0003,-0.0068,142.9,142.9,141.06,141.055
2026-09-25T15:31:28+00:00,QQQ,2026-09-25,0,742.985,620.0,C,122.01,124.15,123.08,122.1,9,32,2.963,0.9993,0.0001,0.0004,-0.0079,123.0,123.0,121.33,121.26
2026-09-25T15:31:28+00:00,QQQ,2026-09-25,0,742.985,667.0,C,74.66,77.16,75.91,73.32,1,3,0.0,0.9985,0.0002,0.0009,-0.0109,73.32,73.32,73.32,73.855
2026-09-25T15:31:28+00:00,QQQ,2026-09-25,0,742.985,675.0,C,66.98,69.16,68.07,65.32,32,47,1.6629,0.9983,0.0002,0.001,-0.0114,67.56,67.78,65.32,66.13
2026-09-25T15:31:28+00:00,QQQ,2026-09-25,0,742.985,677.0,C,64.98,67.66,66.32,63.81,1,16,1.9628,0.9982,0.0002,0.001,-0.0116,63.81,63.81,63.81,64.1
2026-09-25T15:31:28+00:00,QQQ,2026-09-25,0,742.985,679.0,C,63.7,65.15,64.425,61.33,1,4,2.0,0.9982,0.0002,0.0011,-0.0117,61.33,61.33,61.33,62.535
2026-09-25T15:31:28+00:00,QQQ,2026-09-25,0,742.985,680.0,C,62.74,64.62,63.68,63.6,1,15,2.1462,0.9981,0.0003,0.0011,-0.0118,63.6,63.6,63.6,61.205
2026-09-25T15:31:28+00:00,QQQ,2026-09-25,0,742.985,681.0,C,61.72,63.11,62.415,61.4,1,6,1.9376,0.9981,0.0003,0.0011,-0.0119,61.4,61.4,61.4,60.26
2026-09-25T15:31:28+00:00,QQQ,2026-09-25,0,742.985,684.0,C,58.74,60.09,59.415,59.83,27,8,1.856,0.998,0.0003,0.0012,-0.0121,60.83,61.33,57.57,57.11
2026-09-25T15:31:28+00:00,QQQ,2026-09-25,0,742.985,685.0,C,57.76,59.12,58.44,56.15,3,40,1.8472,0.9979,0.0003,0.0012,-0.0122,59.81,59.81,56.15,56.1
2026-09-25T15:31:28+00:00,QQQ,2026-09-25,0,742.985,687.0,C,55.7,57.56,56.63,54.11,1,12,1.9142,0.9979,0.0003,0.0012,-0.0123,54.11,54.11,54.11,54.11
2026-09-25T15:31:28+00:00,QQQ,2026-09-25,0,742.985,688.0,C,54.76,56.14,55.45,55.83,6,5,1.7468,0.9978,0.0003,0.0013,-0.0124,56.81,56.81,53.85,53.11
2026-09-25T15:31:28+00:00,QQQ,2026-09-25,0,742.985,689.0,C,53.7,55.72,54.71,52.11,1,46,1.9008,0.9978,0.0004,0.0013,-0.0125,52.11,52.11,52.11,52.11
2026-09-25T15:31:28+00:00,QQQ,2026-09-25,0,742.985,690.0,C,52.61,54.2,53.405,52.21,39,164,1.685,0.9977,0.0004,0.0013,-0.0126,52.43,52.43,50.05,51.11
2026-09-25T15:31:28+00:00,QQQ,2026-09-25,0,742.985,692.0,C,50.04,52.61,51.325,48.46,1,22,1.5705,0.9976,0.0004,0.0014,-0.0127,48.46,48.46,48.46,48.93
2026-09-25T15:31:28+00:00,QQQ,2026-09-25,0,742.985,695.0,C,47.04,49.15,48.095,47.96,38,225,1.2515,0.9975,0.0004,0.0014,-0.0129,47.58,47.96,46.21,46.11
2026-09-25T15:31:28+00:00,QQQ,2026-09-25,0,742.985,697.0,C,44.99,47.65,46.32,43.8,7,84,1.4334,0.9973,0.0005,0.0015,-0.0131,43.91,44.85,43.8,44.27
2026-09-25T15:31:28+00:00,QQQ,2026-09-25,0,742.985,698.0,C,43.99,46.54,45.265,46.41,1,80,1.3636,0.9973,0.0005,0.0015,-0.0132,46.41,46.41,46.41,43.11
2026-09-25T15:31:28+00:00,QQQ,2026-09-25,0,742.985,699.0,C,42.33,45.15,43.74,44.1,14,114,0.0,0.9972,0.0005,0.0016,-0.0132,45.83,46.24,44.1,42.265
2026-09-25T15:31:28+00:00,QQQ,2026-09-25,0,742.985,700.0,C,41.58,44.72,43.15,42.37,170,969,1.2037,0.9971,0.0006,0.0016,-0.0133,42.0,44.27,40.0,41.15
2026-09-25T15:31:28+00:00,QQQ,2026-09-25,0,742.985,701.0,C,40.99,43.15,42.07,39.67,7,57,1.0723,0.9971,0.0006,0.0016,-0.0134,42.29,42.29,39.38,40.27
2026-09-25T15:31:28+00:00,QQQ,2026-09-25,0,742.985,702.0,C,40.06,42.3,41.18,39.05,2,309,1.1852,0.997,0.0006,0.0017,-0.0135,38.9,39.05,38.9,39.265
2026-09-25T15:31:28+00:00,QQQ,2026-09-25,0,742.985,703.0,C,39.06,41.15,40.105,40.98,2,192,1.0772,0.9969,0.0006,0.0017,-0.0136,40.98,40.98,40.98,38.265
2026-09-25T15:31:28+00:00,QQQ,2026-09-25,0,742.985,704.0,C,37.97,40.15,39.06,40.95,15,330,0.987,0.9968,0.0006,0.0018,-0.0136,39.3,40.95,39.29,37.205
2026-09-25T15:31:28+00:00,QQQ,2026-09-25,0,742.985,705.0,C,37.04,39.65,38.345,37.8,4,1128,1.2351,0.9967,0.0007,0.0018,-0.0137,38.98,39.95,37.78,36.36
2026-09-25T15:31:28+00:00,QQQ,2026-09-25,0,742.985,706.0,C,36.08,38.13,37.105,34.84,2,382,1.0057,0.9966,0.0007,0.0019,-0.0138,35.04,35.04,34.84,35.17
2026-09-25T15:31:28+00:00,QQQ,2026-09-25,0,742.985,707.0,C,35.49,36.09,35.79,35.9,24,399,0.0,0.9966,0.0008,0.0019,-0.0139,36.87,37.78,33.68,34.155
2026-09-25T15:31:28+00:00,QQQ,2026-09-25,0,742.985,708.0,C,34.08,36.15,35.115,34.89,79,486,0.9695,0.9965,0.0008,0.002,-0.014,35.86,36.27,31.5,33.185
2026-09-25T15:31:28+00:00,QQQ,2026-09-25,0,742.985,709.0,C,33.49,35.15,34.32,33.9,74,475,1.1102,0.9964,0.0008,0.002,-0.0141,34.58,35.95,31.58,32.36
2026-09-25T15:31:28+00:00,QQQ,2026-09-25,0,742.985,710.0,C,32.49,34.15,33.32,32.5,92,2041,1.0829,0.9962,0.0009,0.0021,-0.0142,33.83,35.07,29.99,31.365
2026-09-25T15:31:28+00:00,QQQ,2026-09-25,0,742.985,711.0,C,31.74,33.22,32.48,32.12,6,1740,1.1421,0.9961,0.0009,0.0022,-0.0142,32.71,32.71,31.0,30.185
2026-09-25T15:31:28+00:00,QQQ,2026-09-25,0,742.985,712.0,C,30.7,32.15,31.425,31.23,12,1393,1.0859,0.996,0.001,0.0022,-0.0143,30.8,33.07,27.94,29.29
2026-09-25T15:31:28+00:00,QQQ,2026-09-25,0,742.985,713.0,C,29.75,31.06,30.405,29.11,14,388,1.0471,0.9959,0.001,0.0023,-0.0144,31.08,31.1,29.1,28.175
2026-09-25T15:31:28+00:00,QQQ,2026-09-25,0,742.985,714.0,C,28.72,30.08,29.4,27.58,31,433,1.0161,0.9957,0.0011,0.0024,-0.0145,29.85,30.79,26.72,27.3
2026-09-25T15:31:28+00:00,QQQ,2026-09-25,0,742.985,715.0,C,27.79,28.97,28.38,27.23,86,2764,0.9775,0.9956,0.0012,0.0024,-0.0146,27.38,29.77,25.53,26.375
2026-09-25T15:31:28+00:00,QQQ,2026-09-25,0,742.985,716.0,C,26.74,27.23,26.985,27.09,59,899,0.4471,0.9954,0.0013,0.0025,-0.0148,26.37,28.12,23.77,25.2
2026-09-25T15:31:28+00:00,QQQ,2026-09-25,0,742.985,717.0,C,25.78,26.84,26.31,25.93,40,1275,0.8843,0.9952,0.0014,0.0026,-0.0149,25.38,28.23,23.65,24.345
2026-09-25T15:31:28+00:00,QQQ,2026-09-25,0,742.985,718.0,C,24.79,26.03,25.41,25.64,385,2117,0.906,0.995,0.0014,0.0027,-0.015,24.15,27.26,22.85,23.305
2026-09-25T15:31:28+00:00,QQQ,2026-09-25,0,742.985,719.0,C,23.73,24.88,24.305,23.91,66,2166,0.8259,0.9948,0.0016,0.0028,-0.0152,23.86,25.45,21.72,22.335
2026-09-25T15:31:28+00:00,QQQ,2026-09-25,0,742.985,720.0,C,22.78,23.88,23.33,22.51,266,4506,0.8104,0.9946,0.0017,0.003,-0.0154,23.8,25.18,20.05,21.345
2026-09-25T15:31:28+00:00,QQQ,2026-09-25,0,742.985,721.0,C,21.79,22.06,21.925,21.87,91,1521,0.0,0.9943,0.0018,0.0031,-0.0157,22.91,24.19,19.22,20.33
2026-09-25T15:31:28+00:00,QQQ,2026-09-25,0,742.985,722.0,C,20.67,22.06,21.365,19.13,78,1603,0.7694,0.994,0.002,0.0032,-0.016,20.23,23.18,18.01,19.4
2026-09-25T15:31:28+00:00,QQQ,2026-09-25,0,742.985,723.0,C,19.73,21.06,20.395,20.83,50,1475,0.7531,0.9936,0.0022,0.0034,-0.0164,18.87,21.5,17.65,18.41
2026-09-25T15:31:28+00:00,QQQ,2026-09-25,0,742.985,724.0,C,18.72,19.07,18.895,18.78,178,1444,0.0,0.9932,0.0024,0.0037,-0.017,18.9,20.82,17.06,17.38
2026-09-25T15:31:28+00:00,QQQ,2026-09-25,0,742.985,725.0,C,17.53,18.07,17.8,17.85,426,3340,0.0,0.9926,0.0027,0.0039,-0.0177,17.18,19.82,14.98,16.38
2026-09-25T15:31:28+00:00,QQQ,2026-09-25,0,742.985,726.0,C,16.73,17.31,17.02,17.34,331,2231,0.428,0.9919,0.0031,0.0043,-0.0188,16.54,19.34,13.84,15.465
2026-09-25T15:31:28+00:00,QQQ,2026-09-25,0,742.985,727.0,C,15.7,17.04,16.37,15.98,214,1527,0.6236,0.991,0.0036,0.0047,-0.0202,15.02,17.46,13.71,14.495
2026-09-25T15:31:28+00:00,QQQ,2026-09-25,0,742.985,728.0,C,14.78,15.32,15.05,15.03,123,2229,0.4198,0.9898,0.0042,0.0052,-0.0222,14.37,17.4,12.82,13.5
2026-09-25T15:31:28+00:00,QQQ,2026-09-25,0,742.985,729.0,C,13.78,14.89,14.335,13.93,148,6541,0.5499,0.9882,0.0049,0.006,-0.025,13.6,16.21,11.5,12.54
2026-09-25T15:31:28+00:00,QQQ,2026-09-25,0,742.985,730.0,C,12.6,13.17,12.885,13.32,439,5327,0.0,0.986,0.006,0.0069,-0.029,13.43,15.41,9.91,11.5
2026-09-25T15:31:28+00:00,QQQ,2026-09-25,0,742.985,731.0,C,11.61,13.09,12.35,12.93,157,2062,0.4941,0.983,0.0074,0.0082,-0.0346,12.55,14.33,9.19,10.59
2026-09-25T15:31:28+00:00,QQQ,2026-09-25,0,742.985,732.0,C,10.75,11.1,10.925,11.05,253,1757,0.0,0.9788,0.0093,0.0098,-0.0425,10.5,13.19,8.09,9.62
2026-09-25T15:31:28+00:00,QQQ,2026-09-25,0,742.985,733.0,C,9.82,10.06,9.94,10.0,298,1220,0.0,0.9729,0.0119,0.012,-0.0536,9.9,11.66,7.13,8.795
2026-09-25T15:31:28+00:00,QQQ,2026-09-25,0,742.985,734.0,C,8.85,9.13,8.99,9.07,679,3797,0.1946,0.9648,0.0155,0.0149,-0.0693,8.3,11.44,6.24,7.875
2026-09-25T15:31:28+00:00,QQQ,2026-09-25,0,742.985,735.0,C,7.88,8.19,8.035,8.03,2505,8526,0.2366,0.9534,0.0204,0.0186,-0.0919,7.16,10.43,5.43,7.03
2026-09-25T15:31:28+00:00,QQQ,2026-09-25,0,742.985,736.0,C,6.7,7.18,6.94,7.06,1684,4244,0.0,0.9373,0.0269,0.0234,-0.1246,6.73,9.42,4.59,6.225
2026-09-25T15:31:28+00:00,QQQ,2026-09-25,0,742.985,737.0,C,5.97,6.23,6.1,6.06,2365,3792,0.2203,0.9145,0.0355,0.0295,-0.1725,5.66,8.4,3.83,5.46
2026-09-25T15:31:28+00:00,QQQ,2026-09-25,0,742.985,738.0,C,5.17,5.25,5.21,5.12,4637,3576,0.2275,0.8824,0.0467,0.0369,-0.2436,5.07,7.61,3.11,4.735
2026-09-25T15:31:28+00:00,QQQ,2026-09-25,0,742.985,739.0,C,4.32,4.36,4.34,4.28,8939,5477,0.222,0.8378,0.0604,0.0456,-0.3492,4.22,6.54,2.46,4.07
2026-09-25T15:31:28+00:00,QQQ,2026-09-25,0,742.985,740.0,C,3.48,3.51,3.495,3.39,31005,9097,0.2166,0.7775,0.0758,0.0549,-0.5048,3.58,5.66,1.9,3.455
2026-09-25T15:31:28+00:00,QQQ,2026-09-25,0,742.985,741.0,C,2.71,2.72,2.715,2.67,58375,7953,0.2102,0.6998,0.0912,0.0636,-0.7293,2.92,4.8,1.43,2.9
2026-09-25T15:31:28+00:00,QQQ,2026-09-25,0,742.985,742.0,C,2.02,2.03,2.025,2.04,125440,6533,0.2045,0.6054,0.1035,0.07,-1.0431,2.16,4.0,1.05,2.405
2026-09-25T15:31:28+00:00,QQQ,2026-09-25,0,742.985,743.0,C,1.44,1.45,1.445,1.44,163355,5419,0.1998,0.4993,0.1094,0.0725,-1.4484,1.73,3.21,0.74,1.965
2026-09-25T15:31:28+00:00,QQQ,2026-09-25,0,742.985,744.0,C,0.98,0.99,0.985,0.99,206894,6129,0.1973,0.3899,0.1066,0.0698,-0.9872,1.18,2.51,0.51,1.585
2026-09-25T15:31:28+00:00,QQQ,2026-09-25,0,742.985,745.0,C,0.63,0.64,0.635,0.63,216891,13975,0.1959,0.2878,0.0953,0.0624,-0.6429,0.9,1.9,0.35,1.255
2026-09-25T15:31:28+00:00,QQQ,2026-09-25,0,742.985,746.0,C,0.39,0.4,0.395,0.4,144901,14457,0.1959,0.2014,0.0784,0.052,-0.4033,0.68,1.38,0.23,0.995
2026-09-25T15:31:28+00:00,QQQ,2026-09-25,0,742.985,747.0,C,0.24,0.25,0.245,0.25,87861,4485,0.1992,0.1353,0.06,0.0407,-0.2474,0.4,0.96,0.17,0.775
2026-09-25T15:31:28+00:00,QQQ,2026-09-25,0,742.985,748.0,C,0.15,0.16,0.155,0.16,69760,8907,0.2051,0.089,0.0435,0.0305,-0.1517,0.26,0.64,0.11,0.605
2026-09-25T15:31:28+00:00,QQQ,2026-09-25,0,742.985,749.0,C,0.09,0.1,0.095,0.1,31653,5760,0.2101,0.0586,0.0306,0.0225,-0.0953,0.17,0.44,0.07,0.475
2026-09-25T15:31:28+00:00,QQQ,2026-09-25,0,742.985,750.0,C,0.06,0.07,0.065,0.06,36762,20833,0.2202,0.0395,0.0215,0.0166,-0.0625,0.11,0.32,0.05,0.365
2026-09-25T15:31:28+00:00,QQQ,2026-09-25,0,742.985,751.0,C,0.03,0.04,0.035,0.04,13629,3438,0.221,0.0275,0.0153,0.0124,-0.0432,0.07,0.24,0.03,0.285
2026-09-25T15:31:28+00:00,QQQ,2026-09-25,0,742.985,752.0,C,0.02,0.03,0.025,0.03,13191,4770,0.232,0.02,0.0111,0.0095,-0.0314,0.06,0.18,0.02,0.225
2026-09-25T15:31:28+00:00,QQQ,2026-09-25,0,742.985,753.0,C,0.02,0.03,0.025,0.02,15771,4891,0.2538,0.0151,0.0083,0.0075,-0.024,0.05,0.13,0.02,0.175
2026-09-25T15:31:28+00:00,QQQ,2026-09-25,0,742.985,754.0,C,0.01,0.02,0.015,0.02,9458,12655,0.2575,0.0118,0.0064,0.0061,-0.0192,0.09,0.1,0.01,0.145
2026-09-25T15:31:28+00:00,QQQ,2026-09-25,0,742.985,755.0,C,0.01,0.02,0.015,0.01,6412,21605,0.2777,0.0096,0.005,0.0051,-0.0159,0.01,0.08,0.01,0.115
2026-09-25T15:31:28+00:00,QQQ,2026-09-25,0,742.985,756.0,C,0.01,0.02,0.015,0.02,3627,5483,0.2977,0.008,0.0041,0.0043,-0.0138,0.04,0.06,0.01,0.095
2026-09-25T15:31:28+00:00,QQQ,2026-09-25,0,742.985,757.0,C,0.01,0.02,0.015,0.01,2168,2957,0.3175,0.0069,0.0034,0.0038,-0.0123,0.01,0.05,0.01,0.085
2026-09-25T15:31:28+00:00,QQQ,2026-09-25,0,742.985,758.0,C,0.0,0.01,0.01,0.01,4429,3008,0.2996,0.0061,0.0029,0.0034,-0.0113,0.03,0.04,0.01,0.065
2026-09-25T15:31:28+00:00,QQQ,2026-09-25,0,742.985,759.0,C,0.0,0.01,0.01,0.01,565,988,0.3173,0.0055,0.0026,0.0031,-0.0106,0.01,0.04,0.01,0.055
2026-09-25T15:31:28+00:00,QQQ,2026-09-25,0,742.985,760.0,C,0.0,0.01,0.01,0.01,4390,9228,0.3349,0.0051,0.0022,0.0029,-0.0102,0.03,0.04,0.01,0.055
2026-09-25T15:31:28+00:00,QQQ,2026-09-25,0,742.985,761.0,C,0.0,0.01,0.01,0.01,2980,1234,0.3525,0.0047,0.002,0.0027,-0.0098,0.02,0.03,0.01,0.045
2026-09-25T15:31:28+00:00,QQQ,2026-09-25,0,742.985,762.0,C,0.0,0.01,0.01,0.01,262,1142,0.3699,0.0044,0.0018,0.0025,-0.0096,0.02,0.03,0.01,0.045
2026-09-25T15:31:28+00:00,QQQ,2026-09-25,0,742.985,763.0,C,0.0,0.01,0.01,0.01,483,935,0.3872,0.0042,0.0017,0.0024,-0.0094,0.02,0.02,0.01,0.035
2026-09-25T15:31:28+00:00,QQQ,2026-09-25,0,742.985,764.0,C,0.0,0.01,0.01,0.01,10,2707,0.4044,0.004,0.0015,0.0023,-0.0093,0.01,0.02,0.01,0.035
2026-09-25T15:31:28+00:00,QQQ,2026-09-25,0,742.985,765.0,C,0.0,0.01,0.01,0.01,884,5206,0.4216,0.0038,0.0014,0.0022,-0.0092,0.02,0.02,0.01,0.025
2026-09-25T15:31:28+00:00,QQQ,2026-09-25,0,742.985,766.0,C,0.0,0.01,0.01,0.01,1205,487,0.4386,0.0037,0.0013,0.0021,-0.0091,0.02,0.02,0.01,0.025
2026-09-25T15:31:28+00:00,QQQ,2026-09-25,0,742.985,767.0,C,0.0,0.01,0.01,0.01,347,171,0.4556,0.0035,0.0012,0.002,-0.009,0.01,0.02,0.01,0.025
2026-09-25T15:31:28+00:00,QQQ,2026-09-25,0,742.985,768.0,C,0.0,0.01,0.01,0.01,17,706,0.4725,0.0034,0.0011,0.002,-0.009,0.01,0.02,0.01,0.025
2026-09-25T15:31:28+00:00,QQQ,2026-09-25,0,742.985,769.0,C,0.0,0.01,0.01,0.01,5,711,0.4893,0.0033,0.001,0.0019,-0.0089,0.01,0.01,0.01,0.025
2026-09-25T15:31:28+00:00,QQQ,2026-09-25,0,742.985,770.0,C,0.0,0.01,0.01,0.01,300,7792,0.5061,0.0032,0.001,0.0018,-0.0088,0.02,0.02,0.01,0.015
2026-09-25T15:31:28+00:00,QQQ,2026-09-25,0,742.985,771.0,C,0.0,0.01,0.01,0.01,40,90,0.5228,0.0031,0.0009,0.0018,-0.0088,0.01,0.02,0.01,0.015
2026-09-25T15:31:28+00:00,QQQ,2026-09-25,0,742.985,772.0,C,0.0,0.01,0.02,0.02,0,62,0.5394,0.003,0.0009,0.0017,-0.0088,0.0,0.0,0.0,0.015
2026-09-25T15:31:28+00:00,QQQ,2026-09-25,0,742.985,773.0,C,0.0,0.01,0.02,0.02,0,1061,0.5559,0.0029,0.0008,0.0016,-0.0087,0.0,0.0,0.0,0.015
2026-09-25T15:31:28+00:00,QQQ,2026-09-25,0,742.985,774.0,C,0.0,0.01,0.02,0.02,0,1312,0.5724,0.0028,0.0008,0.0016,-0.0087,0.0,0.0,0.0,0.015
2026-09-25T15:31:28+00:00,QQQ,2026-09-25,0,742.985,775.0,C,0.0,0.01,0.01,0.01,0,1926,0.5888,0.0027,0.0007,0.0016,-0.0086,0.0,0.0,0.0,0.015
2026-09-25T15:31:28+00:00,QQQ,2026-09-25,0,742.985,776.0,C,0.0,0.01,0.02,0.02,0,368,0.6052,0.0026,0.0007,0.0015,-0.0086,0.0,0.0,0.0,0.015
2026-09-25T15:31:28+00:00,QQQ,2026-09-25,0,742.985,777.0,C,0.0,0.01,0.01,0.01,4,68,0.6215,0.0026,0.0007,0.0015,-0.0085,0.01,0.01,0.01,0.015
2026-09-25T15:31:28+00:00,QQQ,2026-09-25,0,742.985,778.0,C,0.0,0.01,0.02,0.02,4,139,0.6378,0.0025,0.0006,0.0014,-0.0085,0.02,0.02,0.02,0.015
2026-09-25T15:31:28+00:00,QQQ,2026-09-25,0,742.985,779.0,C,0.0,0.01,0.02,0.02,0,328,0.654,0.0024,0.0006,0.0014,-0.0084,0.0,0.0,0.0,0.015
2026-09-25T15:31:28+00:00,QQQ,2026-09-25,0,742.985,780.0,C,0.0,0.01,0.01,0.01,2,1683,0.6701,0.0024,0.0006,0.0014,-0.0084,0.01,0.01,0.01,0.015
2026-09-25T15:31:28+00:00,QQQ,2026-09-25,0,742.985,782.0,C,0.0,0.01,0.01,0.01,213,707,0.7022,0.0022,0.0005,0.0013,-0.0083,0.01,0.01,0.01,0.005
2026-09-25T15:31:28+00:00,QQQ,2026-09-25,0,742.985,935.0,C,0.0,0.01,0.01,0.01,22,40,2.7911,0.0004,0.0,0.0002,-0.004,0.01,0.01,0.01,0.005
2026-09-25T15:31:28+00:00,QQQ,2026-09-25,0,742.985,450.0,P,0.0,0.01,0.01,0.01,3,1311,5.9205,-0.0001,0.0,0.0,-0.0015,0.01,0.01,0.01,0.005
2026-09-25T15:31:28+00:00,QQQ,2026-09-25,0,742.985,580.0,P,0.0,0.01,0.01,0.01,21,772,3.0417,-0.0004,0.0,0.0003,-0.0058,0.01,0.01,0.01,0.005
2026-09-25T15:31:28+00:00,QQQ,2026-09-25,0,742.985,600.0,P,0.0,0.01,0.01,0.01,1,4152,2.6498,-0.0006,0.0,0.0003,-0.0068,0.01,0.01,0.01,0.005
2026-09-25T15:31:28+00:00,QQQ,2026-09-25,0,742.985,605.0,P,0.0,0.01,0.01,0.01,2,1883,2.5535,-0.0006,0.0,0.0004,-0.0071,0.01,0.01,0.01,0.005
2026-09-25T15:31:28+00:00,QQQ,2026-09-25,0,742.985,620.0,P,0.0,0.01,0.01,0.01,17,2323,2.2679,-0.0007,0.0001,0.0004,-0.0079,0.01,0.01,0.01,0.005
2026-09-25T15:31:28+00:00,QQQ,2026-09-25,0,742.985,625.0,P,0.0,0.01,0.01,0.01,4,1666,2.1739,-0.0008,0.0001,0.0005,-0.0082,0.01,0.01,0.01,0.005
2026-09-25T15:31:28+00:00,QQQ,2026-09-25,0,742.985,635.0,P,0.0,0.01,0.01,0.01,20,15929,1.9873,-0.0009,0.0001,0.0005,-0.0088,0.01,0.01,0.01,0.005
2026-09-25T15:31:28+00:00,QQQ,2026-09-25,0,742.985,640.0,P,0.0,0.01,0.02,0.02,5,1828,1.8947,-0.001,0.0001,0.0006,-0.0091,0.01,0.02,0.01,0.005
2026-09-25T15:31:28+00:00,QQQ,2026-09-25,0,742.985,645.0,P,0.0,0.01,0.02,0.02,51,4195,1.8026,-0.001,0.0001,0.0006,-0.0094,0.01,0.02,0.01,0.005
2026-09-25T15:31:28+00:00,QQQ,2026-09-25,0,742.985,650.0,P,0.0,0.01,0.01,0.01,8,10661,1.7109,-0.0011,0.0001,0.0007,-0.0098,0.01,0.01,0.01,0.005
2026-09-25T15:31:28+00:00,QQQ,2026-09-25,0,742.985,660.0,P,0.0,0.01,0.01,0.01,17,4570,1.5288,-0.0013,0.0001,0.0008,-0.0104,0.01,0.01,0.01,0.005
2026-09-25T15:31:28+00:00,QQQ,2026-09-25,0,742.985,665.0,P,0.0,0.01,0.01,0.01,5,38192,1.4382,-0.0014,0.0002,0.0008,-0.0108,0.01,0.01,0.01,0.005
2026-09-25T15:31:28+00:00,QQQ,2026-09-25,0,742.985,672.0,P,0.0,0.01,0.01,0.01,1,726,1.312,-0.0016,0.0002,0.0009,-0.0112,0.01,0.01,0.01,0.015
2026-09-25T15:31:28+00:00,QQQ,2026-09-25,0,742.985,673.0,P,0.0,0.01,0.01,0.01,3,607,1.294,-0.0016,0.0002,0.001,-0.0113,0.01,0.01,0.01,0.015
2026-09-25T15:31:28+00:00,QQQ,2026-09-25,0,742.985,674.0,P,0.0,0.01,0.01,0.01,1,825,1.276,-0.0017,0.0002,0.001,-0.0114,0.01,0.01,0.01,0.015
2026-09-25T15:31:28+00:00,QQQ,2026-09-25,0,742.985,675.0,P,0.0,0.01,0.01,0.01,22,3161,1.2581,-0.0017,0.0002,0.001,-0.0114,0.01,0.01,0.01,0.015
2026-09-25T15:31:28+00:00,QQQ,2026-09-25,0,742.985,677.0,P,0.0,0.01,0.01,0.01,28,772,1.2222,-0.0018,0.0002,0.001,-0.0116,0.01,0.01,0.01,0.015
2026-09-25T15:31:28+00:00,QQQ,2026-09-25,0,742.985,678.0,P,0.0,0.01,0.01,0.01,149,890,1.2042,-0.0018,0.0002,0.001,-0.0117,0.01,0.01,0.01,0.015
2026-09-25T15:31:28+00:00,QQQ,2026-09-25,0,742.985,680.0,P,0.0,0.01,0.01,0.01,66,3580,1.1684,-0.0019,0.0003,0.0011,-0.0118,0.01,0.02,0.01,0.015
2026-09-25T15:31:28+00:00,QQQ,2026-09-25,0,742.985,681.0,P,0.0,0.01,0.01,0.01,154,1155,1.1505,-0.0019,0.0003,0.0011,-0.0119,0.01,0.01,0.01,0.015
2026-09-25T15:31:28+00:00,QQQ,2026-09-25,0,742.985,682.0,P,0.0,0.01,0.01,0.01,1,1046,1.1326,-0.0019,0.0003,0.0011,-0.012,0.01,0.01,0.01,0.015
2026-09-25T15:31:28+00:00,QQQ,2026-09-25,0,742.985,683.0,P,0.0,0.01,0.01,0.01,1975,3458,1.1147,-0.002,0.0003,0.0011,-0.012,0.01,0.01,0.01,0.015
2026-09-25T15:31:28+00:00,QQQ,2026-09-25,0,742.985,685.0,P,0.0,0.01,0.01,0.01,105,2903,1.0789,-0.0021,0.0003,0.0012,-0.0122,0.01,0.01,0.01,0.015
2026-09-25T15:31:28+00:00,QQQ,2026-09-25,0,742.985,686.0,P,0.0,0.01,0.01,0.01,4,2437,1.061,-0.0021,0.0003,0.0012,-0.0122,0.01,0.01,0.01,0.015
2026-09-25T15:31:28+00:00,QQQ,2026-09-25,0,742.985,687.0,P,0.0,0.01,0.01,0.01,5,2225,1.0432,-0.0021,0.0003,0.0012,-0.0123,0.01,0.01,0.01,0.015
2026-09-25T15:31:28+00:00,QQQ,2026-09-25,0,742.985,688.0,P,0.0,0.01,0.01,0.01,206,1946,1.0253,-0.0022,0.0003,0.0013,-0.0124,0.01,0.01,0.01,0.015
2026-09-25T15:31:28+00:00,QQQ,2026-09-25,0,742.985,689.0,P,0.0,0.01,0.02,0.02,32,2011,1.0074,-0.0022,0.0004,0.0013,-0.0125,0.01,0.02,0.01,0.015
2026-09-25T15:31:28+00:00,QQQ,2026-09-25,0,742.985,690.0,P,0.0,0.01,0.01,0.01,71,85486,0.9896,-0.0023,0.0004,0.0013,-0.0126,0.01,0.01,0.01,0.015
2026-09-25T15:31:28+00:00,QQQ,2026-09-25,0,742.985,691.0,P,0.0,0.01,0.01,0.01,6,2293,0.9717,-0.0023,0.0004,0.0013,-0.0126,0.01,0.01,0.01,0.015
2026-09-25T15:31:28+00:00,QQQ,2026-09-25,0,742.985,692.0,P,0.0,0.01,0.01,0.01,6,1496,0.9538,-0.0024,0.0004,0.0014,-0.0127,0.01,0.01,0.01,0.015
2026-09-25T15:31:28+00:00,QQQ,2026-09-25,0,742.985,694.0,P,0.0,0.01,0.01,0.01,5,2917,0.9181,-0.0025,0.0004,0.0014,-0.0129,0.01,0.01,0.01,0.015
2026-09-25T15:31:28+00:00,QQQ,2026-09-25,0,742.985,695.0,P,0.0,0.01,0.01,0.01,2,5302,0.9003,-0.0025,0.0004,0.0014,-0.0129,0.01,0.01,0.01,0.015
2026-09-25T15:31:28+00:00,QQQ,2026-09-25,0,742.985,696.0,P,0.0,0.01,0.01,0.01,6,2333,0.8824,-0.0026,0.0005,0.0015,-0.013,0.02,0.02,0.01,0.015
2026-09-25T15:31:28+00:00,QQQ,2026-09-25,0,742.985,697.0,P,0.0,0.01,0.01,0.01,6,1476,0.8646,-0.0027,0.0005,0.0015,-0.0131,0.01,0.01,0.01,0.015
2026-09-25T15:31:28+00:00,QQQ,2026-09-25,0,742.985,698.0,P,0.0,0.01,0.01,0.01,26,5285,0.8467,-0.0027,0.0005,0.0015,-0.0132,0.01,0.01,0.01,0.015
2026-09-25T15:31:28+00:00,QQQ,2026-09-25,0,742.985,699.0,P,0.0,0.01,0.01,0.01,1,5876,0.8289,-0.0028,0.0005,0.0016,-0.0132,0.01,0.01,0.01,0.015
2026-09-25T15:31:28+00:00,QQQ,2026-09-25,0,742.985,700.0,P,0.0,0.01,0.01,0.01,48,18205,0.811,-0.0029,0.0006,0.0016,-0.0133,0.01,0.01,0.01,0.015
2026-09-25T15:31:28+00:00,QQQ,2026-09-25,0,742.985,701.0,P,0.0,0.01,0.01,0.01,1,1908,0.7932,-0.0029,0.0006,0.0016,-0.0134,0.01,0.01,0.01,0.015
2026-09-25T15:31:28+00:00,QQQ,2026-09-25,0,742.985,702.0,P,0.0,0.01,0.01,0.01,4,2384,0.7753,-0.003,0.0006,0.0017,-0.0135,0.01,0.01,0.01,0.015
2026-09-25T15:31:28+00:00,QQQ,2026-09-25,0,742.985,703.0,P,0.0,0.01,0.01,0.01,27,1702,0.7574,-0.0031,0.0006,0.0017,-0.0136,0.01,0.01,0.01,0.025
2026-09-25T15:31:28+00:00,QQQ,2026-09-25,0,742.985,704.0,P,0.0,0.01,0.01,0.01,1,3626,0.7396,-0.0032,0.0006,0.0018,-0.0136,0.01,0.01,0.01,0.025
2026-09-25T15:31:28+00:00,QQQ,2026-09-25,0,742.985,705.0,P,0.0,0.01,0.01,0.01,317,32695,0.7217,-0.0033,0.0007,0.0018,-0.0137,0.02,0.02,0.01,0.025
2026-09-25T15:31:28+00:00,QQQ,2026-09-25,0,742.985,706.0,P,0.0,0.01,0.01,0.01,11,1957,0.7038,-0.0034,0.0007,0.0019,-0.0138,0.01,0.01,0.01,0.025
2026-09-25T15:31:28+00:00,QQQ,2026-09-25,0,742.985,707.0,P,0.0,0.01,0.01,0.01,25,3017,0.6859,-0.0034,0.0008,0.0019,-0.0139,0.01,0.01,0.01,0.025
2026-09-25T15:31:28+00:00,QQQ,2026-09-25,0,742.985,708.0,P,0.0,0.01,0.01,0.01,53,1971,0.668,-0.0035,0.0008,0.002,-0.014,0.01,0.01,0.01,0.025
2026-09-25T15:31:28+00:00,QQQ,2026-09-25,0,742.985,709.0,P,0.0,0.01,0.01,0.01,99,2181,0.6501,-0.0036,0.0008,0.002,-0.0141,0.01,0.03,0.01,0.025
2026-09-25T15:31:28+00:00,QQQ,2026-09-25,0,742.985,710.0,P,0.0,0.01,0.01,0.01,482,10372,0.6322,-0.0038,0.0009,0.0021,-0.0142,0.01,0.01,0.01,0.025
2026-09-25T15:31:28+00:00,QQQ,2026-09-25,0,742.985,711.0,P,0.0,0.01,0.01,0.01,104,2672,0.6142,-0.0039,0.0009,0.0022,-0.0142,0.01,0.01,0.01,0.035
2026-09-25T15:31:28+00:00,QQQ,2026-09-25,0,742.985,712.0,P,0.0,0.01,0.01,0.01,313,2064,0.5963,-0.004,0.001,0.0022,-0.0143,0.01,0.01,0.01,0.035
2026-09-25T15:31:28+00:00,QQQ,2026-09-25,0,742.985,713.0,P,0.0,0.01,0.01,0.01,239,2093,0.5783,-0.0041,0.001,0.0023,-0.0144,0.02,0.02,0.01,0.035
2026-09-25T15:31:28+00:00,QQQ,2026-09-25,0,742.985,714.0,P,0.0,0.01,0.01,0.01,1103,4859,0.5603,-0.0043,0.0011,0.0024,-0.0145,0.01,0.02,0.01,0.035
2026-09-25T15:31:28+00:00,QQQ,2026-09-25,0,742.985,715.0,P,0.0,0.01,0.01,0.01,3710,9399,0.5423,-0.0044,0.0012,0.0024,-0.0146,0.01,0.02,0.01,0.035
2026-09-25T15:31:28+00:00,QQQ,2026-09-25,0,742.985,716.0,P,0.0,0.01,0.01,0.01,2319,4106,0.5243,-0.0046,0.0013,0.0025,-0.0148,0.02,0.02,0.01,0.045
2026-09-25T15:31:28+00:00,QQQ,2026-09-25,0,742.985,717.0,P,0.0,0.01,0.01,0.01,8427,3256,0.5062,-0.0048,0.0014,0.0026,-0.0149,0.01,0.03,0.01,0.045
2026-09-25T15:31:28+00:00,QQQ,2026-09-25,0,742.985,718.0,P,0.0,0.01,0.01,0.01,6825,13685,0.4881,-0.005,0.0014,0.0027,-0.015,0.01,0.03,0.01,0.045
2026-09-25T15:31:28+00:00,QQQ,2026-09-25,0,742.985,719.0,P,0.01,0.02,0.015,0.02,2939,8537,0.5244,-0.0052,0.0016,0.0028,-0.0152,0.02,0.03,0.01,0.055
2026-09-25T15:31:28+00:00,QQQ,2026-09-25,0,742.985,720.0,P,0.01,0.02,0.015,0.02,8786,11872,0.5045,-0.0054,0.0017,0.003,-0.0154,0.01,0.04,0.01,0.055
2026-09-25T15:31:28+00:00,QQQ,2026-09-25,0,742.985,721.0,P,0.01,0.02,0.015,0.01,2521,4963,0.4846,-0.0057,0.0018,0.0031,-0.0157,0.01,0.03,0.01,0.065
2026-09-25T15:31:28+00:00,QQQ,2026-09-25,0,742.985,722.0,P,0.01,0.02,0.015,0.01,1266,8821,0.4646,-0.006,0.002,0.0032,-0.016,0.02,0.04,0.01,0.075
2026-09-25T15:31:28+00:00,QQQ,2026-09-25,0,742.985,723.0,P,0.01,0.02,0.015,0.02,2016,2426,0.4446,-0.0064,0.0022,0.0034,-0.0164,0.03,0.04,0.01,0.085
2026-09-25T15:31:28+00:00,QQQ,2026-09-25,0,742.985,724.0,P,0.01,0.02,0.015,0.02,4799,3949,0.4245,-0.0068,0.0024,0.0037,-0.017,0.03,0.05,0.01,0.095
2026-09-25T15:31:28+00:00,QQQ,2026-09-25,0,742.985,725.0,P,0.01,0.02,0.015,0.01,9842,13949,0.4043,-0.0074,0.0027,0.0039,-0.0177,0.03,0.07,0.01,0.105
2026-09-25T15:31:28+00:00,QQQ,2026-09-25,0,742.985,726.0,P,0.01,0.02,0.015,0.03,4225,4854,0.3841,-0.0081,0.0031,0.0043,-0.0188,0.02,0.08,0.01,0.125
2026-09-25T15:31:28+00:00,QQQ,2026-09-25,0,742.985,727.0,P,0.02,0.03,0.025,0.02,5168,3625,0.3872,-0.009,0.0036,0.0047,-0.0202,0.05,0.1,0.01,0.155
2026-09-25T15:31:28+00:00,QQQ,2026-09-25,0,742.985,728.0,P,0.02,0.03,0.025,0.02,4846,3308,0.3657,-0.0102,0.0042,0.0052,-0.0222,0.02,0.12,0.02,0.185
2026-09-25T15:31:28+00:00,QQQ,2026-09-25,0,742.985,729.0,P,0.02,0.03,0.025,0.02,6555,4682,0.3442,-0.0118,0.0049,0.006,-0.025,0.03,0.16,0.02,0.225
2026-09-25T15:31:28+00:00,QQQ,2026-09-25,0,742.985,730.0,P,0.03,0.04,0.035,0.03,24695,18960,0.3378,-0.014,0.006,0.0069,-0.029,0.05,0.2,0.02,0.275
2026-09-25T15:31:28+00:00,QQQ,2026-09-25,0,742.985,731.0,P,0.03,0.04,0.035,0.04,9784,7137,0.3152,-0.017,0.0074,0.0082,-0.0346,0.06,0.26,0.02,0.345
2026-09-25T15:31:28+00:00,QQQ,2026-09-25,0,742.985,732.0,P,0.04,0.05,0.045,0.04,14418,6919,0.3037,-0.0212,0.0093,0.0098,-0.0425,0.07,0.33,0.03,0.425
2026-09-25T15:31:28+00:00,QQQ,2026-09-25,0,742.985,733.0,P,0.05,0.06,0.055,0.05,18321,7671,0.2892,-0.0271,0.0119,0.012,-0.0536,0.09,0.41,0.05,0.535
2026-09-25T15:31:28+00:00,QQQ,2026-09-25,0,742.985,734.0,P,0.07,0.08,0.075,0.07,23220,7291,0.2796,-0.0352,0.0155,0.0149,-0.0693,0.11,0.53,0.06,0.665
2026-09-25T15:31:28+00:00,QQQ,2026-09-25,0,742.985,735.0,P,0.09,0.1,0.095,0.09,39515,14645,0.2656,-0.0466,0.0204,0.0186,-0.0919,0.16,0.69,0.06,0.825
2026-09-25T15:31:28+00:00,QQQ,2026-09-25,0,742.985,736.0,P,0.12,0.13,0.125,0.13,39004,18995,0.2529,-0.0627,0.0269,0.0234,-0.1246,0.23,0.88,0.09,1.025
2026-09-25T15:31:28+00:00,QQQ,2026-09-25,0,742.985,737.0,P,0.17,0.18,0.175,0.18,47727,4892,0.2431,-0.0855,0.0355,0.0295,-0.1725,0.33,1.12,0.13,1.265
2026-09-25T15:31:28+00:00,QQQ,2026-09-25,0,742.985,738.0,P,0.24,0.25,0.245,0.25,68131,6418,0.233,-0.1176,0.0467,0.0369,-0.2436,0.51,1.42,0.17,1.545
2026-09-25T15:31:28+00:00,QQQ,2026-09-25,0,742.985,739.0,P,0.35,0.36,0.355,0.35,78516,4617,0.2252,-0.1622,0.0604,0.0456,-0.3492,0.66,1.79,0.23,1.875
2026-09-25T15:31:28+00:00,QQQ,2026-09-25,0,742.985,740.0,P,0.51,0.52,0.515,0.51,165069,9175,0.2183,-0.2225,0.0758,0.0549,-0.5048,0.9,2.24,0.24,2.265
2026-09-25T15:31:28+00:00,QQQ,2026-09-25,0,742.985,741.0,P,0.73,0.74,0.735,0.73,176505,3830,0.2109,-0.3002,0.0912,0.0636,-0.7293,1.21,2.78,0.43,2.705
2026-09-25T15:31:28+00:00,QQQ,2026-09-25,0,742.985,742.0,P,1.04,1.05,1.045,1.05,132137,2155,0.2044,-0.3946,0.1035,0.07,-1.0431,1.61,3.38,0.6,3.2
2026-09-25T15:31:28+00:00,QQQ,2026-09-25,0,742.985,743.0,P,1.46,1.47,1.465,1.45,110204,2163,0.1997,-0.5007,0.1094,0.0725,-1.4484,2.07,4.06,0.81,3.765
2026-09-25T15:31:28+00:00,QQQ,2026-09-25,0,742.985,744.0,P,2.0,2.01,2.005,2.05,99007,1690,0.1979,-0.6101,0.1066,0.0698,-0.9872,2.53,4.83,1.11,4.385
2026-09-25T15:31:28+00:00,QQQ,2026-09-25,0,742.985,745.0,P,2.64,2.68,2.66,2.69,24276,4711,0.1974,-0.7123,0.0953,0.0624,-0.6429,3.13,5.67,1.48,5.05
2026-09-25T15:31:28+00:00,QQQ,2026-09-25,0,742.985,746.0,P,3.4,3.44,3.42,3.45,8189,1592,0.1997,-0.7986,0.0784,0.052,-0.4033,4.0,6.5,1.98,5.785
2026-09-25T15:31:28+00:00,QQQ,2026-09-25,0,742.985,747.0,P,4.24,4.32,4.28,4.23,3755,1426,0.204,-0.8647,0.06,0.0407,-0.2474,5.3,7.35,2.55,6.57
2026-09-25T15:31:28+00:00,QQQ,2026-09-25,0,742.985,748.0,P,5.1,5.48,5.29,5.33,1247,960,0.2404,-0.911,0.0435,0.0305,-0.1517,6.27,8.36,3.29,7.41
2026-09-25T15:31:28+00:00,QQQ,2026-09-25,0,742.985,749.0,P,6.05,6.39,6.22,6.39,613,484,0.2519,-0.9414,0.0306,0.0225,-0.0953,5.75,8.95,4.0,8.22
2026-09-25T15:31:28+00:00,QQQ,2026-09-25,0,742.985,750.0,P,7.0,7.37,7.185,7.19,542,1729,0.2695,-0.9605,0.0215,0.0166,-0.0625,7.01,10.31,4.91,9.185
2026-09-25T15:31:28+00:00,QQQ,2026-09-25,0,742.985,751.0,P,8.0,8.54,8.27,8.54,149,87,0.3293,-0.9725,0.0153,0.0124,-0.0432,8.73,11.35,5.88,9.97
2026-09-25T15:31:28+00:00,QQQ,2026-09-25,0,742.985,752.0,P,8.05,9.53,8.79,8.85,58,19,0.0,-0.98,0.0111,0.0095,-0.0314,9.85,12.2,7.17,10.94
2026-09-25T15:31:28+00:00,QQQ,2026-09-25,0,742.985,753.0,P,8.96,10.52,9.74,10.34,114,3,0.0,-0.9849,0.0083,0.0075,-0.024,10.9,10.9,9.44,11.9
2026-09-25T15:31:28+00:00,QQQ,2026-09-25,0,742.985,754.0,P,10.03,11.52,10.775,10.44,24,0,0.0,-0.9882,0.0064,0.0061,-0.0192,12.14,14.33,9.74,12.885
2026-09-25T15:31:28+00:00,QQQ,2026-09-25,0,742.985,755.0,P,11.45,12.51,11.98,12.05,24,8,0.0,-0.9904,0.005,0.0051,-0.0159,12.33,15.01,10.26,14.01
2026-09-25T15:31:28+00:00,QQQ,2026-09-25,0,742.985,756.0,P,11.94,13.95,12.945,13.0,33,27,0.0,-0.992,0.0041,0.0043,-0.0138,12.74,15.45,11.5,14.905
2026-09-25T15:31:28+00:00,QQQ,2026-09-25,0,742.985,757.0,P,12.94,14.95,13.945,15.89,16,0,0.0,-0.9931,0.0034,0.0038,-0.0123,13.19,16.29,12.44,15.875
2026-09-25T15:31:28+00:00,QQQ,2026-09-25,0,742.985,758.0,P,13.93,15.95,14.94,14.65,17,1,0.0,-0.9939,0.0029,0.0034,-0.0113,14.22,14.65,13.75,16.96
2026-09-25T15:31:28+00:00,QQQ,2026-09-25,0,742.985,759.0,P,14.93,16.51,15.72,16.55,2,3,0.0,-0.9945,0.0026,0.0031,-0.0106,18.46,18.46,16.55,17.88
2026-09-25T15:31:28+00:00,QQQ,2026-09-25,0,742.985,760.0,P,15.93,17.51,16.72,16.0,3,4,0.0,-0.9949,0.0022,0.0029,-0.0102,17.3,17.3,16.0,18.885
2026-09-25T15:31:28+00:00,QQQ,2026-09-25,0,742.985,761.0,P,16.93,18.51,17.72,20.41,0,0,0.0,-0.9953,0.002,0.0027,-0.0098,0.0,0.0,0.0,19.87
2026-09-25T15:31:28+00:00,QQQ,2026-09-25,0,742.985,762.0,P,17.93,19.51,18.72,20.13,2,0,0.0,-0.9956,0.0018,0.0025,-0.0096,19.28,20.13,19.28,20.86
2026-09-25T15:31:28+00:00,QQQ,2026-09-25,0,742.985,763.0,P,18.93,20.51,19.72,20.86,0,0,0.0,-0.9958,0.0017,0.0024,-0.0094,0.0,0.0,0.0,21.875
2026-09-25T15:31:28+00:00,QQQ,2026-09-25,0,742.985,764.0,P,19.93,21.51,20.72,23.21,2,0,0.0,-0.996,0.0015,0.0023,-0.0093,22.85,23.21,22.85,22.8
2026-09-25T15:31:28+00:00,QQQ,2026-09-25,0,742.985,765.0,P,20.93,22.51,21.72,23.54,2,0,0.0,-0.9962,0.0014,0.0022,-0.0092,23.61,23.61,23.54,23.805
2026-09-25T15:31:28+00:00,QQQ,2026-09-25,0,742.985,766.0,P,21.92,24.21,23.065,25.78,12,0,0.5662,-0.9963,0.0013,0.0021,-0.0091,23.31,25.78,23.31,24.77
2026-09-25T15:31:28+00:00,QQQ,2026-09-25,0,742.985,767.0,P,22.63,24.52,23.575,26.46,41,20,0.0,-0.9965,0.0012,0.002,-0.009,24.73,27.07,23.81,25.755
2026-09-25T15:31:28+00:00,QQQ,2026-09-25,0,742.985,768.0,P,23.87,25.52,24.695,27.45,26,0,0.0,-0.9966,0.0011,0.002,-0.009,25.68,27.77,25.58,26.76
2026-09-25T15:31:28+00:00,QQQ,2026-09-25,0,742.985,769.0,P,24.86,26.52,25.69,27.57,44,0,0.0,-0.9967,0.001,0.0019,-0.0089,24.8,28.01,24.39,27.865
2026-09-25T15:31:28+00:00,QQQ,2026-09-25,0,742.985,770.0,P,25.87,27.52,26.695,26.43,53,0,0.0,-0.9968,0.001,0.0018,-0.0088,28.91,28.94,26.02,28.865
2026-09-25T15:31:28+00:00,QQQ,2026-09-25,0,742.985,771.0,P,26.87,28.53,27.7,27.42,34,0,0.0,-0.997,0.0009,0.0018,-0.0088,30.0,31.55,27.42,29.755
2026-09-25T15:31:28+00:00,QQQ,2026-09-25,0,742.985,772.0,P,27.78,29.52,28.65,32.38,12,0,0.0,-0.997,0.0009,0.0017,-0.0088,29.88,32.38,29.81,30.8
2026-09-25T15:31:28+00:00,QQQ,2026-09-25,0,742.985,773.0,P,28.87,30.52,29.695,33.37,14,0,0.0,-0.9971,0.0008,0.0016,-0.0087,28.22,33.37,28.22,31.755
2026-09-25T15:31:28+00:00,QQQ,2026-09-25,0,742.985,774.0,P,29.87,31.52,30.695,30.74,22,0,0.0,-0.9972,0.0008,0.0016,-0.0087,29.03,32.07,29.03,32.91
2026-09-25T15:31:28+00:00,QQQ,2026-09-25,0,742.985,775.0,P,30.86,33.22,32.04,31.83,78,0,0.6889,-0.9973,0.0007,0.0016,-0.0086,30.2,35.14,30.03,33.755
2026-09-25T15:31:28+00:00,QQQ,2026-09-25,0,742.985,776.0,P,31.53,33.56,32.545,32.76,70,0,0.0,-0.9974,0.0007,0.0015,-0.0086,32.62,36.13,31.32,34.79
2026-09-25T15:31:28+00:00,QQQ,2026-09-25,0,742.985,777.0,P,32.83,34.56,33.695,33.18,24,0,0.0,-0.9974,0.0007,0.0015,-0.0085,34.69,35.53,33.18,35.87
2026-09-25T15:31:28+00:00,QQQ,2026-09-25,0,742.985,778.0,P,33.83,35.97,34.9,34.83,12,0,0.0,-0.9975,0.0006,0.0014,-0.0085,34.64,37.4,34.61,36.785
2026-09-25T15:31:28+00:00,QQQ,2026-09-25,0,742.985,779.0,P,34.4,36.97,35.685,35.76,16,0,0.0,-0.9976,0.0006,0.0014,-0.0084,35.57,38.39,35.54,38.2
2026-09-25T15:31:28+00:00,QQQ,2026-09-25,0,742.985,780.0,P,35.83,37.97,36.9,36.83,35,0,0.0,-0.9976,0.0006,0.0014,-0.0084,37.87,40.18,36.8,39.03
2026-09-25T15:31:28+00:00,QQQ,2026-09-25,0,742.985,781.0,P,36.39,38.96,37.675,37.76,39,0,0.0,-0.9977,0.0006,0.0013,-0.0084,38.8,41.17,37.76,40.285
2026-09-25T15:31:28+00:00,QQQ,2026-09-25,0,742.985,782.0,P,37.83,40.01,38.92,40.3,8,0,0.0,-0.9978,0.0005,0.0013,-0.0083,40.59,40.63,40.27,41.09
2026-09-25T15:31:28+00:00,QQQ,2026-09-25,0,742.985,785.0,P,41.88,42.56,42.22,42.06,14,0,1.1524,-0.9979,0.0005,0.0012,-0.0082,42.95,42.95,41.24,44.205
2026-09-25T15:31:28+00:00,QQQ,2026-09-25,0,742.985,790.0,P,45.88,47.99,46.935,47.52,3,4,0.0,-0.9981,0.0004,0.0011,-0.008,45.3,47.71,45.3,48.84
2026-09-25T15:31:28+00:00,QQQ,2026-09-25,0,742.985,805.0,P,61.82,62.95,62.385,60.81,1,0,1.7366,-0.9986,0.0002,0.0008,-0.0074,60.81,60.81,60.81,64.24
2026-09-25T15:37:06+00:00,QQQ,2026-09-25,0,742.899,510.0,C,231.99,234.13,233.06,232.09,1,5,6.0056,0.9998,0.0,0.0001,-0.0032,232.09,232.09,232.09,231.115
2026-09-25T15:37:06+00:00,QQQ,2026-09-25,0,742.899,600.0,C,141.96,144.32,143.14,141.06,12,16,3.8138,0.9994,0.0,0.0004,-0.0073,142.9,142.9,141.06,141.055
2026-09-25T15:37:06+00:00,QQQ,2026-09-25,0,742.899,620.0,C,121.98,124.17,123.075,122.1,9,32,3.1423,0.9992,0.0001,0.0005,-0.0084,123.0,123.0,121.33,121.26
2026-09-25T15:37:06+00:00,QQQ,2026-09-25,0,742.899,667.0,C,74.66,77.2,75.93,73.32,1,3,1.2688,0.9984,0.0002,0.0009,-0.0116,73.32,73.32,73.32,73.855
2026-09-25T15:37:06+00:00,QQQ,2026-09-25,0,742.899,675.0,C,66.94,69.0,67.97,65.32,32,47,1.5414,0.9982,0.0002,0.001,-0.0122,67.56,67.78,65.32,66.13
2026-09-25T15:37:06+00:00,QQQ,2026-09-25,0,742.899,677.0,C,64.94,67.42,66.18,66.43,16,16,1.8916,0.9981,0.0002,0.0011,-0.0123,63.81,66.43,63.81,64.1
2026-09-25T15:37:06+00:00,QQQ,2026-09-25,0,742.899,679.0,C,63.39,65.17,64.28,61.33,1,4,1.9413,0.9981,0.0003,0.0011,-0.0125,61.33,61.33,61.33,62.535
2026-09-25T15:37:06+00:00,QQQ,2026-09-25,0,742.899,680.0,C,62.44,64.41,63.425,63.6,1,15,2.0325,0.998,0.0003,0.0011,-0.0126,63.6,63.6,63.6,61.205
2026-09-25T15:37:06+00:00,QQQ,2026-09-25,0,742.899,681.0,C,61.38,63.11,62.245,61.4,1,6,1.8554,0.998,0.0003,0.0011,-0.0126,61.4,61.4,61.4,60.26
2026-09-25T15:37:06+00:00,QQQ,2026-09-25,0,742.899,684.0,C,58.38,60.1,59.24,59.83,27,8,1.7714,0.9979,0.0003,0.0012,-0.0129,60.83,61.33,57.57,57.11
2026-09-25T15:37:06+00:00,QQQ,2026-09-25,0,742.899,685.0,C,57.4,59.14,58.27,56.15,3,40,1.772,0.9978,0.0003,0.0012,-0.0129,59.81,59.81,56.15,56.1
2026-09-25T15:37:06+00:00,QQQ,2026-09-25,0,742.899,687.0,C,55.39,57.42,56.405,54.11,1,12,1.8225,0.9978,0.0003,0.0013,-0.0131,54.11,54.11,54.11,54.11
2026-09-25T15:37:06+00:00,QQQ,2026-09-25,0,742.899,688.0,C,54.4,56.13,55.265,55.83,6,5,1.6875,0.9977,0.0004,0.0013,-0.0132,56.81,56.81,53.85,53.11
2026-09-25T15:37:06+00:00,QQQ,2026-09-25,0,742.899,689.0,C,53.39,55.42,54.405,52.11,1,46,1.7666,0.9976,0.0004,0.0013,-0.0133,52.11,52.11,52.11,52.11
2026-09-25T15:37:06+00:00,QQQ,2026-09-25,0,742.899,690.0,C,52.45,54.2,53.325,52.21,39,164,1.6815,0.9976,0.0004,0.0014,-0.0133,52.43,52.43,50.05,51.11
2026-09-25T15:37:06+00:00,QQQ,2026-09-25,0,742.899,692.0,C,49.99,52.43,51.21,48.46,1,22,1.5334,0.9975,0.0004,0.0014,-0.0135,48.46,48.46,48.46,48.93
2026-09-25T15:37:06+00:00,QQQ,2026-09-25,0,742.899,695.0,C,47.0,49.17,48.085,47.96,38,225,1.3258,0.9973,0.0005,0.0015,-0.0137,47.58,47.96,46.21,46.11
2026-09-25T15:37:06+00:00,QQQ,2026-09-25,0,742.899,697.0,C,44.94,47.43,46.185,43.8,7,84,1.3802,0.9972,0.0005,0.0016,-0.0139,43.91,44.85,43.8,44.27
2026-09-25T15:37:06+00:00,QQQ,2026-09-25,0,742.899,698.0,C,43.95,46.42,45.185,46.41,1,80,1.3542,0.9971,0.0005,0.0016,-0.014,46.41,46.41,46.41,43.11
2026-09-25T15:37:06+00:00,QQQ,2026-09-25,0,742.899,699.0,C,42.32,45.16,43.74,44.1,14,114,0.0,0.9971,0.0005,0.0016,-0.0141,45.83,46.24,44.1,42.265
2026-09-25T15:37:06+00:00,QQQ,2026-09-25,0,742.899,700.0,C,41.54,44.42,42.98,42.37,170,969,1.0339,0.997,0.0006,0.0017,-0.0142,42.0,44.27,40.0,41.15
2026-09-25T15:37:06+00:00,QQQ,2026-09-25,0,742.899,701.0,C,40.94,43.2,42.07,39.67,7,57,1.1605,0.9969,0.0006,0.0017,-0.0142,42.29,42.29,39.38,40.27
2026-09-25T15:37:06+00:00,QQQ,2026-09-25,0,742.899,702.0,C,40.02,42.32,41.17,39.05,2,309,1.2369,0.9968,0.0006,0.0018,-0.0143,38.9,39.05,38.9,39.265
2026-09-25T15:37:06+00:00,QQQ,2026-09-25,0,742.899,703.0,C,39.0,41.2,40.1,40.98,2,192,1.1451,0.9968,0.0006,0.0018,-0.0144,40.98,40.98,40.98,38.265
2026-09-25T15:37:06+00:00,QQQ,2026-09-25,0,742.899,704.0,C,37.93,40.19,39.06,40.95,15,330,1.0753,0.9967,0.0007,0.0018,-0.0145,39.3,40.95,39.29,37.205
2026-09-25T15:37:06+00:00,QQQ,2026-09-25,0,742.899,705.0,C,36.99,39.25,38.12,37.8,4,1128,1.1147,0.9966,0.0007,0.0019,-0.0146,38.98,39.95,37.78,36.36
2026-09-25T15:37:06+00:00,QQQ,2026-09-25,0,742.899,706.0,C,36.07,38.14,37.105,34.84,2,382,1.0749,0.9965,0.0008,0.0019,-0.0147,35.04,35.04,34.84,35.17
2026-09-25T15:37:06+00:00,QQQ,2026-09-25,0,742.899,707.0,C,35.41,36.45,35.93,36.3,27,399,0.6136,0.9964,0.0008,0.002,-0.0147,36.87,37.78,33.68,34.155
2026-09-25T15:37:06+00:00,QQQ,2026-09-25,0,742.899,708.0,C,34.08,36.15,35.115,34.89,79,486,1.0337,0.9963,0.0008,0.002,-0.0148,35.86,36.27,31.5,33.185
2026-09-25T15:37:06+00:00,QQQ,2026-09-25,0,742.899,709.0,C,33.4,35.42,34.41,33.9,74,475,1.2023,0.9962,0.0009,0.0021,-0.0149,34.58,35.95,31.58,32.36
2026-09-25T15:37:06+00:00,QQQ,2026-09-25,0,742.899,710.0,C,32.39,34.16,33.275,32.5,92,2041,1.0982,0.996,0.0009,0.0022,-0.015,33.83,35.07,29.99,31.365
2026-09-25T15:37:06+00:00,QQQ,2026-09-25,0,742.899,711.0,C,31.39,33.25,32.32,32.12,6,1740,1.0966,0.9959,0.001,0.0022,-0.0151,32.71,32.71,31.0,30.185
2026-09-25T15:37:06+00:00,QQQ,2026-09-25,0,742.899,712.0,C,30.73,32.43,31.58,31.25,13,1393,1.1923,0.9958,0.001,0.0023,-0.0152,30.8,33.07,27.94,29.29
2026-09-25T15:37:06+00:00,QQQ,2026-09-25,0,742.899,713.0,C,29.4,31.06,30.23,29.11,14,388,0.9878,0.9957,0.0011,0.0024,-0.0153,31.08,31.1,29.1,28.175
2026-09-25T15:37:06+00:00,QQQ,2026-09-25,0,742.899,714.0,C,28.41,30.08,29.245,27.58,31,433,0.9694,0.9955,0.0012,0.0024,-0.0154,29.85,30.79,26.72,27.3
2026-09-25T15:37:06+00:00,QQQ,2026-09-25,0,742.899,715.0,C,27.41,28.92,28.165,28.86,105,2764,0.8911,0.9954,0.0012,0.0025,-0.0155,27.38,29.77,25.53,26.375
2026-09-25T15:37:06+00:00,QQQ,2026-09-25,0,742.899,716.0,C,26.41,27.45,26.93,26.85,75,899,0.4666,0.9952,0.0013,0.0026,-0.0156,26.37,28.12,23.77,25.2
2026-09-25T15:37:06+00:00,QQQ,2026-09-25,0,742.899,717.0,C,25.41,26.84,26.125,25.85,41,1275,0.8097,0.995,0.0014,0.0027,-0.0157,25.38,28.23,23.65,24.345
2026-09-25T15:37:06+00:00,QQQ,2026-09-25,0,742.899,718.0,C,24.41,26.03,25.22,25.64,385,2117,0.844,0.9948,0.0015,0.0028,-0.0158,24.15,27.26,22.85,23.305
2026-09-25T15:37:06+00:00,QQQ,2026-09-25,0,742.899,719.0,C,23.41,24.88,24.145,23.91,66,2166,0.7706,0.9946,0.0016,0.0029,-0.016,23.86,25.45,21.72,22.335
2026-09-25T15:37:06+00:00,QQQ,2026-09-25,0,742.899,720.0,C,22.59,23.86,23.225,23.86,285,4506,0.791,0.9944,0.0018,0.003,-0.0161,23.8,25.18,20.05,21.345
2026-09-25T15:37:06+00:00,QQQ,2026-09-25,0,742.899,721.0,C,21.41,22.5,21.955,22.01,97,1521,0.5204,0.9941,0.0019,0.0032,-0.0163,22.91,24.19,19.22,20.33
2026-09-25T15:37:06+00:00,QQQ,2026-09-25,0,742.899,722.0,C,20.41,21.4,20.905,20.64,80,1603,0.0,0.9938,0.0021,0.0033,-0.0166,20.23,23.18,18.01,19.4
2026-09-25T15:37:06+00:00,QQQ,2026-09-25,0,742.899,723.0,C,19.41,20.46,19.935,20.12,52,1475,0.4075,0.9934,0.0022,0.0035,-0.0169,18.87,21.5,17.65,18.41
2026-09-25T15:37:06+00:00,QQQ,2026-09-25,0,742.899,724.0,C,18.58,19.42,19.0,19.12,179,1444,0.5242,0.993,0.0025,0.0037,-0.0173,18.9,20.82,17.06,17.38
2026-09-25T15:37:06+00:00,QQQ,2026-09-25,0,742.899,725.0,C,17.79,18.38,18.085,18.26,429,3340,0.5712,0.9926,0.0028,0.0039,-0.0178,17.18,19.82,14.98,16.38
2026-09-25T15:37:06+00:00,QQQ,2026-09-25,0,742.899,726.0,C,16.79,17.38,17.085,16.97,333,2231,0.5447,0.9919,0.0031,0.0042,-0.0186,16.54,19.34,13.84,15.465
2026-09-25T15:37:06+00:00,QQQ,2026-09-25,0,742.899,727.0,C,15.42,16.37,15.895,15.75,218,1527,0.0,0.9911,0.0035,0.0046,-0.0197,15.02,17.46,13.71,14.495
2026-09-25T15:37:06+00:00,QQQ,2026-09-25,0,742.899,728.0,C,14.8,15.43,15.115,15.28,175,2229,0.5085,0.9901,0.0041,0.0051,-0.0213,14.37,17.4,12.82,13.5
2026-09-25T15:37:06+00:00,QQQ,2026-09-25,0,742.899,729.0,C,13.43,14.89,14.16,13.93,148,6541,0.5032,0.9887,0.0048,0.0057,-0.0236,13.6,16.21,11.5,12.54
2026-09-25T15:37:06+00:00,QQQ,2026-09-25,0,742.899,730.0,C,12.8,13.49,13.145,13.0,444,5327,0.4675,0.9867,0.0058,0.0066,-0.0269,13.43,15.41,9.91,11.5
2026-09-25T15:37:06+00:00,QQQ,2026-09-25,0,742.899,731.0,C,11.65,12.44,12.045,11.8,161,2062,0.3864,0.984,0.0071,0.0077,-0.0317,12.55,14.33,9.19,10.59
2026-09-25T15:37:06+00:00,QQQ,2026-09-25,0,742.899,732.0,C,10.45,11.45,10.95,10.69,267,1757,0.2738,0.9801,0.009,0.0092,-0.0387,10.5,13.19,8.09,9.62
2026-09-25T15:37:06+00:00,QQQ,2026-09-25,0,742.899,733.0,C,9.82,10.26,10.04,9.88,302,1220,0.3299,0.9746,0.0115,0.0113,-0.0488,9.9,11.66,7.13,8.795
2026-09-25T15:37:06+00:00,QQQ,2026-09-25,0,742.899,734.0,C,8.63,9.24,8.935,9.08,703,3797,0.1969,0.9668,0.0151,0.0141,-0.0634,8.3,11.44,6.24,7.875
2026-09-25T15:37:06+00:00,QQQ,2026-09-25,0,742.899,735.0,C,7.64,8.25,7.945,8.11,2515,8526,0.1995,0.9558,0.0199,0.0177,-0.0847,7.16,10.43,5.43,7.03
2026-09-25T15:37:06+00:00,QQQ,2026-09-25,0,742.899,736.0,C,6.84,7.3,7.07,7.27,1690,4244,0.2607,0.9399,0.0266,0.0225,-0.1159,6.73,9.42,4.59,6.225
2026-09-25T15:37:06+00:00,QQQ,2026-09-25,0,742.899,737.0,C,5.95,6.3,6.125,6.25,2382,3792,0.251,0.9173,0.0354,0.0285,-0.1621,5.66,8.4,3.83,5.46
2026-09-25T15:37:06+00:00,QQQ,2026-09-25,0,742.899,738.0,C,5.08,5.17,5.125,5.32,4665,3576,0.2206,0.8853,0.047,0.036,-0.2309,5.07,7.61,3.11,4.735
2026-09-25T15:37:06+00:00,QQQ,2026-09-25,0,742.899,739.0,C,4.19,4.26,4.225,4.51,9020,5477,0.2141,0.8405,0.0613,0.0447,-0.3332,4.22,6.54,2.46,4.07
2026-09-25T15:37:06+00:00,QQQ,2026-09-25,0,742.899,740.0,C,3.36,3.4,3.38,3.37,31843,9097,0.2098,0.7798,0.0776,0.054,-0.4839,3.58,5.66,1.9,3.455
2026-09-25T15:37:06+00:00,QQQ,2026-09-25,0,742.899,741.0,C,2.6,2.61,2.605,2.6,59107,7953,0.2049,0.7007,0.0942,0.0629,-0.7022,2.92,4.8,1.43,2.9
2026-09-25T15:37:06+00:00,QQQ,2026-09-25,0,742.899,742.0,C,1.91,1.92,1.915,1.92,128509,6533,0.199,0.6034,0.1078,0.0695,-1.0102,2.16,4.0,1.05,2.405
2026-09-25T15:37:06+00:00,QQQ,2026-09-25,0,742.899,743.0,C,1.33,1.35,1.34,1.34,172780,5419,0.1937,0.4928,0.1143,0.0718,-1.3581,1.73,3.21,0.74,1.965
2026-09-25T15:37:06+00:00,QQQ,2026-09-25,0,742.899,744.0,C,0.89,0.9,0.895,0.9,221173,6129,0.1899,0.3785,0.1108,0.0686,-0.9021,1.18,2.51,0.51,1.585
2026-09-25T15:37:06+00:00,QQQ,2026-09-25,0,742.899,745.0,C,0.56,0.57,0.565,0.56,227844,13975,0.1904,0.273,0.0974,0.0604,-0.5713,0.9,1.9,0.35,1.255
2026-09-25T15:37:06+00:00,QQQ,2026-09-25,0,742.899,746.0,C,0.35,0.36,0.355,0.35,148531,14457,0.1909,0.1866,0.0782,0.0493,-0.3503,0.68,1.38,0.23,0.995
2026-09-25T15:37:06+00:00,QQQ,2026-09-25,0,742.899,747.0,C,0.21,0.22,0.215,0.22,91323,4485,0.1951,0.1234,0.0583,0.038,-0.2132,0.4,0.96,0.16,0.775
2026-09-25T15:37:06+00:00,QQQ,2026-09-25,0,742.899,748.0,C,0.13,0.14,0.135,0.13,71202,8907,0.2017,0.0811,0.0416,0.0283,-0.1324,0.26,0.64,0.1,0.605
2026-09-25T15:37:06+00:00,QQQ,2026-09-25,0,742.899,749.0,C,0.08,0.09,0.085,0.09,32689,5760,0.2088,0.0542,0.0292,0.021,-0.0857,0.17,0.44,0.07,0.475
2026-09-25T15:37:06+00:00,QQQ,2026-09-25,0,742.899,750.0,C,0.06,0.07,0.065,0.06,37350,20833,0.2237,0.0374,0.0207,0.0157,-0.0583,0.11,0.32,0.04,0.365
2026-09-25T15:37:06+00:00,QQQ,2026-09-25,0,742.899,751.0,C,0.04,0.05,0.045,0.04,13651,3438,0.2337,0.0267,0.0149,0.012,-0.0418,0.07,0.24,0.03,0.285
2026-09-25T15:37:06+00:00,QQQ,2026-09-25,0,742.899,752.0,C,0.03,0.04,0.035,0.03,13431,4770,0.2475,0.0198,0.011,0.0094,-0.0313,0.06,0.18,0.02,0.225
2026-09-25T15:37:06+00:00,QQQ,2026-09-25,0,742.899,753.0,C,0.02,0.03,0.025,0.02,17900,4891,0.2574,0.0152,0.0083,0.0075,-0.0245,0.05,0.13,0.02,0.175
2026-09-25T15:37:06+00:00,QQQ,2026-09-25,0,742.899,754.0,C,0.01,0.02,0.015,0.02,11472,12655,0.2611,0.0121,0.0065,0.0062,-0.02,0.09,0.1,0.01,0.145
2026-09-25T15:37:06+00:00,QQQ,2026-09-25,0,742.899,755.0,C,0.01,0.02,0.015,0.02,6414,21605,0.2815,0.01,0.0052,0.0052,-0.0169,0.01,0.08,0.01,0.115
2026-09-25T15:37:06+00:00,QQQ,2026-09-25,0,742.899,756.0,C,0.01,0.02,0.015,0.01,3628,5483,0.3016,0.0084,0.0042,0.0045,-0.0148,0.04,0.06,0.01,0.095
2026-09-25T15:37:06+00:00,QQQ,2026-09-25,0,742.899,757.0,C,0.01,0.02,0.015,0.01,2172,2957,0.3216,0.0073,0.0036,0.004,-0.0133,0.01,0.05,0.01,0.085
2026-09-25T15:37:06+00:00,QQQ,2026-09-25,0,742.899,758.0,C,0.0,0.01,0.01,0.01,4454,3008,0.3035,0.0065,0.0031,0.0036,-0.0123,0.03,0.04,0.01,0.065
2026-09-25T15:37:06+00:00,QQQ,2026-09-25,0,742.899,759.0,C,0.0,0.01,0.01,0.01,565,988,0.3214,0.0059,0.0027,0.0033,-0.0116,0.01,0.04,0.01,0.055
2026-09-25T15:37:06+00:00,QQQ,2026-09-25,0,742.899,760.0,C,0.0,0.01,0.01,0.01,4390,9228,0.3392,0.0055,0.0024,0.003,-0.0111,0.03,0.04,0.01,0.055
2026-09-25T15:37:06+00:00,QQQ,2026-09-25,0,742.899,761.0,C,0.0,0.01,0.01,0.01,2980,1234,0.3568,0.0051,0.0021,0.0028,-0.0108,0.02,0.03,0.01,0.045
2026-09-25T15:37:06+00:00,QQQ,2026-09-25,0,742.899,762.0,C,0.0,0.01,0.01,0.01,262,1142,0.3744,0.0048,0.0019,0.0027,-0.0105,0.02,0.03,0.01,0.045
2026-09-25T15:37:06+00:00,QQQ,2026-09-25,0,742.899,763.0,C,0.0,0.01,0.01,0.01,485,935,0.3919,0.0045,0.0018,0.0025,-0.0103,0.02,0.02,0.01,0.035
2026-09-25T15:37:06+00:00,QQQ,2026-09-25,0,742.899,764.0,C,0.0,0.01,0.01,0.01,10,2707,0.4093,0.0043,0.0016,0.0024,-0.0102,0.01,0.02,0.01,0.035
2026-09-25T15:37:06+00:00,QQQ,2026-09-25,0,742.899,765.0,C,0.0,0.01,0.01,0.01,884,5206,0.4266,0.0041,0.0015,0.0023,-0.0101,0.02,0.02,0.01,0.025
2026-09-25T15:37:06+00:00,QQQ,2026-09-25,0,742.899,766.0,C,0.0,0.01,0.01,0.01,1205,487,0.4438,0.004,0.0014,0.0022,-0.01,0.02,0.02,0.01,0.025
2026-09-25T15:37:06+00:00,QQQ,2026-09-25,0,742.899,767.0,C,0.0,0.01,0.01,0.01,347,171,0.4609,0.0038,0.0013,0.0021,-0.0099,0.01,0.02,0.01,0.025
2026-09-25T15:37:06+00:00,QQQ,2026-09-25,0,742.899,768.0,C,0.0,0.01,0.01,0.01,17,706,0.478,0.0036,0.0012,0.0021,-0.0098,0.01,0.02,0.01,0.025
2026-09-25T15:37:06+00:00,QQQ,2026-09-25,0,742.899,769.0,C,0.0,0.01,0.01,0.01,5,711,0.495,0.0035,0.0011,0.002,-0.0098,0.01,0.01,0.01,0.025
2026-09-25T15:37:06+00:00,QQQ,2026-09-25,0,742.899,770.0,C,0.0,0.01,0.01,0.01,300,7792,0.5119,0.0034,0.001,0.0019,-0.0097,0.02,0.02,0.01,0.015
2026-09-25T15:37:06+00:00,QQQ,2026-09-25,0,742.899,771.0,C,0.0,0.01,0.01,0.01,40,90,0.5287,0.0033,0.001,0.0019,-0.0097,0.01,0.02,0.01,0.015
2026-09-25T15:37:06+00:00,QQQ,2026-09-25,0,742.899,772.0,C,0.0,0.01,0.02,0.02,0,62,0.5455,0.0032,0.0009,0.0018,-0.0096,0.0,0.0,0.0,0.015
2026-09-25T15:37:06+00:00,QQQ,2026-09-25,0,742.899,773.0,C,0.0,0.01,0.02,0.02,0,1061,0.5622,0.0031,0.0009,0.0018,-0.0096,0.0,0.0,0.0,0.015
2026-09-25T15:37:06+00:00,QQQ,2026-09-25,0,742.899,774.0,C,0.0,0.01,0.02,0.02,0,1312,0.5789,0.003,0.0008,0.0017,-0.0095,0.0,0.0,0.0,0.015
2026-09-25T15:37:06+00:00,QQQ,2026-09-25,0,742.899,775.0,C,0.0,0.01,0.01,0.01,0,1926,0.5954,0.0029,0.0008,0.0016,-0.0095,0.0,0.0,0.0,0.015
2026-09-25T15:37:06+00:00,QQQ,2026-09-25,0,742.899,776.0,C,0.0,0.01,0.02,0.02,0,368,0.612,0.0028,0.0007,0.0016,-0.0094,0.0,0.0,0.0,0.015
2026-09-25T15:37:06+00:00,QQQ,2026-09-25,0,742.899,777.0,C,0.0,0.01,0.01,0.01,4,68,0.6284,0.0028,0.0007,0.0016,-0.0094,0.01,0.01,0.01,0.015
2026-09-25T15:37:06+00:00,QQQ,2026-09-25,0,742.899,778.0,C,0.0,0.01,0.02,0.02,4,139,0.6448,0.0027,0.0007,0.0015,-0.0093,0.02,0.02,0.02,0.015
2026-09-25T15:37:06+00:00,QQQ,2026-09-25,0,742.899,779.0,C,0.0,0.01,0.02,0.02,0,328,0.6612,0.0026,0.0006,0.0015,-0.0093,0.0,0.0,0.0,0.015
2026-09-25T15:37:06+00:00,QQQ,2026-09-25,0,742.899,780.0,C,0.0,0.01,0.01,0.01,2,1683,0.6775,0.0025,0.0006,0.0014,-0.0092,0.01,0.01,0.01,0.015
2026-09-25T15:37:06+00:00,QQQ,2026-09-25,0,742.899,782.0,C,0.0,0.01,0.01,0.01,213,707,0.7099,0.0024,0.0006,0.0014,-0.0092,0.01,0.01,0.01,0.005
2026-09-25T15:37:06+00:00,QQQ,2026-09-25,0,742.899,935.0,C,0.0,0.01,0.01,0.01,24,40,2.8186,0.0004,0.0,0.0002,-0.0045,0.01,0.01,0.01,0.005
2026-09-25T15:37:06+00:00,QQQ,2026-09-25,0,742.899,450.0,P,0.0,0.01,0.01,0.01,3,1311,5.9764,-0.0001,0.0,0.0,-0.0016,0.01,0.01,0.01,0.005
2026-09-25T15:37:06+00:00,QQQ,2026-09-25,0,742.899,580.0,P,0.0,0.01,0.01,0.01,23,772,3.07,-0.0004,0.0,0.0003,-0.0062,0.01,0.01,0.01,0.005
2026-09-25T15:37:06+00:00,QQQ,2026-09-25,0,742.899,600.0,P,0.0,0.01,0.01,0.01,1,4152,2.6744,-0.0006,0.0,0.0004,-0.0073,0.01,0.01,0.01,0.005
2026-09-25T15:37:06+00:00,QQQ,2026-09-25,0,742.899,605.0,P,0.0,0.01,0.01,0.01,2,1883,2.5771,-0.0006,0.0,0.0004,-0.0076,0.01,0.01,0.01,0.005
2026-09-25T15:37:06+00:00,QQQ,2026-09-25,0,742.899,620.0,P,0.0,0.01,0.01,0.01,17,2323,2.2888,-0.0008,0.0001,0.0005,-0.0084,0.01,0.01,0.01,0.005
2026-09-25T15:37:06+00:00,QQQ,2026-09-25,0,742.899,625.0,P,0.0,0.01,0.01,0.01,4,1666,2.1938,-0.0008,0.0001,0.0005,-0.0088,0.01,0.01,0.01,0.005
2026-09-25T15:37:06+00:00,QQQ,2026-09-25,0,742.899,635.0,P,0.0,0.01,0.01,0.01,20,15929,2.0054,-0.001,0.0001,0.0006,-0.0094,0.01,0.01,0.01,0.005
2026-09-25T15:37:06+00:00,QQQ,2026-09-25,0,742.899,640.0,P,0.0,0.01,0.02,0.02,5,1828,1.912,-0.001,0.0001,0.0006,-0.0097,0.01,0.02,0.01,0.005
2026-09-25T15:37:06+00:00,QQQ,2026-09-25,0,742.899,645.0,P,0.0,0.01,0.02,0.02,51,4195,1.819,-0.0011,0.0001,0.0006,-0.01,0.01,0.02,0.01,0.005
2026-09-25T15:37:06+00:00,QQQ,2026-09-25,0,742.899,650.0,P,0.0,0.01,0.01,0.01,8,10661,1.7264,-0.0012,0.0001,0.0007,-0.0104,0.01,0.01,0.01,0.005
2026-09-25T15:37:06+00:00,QQQ,2026-09-25,0,742.899,660.0,P,0.0,0.01,0.01,0.01,17,4570,1.5425,-0.0014,0.0001,0.0008,-0.0111,0.01,0.01,0.01,0.005
2026-09-25T15:37:06+00:00,QQQ,2026-09-25,0,742.899,665.0,P,0.0,0.01,0.01,0.01,5,38192,1.4511,-0.0015,0.0002,0.0009,-0.0114,0.01,0.01,0.01,0.005
2026-09-25T15:37:06+00:00,QQQ,2026-09-25,0,742.899,672.0,P,0.0,0.01,0.01,0.01,1,726,1.3237,-0.0017,0.0002,0.001,-0.012,0.01,0.01,0.01,0.015
2026-09-25T15:37:06+00:00,QQQ,2026-09-25,0,742.899,673.0,P,0.0,0.01,0.01,0.01,3,607,1.3055,-0.0017,0.0002,0.001,-0.012,0.01,0.01,0.01,0.015
2026-09-25T15:37:06+00:00,QQQ,2026-09-25,0,742.899,674.0,P,0.0,0.01,0.01,0.01,1,825,1.2874,-0.0018,0.0002,0.001,-0.0121,0.01,0.01,0.01,0.015
2026-09-25T15:37:06+00:00,QQQ,2026-09-25,0,742.899,675.0,P,0.0,0.01,0.01,0.01,22,3161,1.2692,-0.0018,0.0002,0.001,-0.0122,0.01,0.01,0.01,0.015
2026-09-25T15:37:06+00:00,QQQ,2026-09-25,0,742.899,677.0,P,0.0,0.01,0.01,0.01,28,772,1.233,-0.0019,0.0002,0.0011,-0.0123,0.01,0.01,0.01,0.015
2026-09-25T15:37:06+00:00,QQQ,2026-09-25,0,742.899,678.0,P,0.0,0.01,0.01,0.01,149,890,1.2149,-0.0019,0.0003,0.0011,-0.0124,0.01,0.01,0.01,0.015
2026-09-25T15:37:06+00:00,QQQ,2026-09-25,0,742.899,680.0,P,0.0,0.01,0.01,0.01,66,3580,1.1787,-0.002,0.0003,0.0011,-0.0126,0.01,0.02,0.01,0.015
2026-09-25T15:37:06+00:00,QQQ,2026-09-25,0,742.899,681.0,P,0.0,0.01,0.01,0.01,154,1155,1.1606,-0.002,0.0003,0.0011,-0.0126,0.01,0.01,0.01,0.015
2026-09-25T15:37:06+00:00,QQQ,2026-09-25,0,742.899,682.0,P,0.0,0.01,0.01,0.01,1,1046,1.1425,-0.002,0.0003,0.0012,-0.0127,0.01,0.01,0.01,0.015
2026-09-25T15:37:06+00:00,QQQ,2026-09-25,0,742.899,683.0,P,0.0,0.01,0.01,0.01,1975,3458,1.1244,-0.0021,0.0003,0.0012,-0.0128,0.01,0.01,0.01,0.015
2026-09-25T15:37:06+00:00,QQQ,2026-09-25,0,742.899,685.0,P,0.0,0.01,0.01,0.01,105,2903,1.0883,-0.0022,0.0003,0.0012,-0.0129,0.01,0.01,0.01,0.015
2026-09-25T15:37:06+00:00,QQQ,2026-09-25,0,742.899,686.0,P,0.0,0.01,0.01,0.01,4,2437,1.0703,-0.0022,0.0003,0.0012,-0.013,0.01,0.01,0.01,0.015
2026-09-25T15:37:06+00:00,QQQ,2026-09-25,0,742.899,687.0,P,0.0,0.01,0.01,0.01,5,2225,1.0522,-0.0022,0.0003,0.0013,-0.0131,0.01,0.01,0.01,0.015
2026-09-25T15:37:06+00:00,QQQ,2026-09-25,0,742.899,688.0,P,0.0,0.01,0.01,0.01,206,1946,1.0342,-0.0023,0.0004,0.0013,-0.0132,0.01,0.01,0.01,0.015
2026-09-25T15:37:06+00:00,QQQ,2026-09-25,0,742.899,689.0,P,0.0,0.01,0.02,0.02,32,2011,1.0162,-0.0024,0.0004,0.0013,-0.0133,0.01,0.02,0.01,0.015
2026-09-25T15:37:06+00:00,QQQ,2026-09-25,0,742.899,690.0,P,0.0,0.01,0.01,0.01,71,85486,0.9981,-0.0024,0.0004,0.0014,-0.0133,0.01,0.01,0.01,0.015
2026-09-25T15:37:06+00:00,QQQ,2026-09-25,0,742.899,691.0,P,0.0,0.01,0.01,0.01,6,2293,0.9801,-0.0024,0.0004,0.0014,-0.0134,0.01,0.01,0.01,0.015
2026-09-25T15:37:06+00:00,QQQ,2026-09-25,0,742.899,692.0,P,0.0,0.01,0.01,0.01,6,1496,0.962,-0.0025,0.0004,0.0014,-0.0135,0.01,0.01,0.01,0.015
2026-09-25T15:37:06+00:00,QQQ,2026-09-25,0,742.899,694.0,P,0.0,0.01,0.01,0.01,5,2917,0.926,-0.0026,0.0004,0.0015,-0.0137,0.01,0.01,0.01,0.015
2026-09-25T15:37:06+00:00,QQQ,2026-09-25,0,742.899,695.0,P,0.0,0.01,0.01,0.01,2,5302,0.908,-0.0027,0.0005,0.0015,-0.0137,0.01,0.01,0.01,0.015
2026-09-25T15:37:06+00:00,QQQ,2026-09-25,0,742.899,696.0,P,0.0,0.01,0.01,0.01,6,2333,0.89,-0.0027,0.0005,0.0015,-0.0138,0.02,0.02,0.01,0.015
2026-09-25T15:37:06+00:00,QQQ,2026-09-25,0,742.899,697.0,P,0.0,0.01,0.01,0.01,6,1476,0.8719,-0.0028,0.0005,0.0016,-0.0139,0.01,0.01,0.01,0.015
2026-09-25T15:37:06+00:00,QQQ,2026-09-25,0,742.899,698.0,P,0.0,0.01,0.01,0.01,26,5285,0.8539,-0.0029,0.0005,0.0016,-0.014,0.01,0.01,0.01,0.015
2026-09-25T15:37:06+00:00,QQQ,2026-09-25,0,742.899,699.0,P,0.0,0.01,0.01,0.01,1,5876,0.8359,-0.0029,0.0005,0.0016,-0.0141,0.01,0.01,0.01,0.015
2026-09-25T15:37:06+00:00,QQQ,2026-09-25,0,742.899,700.0,P,0.0,0.01,0.01,0.01,50,18205,0.8178,-0.003,0.0006,0.0017,-0.0142,0.01,0.01,0.01,0.015
2026-09-25T15:37:06+00:00,QQQ,2026-09-25,0,742.899,701.0,P,0.0,0.01,0.01,0.01,2,1908,0.7998,-0.0031,0.0006,0.0017,-0.0142,0.01,0.01,0.01,0.015
2026-09-25T15:37:06+00:00,QQQ,2026-09-25,0,742.899,702.0,P,0.0,0.01,0.01,0.01,4,2384,0.7818,-0.0032,0.0006,0.0018,-0.0143,0.01,0.01,0.01,0.015
2026-09-25T15:37:06+00:00,QQQ,2026-09-25,0,742.899,703.0,P,0.0,0.01,0.01,0.01,28,1702,0.7638,-0.0032,0.0006,0.0018,-0.0144,0.01,0.01,0.01,0.025
2026-09-25T15:37:06+00:00,QQQ,2026-09-25,0,742.899,704.0,P,0.0,0.01,0.01,0.01,1,3626,0.7457,-0.0033,0.0007,0.0018,-0.0145,0.01,0.01,0.01,0.025
2026-09-25T15:37:06+00:00,QQQ,2026-09-25,0,742.899,705.0,P,0.0,0.01,0.01,0.01,327,32695,0.7277,-0.0034,0.0007,0.0019,-0.0146,0.02,0.02,0.01,0.025
2026-09-25T15:37:06+00:00,QQQ,2026-09-25,0,742.899,706.0,P,0.0,0.01,0.01,0.01,11,1957,0.7096,-0.0035,0.0008,0.0019,-0.0147,0.01,0.01,0.01,0.025
2026-09-25T15:37:06+00:00,QQQ,2026-09-25,0,742.899,707.0,P,0.0,0.01,0.01,0.01,25,3017,0.6915,-0.0036,0.0008,0.002,-0.0147,0.01,0.01,0.01,0.025
2026-09-25T15:37:06+00:00,QQQ,2026-09-25,0,742.899,708.0,P,0.0,0.01,0.01,0.01,53,1971,0.6734,-0.0037,0.0008,0.002,-0.0148,0.01,0.01,0.01,0.025
2026-09-25T15:37:06+00:00,QQQ,2026-09-25,0,742.899,709.0,P,0.0,0.01,0.01,0.01,99,2181,0.6554,-0.0038,0.0009,0.0021,-0.0149,0.01,0.03,0.01,0.025
2026-09-25T15:37:06+00:00,QQQ,2026-09-25,0,742.899,710.0,P,0.0,0.01,0.01,0.01,482,10372,0.6373,-0.004,0.0009,0.0022,-0.015,0.01,0.01,0.01,0.025
2026-09-25T15:37:06+00:00,QQQ,2026-09-25,0,742.899,711.0,P,0.0,0.01,0.01,0.01,104,2672,0.6192,-0.0041,0.001,0.0022,-0.0151,0.01,0.01,0.01,0.035
2026-09-25T15:37:06+00:00,QQQ,2026-09-25,0,742.899,712.0,P,0.0,0.01,0.01,0.01,313,2064,0.601,-0.0042,0.001,0.0023,-0.0152,0.01,0.01,0.01,0.035
2026-09-25T15:37:06+00:00,QQQ,2026-09-25,0,742.899,713.0,P,0.0,0.01,0.01,0.01,240,2093,0.5829,-0.0043,0.0011,0.0024,-0.0153,0.02,0.02,0.01,0.035
2026-09-25T15:37:06+00:00,QQQ,2026-09-25,0,742.899,714.0,P,0.0,0.01,0.01,0.01,1103,4859,0.5647,-0.0045,0.0012,0.0024,-0.0154,0.01,0.02,0.01,0.035
2026-09-25T15:37:06+00:00,QQQ,2026-09-25,0,742.899,715.0,P,0.0,0.01,0.01,0.01,3710,9399,0.5465,-0.0046,0.0012,0.0025,-0.0155,0.01,0.02,0.01,0.035
2026-09-25T15:37:06+00:00,QQQ,2026-09-25,0,742.899,716.0,P,0.0,0.01,0.01,0.01,2319,4106,0.5283,-0.0048,0.0013,0.0026,-0.0156,0.02,0.02,0.01,0.045
2026-09-25T15:37:06+00:00,QQQ,2026-09-25,0,742.899,717.0,P,0.0,0.01,0.01,0.01,8427,3256,0.5101,-0.005,0.0014,0.0027,-0.0157,0.01,0.03,0.01,0.045
2026-09-25T15:37:06+00:00,QQQ,2026-09-25,0,742.899,718.0,P,0.0,0.01,0.01,0.01,8860,13685,0.4918,-0.0052,0.0015,0.0028,-0.0158,0.01,0.03,0.01,0.045
2026-09-25T15:37:06+00:00,QQQ,2026-09-25,0,742.899,719.0,P,0.01,0.02,0.015,0.01,2942,8537,0.5283,-0.0054,0.0016,0.0029,-0.016,0.02,0.03,0.01,0.055
2026-09-25T15:37:06+00:00,QQQ,2026-09-25,0,742.899,720.0,P,0.01,0.02,0.015,0.02,9097,11872,0.5082,-0.0056,0.0018,0.003,-0.0161,0.01,0.04,0.01,0.055
2026-09-25T15:37:06+00:00,QQQ,2026-09-25,0,742.899,721.0,P,0.01,0.02,0.015,0.01,2521,4963,0.4881,-0.0059,0.0019,0.0032,-0.0163,0.01,0.03,0.01,0.065
2026-09-25T15:37:06+00:00,QQQ,2026-09-25,0,742.899,722.0,P,0.01,0.02,0.015,0.01,1266,8821,0.468,-0.0062,0.0021,0.0033,-0.0166,0.02,0.04,0.01,0.075
2026-09-25T15:37:06+00:00,QQQ,2026-09-25,0,742.899,723.0,P,0.01,0.02,0.015,0.02,2017,2426,0.4477,-0.0066,0.0022,0.0035,-0.0169,0.03,0.04,0.01,0.085
2026-09-25T15:37:06+00:00,QQQ,2026-09-25,0,742.899,724.0,P,0.01,0.02,0.015,0.02,4888,3949,0.4274,-0.007,0.0025,0.0037,-0.0173,0.03,0.05,0.01,0.095
2026-09-25T15:37:06+00:00,QQQ,2026-09-25,0,742.899,725.0,P,0.01,0.02,0.015,0.03,10111,13949,0.4071,-0.0074,0.0028,0.0039,-0.0178,0.03,0.07,0.01,0.105
2026-09-25T15:37:06+00:00,QQQ,2026-09-25,0,742.899,726.0,P,0.01,0.02,0.015,0.02,4366,4854,0.3867,-0.0081,0.0031,0.0042,-0.0186,0.02,0.08,0.01,0.125
2026-09-25T15:37:06+00:00,QQQ,2026-09-25,0,742.899,727.0,P,0.01,0.02,0.015,0.02,5472,3625,0.3897,-0.0089,0.0035,0.0046,-0.0197,0.05,0.1,0.01,0.155
2026-09-25T15:37:06+00:00,QQQ,2026-09-25,0,742.899,728.0,P,0.02,0.03,0.025,0.02,4873,3308,0.3681,-0.0099,0.0041,0.0051,-0.0213,0.02,0.12,0.02,0.185
2026-09-25T15:37:06+00:00,QQQ,2026-09-25,0,742.899,729.0,P,0.02,0.03,0.025,0.02,6923,4682,0.3463,-0.0113,0.0048,0.0057,-0.0236,0.03,0.16,0.02,0.225
2026-09-25T15:37:06+00:00,QQQ,2026-09-25,0,742.899,730.0,P,0.02,0.03,0.025,0.03,24969,18960,0.3398,-0.0133,0.0058,0.0066,-0.0269,0.05,0.2,0.02,0.275
2026-09-25T15:37:06+00:00,QQQ,2026-09-25,0,742.899,731.0,P,0.03,0.04,0.035,0.03,9847,7137,0.3169,-0.016,0.0071,0.0077,-0.0317,0.06,0.26,0.02,0.345
2026-09-25T15:37:06+00:00,QQQ,2026-09-25,0,742.899,732.0,P,0.03,0.04,0.035,0.04,14463,6919,0.2939,-0.0199,0.009,0.0092,-0.0387,0.07,0.33,0.03,0.425
2026-09-25T15:37:06+00:00,QQQ,2026-09-25,0,742.899,733.0,P,0.05,0.06,0.055,0.05,18429,7671,0.2907,-0.0254,0.0115,0.0113,-0.0488,0.09,0.41,0.05,0.535
2026-09-25T15:37:06+00:00,QQQ,2026-09-25,0,742.899,734.0,P,0.06,0.07,0.065,0.07,23521,7291,0.2737,-0.0332,0.0151,0.0141,-0.0634,0.11,0.53,0.06,0.665
2026-09-25T15:37:06+00:00,QQQ,2026-09-25,0,742.899,735.0,P,0.08,0.09,0.085,0.08,40261,14645,0.2609,-0.0442,0.0199,0.0177,-0.0847,0.16,0.69,0.06,0.825
2026-09-25T15:37:06+00:00,QQQ,2026-09-25,0,742.899,736.0,P,0.11,0.12,0.115,0.11,40313,18995,0.2492,-0.0601,0.0266,0.0225,-0.1159,0.23,0.88,0.09,1.025
2026-09-25T15:37:06+00:00,QQQ,2026-09-25,0,742.899,737.0,P,0.15,0.16,0.155,0.16,48548,4892,0.2365,-0.0827,0.0354,0.0285,-0.1621,0.33,1.12,0.13,1.265
2026-09-25T15:37:06+00:00,QQQ,2026-09-25,0,742.899,738.0,P,0.22,0.23,0.225,0.22,68975,6418,0.2277,-0.1147,0.047,0.036,-0.2309,0.51,1.42,0.17,1.545
2026-09-25T15:37:06+00:00,QQQ,2026-09-25,0,742.899,739.0,P,0.33,0.34,0.335,0.33,79841,4617,0.2185,-0.1595,0.0613,0.0447,-0.3332,0.66,1.79,0.23,1.875
2026-09-25T15:37:06+00:00,QQQ,2026-09-25,0,742.899,740.0,P,0.48,0.49,0.485,0.48,168217,9175,0.2115,-0.2202,0.0776,0.054,-0.4839,0.9,2.24,0.24,2.265
2026-09-25T15:37:06+00:00,QQQ,2026-09-25,0,742.899,741.0,P,0.7,0.71,0.705,0.7,180001,3830,0.2047,-0.2993,0.0942,0.0629,-0.7022,1.21,2.78,0.43,2.705
2026-09-25T15:37:06+00:00,QQQ,2026-09-25,0,742.899,742.0,P,1.01,1.02,1.015,1.02,142482,2155,0.1981,-0.3966,0.1078,0.0695,-1.0102,1.61,3.38,0.6,3.2
2026-09-25T15:37:06+00:00,QQQ,2026-09-25,0,742.899,743.0,P,1.44,1.45,1.445,1.44,115618,2163,0.1935,-0.5072,0.1143,0.0718,-1.3581,2.07,4.06,0.81,3.765
2026-09-25T15:37:06+00:00,QQQ,2026-09-25,0,742.899,744.0,P,1.99,2.0,1.995,1.99,100981,1690,0.1905,-0.6215,0.1108,0.0686,-0.9021,2.53,4.83,1.11,4.385
2026-09-25T15:37:06+00:00,QQQ,2026-09-25,0,742.899,745.0,P,2.64,2.68,2.66,2.67,24807,4711,0.1902,-0.727,0.0974,0.0604,-0.5713,3.13,5.67,1.48,5.05
2026-09-25T15:37:06+00:00,QQQ,2026-09-25,0,742.899,746.0,P,3.43,3.48,3.455,3.44,8517,1592,0.1958,-0.8134,0.0782,0.0493,-0.3503,4.0,6.5,1.98,5.785
2026-09-25T15:37:06+00:00,QQQ,2026-09-25,0,742.899,747.0,P,4.27,4.36,4.315,4.12,3796,1426,0.2027,-0.8766,0.0583,0.038,-0.2132,5.3,7.35,2.55,6.57
2026-09-25T15:37:06+00:00,QQQ,2026-09-25,0,742.899,748.0,P,4.66,5.61,5.135,5.49,1269,960,0.1708,-0.9189,0.0416,0.0283,-0.1324,6.27,8.36,3.29,7.41
2026-09-25T15:37:06+00:00,QQQ,2026-09-25,0,742.899,749.0,P,6.12,6.31,6.215,6.05,630,484,0.2384,-0.9458,0.0292,0.021,-0.0857,5.75,8.95,4.0,8.22
2026-09-25T15:37:06+00:00,QQQ,2026-09-25,0,742.899,750.0,P,6.65,7.65,7.15,7.18,590,1729,0.2322,-0.9626,0.0207,0.0157,-0.0583,7.01,10.31,4.91,9.185
2026-09-25T15:37:06+00:00,QQQ,2026-09-25,0,742.899,751.0,P,7.63,8.27,7.95,7.69,430,87,0.0,-0.9733,0.0149,0.012,-0.0418,8.73,11.35,5.88,9.97
2026-09-25T15:37:06+00:00,QQQ,2026-09-25,0,742.899,752.0,P,8.46,9.62,9.04,9.3,65,19,0.0,-0.9802,0.011,0.0094,-0.0313,9.85,12.2,7.17,10.94
2026-09-25T15:37:06+00:00,QQQ,2026-09-25,0,742.899,753.0,P,9.45,10.61,10.03,10.34,114,3,0.0,-0.9848,0.0083,0.0075,-0.0245,10.9,10.9,9.44,11.9
2026-09-25T15:37:06+00:00,QQQ,2026-09-25,0,742.899,754.0,P,10.48,11.61,11.045,10.44,24,0,0.0,-0.9879,0.0065,0.0062,-0.02,12.14,14.33,9.74,12.885
2026-09-25T15:37:06+00:00,QQQ,2026-09-25,0,742.899,755.0,P,11.56,12.24,11.9,11.8,26,8,0.0,-0.99,0.0052,0.0052,-0.0169,12.33,15.01,10.26,14.01
2026-09-25T15:37:06+00:00,QQQ,2026-09-25,0,742.899,756.0,P,12.58,13.24,12.91,12.62,38,27,0.0,-0.9916,0.0042,0.0045,-0.0148,12.74,15.45,11.5,14.905
2026-09-25T15:37:06+00:00,QQQ,2026-09-25,0,742.899,757.0,P,13.46,14.24,13.85,13.61,18,0,0.0,-0.9927,0.0036,0.004,-0.0133,13.19,16.29,12.44,15.875
2026-09-25T15:37:06+00:00,QQQ,2026-09-25,0,742.899,758.0,P,14.56,15.94,15.25,14.65,17,1,0.4982,-0.9935,0.0031,0.0036,-0.0123,14.22,14.65,13.75,16.96
2026-09-25T15:37:06+00:00,QQQ,2026-09-25,0,742.899,759.0,P,15.63,16.23,15.93,15.64,4,3,0.0,-0.9941,0.0027,0.0033,-0.0116,18.46,18.46,15.64,17.88
2026-09-25T15:37:06+00:00,QQQ,2026-09-25,0,742.899,760.0,P,16.62,17.23,16.925,16.63,23,4,0.0,-0.9945,0.0024,0.003,-0.0111,17.3,17.3,16.0,18.885
2026-09-25T15:37:06+00:00,QQQ,2026-09-25,0,742.899,761.0,P,17.62,18.6,18.11,20.41,0,0,0.4506,-0.9949,0.0021,0.0028,-0.0108,0.0,0.0,0.0,19.87
2026-09-25T15:37:06+00:00,QQQ,2026-09-25,0,742.899,762.0,P,18.63,19.24,18.935,18.65,4,0,0.0,-0.9952,0.0019,0.0027,-0.0105,19.28,20.13,18.63,20.86
2026-09-25T15:37:06+00:00,QQQ,2026-09-25,0,742.899,763.0,P,19.61,20.6,20.105,20.86,0,0,0.4839,-0.9955,0.0018,0.0025,-0.0103,0.0,0.0,0.0,21.875
2026-09-25T15:37:06+00:00,QQQ,2026-09-25,0,742.899,764.0,P,20.62,21.24,20.93,20.68,4,0,0.0,-0.9957,0.0016,0.0024,-0.0102,22.85,23.21,20.64,22.8
2026-09-25T15:37:06+00:00,QQQ,2026-09-25,0,742.899,765.0,P,21.55,22.61,22.08,23.54,2,0,0.4512,-0.9959,0.0015,0.0023,-0.0101,23.61,23.61,23.54,23.805
2026-09-25T15:37:06+00:00,QQQ,2026-09-25,0,742.899,766.0,P,22.27,23.6,22.935,23.01,22,0,0.0,-0.996,0.0014,0.0022,-0.01,23.31,25.78,22.78,24.77
2026-09-25T15:37:06+00:00,QQQ,2026-09-25,0,742.899,767.0,P,22.63,24.6,23.615,24.52,43,20,0.0,-0.9962,0.0013,0.0021,-0.0099,24.73,27.07,23.81,25.755
2026-09-25T15:37:06+00:00,QQQ,2026-09-25,0,742.899,768.0,P,24.0,25.61,24.805,27.45,26,0,0.0,-0.9964,0.0012,0.0021,-0.0098,25.68,27.77,25.58,26.76
2026-09-25T15:37:06+00:00,QQQ,2026-09-25,0,742.899,769.0,P,24.85,26.61,25.73,27.57,44,0,0.0,-0.9965,0.0011,0.002,-0.0098,24.8,28.01,24.39,27.865
2026-09-25T15:37:06+00:00,QQQ,2026-09-25,0,742.899,770.0,P,25.86,27.61,26.735,26.43,53,0,0.0,-0.9966,0.001,0.0019,-0.0097,28.91,28.94,26.02,28.865
2026-09-25T15:37:06+00:00,QQQ,2026-09-25,0,742.899,771.0,P,26.87,28.62,27.745,27.42,34,0,0.0,-0.9967,0.001,0.0019,-0.0097,30.0,31.55,27.42,29.755
2026-09-25T15:37:06+00:00,QQQ,2026-09-25,0,742.899,772.0,P,27.74,29.62,28.68,32.38,12,0,0.0,-0.9968,0.0009,0.0018,-0.0096,29.88,32.38,29.81,30.8
2026-09-25T15:37:06+00:00,QQQ,2026-09-25,0,742.899,773.0,P,28.86,30.61,29.735,33.37,14,0,0.0,-0.9969,0.0009,0.0018,-0.0096,28.22,33.37,28.22,31.755
2026-09-25T15:37:06+00:00,QQQ,2026-09-25,0,742.899,774.0,P,29.86,31.6,30.73,30.74,22,0,0.0,-0.997,0.0008,0.0017,-0.0095,29.03,32.07,29.03,32.91
2026-09-25T15:37:06+00:00,QQQ,2026-09-25,0,742.899,775.0,P,30.84,33.24,32.04,31.81,81,0,0.0,-0.9971,0.0008,0.0016,-0.0095,30.2,35.14,30.03,33.755
2026-09-25T15:37:06+00:00,QQQ,2026-09-25,0,742.899,776.0,P,31.58,33.64,32.61,32.8,73,0,0.0,-0.9972,0.0007,0.0016,-0.0094,32.62,36.13,31.32,34.79
2026-09-25T15:37:06+00:00,QQQ,2026-09-25,0,742.899,777.0,P,32.79,34.65,33.72,33.18,24,0,0.0,-0.9972,0.0007,0.0016,-0.0094,34.69,35.53,33.18,35.87
2026-09-25T15:37:06+00:00,QQQ,2026-09-25,0,742.899,778.0,P,33.8,35.99,34.895,34.8,16,0,0.0,-0.9973,0.0007,0.0015,-0.0093,34.64,37.4,34.61,36.785
2026-09-25T15:37:06+00:00,QQQ,2026-09-25,0,742.899,779.0,P,34.58,36.99,35.785,35.79,20,0,0.0,-0.9974,0.0006,0.0015,-0.0093,35.57,38.39,35.54,38.2
2026-09-25T15:37:06+00:00,QQQ,2026-09-25,0,742.899,780.0,P,35.8,37.99,36.895,36.79,40,0,0.0,-0.9975,0.0006,0.0014,-0.0092,37.87,40.18,36.79,39.03
2026-09-25T15:37:06+00:00,QQQ,2026-09-25,0,742.899,781.0,P,36.58,38.98,37.78,37.78,44,0,0.0,-0.9975,0.0006,0.0014,-0.0092,38.8,41.17,37.76,40.285
2026-09-25T15:37:06+00:00,QQQ,2026-09-25,0,742.899,782.0,P,37.8,40.05,38.925,40.3,8,0,0.0,-0.9976,0.0006,0.0014,-0.0092,40.59,40.63,40.27,41.09
2026-09-25T15:37:06+00:00,QQQ,2026-09-25,0,742.899,785.0,P,41.51,42.63,42.07,42.06,14,0,0.0,-0.9978,0.0005,0.0013,-0.009,42.95,42.95,41.24,44.205
2026-09-25T15:37:06+00:00,QQQ,2026-09-25,0,742.899,790.0,P,45.87,48.02,46.945,47.64,5,4,0.0,-0.998,0.0004,0.0012,-0.0088,45.3,47.71,45.3,48.84
2026-09-25T15:37:06+00:00,QQQ,2026-09-25,0,742.899,805.0,P,61.51,62.97,62.24,60.81,1,0,1.5543,-0.9985,0.0002,0.0009,-0.0082,60.81,60.81,60.81,64.24
2026-09-25T15:52:05+00:00,QQQ,2026-09-25,0,742.59,510.0,C,231.95,234.16,233.055,232.09,1,5,7.0951,0.9998,0.0,0.0001,-0.0033,232.09,232.09,232.09,231.115
2026-09-25T15:52:05+00:00,QQQ,2026-09-25,0,742.59,600.0,C,141.93,144.38,143.155,141.06,12,16,4.4412,0.9994,0.0,0.0004,-0.0074,142.9,142.9,141.06,141.055
2026-09-25T15:52:05+00:00,QQQ,2026-09-25,0,742.59,620.0,C,121.95,124.22,123.085,122.1,9,32,3.7649,0.9992,0.0001,0.0005,-0.0085,123.0,123.0,121.33,121.26
2026-09-25T15:52:05+00:00,QQQ,2026-09-25,0,742.59,667.0,C,74.83,77.26,76.045,73.32,1,3,2.3856,0.9984,0.0002,0.0009,-0.0117,73.32,73.32,73.32,73.855
2026-09-25T15:52:05+00:00,QQQ,2026-09-25,0,742.59,675.0,C,66.83,69.11,67.97,68.02,62,47,2.0929,0.9982,0.0002,0.001,-0.0123,67.56,68.02,65.32,66.13
2026-09-25T15:52:05+00:00,QQQ,2026-09-25,0,742.59,677.0,C,64.91,67.41,66.16,66.43,16,16,2.1953,0.9981,0.0002,0.001,-0.0125,63.81,66.43,63.81,64.1
2026-09-25T15:52:05+00:00,QQQ,2026-09-25,0,742.59,679.0,C,63.33,65.42,64.375,61.33,1,4,2.2774,0.998,0.0003,0.0011,-0.0126,61.33,61.33,61.33,62.535
2026-09-25T15:52:05+00:00,QQQ,2026-09-25,0,742.59,680.0,C,62.34,64.47,63.405,63.6,1,15,2.2646,0.998,0.0003,0.0011,-0.0127,63.6,63.6,63.6,61.205
2026-09-25T15:52:05+00:00,QQQ,2026-09-25,0,742.59,681.0,C,61.33,63.1,62.215,61.4,1,6,2.117,0.998,0.0003,0.0011,-0.0128,61.4,61.4,61.4,60.26
2026-09-25T15:52:05+00:00,QQQ,2026-09-25,0,742.59,684.0,C,58.35,60.11,59.23,59.83,27,8,2.0383,0.9978,0.0003,0.0012,-0.013,60.83,61.33,57.57,57.11
2026-09-25T15:52:05+00:00,QQQ,2026-09-25,0,742.59,685.0,C,57.29,59.22,58.255,56.15,3,40,2.0244,0.9978,0.0003,0.0012,-0.0131,59.81,59.81,56.15,56.1
2026-09-25T15:52:05+00:00,QQQ,2026-09-25,0,742.59,687.0,C,55.33,57.33,56.33,54.11,1,12,2.0089,0.9977,0.0004,0.0013,-0.0132,54.11,54.11,54.11,54.11
2026-09-25T15:52:05+00:00,QQQ,2026-09-25,0,742.59,688.0,C,54.31,56.15,55.23,55.83,6,5,1.9199,0.9977,0.0004,0.0013,-0.0133,56.81,56.81,53.85,53.11
2026-09-25T15:52:05+00:00,QQQ,2026-09-25,0,742.59,689.0,C,53.36,55.41,54.385,52.11,1,46,1.9783,0.9976,0.0004,0.0013,-0.0134,52.11,52.11,52.11,52.11
2026-09-25T15:52:05+00:00,QQQ,2026-09-25,0,742.59,690.0,C,52.33,54.29,53.31,52.21,39,164,1.9069,0.9976,0.0004,0.0013,-0.0135,52.43,52.43,50.05,51.11
2026-09-25T15:52:05+00:00,QQQ,2026-09-25,0,742.59,692.0,C,49.9,52.42,51.16,48.46,1,22,1.7588,0.9975,0.0004,0.0014,-0.0136,48.46,48.46,48.46,48.93
2026-09-25T15:52:05+00:00,QQQ,2026-09-25,0,742.59,695.0,C,46.95,49.24,48.095,47.96,38,225,1.6302,0.9973,0.0005,0.0015,-0.0139,47.58,47.96,46.21,46.11
2026-09-25T15:52:05+00:00,QQQ,2026-09-25,0,742.59,697.0,C,44.82,47.33,46.075,43.8,7,84,1.5596,0.9972,0.0005,0.0016,-0.0141,43.91,44.85,43.8,44.27
2026-09-25T15:52:05+00:00,QQQ,2026-09-25,0,742.59,698.0,C,43.81,46.35,45.08,46.41,1,80,1.534,0.9971,0.0005,0.0016,-0.0141,46.41,46.41,46.41,43.11
2026-09-25T15:52:05+00:00,QQQ,2026-09-25,0,742.59,699.0,C,42.81,45.22,44.015,44.1,14,114,1.4627,0.997,0.0006,0.0016,-0.0142,45.83,46.24,44.1,42.265
2026-09-25T15:52:05+00:00,QQQ,2026-09-25,0,742.59,700.0,C,41.94,44.13,43.035,42.37,170,969,1.4476,0.9969,0.0006,0.0017,-0.0143,42.0,44.27,40.0,41.15
2026-09-25T15:52:05+00:00,QQQ,2026-09-25,0,742.59,701.0,C,40.82,43.3,42.06,39.67,7,57,1.4349,0.9969,0.0006,0.0017,-0.0144,42.29,42.29,39.38,40.27
2026-09-25T15:52:05+00:00,QQQ,2026-09-25,0,742.59,702.0,C,39.94,42.12,41.03,39.05,2,309,1.3872,0.9968,0.0006,0.0017,-0.0145,38.9,39.05,38.9,39.265
2026-09-25T15:52:05+00:00,QQQ,2026-09-25,0,742.59,703.0,C,38.94,41.28,40.11,40.98,2,192,1.4066,0.9967,0.0007,0.0018,-0.0146,40.98,40.98,40.98,38.265
2026-09-25T15:52:05+00:00,QQQ,2026-09-25,0,742.59,704.0,C,38.37,40.24,39.305,40.95,15,330,1.4772,0.9966,0.0007,0.0018,-0.0146,39.3,40.95,39.29,37.205
2026-09-25T15:52:05+00:00,QQQ,2026-09-25,0,742.59,705.0,C,37.34,39.34,38.34,38.01,7,1128,1.4624,0.9965,0.0007,0.0019,-0.0147,38.98,39.95,37.78,36.36
2026-09-25T15:52:05+00:00,QQQ,2026-09-25,0,742.59,706.0,C,36.02,38.18,37.1,34.84,2,382,1.3127,0.9964,0.0008,0.0019,-0.0148,35.04,35.04,34.84,35.17
2026-09-25T15:52:05+00:00,QQQ,2026-09-25,0,742.59,707.0,C,34.83,36.9,35.865,36.6,35,399,1.1317,0.9963,0.0008,0.002,-0.0149,36.87,37.78,33.68,34.155
2026-09-25T15:52:05+00:00,QQQ,2026-09-25,0,742.59,708.0,C,34.06,36.21,35.135,34.89,79,486,1.272,0.9962,0.0008,0.002,-0.015,35.86,36.27,31.5,33.185
2026-09-25T15:52:05+00:00,QQQ,2026-09-25,0,742.59,709.0,C,33.35,34.88,34.115,33.9,89,475,1.2318,0.9961,0.0009,0.0021,-0.0151,34.58,35.95,31.58,32.36
2026-09-25T15:52:05+00:00,QQQ,2026-09-25,0,742.59,710.0,C,32.34,33.27,32.805,33.24,93,2041,1.0017,0.996,0.0009,0.0021,-0.0152,33.83,35.07,29.99,31.365
2026-09-25T15:52:05+00:00,QQQ,2026-09-25,0,742.59,711.0,C,31.35,33.34,32.345,32.29,7,1740,1.276,0.9959,0.001,0.0022,-0.0153,32.71,32.71,31.0,30.185
2026-09-25T15:52:05+00:00,QQQ,2026-09-25,0,742.59,712.0,C,30.35,32.31,31.33,31.25,13,1393,1.2381,0.9957,0.001,0.0023,-0.0154,30.8,33.07,27.94,29.29
2026-09-25T15:52:05+00:00,QQQ,2026-09-25,0,742.59,713.0,C,29.34,31.04,30.19,30.01,15,388,1.1468,0.9956,0.0011,0.0023,-0.0154,31.08,31.1,29.1,28.175
2026-09-25T15:52:05+00:00,QQQ,2026-09-25,0,742.59,714.0,C,28.33,30.07,29.2,27.58,31,433,1.1203,0.9954,0.0012,0.0024,-0.0156,29.85,30.79,26.72,27.3
2026-09-25T15:52:05+00:00,QQQ,2026-09-25,0,742.59,715.0,C,27.35,28.71,28.03,28.57,111,2764,1.0099,0.9953,0.0013,0.0025,-0.0156,27.38,29.77,25.53,26.375
2026-09-25T15:52:05+00:00,QQQ,2026-09-25,0,742.59,716.0,C,26.34,26.97,26.655,26.77,80,899,0.6681,0.9951,0.0014,0.0026,-0.0158,26.37,28.12,23.77,25.2
2026-09-25T15:52:05+00:00,QQQ,2026-09-25,0,742.59,717.0,C,25.34,26.41,25.875,25.82,43,1275,0.8646,0.9949,0.0014,0.0027,-0.0159,25.38,28.23,23.65,24.345
2026-09-25T15:52:05+00:00,QQQ,2026-09-25,0,742.59,718.0,C,24.34,25.32,24.83,25.39,388,2117,0.8072,0.9947,0.0016,0.0028,-0.016,24.15,27.26,22.85,23.305
2026-09-25T15:52:05+00:00,QQQ,2026-09-25,0,742.59,719.0,C,23.35,24.85,24.1,24.43,67,2166,0.9223,0.9945,0.0017,0.0029,-0.0161,23.86,25.45,21.72,22.335
2026-09-25T15:52:05+00:00,QQQ,2026-09-25,0,742.59,720.0,C,22.35,23.02,22.685,23.5,301,4506,0.6247,0.9943,0.0018,0.003,-0.0163,23.8,25.18,20.05,21.345
2026-09-25T15:52:05+00:00,QQQ,2026-09-25,0,742.59,721.0,C,21.34,22.05,21.695,21.8,101,1521,0.6128,0.994,0.0019,0.0031,-0.0164,22.91,24.19,19.22,20.33
2026-09-25T15:52:05+00:00,QQQ,2026-09-25,0,742.59,722.0,C,20.38,21.85,21.115,20.79,81,1603,0.8354,0.9937,0.0021,0.0033,-0.0167,20.23,23.18,18.01,19.4
2026-09-25T15:52:05+00:00,QQQ,2026-09-25,0,742.59,723.0,C,19.34,20.82,20.08,20.7,68,1475,0.79,0.9934,0.0023,0.0034,-0.017,18.87,21.5,17.65,18.41
2026-09-25T15:52:05+00:00,QQQ,2026-09-25,0,742.59,724.0,C,18.34,19.85,19.095,19.77,185,1444,0.7645,0.9929,0.0026,0.0036,-0.0173,18.9,20.82,17.06,17.38
2026-09-25T15:52:05+00:00,QQQ,2026-09-25,0,742.59,725.0,C,17.39,18.02,17.705,18.61,431,3340,0.5239,0.9924,0.0028,0.0039,-0.0178,17.18,19.82,14.98,16.38
2026-09-25T15:52:05+00:00,QQQ,2026-09-25,0,742.59,726.0,C,16.35,17.56,16.955,17.64,335,2231,0.6453,0.9918,0.0032,0.0042,-0.0186,16.54,19.34,13.84,15.465
2026-09-25T15:52:05+00:00,QQQ,2026-09-25,0,742.59,727.0,C,15.35,16.3,15.825,15.89,222,1527,0.5534,0.991,0.0036,0.0045,-0.0196,15.02,17.46,13.71,14.495
2026-09-25T15:52:05+00:00,QQQ,2026-09-25,0,742.59,728.0,C,14.4,14.99,14.695,14.71,181,2229,0.4387,0.99,0.0042,0.005,-0.021,14.37,17.4,12.82,13.5
2026-09-25T15:52:05+00:00,QQQ,2026-09-25,0,742.59,729.0,C,13.35,14.89,14.12,13.62,234,6541,0.6116,0.9886,0.0049,0.0056,-0.0232,13.6,16.21,11.5,12.54
2026-09-25T15:52:05+00:00,QQQ,2026-09-25,0,742.59,730.0,C,12.37,13.12,12.745,13.49,502,5327,0.4232,0.9867,0.006,0.0064,-0.0264,13.43,15.41,9.91,11.5
2026-09-25T15:52:05+00:00,QQQ,2026-09-25,0,742.59,731.0,C,11.38,12.34,11.86,11.41,163,2062,0.4527,0.9839,0.0073,0.0075,-0.031,12.55,14.33,9.19,10.59
2026-09-25T15:52:05+00:00,QQQ,2026-09-25,0,742.59,732.0,C,10.38,11.14,10.76,10.93,408,1757,0.3761,0.98,0.0093,0.0091,-0.0379,10.5,13.19,8.09,9.62
2026-09-25T15:52:05+00:00,QQQ,2026-09-25,0,742.59,733.0,C,9.39,9.75,9.57,9.96,793,1220,0.0,0.9744,0.012,0.0112,-0.0479,9.9,11.66,7.13,8.795
2026-09-25T15:52:05+00:00,QQQ,2026-09-25,0,742.59,734.0,C,8.4,9.27,8.835,8.93,2004,3797,0.3506,0.9663,0.0158,0.0139,-0.0625,8.3,11.44,6.24,7.875
2026-09-25T15:52:05+00:00,QQQ,2026-09-25,0,742.59,735.0,C,7.43,8.14,7.785,7.96,3950,8526,0.2999,0.9547,0.021,0.0176,-0.0841,7.16,10.43,5.43,7.03
2026-09-25T15:52:05+00:00,QQQ,2026-09-25,0,742.59,736.0,C,6.59,7.03,6.81,6.9,1728,4244,0.2785,0.938,0.0282,0.0225,-0.1161,6.73,9.42,4.59,6.225
2026-09-25T15:52:05+00:00,QQQ,2026-09-25,0,742.59,737.0,C,5.52,6.08,5.8,5.62,2423,3792,0.2431,0.9139,0.038,0.0287,-0.1638,5.66,8.4,3.83,5.46
2026-09-25T15:52:05+00:00,QQQ,2026-09-25,0,742.59,738.0,C,4.81,4.89,4.85,4.65,4768,3576,0.2267,0.8793,0.0507,0.0364,-0.2359,5.07,7.61,3.11,4.735
2026-09-25T15:52:05+00:00,QQQ,2026-09-25,0,742.59,739.0,C,3.91,3.97,3.94,3.85,9312,5477,0.2176,0.8305,0.0665,0.0453,-0.3448,4.22,6.54,2.46,4.07
2026-09-25T15:52:05+00:00,QQQ,2026-09-25,0,742.59,740.0,C,3.08,3.14,3.11,3.13,33140,9097,0.2087,0.7638,0.0842,0.0548,-0.5078,3.58,5.66,1.9,3.455
2026-09-25T15:52:05+00:00,QQQ,2026-09-25,0,742.59,741.0,C,2.34,2.35,2.345,2.37,60607,7953,0.201,0.6772,0.1016,0.0634,-0.7462,2.92,4.8,1.43,2.9
2026-09-25T15:52:05+00:00,QQQ,2026-09-25,0,742.59,742.0,C,1.69,1.7,1.695,1.7,135875,6533,0.1956,0.5721,0.1144,0.069,-1.0833,2.16,4.0,1.05,2.405
2026-09-25T15:52:05+00:00,QQQ,2026-09-25,0,742.59,743.0,C,1.14,1.15,1.145,1.16,192490,5419,0.1909,0.4552,0.1183,0.0697,-1.1542,1.73,3.21,0.74,1.965
2026-09-25T15:52:05+00:00,QQQ,2026-09-25,0,742.59,744.0,C,0.73,0.74,0.735,0.73,250435,6129,0.1872,0.3382,0.1109,0.0645,-0.739,1.18,2.51,0.51,1.585
2026-09-25T15:52:05+00:00,QQQ,2026-09-25,0,742.59,745.0,C,0.43,0.44,0.435,0.44,248612,13975,0.1841,0.2343,0.0937,0.0547,-0.4479,0.9,1.9,0.35,1.255
2026-09-25T15:52:05+00:00,QQQ,2026-09-25,0,742.59,746.0,C,0.24,0.25,0.245,0.25,156529,14457,0.1834,0.1529,0.0718,0.0426,-0.2613,0.68,1.38,0.23,0.995
2026-09-25T15:52:05+00:00,QQQ,2026-09-25,0,742.59,747.0,C,0.13,0.14,0.135,0.14,96673,4485,0.1853,0.0964,0.051,0.0313,-0.1512,0.4,0.96,0.13,0.775
2026-09-25T15:52:05+00:00,QQQ,2026-09-25,0,742.59,748.0,C,0.08,0.09,0.085,0.09,73838,8907,0.1946,0.0609,0.0348,0.0224,-0.0904,0.26,0.64,0.08,0.605
2026-09-25T15:52:05+00:00,QQQ,2026-09-25,0,742.59,749.0,C,0.05,0.06,0.055,0.05,34446,5760,0.2045,0.0399,0.0237,0.0162,-0.0577,0.17,0.44,0.05,0.475
2026-09-25T15:52:05+00:00,QQQ,2026-09-25,0,742.59,750.0,C,0.04,0.05,0.045,0.04,40304,20833,0.2224,0.0276,0.0166,0.0121,-0.0399,0.11,0.32,0.04,0.365
2026-09-25T15:52:05+00:00,QQQ,2026-09-25,0,742.59,751.0,C,0.03,0.04,0.035,0.03,14655,3438,0.2373,0.0202,0.012,0.0093,-0.0298,0.07,0.24,0.03,0.285
2026-09-25T15:52:05+00:00,QQQ,2026-09-25,0,742.59,752.0,C,0.02,0.03,0.025,0.02,13669,4770,0.2482,0.0156,0.0091,0.0075,-0.0236,0.06,0.18,0.02,0.225
2026-09-25T15:52:05+00:00,QQQ,2026-09-25,0,742.59,753.0,C,0.02,0.03,0.025,0.01,20370,4891,0.2706,0.0126,0.0071,0.0062,-0.0198,0.05,0.13,0.01,0.175
2026-09-25T15:52:05+00:00,QQQ,2026-09-25,0,742.59,754.0,C,0.01,0.02,0.015,0.02,11888,12655,0.274,0.0106,0.0057,0.0054,-0.0173,0.09,0.1,0.01,0.145
2026-09-25T15:52:05+00:00,QQQ,2026-09-25,0,742.59,755.0,C,0.01,0.02,0.015,0.01,6898,21605,0.2948,0.0092,0.0048,0.0047,-0.0157,0.01,0.08,0.01,0.115
2026-09-25T15:52:05+00:00,QQQ,2026-09-25,0,742.59,756.0,C,0.01,0.02,0.015,0.01,5554,5483,0.3154,0.0082,0.0041,0.0043,-0.0146,0.04,0.06,0.01,0.095
2026-09-25T15:52:05+00:00,QQQ,2026-09-25,0,742.59,757.0,C,0.0,0.01,0.01,0.01,2184,2957,0.2981,0.0075,0.0035,0.0039,-0.0139,0.01,0.05,0.01,0.085
2026-09-25T15:52:05+00:00,QQQ,2026-09-25,0,742.59,758.0,C,0.0,0.01,0.01,0.01,4466,3008,0.3166,0.0069,0.0031,0.0036,-0.0134,0.03,0.04,0.01,0.065
2026-09-25T15:52:05+00:00,QQQ,2026-09-25,0,742.59,759.0,C,0.0,0.01,0.01,0.01,565,988,0.3348,0.0064,0.0028,0.0034,-0.0131,0.01,0.04,0.01,0.055
2026-09-25T15:52:05+00:00,QQQ,2026-09-25,0,742.59,760.0,C,0.0,0.01,0.01,0.01,4390,9228,0.353,0.0061,0.0025,0.0032,-0.0129,0.03,0.04,0.01,0.055
2026-09-25T15:52:05+00:00,QQQ,2026-09-25,0,742.59,761.0,C,0.0,0.01,0.01,0.01,2990,1234,0.3711,0.0057,0.0023,0.0031,-0.0127,0.02,0.03,0.01,0.045
2026-09-25T15:52:05+00:00,QQQ,2026-09-25,0,742.59,762.0,C,0.0,0.01,0.01,0.01,262,1142,0.3891,0.0054,0.0021,0.0029,-0.0126,0.02,0.03,0.01,0.045
2026-09-25T15:52:05+00:00,QQQ,2026-09-25,0,742.59,763.0,C,0.0,0.01,0.01,0.01,485,935,0.4069,0.0052,0.0019,0.0028,-0.0125,0.02,0.02,0.01,0.035
2026-09-25T15:52:05+00:00,QQQ,2026-09-25,0,742.59,764.0,C,0.0,0.01,0.01,0.01,10,2707,0.4247,0.005,0.0018,0.0027,-0.0124,0.01,0.02,0.01,0.035
2026-09-25T15:52:05+00:00,QQQ,2026-09-25,0,742.59,765.0,C,0.0,0.01,0.01,0.01,885,5206,0.4424,0.0048,0.0016,0.0026,-0.0123,0.02,0.02,0.01,0.025
2026-09-25T15:52:05+00:00,QQQ,2026-09-25,0,742.59,766.0,C,0.0,0.01,0.01,0.01,1205,487,0.46,0.0046,0.0015,0.0025,-0.0122,0.02,0.02,0.01,0.025
2026-09-25T15:52:05+00:00,QQQ,2026-09-25,0,742.59,767.0,C,0.0,0.01,0.01,0.01,349,171,0.4775,0.0044,0.0014,0.0024,-0.0122,0.01,0.02,0.01,0.025
2026-09-25T15:52:05+00:00,QQQ,2026-09-25,0,742.59,768.0,C,0.0,0.01,0.01,0.01,17,706,0.495,0.0043,0.0013,0.0023,-0.0121,0.01,0.02,0.01,0.025
2026-09-25T15:52:05+00:00,QQQ,2026-09-25,0,742.59,769.0,C,0.0,0.01,0.01,0.01,5,711,0.5124,0.0041,0.0012,0.0022,-0.012,0.01,0.01,0.01,0.025
2026-09-25T15:52:05+00:00,QQQ,2026-09-25,0,742.59,770.0,C,0.0,0.01,0.01,0.01,300,7792,0.5297,0.004,0.0012,0.0022,-0.012,0.02,0.02,0.01,0.015
2026-09-25T15:52:05+00:00,QQQ,2026-09-25,0,742.59,771.0,C,0.0,0.01,0.01,0.01,40,90,0.5469,0.0039,0.0011,0.0021,-0.0119,0.01,0.02,0.01,0.015
2026-09-25T15:52:05+00:00,QQQ,2026-09-25,0,742.59,772.0,C,0.0,0.01,0.02,0.02,0,62,0.564,0.0038,0.001,0.002,-0.0119,0.0,0.0,0.0,0.015
2026-09-25T15:52:05+00:00,QQQ,2026-09-25,0,742.59,773.0,C,0.0,0.01,0.02,0.02,0,1061,0.5811,0.0036,0.001,0.002,-0.0118,0.0,0.0,0.0,0.015
2026-09-25T15:52:05+00:00,QQQ,2026-09-25,0,742.59,774.0,C,0.0,0.01,0.02,0.02,0,1312,0.5982,0.0035,0.0009,0.0019,-0.0118,0.0,0.0,0.0,0.015
2026-09-25T15:52:05+00:00,QQQ,2026-09-25,0,742.59,775.0,C,0.0,0.01,0.01,0.01,0,1926,0.6151,0.0034,0.0009,0.0019,-0.0117,0.0,0.0,0.0,0.015
2026-09-25T15:52:05+00:00,QQQ,2026-09-25,0,742.59,776.0,C,0.0,0.01,0.02,0.02,0,368,0.632,0.0033,0.0008,0.0018,-0.0117,0.0,0.0,0.0,0.015
2026-09-25T15:52:05+00:00,QQQ,2026-09-25,0,742.59,777.0,C,0.0,0.01,0.01,0.01,4,68,0.6488,0.0032,0.0008,0.0018,-0.0116,0.01,0.01,0.01,0.015
2026-09-25T15:52:05+00:00,QQQ,2026-09-25,0,742.59,778.0,C,0.0,0.01,0.02,0.02,4,139,0.6656,0.0032,0.0008,0.0017,-0.0116,0.02,0.02,0.02,0.015
2026-09-25T15:52:05+00:00,QQQ,2026-09-25,0,742.59,779.0,C,0.0,0.01,0.02,0.02,0,328,0.6824,0.0031,0.0007,0.0017,-0.0115,0.0,0.0,0.0,0.015
2026-09-25T15:52:05+00:00,QQQ,2026-09-25,0,742.59,780.0,C,0.0,0.01,0.01,0.01,2,1683,0.699,0.003,0.0007,0.0016,-0.0115,0.01,0.01,0.01,0.015
2026-09-25T15:52:05+00:00,QQQ,2026-09-25,0,742.59,782.0,C,0.0,0.01,0.01,0.01,213,707,0.7322,0.0029,0.0006,0.0016,-0.0114,0.01,0.01,0.01,0.005
2026-09-25T15:52:05+00:00,QQQ,2026-09-25,0,742.59,935.0,C,0.0,0.01,0.01,0.01,26,40,2.8903,0.0005,0.0,0.0003,-0.0058,0.01,0.01,0.01,0.005
2026-09-25T15:52:05+00:00,QQQ,2026-09-25,0,742.59,450.0,P,0.0,0.01,0.01,0.01,3,1311,6.1131,-0.0001,0.0,0.0,-0.0016,0.01,0.01,0.01,0.005
2026-09-25T15:52:05+00:00,QQQ,2026-09-25,0,742.59,580.0,P,0.0,0.01,0.01,0.01,25,772,3.1377,-0.0005,0.0,0.0003,-0.0063,0.01,0.01,0.01,0.005
2026-09-25T15:52:05+00:00,QQQ,2026-09-25,0,742.59,600.0,P,0.0,0.01,0.01,0.01,1,4152,2.7327,-0.0006,0.0,0.0004,-0.0074,0.01,0.01,0.01,0.005
2026-09-25T15:52:05+00:00,QQQ,2026-09-25,0,742.59,605.0,P,0.0,0.01,0.01,0.01,2,1883,2.6331,-0.0006,0.0,0.0004,-0.0076,0.01,0.01,0.01,0.005
2026-09-25T15:52:05+00:00,QQQ,2026-09-25,0,742.59,620.0,P,0.0,0.01,0.01,0.01,17,2323,2.3379,-0.0008,0.0001,0.0005,-0.0085,0.01,0.01,0.01,0.005
2026-09-25T15:52:05+00:00,QQQ,2026-09-25,0,742.59,625.0,P,0.0,0.01,0.01,0.01,5,1666,2.2407,-0.0008,0.0001,0.0005,-0.0088,0.01,0.01,0.01,0.005
2026-09-25T15:52:05+00:00,QQQ,2026-09-25,0,742.59,635.0,P,0.0,0.01,0.01,0.01,20,15929,2.0478,-0.001,0.0001,0.0006,-0.0095,0.01,0.01,0.01,0.005
2026-09-25T15:52:05+00:00,QQQ,2026-09-25,0,742.59,640.0,P,0.0,0.01,0.02,0.02,5,1828,1.9521,-0.001,0.0001,0.0006,-0.0098,0.01,0.02,0.01,0.005
2026-09-25T15:52:05+00:00,QQQ,2026-09-25,0,742.59,645.0,P,0.0,0.01,0.02,0.02,51,4195,1.8569,-0.0011,0.0001,0.0006,-0.0102,0.01,0.02,0.01,0.005
2026-09-25T15:52:05+00:00,QQQ,2026-09-25,0,742.59,650.0,P,0.0,0.01,0.01,0.01,8,10661,1.7621,-0.0012,0.0001,0.0007,-0.0105,0.01,0.01,0.01,0.005
2026-09-25T15:52:05+00:00,QQQ,2026-09-25,0,742.59,660.0,P,0.0,0.01,0.01,0.01,17,4570,1.5738,-0.0014,0.0002,0.0008,-0.0112,0.01,0.01,0.01,0.005
2026-09-25T15:52:05+00:00,QQQ,2026-09-25,0,742.59,665.0,P,0.0,0.01,0.01,0.01,5,38192,1.4802,-0.0015,0.0002,0.0009,-0.0116,0.01,0.01,0.01,0.005
2026-09-25T15:52:05+00:00,QQQ,2026-09-25,0,742.59,670.0,P,0.0,0.01,0.01,0.01,2,5857,1.387,-0.0017,0.0002,0.0009,-0.0119,0.01,0.01,0.01,0.005
2026-09-25T15:52:05+00:00,QQQ,2026-09-25,0,742.59,672.0,P,0.0,0.01,0.01,0.01,1,726,1.3498,-0.0017,0.0002,0.001,-0.0121,0.01,0.01,0.01,0.015
2026-09-25T15:52:05+00:00,QQQ,2026-09-25,0,742.59,673.0,P,0.0,0.01,0.01,0.01,3,607,1.3312,-0.0018,0.0002,0.001,-0.0122,0.01,0.01,0.01,0.015
2026-09-25T15:52:05+00:00,QQQ,2026-09-25,0,742.59,674.0,P,0.0,0.01,0.01,0.01,1,825,1.3126,-0.0018,0.0002,0.001,-0.0122,0.01,0.01,0.01,0.015
2026-09-25T15:52:05+00:00,QQQ,2026-09-25,0,742.59,675.0,P,0.0,0.01,0.01,0.01,22,3161,1.294,-0.0018,0.0002,0.001,-0.0123,0.01,0.01,0.01,0.015
2026-09-25T15:52:05+00:00,QQQ,2026-09-25,0,742.59,677.0,P,0.0,0.01,0.01,0.01,28,772,1.2569,-0.0019,0.0002,0.001,-0.0125,0.01,0.01,0.01,0.015
2026-09-25T15:52:05+00:00,QQQ,2026-09-25,0,742.59,678.0,P,0.0,0.01,0.01,0.01,149,890,1.2383,-0.0019,0.0003,0.0011,-0.0125,0.01,0.01,0.01,0.015
2026-09-25T15:52:05+00:00,QQQ,2026-09-25,0,742.59,680.0,P,0.0,0.01,0.01,0.01,66,3580,1.2013,-0.002,0.0003,0.0011,-0.0127,0.01,0.02,0.01,0.015
2026-09-25T15:52:05+00:00,QQQ,2026-09-25,0,742.59,681.0,P,0.0,0.01,0.01,0.01,154,1155,1.1828,-0.002,0.0003,0.0011,-0.0128,0.01,0.01,0.01,0.015
2026-09-25T15:52:05+00:00,QQQ,2026-09-25,0,742.59,682.0,P,0.0,0.01,0.01,0.01,1,1046,1.1643,-0.0021,0.0003,0.0012,-0.0128,0.01,0.01,0.01,0.015
2026-09-25T15:52:05+00:00,QQQ,2026-09-25,0,742.59,683.0,P,0.0,0.01,0.01,0.01,1975,3458,1.1458,-0.0021,0.0003,0.0012,-0.0129,0.01,0.01,0.01,0.015
2026-09-25T15:52:05+00:00,QQQ,2026-09-25,0,742.59,685.0,P,0.0,0.01,0.01,0.01,105,2903,1.1088,-0.0022,0.0003,0.0012,-0.0131,0.01,0.01,0.01,0.015
2026-09-25T15:52:05+00:00,QQQ,2026-09-25,0,742.59,686.0,P,0.0,0.01,0.01,0.01,4,2437,1.0903,-0.0022,0.0003,0.0012,-0.0132,0.01,0.01,0.01,0.015
2026-09-25T15:52:05+00:00,QQQ,2026-09-25,0,742.59,687.0,P,0.0,0.01,0.01,0.01,5,2225,1.0718,-0.0023,0.0004,0.0013,-0.0132,0.01,0.01,0.01,0.015
2026-09-25T15:52:05+00:00,QQQ,2026-09-25,0,742.59,688.0,P,0.0,0.01,0.01,0.01,206,1946,1.0533,-0.0023,0.0004,0.0013,-0.0133,0.01,0.01,0.01,0.015
2026-09-25T15:52:05+00:00,QQQ,2026-09-25,0,742.59,689.0,P,0.0,0.01,0.02,0.02,32,2011,1.0348,-0.0024,0.0004,0.0013,-0.0134,0.01,0.02,0.01,0.015
2026-09-25T15:52:05+00:00,QQQ,2026-09-25,0,742.59,690.0,P,0.0,0.01,0.01,0.01,71,85486,1.0164,-0.0024,0.0004,0.0013,-0.0135,0.01,0.01,0.01,0.015
2026-09-25T15:52:05+00:00,QQQ,2026-09-25,0,742.59,691.0,P,0.0,0.01,0.01,0.01,6,2293,0.9979,-0.0025,0.0004,0.0014,-0.0136,0.01,0.01,0.01,0.015
2026-09-25T15:52:05+00:00,QQQ,2026-09-25,0,742.59,692.0,P,0.0,0.01,0.01,0.01,6,1496,0.9795,-0.0025,0.0004,0.0014,-0.0136,0.01,0.01,0.01,0.015
2026-09-25T15:52:05+00:00,QQQ,2026-09-25,0,742.59,693.0,P,0.0,0.01,0.01,0.01,1,4215,0.961,-0.0026,0.0004,0.0014,-0.0137,0.01,0.01,0.01,0.015
2026-09-25T15:52:05+00:00,QQQ,2026-09-25,0,742.59,694.0,P,0.0,0.01,0.01,0.01,5,2917,0.9425,-0.0026,0.0004,0.0014,-0.0138,0.01,0.01,0.01,0.015
2026-09-25T15:52:05+00:00,QQQ,2026-09-25,0,742.59,695.0,P,0.0,0.01,0.01,0.01,3,5302,0.9241,-0.0027,0.0005,0.0015,-0.0139,0.01,0.01,0.01,0.015
2026-09-25T15:52:05+00:00,QQQ,2026-09-25,0,742.59,696.0,P,0.0,0.01,0.01,0.01,6,2333,0.9056,-0.0028,0.0005,0.0015,-0.014,0.02,0.02,0.01,0.015
2026-09-25T15:52:05+00:00,QQQ,2026-09-25,0,742.59,697.0,P,0.0,0.01,0.01,0.01,6,1476,0.8872,-0.0028,0.0005,0.0016,-0.0141,0.01,0.01,0.01,0.015
2026-09-25T15:52:05+00:00,QQQ,2026-09-25,0,742.59,698.0,P,0.0,0.01,0.01,0.01,26,5285,0.8687,-0.0029,0.0005,0.0016,-0.0141,0.01,0.01,0.01,0.015
2026-09-25T15:52:05+00:00,QQQ,2026-09-25,0,742.59,699.0,P,0.0,0.01,0.01,0.01,1,5876,0.8502,-0.003,0.0006,0.0016,-0.0142,0.01,0.01,0.01,0.015
2026-09-25T15:52:05+00:00,QQQ,2026-09-25,0,742.59,700.0,P,0.0,0.01,0.01,0.01,53,18205,0.8318,-0.0031,0.0006,0.0017,-0.0143,0.01,0.01,0.01,0.015
2026-09-25T15:52:05+00:00,QQQ,2026-09-25,0,742.59,701.0,P,0.0,0.01,0.01,0.01,2,1908,0.8133,-0.0031,0.0006,0.0017,-0.0144,0.01,0.01,0.01,0.015
2026-09-25T15:52:05+00:00,QQQ,2026-09-25,0,742.59,702.0,P,0.0,0.01,0.01,0.01,4,2384,0.7948,-0.0032,0.0006,0.0017,-0.0145,0.01,0.01,0.01,0.015
2026-09-25T15:52:05+00:00,QQQ,2026-09-25,0,742.59,703.0,P,0.0,0.01,0.01,0.01,28,1702,0.7764,-0.0033,0.0007,0.0018,-0.0146,0.01,0.01,0.01,0.025
2026-09-25T15:52:05+00:00,QQQ,2026-09-25,0,742.59,704.0,P,0.0,0.01,0.01,0.01,1,3626,0.7579,-0.0034,0.0007,0.0018,-0.0146,0.01,0.01,0.01,0.025
2026-09-25T15:52:05+00:00,QQQ,2026-09-25,0,742.59,705.0,P,0.0,0.01,0.01,0.01,328,32695,0.7394,-0.0035,0.0007,0.0019,-0.0147,0.02,0.02,0.01,0.025
2026-09-25T15:52:05+00:00,QQQ,2026-09-25,0,742.59,706.0,P,0.0,0.01,0.01,0.01,11,1957,0.7209,-0.0036,0.0008,0.0019,-0.0148,0.01,0.01,0.01,0.025
2026-09-25T15:52:05+00:00,QQQ,2026-09-25,0,742.59,707.0,P,0.0,0.01,0.01,0.01,25,3017,0.7024,-0.0037,0.0008,0.002,-0.0149,0.01,0.01,0.01,0.025
2026-09-25T15:52:05+00:00,QQQ,2026-09-25,0,742.59,708.0,P,0.0,0.01,0.01,0.01,53,1971,0.6839,-0.0038,0.0008,0.002,-0.015,0.01,0.01,0.01,0.025
2026-09-25T15:52:05+00:00,QQQ,2026-09-25,0,742.59,709.0,P,0.0,0.01,0.01,0.01,99,2181,0.6654,-0.0039,0.0009,0.0021,-0.0151,0.01,0.03,0.01,0.025
2026-09-25T15:52:05+00:00,QQQ,2026-09-25,0,742.59,710.0,P,0.0,0.01,0.01,0.01,482,10372,0.6468,-0.004,0.0009,0.0021,-0.0152,0.01,0.01,0.01,0.025
2026-09-25T15:52:05+00:00,QQQ,2026-09-25,0,742.59,711.0,P,0.0,0.01,0.01,0.01,104,2672,0.6282,-0.0041,0.001,0.0022,-0.0153,0.01,0.01,0.01,0.035
2026-09-25T15:52:05+00:00,QQQ,2026-09-25,0,742.59,712.0,P,0.0,0.01,0.01,0.01,313,2064,0.6097,-0.0043,0.001,0.0023,-0.0154,0.01,0.01,0.01,0.035
2026-09-25T15:52:05+00:00,QQQ,2026-09-25,0,742.59,713.0,P,0.0,0.01,0.01,0.01,240,2093,0.5911,-0.0044,0.0011,0.0023,-0.0154,0.02,0.02,0.01,0.035
2026-09-25T15:52:05+00:00,QQQ,2026-09-25,0,742.59,714.0,P,0.0,0.01,0.01,0.01,1103,4859,0.5725,-0.0046,0.0012,0.0024,-0.0156,0.01,0.02,0.01,0.035
2026-09-25T15:52:05+00:00,QQQ,2026-09-25,0,742.59,715.0,P,0.0,0.01,0.01,0.01,3711,9399,0.5538,-0.0047,0.0013,0.0025,-0.0156,0.01,0.02,0.01,0.035
2026-09-25T15:52:05+00:00,QQQ,2026-09-25,0,742.59,716.0,P,0.0,0.01,0.01,0.01,2320,4106,0.5352,-0.0049,0.0014,0.0026,-0.0158,0.02,0.02,0.01,0.045
2026-09-25T15:52:05+00:00,QQQ,2026-09-25,0,742.59,717.0,P,0.0,0.01,0.01,0.01,8427,3256,0.5165,-0.0051,0.0014,0.0027,-0.0159,0.01,0.03,0.01,0.045
2026-09-25T15:52:05+00:00,QQQ,2026-09-25,0,742.59,718.0,P,0.0,0.01,0.01,0.01,12668,13685,0.4978,-0.0053,0.0016,0.0028,-0.016,0.01,0.03,0.01,0.045
2026-09-25T15:52:05+00:00,QQQ,2026-09-25,0,742.59,719.0,P,0.01,0.02,0.015,0.01,3211,8537,0.5346,-0.0055,0.0017,0.0029,-0.0161,0.02,0.03,0.01,0.055
2026-09-25T15:52:05+00:00,QQQ,2026-09-25,0,742.59,720.0,P,0.01,0.02,0.015,0.01,9571,11872,0.514,-0.0057,0.0018,0.003,-0.0163,0.01,0.04,0.01,0.055
2026-09-25T15:52:05+00:00,QQQ,2026-09-25,0,742.59,721.0,P,0.01,0.02,0.015,0.01,2944,4963,0.4934,-0.006,0.0019,0.0031,-0.0164,0.01,0.03,0.01,0.065
2026-09-25T15:52:05+00:00,QQQ,2026-09-25,0,742.59,722.0,P,0.01,0.02,0.015,0.01,1328,8821,0.4728,-0.0063,0.0021,0.0033,-0.0167,0.02,0.04,0.01,0.075
2026-09-25T15:52:05+00:00,QQQ,2026-09-25,0,742.59,723.0,P,0.01,0.02,0.015,0.01,2221,2426,0.452,-0.0066,0.0023,0.0034,-0.017,0.03,0.04,0.01,0.085
2026-09-25T15:52:05+00:00,QQQ,2026-09-25,0,742.59,724.0,P,0.01,0.02,0.015,0.01,4959,3949,0.4312,-0.0071,0.0026,0.0036,-0.0173,0.03,0.05,0.01,0.095
2026-09-25T15:52:05+00:00,QQQ,2026-09-25,0,742.59,725.0,P,0.01,0.02,0.015,0.02,10327,13949,0.4103,-0.0076,0.0028,0.0039,-0.0178,0.03,0.07,0.01,0.105
2026-09-25T15:52:05+00:00,QQQ,2026-09-25,0,742.59,726.0,P,0.01,0.02,0.015,0.02,4492,4854,0.3894,-0.0082,0.0032,0.0042,-0.0186,0.02,0.08,0.01,0.125
2026-09-25T15:52:05+00:00,QQQ,2026-09-25,0,742.59,727.0,P,0.01,0.02,0.015,0.01,5624,3625,0.3684,-0.009,0.0036,0.0045,-0.0196,0.05,0.1,0.01,0.155
2026-09-25T15:52:05+00:00,QQQ,2026-09-25,0,742.59,728.0,P,0.01,0.02,0.015,0.03,5981,3308,0.3472,-0.01,0.0042,0.005,-0.021,0.02,0.12,0.01,0.185
2026-09-25T15:52:05+00:00,QQQ,2026-09-25,0,742.59,729.0,P,0.02,0.03,0.025,0.03,7051,4682,0.3476,-0.0114,0.0049,0.0056,-0.0232,0.03,0.16,0.02,0.225
2026-09-25T15:52:05+00:00,QQQ,2026-09-25,0,742.59,730.0,P,0.02,0.03,0.025,0.02,25276,18960,0.3251,-0.0133,0.006,0.0064,-0.0264,0.05,0.2,0.02,0.275
2026-09-25T15:52:05+00:00,QQQ,2026-09-25,0,742.59,731.0,P,0.03,0.04,0.035,0.03,10375,7137,0.3172,-0.0161,0.0073,0.0075,-0.031,0.06,0.26,0.02,0.345
2026-09-25T15:52:05+00:00,QQQ,2026-09-25,0,742.59,732.0,P,0.04,0.05,0.045,0.04,14796,6919,0.305,-0.02,0.0093,0.0091,-0.0379,0.07,0.33,0.03,0.425
2026-09-25T15:52:05+00:00,QQQ,2026-09-25,0,742.59,733.0,P,0.05,0.06,0.055,0.06,19363,7671,0.2898,-0.0256,0.012,0.0112,-0.0479,0.09,0.41,0.04,0.535
2026-09-25T15:52:05+00:00,QQQ,2026-09-25,0,742.59,734.0,P,0.06,0.07,0.065,0.07,23749,7291,0.2721,-0.0337,0.0158,0.0139,-0.0625,0.11,0.53,0.04,0.665
2026-09-25T15:52:05+00:00,QQQ,2026-09-25,0,742.59,735.0,P,0.08,0.09,0.085,0.08,41545,14645,0.2586,-0.0453,0.021,0.0176,-0.0841,0.16,0.69,0.05,0.825
2026-09-25T15:52:05+00:00,QQQ,2026-09-25,0,742.59,736.0,P,0.11,0.12,0.115,0.12,42208,18995,0.246,-0.062,0.0282,0.0225,-0.1161,0.23,0.88,0.07,1.025
2026-09-25T15:52:05+00:00,QQQ,2026-09-25,0,742.59,737.0,P,0.16,0.17,0.165,0.17,53879,4892,0.2361,-0.0861,0.038,0.0287,-0.1638,0.33,1.12,0.1,1.265
2026-09-25T15:52:05+00:00,QQQ,2026-09-25,0,742.59,738.0,P,0.23,0.24,0.235,0.24,75039,6418,0.2253,-0.1207,0.0507,0.0364,-0.2359,0.51,1.42,0.14,1.545
2026-09-25T15:52:05+00:00,QQQ,2026-09-25,0,742.59,739.0,P,0.34,0.35,0.345,0.35,84045,4617,0.2165,-0.1695,0.0665,0.0453,-0.3448,0.66,1.79,0.2,1.875
2026-09-25T15:52:05+00:00,QQQ,2026-09-25,0,742.59,740.0,P,0.51,0.52,0.515,0.51,174892,9175,0.2078,-0.2362,0.0842,0.0548,-0.5078,0.9,2.24,0.24,2.265
2026-09-25T15:52:05+00:00,QQQ,2026-09-25,0,742.59,741.0,P,0.75,0.76,0.755,0.75,189248,3830,0.201,-0.3228,0.1016,0.0634,-0.7462,1.21,2.78,0.43,2.705
2026-09-25T15:52:05+00:00,QQQ,2026-09-25,0,742.59,742.0,P,1.09,1.1,1.095,1.1,160663,2155,0.1956,-0.4279,0.1144,0.069,-1.0833,1.61,3.38,0.6,3.2
2026-09-25T15:52:05+00:00,QQQ,2026-09-25,0,742.59,743.0,P,1.54,1.55,1.545,1.54,132892,2163,0.1909,-0.5448,0.1183,0.0697,-1.1542,2.07,4.06,0.81,3.765
2026-09-25T15:52:05+00:00,QQQ,2026-09-25,0,742.59,744.0,P,2.12,2.14,2.13,2.11,107204,1690,0.1872,-0.6618,0.1109,0.0645,-0.739,2.53,4.83,1.11,4.385
2026-09-25T15:52:05+00:00,QQQ,2026-09-25,0,742.59,745.0,P,2.81,2.85,2.83,2.92,26236,4711,0.185,-0.7657,0.0937,0.0547,-0.4479,3.13,5.67,1.48,5.05
2026-09-25T15:52:05+00:00,QQQ,2026-09-25,0,742.59,746.0,P,3.6,3.66,3.63,3.66,8824,1592,0.1871,-0.8471,0.0718,0.0426,-0.2613,4.0,6.5,1.98,5.785
2026-09-25T15:52:05+00:00,QQQ,2026-09-25,0,742.59,747.0,P,4.35,4.8,4.575,4.65,3967,1426,0.2031,-0.9036,0.051,0.0313,-0.1512,5.3,7.35,2.55,6.57
2026-09-25T15:52:05+00:00,QQQ,2026-09-25,0,742.59,748.0,P,5.35,5.76,5.555,4.66,1326,960,0.2289,-0.9391,0.0348,0.0224,-0.0904,6.27,8.36,3.29,7.41
2026-09-25T15:52:05+00:00,QQQ,2026-09-25,0,742.59,749.0,P,6.39,6.73,6.56,6.46,693,484,0.2617,-0.9601,0.0237,0.0162,-0.0577,5.75,8.95,4.0,8.22
2026-09-25T15:52:05+00:00,QQQ,2026-09-25,0,742.59,750.0,P,7.37,7.71,7.54,7.33,669,1729,0.2838,-0.9724,0.0166,0.0121,-0.0399,7.01,10.31,4.91,9.185
2026-09-25T15:52:05+00:00,QQQ,2026-09-25,0,742.59,751.0,P,7.93,8.69,8.31,8.16,507,87,0.0,-0.9798,0.012,0.0093,-0.0298,8.73,11.35,5.88,9.97
2026-09-25T15:52:05+00:00,QQQ,2026-09-25,0,742.59,752.0,P,8.56,9.7,9.13,9.0,74,19,0.0,-0.9844,0.0091,0.0075,-0.0236,9.85,12.2,7.17,10.94
2026-09-25T15:52:05+00:00,QQQ,2026-09-25,0,742.59,753.0,P,9.79,10.69,10.24,9.97,115,3,0.0,-0.9874,0.0071,0.0062,-0.0198,10.9,10.9,9.44,11.9
2026-09-25T15:52:05+00:00,QQQ,2026-09-25,0,742.59,754.0,P,10.55,11.68,11.115,10.86,26,0,0.0,-0.9894,0.0057,0.0054,-0.0173,12.14,14.33,9.74,12.885
2026-09-25T15:52:05+00:00,QQQ,2026-09-25,0,742.59,755.0,P,11.54,12.69,12.115,11.8,26,8,0.0,-0.9908,0.0048,0.0047,-0.0157,12.33,15.01,10.26,14.01
2026-09-25T15:52:05+00:00,QQQ,2026-09-25,0,742.59,756.0,P,12.99,13.68,13.335,12.85,42,27,0.0,-0.9918,0.0041,0.0043,-0.0146,12.74,15.45,11.5,14.905
2026-09-25T15:52:05+00:00,QQQ,2026-09-25,0,742.59,757.0,P,13.99,14.68,14.335,13.76,20,0,0.0,-0.9925,0.0035,0.0039,-0.0139,13.19,16.29,12.44,15.875
2026-09-25T15:52:05+00:00,QQQ,2026-09-25,0,742.59,758.0,P,14.17,15.68,14.925,14.87,19,1,0.0,-0.9931,0.0031,0.0036,-0.0134,14.22,14.87,13.75,16.96
2026-09-25T15:52:05+00:00,QQQ,2026-09-25,0,742.59,759.0,P,16.0,16.67,16.335,15.86,6,3,0.0,-0.9936,0.0028,0.0034,-0.0131,18.46,18.46,15.64,17.88
2026-09-25T15:52:05+00:00,QQQ,2026-09-25,0,742.59,760.0,P,16.17,17.67,16.92,16.87,24,4,0.0,-0.9939,0.0025,0.0032,-0.0129,17.3,17.3,16.0,18.885
2026-09-25T15:52:05+00:00,QQQ,2026-09-25,0,742.59,761.0,P,17.16,18.68,17.92,20.41,0,0,0.0,-0.9943,0.0023,0.0031,-0.0127,0.0,0.0,0.0,19.87
2026-09-25T15:52:05+00:00,QQQ,2026-09-25,0,742.59,762.0,P,18.16,19.68,18.92,18.69,6,0,0.0,-0.9946,0.0021,0.0029,-0.0126,19.28,20.13,18.63,20.86
2026-09-25T15:52:05+00:00,QQQ,2026-09-25,0,742.59,763.0,P,19.16,20.68,19.92,19.65,7,0,0.0,-0.9948,0.0019,0.0028,-0.0125,19.86,19.86,19.65,21.875
2026-09-25T15:52:05+00:00,QQQ,2026-09-25,0,742.59,764.0,P,20.16,21.67,20.915,20.86,8,0,0.0,-0.995,0.0018,0.0027,-0.0124,22.85,23.21,20.64,22.8
2026-09-25T15:52:05+00:00,QQQ,2026-09-25,0,742.59,765.0,P,21.91,22.67,22.29,21.64,4,0,0.0,-0.9952,0.0016,0.0026,-0.0123,23.61,23.61,21.64,23.805
2026-09-25T15:52:05+00:00,QQQ,2026-09-25,0,742.59,766.0,P,22.89,23.68,23.285,22.85,26,0,0.0,-0.9954,0.0015,0.0025,-0.0122,23.31,25.78,22.78,24.77
2026-09-25T15:52:05+00:00,QQQ,2026-09-25,0,742.59,767.0,P,23.15,24.69,23.92,23.79,45,20,0.0,-0.9956,0.0014,0.0024,-0.0122,24.73,27.07,23.79,25.755
2026-09-25T15:52:05+00:00,QQQ,2026-09-25,0,742.59,768.0,P,24.11,25.7,24.905,24.46,27,0,0.0,-0.9957,0.0013,0.0023,-0.0121,25.68,27.77,24.46,26.76
2026-09-25T15:52:05+00:00,QQQ,2026-09-25,0,742.59,769.0,P,24.7,26.68,25.69,25.86,46,0,0.0,-0.9959,0.0012,0.0022,-0.012,24.8,28.01,24.39,27.865
2026-09-25T15:52:05+00:00,QQQ,2026-09-25,0,742.59,770.0,P,26.12,27.69,26.905,26.43,53,0,0.0,-0.996,0.0012,0.0022,-0.012,28.91,28.94,26.02,28.865
2026-09-25T15:52:05+00:00,QQQ,2026-09-25,0,742.59,771.0,P,26.77,28.67,27.72,27.75,36,0,0.0,-0.9961,0.0011,0.0021,-0.0119,30.0,31.55,27.42,29.755
2026-09-25T15:52:05+00:00,QQQ,2026-09-25,0,742.59,772.0,P,27.66,29.77,28.715,32.38,12,0,0.0,-0.9962,0.001,0.002,-0.0119,29.88,32.38,29.81,30.8
2026-09-25T15:52:05+00:00,QQQ,2026-09-25,0,742.59,773.0,P,28.59,30.69,29.64,33.37,14,0,0.0,-0.9964,0.001,0.002,-0.0118,28.22,33.37,28.22,31.755
2026-09-25T15:52:05+00:00,QQQ,2026-09-25,0,742.59,774.0,P,30.12,31.67,30.895,30.74,22,0,0.0,-0.9965,0.0009,0.0019,-0.0118,29.03,32.07,29.03,32.91
2026-09-25T15:52:05+00:00,QQQ,2026-09-25,0,742.59,775.0,P,30.59,33.17,31.88,31.81,81,0,0.0,-0.9966,0.0009,0.0019,-0.0117,30.2,35.14,30.03,33.755
2026-09-25T15:52:05+00:00,QQQ,2026-09-25,0,742.59,776.0,P,31.59,34.17,32.88,32.8,73,0,0.0,-0.9967,0.0008,0.0018,-0.0117,32.62,36.13,31.32,34.79
2026-09-25T15:52:05+00:00,QQQ,2026-09-25,0,742.59,777.0,P,33.08,35.19,34.135,33.18,24,0,0.0,-0.9968,0.0008,0.0018,-0.0116,34.69,35.53,33.18,35.87
2026-09-25T15:52:05+00:00,QQQ,2026-09-25,0,742.59,778.0,P,34.14,36.07,35.105,34.8,16,0,0.0,-0.9968,0.0008,0.0017,-0.0116,34.64,37.4,34.61,36.785
2026-09-25T15:52:05+00:00,QQQ,2026-09-25,0,742.59,779.0,P,35.15,36.68,35.915,35.68,22,0,0.0,-0.9969,0.0007,0.0017,-0.0115,35.57,38.39,35.54,38.2
2026-09-25T15:52:05+00:00,QQQ,2026-09-25,0,742.59,780.0,P,36.14,38.08,37.11,36.79,40,0,0.0,-0.997,0.0007,0.0016,-0.0115,37.87,40.18,36.79,39.03
2026-09-25T15:52:05+00:00,QQQ,2026-09-25,0,742.59,781.0,P,37.14,38.68,37.91,37.63,46,0,0.0,-0.9971,0.0007,0.0016,-0.0114,38.8,41.17,37.63,40.285
2026-09-25T15:52:05+00:00,QQQ,2026-09-25,0,742.59,782.0,P,38.11,40.17,39.14,40.3,8,0,0.0,-0.9971,0.0006,0.0016,-0.0114,40.59,40.63,40.27,41.09
2026-09-25T15:52:05+00:00,QQQ,2026-09-25,0,742.59,785.0,P,41.11,42.76,41.935,41.72,16,0,0.0,-0.9973,0.0006,0.0015,-0.0112,42.95,42.95,41.24,44.205
2026-09-25T15:52:05+00:00,QQQ,2026-09-25,0,742.59,790.0,P,46.13,48.11,47.12,47.64,5,4,0.0,-0.9976,0.0005,0.0013,-0.011,45.3,47.71,45.3,48.84
2026-09-25T15:52:05+00:00,QQQ,2026-09-25,0,742.59,805.0,P,62.33,63.15,62.74,60.81,1,0,1.7921,-0.9982,0.0003,0.001,-0.0103,60.81,60.81,60.81,64.24
2026-09-25T16:07:06+00:00,QQQ,2026-09-25,0,741.76,510.0,C,230.82,232.91,231.865,232.09,1,5,5.5934,0.9998,0.0,0.0001,-0.004,232.09,232.09,232.09,231.115
2026-09-25T16:07:06+00:00,QQQ,2026-09-25,0,741.76,600.0,C,140.85,142.91,141.88,141.06,12,16,3.4188,0.9993,0.0,0.0004,-0.009,142.9,142.9,141.06,141.055
2026-09-25T16:07:06+00:00,QQQ,2026-09-25,0,741.76,610.0,C,130.82,132.94,131.88,131.85,1,14,3.1757,0.9992,0.0001,0.0005,-0.0098,131.85,131.85,131.85,131.06
2026-09-25T16:07:06+00:00,QQQ,2026-09-25,0,741.76,620.0,C,120.83,122.93,121.88,122.41,10,32,2.9352,0.9991,0.0001,0.0005,-0.0105,123.0,123.0,121.33,121.26
2026-09-25T16:07:06+00:00,QQQ,2026-09-25,0,741.76,667.0,C,73.78,75.91,74.845,73.32,1,3,1.6485,0.9981,0.0002,0.001,-0.0144,73.32,73.32,73.32,73.855
2026-09-25T16:07:06+00:00,QQQ,2026-09-25,0,741.76,675.0,C,65.84,67.91,66.875,68.02,62,47,1.6301,0.9978,0.0003,0.0012,-0.0152,67.56,68.02,65.32,66.13
2026-09-25T16:07:06+00:00,QQQ,2026-09-25,0,741.76,677.0,C,63.83,65.92,64.875,66.43,16,16,1.5844,0.9977,0.0003,0.0012,-0.0154,63.81,66.43,63.81,64.1
2026-09-25T16:07:06+00:00,QQQ,2026-09-25,0,741.76,679.0,C,62.72,64.01,63.365,61.33,1,4,2.1688,0.9977,0.0003,0.0012,-0.0156,61.33,61.33,61.33,62.535
2026-09-25T16:07:06+00:00,QQQ,2026-09-25,0,741.76,680.0,C,61.56,62.94,62.25,63.6,1,15,2.0491,0.9976,0.0003,0.0013,-0.0156,63.6,63.6,63.6,61.205
2026-09-25T16:07:06+00:00,QQQ,2026-09-25,0,741.76,681.0,C,60.72,62.0,61.36,61.51,2,6,2.1056,0.9976,0.0003,0.0013,-0.0157,61.4,61.51,61.4,60.26
2026-09-25T16:07:06+00:00,QQQ,2026-09-25,0,741.76,682.0,C,59.62,60.95,60.285,60.56,1,5,2.0195,0.9975,0.0004,0.0013,-0.0158,60.56,60.56,60.56,59.255
2026-09-25T16:07:06+00:00,QQQ,2026-09-25,0,741.76,684.0,C,57.72,58.98,58.35,58.35,28,8,2.0091,0.9974,0.0004,0.0014,-0.016,60.83,61.33,57.57,57.11
2026-09-25T16:07:06+00:00,QQQ,2026-09-25,0,741.76,685.0,C,56.72,57.92,57.32,57.4,4,40,1.9579,0.9974,0.0004,0.0014,-0.0161,59.81,59.81,56.15,56.1
2026-09-25T16:07:06+00:00,QQQ,2026-09-25,0,741.76,687.0,C,54.72,55.94,55.33,54.11,1,12,1.9059,0.9973,0.0004,0.0014,-0.0163,54.11,54.11,54.11,54.11
2026-09-25T16:07:06+00:00,QQQ,2026-09-25,0,741.76,688.0,C,53.72,54.2,53.96,54.08,27,5,1.5146,0.9972,0.0004,0.0015,-0.0164,56.81,56.81,53.85,53.11
2026-09-25T16:07:06+00:00,QQQ,2026-09-25,0,741.76,689.0,C,52.72,53.79,53.255,53.13,2,46,1.7925,0.9971,0.0004,0.0015,-0.0165,52.11,53.13,52.11,52.11
2026-09-25T16:07:06+00:00,QQQ,2026-09-25,0,741.76,690.0,C,51.55,52.93,52.24,52.21,39,164,1.7521,0.9971,0.0005,0.0015,-0.0166,52.43,52.43,50.05,51.11
2026-09-25T16:07:06+00:00,QQQ,2026-09-25,0,741.76,692.0,C,48.83,50.92,49.875,48.46,1,22,1.2417,0.997,0.0005,0.0016,-0.0168,48.46,48.46,48.46,48.93
2026-09-25T16:07:06+00:00,QQQ,2026-09-25,0,741.76,695.0,C,45.84,47.92,46.88,47.96,38,225,1.1867,0.9967,0.0006,0.0017,-0.0171,47.58,47.96,46.21,46.11
2026-09-25T16:07:06+00:00,QQQ,2026-09-25,0,741.76,697.0,C,43.83,45.93,44.88,43.8,7,84,1.1404,0.9966,0.0006,0.0018,-0.0173,43.91,44.85,43.8,44.27
2026-09-25T16:07:06+00:00,QQQ,2026-09-25,0,741.76,698.0,C,42.83,44.93,43.88,46.41,1,80,1.1173,0.9965,0.0006,0.0018,-0.0174,46.41,46.41,46.41,43.11
2026-09-25T16:07:06+00:00,QQQ,2026-09-25,0,741.76,699.0,C,41.84,43.91,42.875,44.1,14,114,1.0813,0.9964,0.0006,0.0019,-0.0175,45.83,46.24,44.1,42.265
2026-09-25T16:07:06+00:00,QQQ,2026-09-25,0,741.76,700.0,C,40.83,42.94,41.885,42.15,171,969,1.0827,0.9963,0.0007,0.0019,-0.0176,42.0,44.27,40.0,41.15
2026-09-25T16:07:06+00:00,QQQ,2026-09-25,0,741.76,701.0,C,39.83,41.96,40.895,39.67,7,57,1.0806,0.9962,0.0007,0.002,-0.0177,42.29,42.29,39.38,40.27
2026-09-25T16:07:06+00:00,QQQ,2026-09-25,0,741.76,702.0,C,38.83,40.92,39.875,39.05,2,309,1.0123,0.9961,0.0008,0.002,-0.0178,38.9,39.05,38.9,39.265
2026-09-25T16:07:06+00:00,QQQ,2026-09-25,0,741.76,703.0,C,37.76,39.83,38.795,40.98,2,192,0.0,0.996,0.0008,0.002,-0.018,40.98,40.98,40.98,38.265
2026-09-25T16:07:06+00:00,QQQ,2026-09-25,0,741.76,704.0,C,36.84,38.93,37.885,40.95,15,330,0.9889,0.9959,0.0008,0.0021,-0.0181,39.3,40.95,39.29,37.205
2026-09-25T16:07:06+00:00,QQQ,2026-09-25,0,741.76,705.0,C,35.83,37.86,36.845,38.01,7,1128,0.8473,0.9958,0.0009,0.0022,-0.0182,38.98,39.95,37.78,36.36
2026-09-25T16:07:06+00:00,QQQ,2026-09-25,0,741.76,706.0,C,34.86,36.08,35.47,35.69,5,382,0.0,0.9957,0.0009,0.0022,-0.0183,35.04,35.69,34.84,35.17
2026-09-25T16:07:06+00:00,QQQ,2026-09-25,0,741.76,707.0,C,34.53,35.91,35.22,34.5,61,399,1.2419,0.9956,0.001,0.0023,-0.0184,36.87,37.78,33.68,34.155
2026-09-25T16:07:06+00:00,QQQ,2026-09-25,0,741.76,708.0,C,32.62,34.62,33.62,33.82,88,486,0.0,0.9954,0.001,0.0023,-0.0185,35.86,36.27,31.5,33.185
2026-09-25T16:07:06+00:00,QQQ,2026-09-25,0,741.76,709.0,C,31.85,33.09,32.47,31.98,90,475,0.0,0.9953,0.0011,0.0024,-0.0186,34.58,35.95,31.58,32.36
2026-09-25T16:07:06+00:00,QQQ,2026-09-25,0,741.76,710.0,C,31.07,32.61,31.84,31.84,96,2041,0.7182,0.9952,0.0011,0.0025,-0.0187,33.83,35.07,29.99,31.365
2026-09-25T16:07:06+00:00,QQQ,2026-09-25,0,741.76,711.0,C,30.71,31.78,31.245,32.23,15,1740,1.1428,0.995,0.0012,0.0025,-0.0188,32.71,32.71,31.0,30.185
2026-09-25T16:07:06+00:00,QQQ,2026-09-25,0,741.76,712.0,C,29.73,30.82,30.275,31.25,13,1393,1.1232,0.9948,0.0012,0.0026,-0.019,30.8,33.07,27.94,29.29
2026-09-25T16:07:06+00:00,QQQ,2026-09-25,0,741.76,713.0,C,28.73,29.79,29.26,30.01,15,388,1.0849,0.9947,0.0013,0.0027,-0.0191,31.08,31.1,29.1,28.175
2026-09-25T16:07:06+00:00,QQQ,2026-09-25,0,741.76,714.0,C,27.71,28.8,28.255,27.58,31,433,1.0569,0.9945,0.0014,0.0028,-0.0192,29.85,30.79,26.72,27.3
2026-09-25T16:07:06+00:00,QQQ,2026-09-25,0,741.76,715.0,C,26.61,27.25,26.93,27.14,113,2764,0.7904,0.9943,0.0015,0.0029,-0.0193,27.38,29.77,25.53,26.375
2026-09-25T16:07:06+00:00,QQQ,2026-09-25,0,741.76,716.0,C,25.72,26.78,26.25,26.74,81,899,0.9905,0.9941,0.0016,0.003,-0.0195,26.37,28.12,23.77,25.2
2026-09-25T16:07:06+00:00,QQQ,2026-09-25,0,741.76,717.0,C,24.72,25.09,24.905,24.63,75,1275,0.7156,0.9938,0.0017,0.0031,-0.0196,25.38,28.23,23.65,24.345
2026-09-25T16:07:06+00:00,QQQ,2026-09-25,0,741.76,718.0,C,23.73,24.09,23.91,23.22,393,2117,0.6905,0.9936,0.0018,0.0032,-0.0198,24.15,27.26,22.85,23.305
2026-09-25T16:07:06+00:00,QQQ,2026-09-25,0,741.76,719.0,C,22.52,23.87,23.195,24.43,67,2166,0.8685,0.9933,0.002,0.0033,-0.02,23.86,25.45,21.72,22.335
2026-09-25T16:07:06+00:00,QQQ,2026-09-25,0,741.76,720.0,C,21.74,22.09,21.915,22.25,302,4506,0.6459,0.993,0.0022,0.0035,-0.0203,23.8,25.18,20.05,21.345
2026-09-25T16:07:06+00:00,QQQ,2026-09-25,0,741.76,721.0,C,20.72,21.1,20.91,20.87,114,1521,0.6148,0.9926,0.0024,0.0036,-0.0206,22.91,24.19,19.22,20.33
2026-09-25T16:07:06+00:00,QQQ,2026-09-25,0,741.76,722.0,C,19.7,20.1,19.9,19.63,82,1603,0.578,0.9922,0.0026,0.0038,-0.0209,20.23,23.18,18.01,19.4
2026-09-25T16:07:06+00:00,QQQ,2026-09-25,0,741.76,723.0,C,18.72,19.1,18.91,18.57,102,1475,0.5741,0.9917,0.0028,0.004,-0.0214,18.87,21.5,17.65,18.41
2026-09-25T16:07:06+00:00,QQQ,2026-09-25,0,741.76,724.0,C,17.73,18.87,18.3,17.64,194,1444,0.7577,0.9912,0.0031,0.0043,-0.0221,18.9,20.82,17.06,17.38
2026-09-25T16:07:06+00:00,QQQ,2026-09-25,0,741.76,725.0,C,16.61,17.1,16.855,16.71,445,3340,0.4395,0.9904,0.0035,0.0046,-0.023,17.18,19.82,14.98,16.38
2026-09-25T16:07:06+00:00,QQQ,2026-09-25,0,741.76,726.0,C,15.73,16.82,16.275,17.64,335,2231,0.6826,0.9896,0.004,0.005,-0.0242,16.54,19.34,13.84,15.465
2026-09-25T16:07:06+00:00,QQQ,2026-09-25,0,741.76,727.0,C,14.72,15.8,15.26,15.89,222,1527,0.6441,0.9884,0.0046,0.0055,-0.0259,15.02,17.46,13.71,14.495
2026-09-25T16:07:06+00:00,QQQ,2026-09-25,0,741.76,728.0,C,13.75,14.11,13.93,13.63,193,2229,0.4504,0.9869,0.0054,0.0061,-0.0283,14.37,17.4,12.82,13.5
2026-09-25T16:07:06+00:00,QQQ,2026-09-25,0,741.76,729.0,C,12.73,13.4,13.065,13.3,237,6541,0.5,0.9849,0.0064,0.0069,-0.0316,13.6,16.21,11.5,12.54
2026-09-25T16:07:06+00:00,QQQ,2026-09-25,0,741.76,730.0,C,11.77,12.1,11.935,11.7,565,5327,0.3958,0.9821,0.0078,0.008,-0.0364,13.43,15.41,9.91,11.5
2026-09-25T16:07:06+00:00,QQQ,2026-09-25,0,741.76,731.0,C,10.31,11.2,10.755,10.0,168,2062,0.0,0.9783,0.0096,0.0094,-0.0432,12.55,14.33,9.19,10.59
2026-09-25T16:07:06+00:00,QQQ,2026-09-25,0,741.76,732.0,C,9.76,10.2,9.98,8.97,421,1757,0.3732,0.9729,0.0121,0.0113,-0.0528,10.5,13.19,8.09,9.62
2026-09-25T16:07:06+00:00,QQQ,2026-09-25,0,741.76,733.0,C,8.77,9.01,8.89,8.97,811,1220,0.2992,0.9655,0.0156,0.0138,-0.0663,9.9,11.66,7.13,8.795
2026-09-25T16:07:06+00:00,QQQ,2026-09-25,0,741.76,734.0,C,7.38,8.16,7.77,7.72,2033,3797,0.0,0.9549,0.0204,0.017,-0.0858,8.3,11.44,6.24,7.875
2026-09-25T16:07:06+00:00,QQQ,2026-09-25,0,741.76,735.0,C,6.75,7.18,6.965,7.1,4233,8526,0.2705,0.94,0.027,0.0213,-0.114,7.16,10.43,5.43,7.03
2026-09-25T16:07:06+00:00,QQQ,2026-09-25,0,741.76,736.0,C,5.53,6.03,5.78,5.99,1779,4244,0.0,0.9185,0.0359,0.0268,-0.1557,6.73,9.42,4.59,6.225
2026-09-25T16:07:06+00:00,QQQ,2026-09-25,0,741.76,737.0,C,4.93,5.02,4.975,4.96,2556,3792,0.2343,0.8876,0.0478,0.0337,-0.2183,5.66,8.4,3.83,5.46
2026-09-25T16:07:06+00:00,QQQ,2026-09-25,0,741.76,738.0,C,4.04,4.09,4.065,4.28,5226,3576,0.2246,0.8434,0.0629,0.042,-0.3134,5.07,7.61,3.11,4.735
2026-09-25T16:07:06+00:00,QQQ,2026-09-25,0,741.76,739.0,C,3.19,3.23,3.21,3.24,10023,5477,0.213,0.7816,0.0807,0.0511,-0.4578,4.22,6.54,2.46,4.07
2026-09-25T16:07:06+00:00,QQQ,2026-09-25,0,741.76,740.0,C,2.42,2.44,2.43,2.45,36162,9097,0.2075,0.6993,0.099,0.0599,-0.6734,3.58,5.66,1.9,3.455
2026-09-25T16:07:06+00:00,QQQ,2026-09-25,0,741.76,741.0,C,1.75,1.76,1.755,1.76,73309,7953,0.1999,0.5967,0.1137,0.0663,-0.9855,2.92,4.8,1.37,2.9
2026-09-25T16:07:06+00:00,QQQ,2026-09-25,0,741.76,742.0,C,1.2,1.21,1.205,1.19,158146,6533,0.195,0.48,0.1198,0.0681,-1.2426,2.16,4.0,0.93,2.405
2026-09-25T16:07:06+00:00,QQQ,2026-09-25,0,741.76,743.0,C,0.78,0.79,0.785,0.78,215102,5419,0.1918,0.3611,0.1142,0.0642,-0.8062,1.73,3.21,0.59,1.965
2026-09-25T16:07:06+00:00,QQQ,2026-09-25,0,741.76,744.0,C,0.48,0.49,0.485,0.49,276735,6129,0.1909,0.2542,0.098,0.0554,-0.498,1.18,2.51,0.36,1.585
2026-09-25T16:07:06+00:00,QQQ,2026-09-25,0,741.76,745.0,C,0.29,0.3,0.295,0.29,265865,13975,0.1926,0.1693,0.0764,0.0442,-0.298,0.9,1.9,0.22,1.255
2026-09-25T16:07:06+00:00,QQQ,2026-09-25,0,741.76,746.0,C,0.17,0.18,0.175,0.17,163962,14457,0.1969,0.1093,0.0554,0.0332,-0.1774,0.68,1.38,0.14,0.995
2026-09-25T16:07:06+00:00,QQQ,2026-09-25,0,741.76,747.0,C,0.1,0.11,0.105,0.11,100233,4485,0.2031,0.0704,0.0386,0.0243,-0.1083,0.4,0.96,0.09,0.775
2026-09-25T16:07:06+00:00,QQQ,2026-09-25,0,741.76,748.0,C,0.07,0.08,0.075,0.08,75846,8907,0.2171,0.0464,0.0266,0.0177,-0.0694,0.26,0.64,0.06,0.605
2026-09-25T16:07:06+00:00,QQQ,2026-09-25,0,741.76,749.0,C,0.05,0.06,0.055,0.05,36770,5760,0.2311,0.0319,0.0186,0.0131,-0.0473,0.17,0.44,0.04,0.475
2026-09-25T16:07:06+00:00,QQQ,2026-09-25,0,741.76,750.0,C,0.03,0.04,0.035,0.03,41903,20833,0.2387,0.023,0.0134,0.01,-0.0344,0.11,0.32,0.03,0.365
2026-09-25T16:07:06+00:00,QQQ,2026-09-25,0,741.76,751.0,C,0.02,0.03,0.025,0.02,14800,3438,0.2502,0.0174,0.01,0.008,-0.0266,0.07,0.24,0.02,0.285
2026-09-25T16:07:06+00:00,QQQ,2026-09-25,0,741.76,752.0,C,0.01,0.02,0.015,0.02,16899,4770,0.2554,0.0138,0.0077,0.0065,-0.0218,0.06,0.18,0.01,0.225
2026-09-25T16:07:06+00:00,QQQ,2026-09-25,0,741.76,753.0,C,0.01,0.02,0.015,0.01,20378,4891,0.277,0.0115,0.0062,0.0056,-0.0187,0.05,0.13,0.01,0.175
2026-09-25T16:07:06+00:00,QQQ,2026-09-25,0,741.76,754.0,C,0.01,0.02,0.015,0.01,11949,12655,0.2984,0.0099,0.0051,0.0049,-0.0168,0.09,0.1,0.01,0.145
2026-09-25T16:07:06+00:00,QQQ,2026-09-25,0,741.76,755.0,C,0.01,0.02,0.015,0.02,7034,21605,0.3196,0.0088,0.0043,0.0044,-0.0156,0.01,0.08,0.01,0.115
2026-09-25T16:07:06+00:00,QQQ,2026-09-25,0,741.76,756.0,C,0.01,0.02,0.015,0.01,5560,5483,0.3406,0.0079,0.0037,0.004,-0.0148,0.04,0.06,0.01,0.095
2026-09-25T16:07:06+00:00,QQQ,2026-09-25,0,741.76,757.0,C,0.0,0.01,0.01,0.01,2374,2957,0.3213,0.0073,0.0033,0.0037,-0.0143,0.01,0.05,0.01,0.085
2026-09-25T16:07:06+00:00,QQQ,2026-09-25,0,741.76,758.0,C,0.0,0.01,0.01,0.01,4466,3008,0.3401,0.0068,0.0029,0.0035,-0.014,0.03,0.04,0.01,0.065
2026-09-25T16:07:06+00:00,QQQ,2026-09-25,0,741.76,759.0,C,0.0,0.01,0.01,0.01,565,988,0.3588,0.0064,0.0026,0.0033,-0.0137,0.01,0.04,0.01,0.055
2026-09-25T16:07:06+00:00,QQQ,2026-09-25,0,741.76,760.0,C,0.0,0.01,0.01,0.01,4391,9228,0.3774,0.0061,0.0024,0.0031,-0.0135,0.03,0.04,0.01,0.055
2026-09-25T16:07:06+00:00,QQQ,2026-09-25,0,741.76,761.0,C,0.0,0.01,0.01,0.01,2990,1234,0.3959,0.0058,0.0022,0.003,-0.0134,0.02,0.03,0.01,0.045
2026-09-25T16:07:06+00:00,QQQ,2026-09-25,0,741.76,762.0,C,0.0,0.01,0.01,0.01,262,1142,0.4143,0.0055,0.002,0.0028,-0.0133,0.02,0.03,0.01,0.045
2026-09-25T16:07:06+00:00,QQQ,2026-09-25,0,741.76,763.0,C,0.0,0.01,0.01,0.01,485,935,0.4326,0.0053,0.0019,0.0027,-0.0132,0.02,0.02,0.01,0.035
2026-09-25T16:07:06+00:00,QQQ,2026-09-25,0,741.76,764.0,C,0.0,0.01,0.01,0.01,11,2707,0.4508,0.0051,0.0017,0.0026,-0.0131,0.01,0.02,0.01,0.035
2026-09-25T16:07:06+00:00,QQQ,2026-09-25,0,741.76,765.0,C,0.0,0.01,0.01,0.01,891,5206,0.4689,0.0049,0.0016,0.0025,-0.0131,0.02,0.02,0.01,0.025
2026-09-25T16:07:06+00:00,QQQ,2026-09-25,0,741.76,766.0,C,0.0,0.01,0.01,0.01,1206,487,0.4869,0.0047,0.0015,0.0024,-0.013,0.02,0.02,0.01,0.025
2026-09-25T16:07:06+00:00,QQQ,2026-09-25,0,741.76,767.0,C,0.0,0.01,0.01,0.01,349,171,0.5049,0.0045,0.0014,0.0024,-0.0129,0.01,0.02,0.01,0.025
2026-09-25T16:07:06+00:00,QQQ,2026-09-25,0,741.76,768.0,C,0.0,0.01,0.01,0.01,17,706,0.5228,0.0044,0.0013,0.0023,-0.0129,0.01,0.02,0.01,0.025
2026-09-25T16:07:06+00:00,QQQ,2026-09-25,0,741.76,769.0,C,0.0,0.01,0.01,0.01,5,711,0.5405,0.0042,0.0012,0.0022,-0.0128,0.01,0.01,0.01,0.025
2026-09-25T16:07:06+00:00,QQQ,2026-09-25,0,741.76,770.0,C,0.0,0.01,0.01,0.01,300,7792,0.5582,0.0041,0.0012,0.0022,-0.0127,0.02,0.02,0.01,0.015
2026-09-25T16:07:06+00:00,QQQ,2026-09-25,0,741.76,771.0,C,0.0,0.01,0.01,0.01,40,90,0.5759,0.004,0.0011,0.0021,-0.0127,0.01,0.02,0.01,0.015
2026-09-25T16:07:06+00:00,QQQ,2026-09-25,0,741.76,772.0,C,0.0,0.01,0.02,0.02,0,62,0.5935,0.0039,0.001,0.002,-0.0126,0.0,0.0,0.0,0.015
2026-09-25T16:07:06+00:00,QQQ,2026-09-25,0,741.76,773.0,C,0.0,0.01,0.02,0.02,0,1061,0.611,0.0038,0.001,0.002,-0.0126,0.0,0.0,0.0,0.015
2026-09-25T16:07:06+00:00,QQQ,2026-09-25,0,741.76,774.0,C,0.0,0.01,0.02,0.02,0,1312,0.6284,0.0036,0.0009,0.0019,-0.0125,0.0,0.0,0.0,0.015
2026-09-25T16:07:06+00:00,QQQ,2026-09-25,0,741.76,775.0,C,0.0,0.01,0.01,0.01,0,1926,0.6458,0.0035,0.0009,0.0019,-0.0124,0.0,0.0,0.0,0.015
2026-09-25T16:07:06+00:00,QQQ,2026-09-25,0,741.76,776.0,C,0.0,0.01,0.02,0.02,0,368,0.6631,0.0034,0.0008,0.0018,-0.0124,0.0,0.0,0.0,0.015
2026-09-25T16:07:06+00:00,QQQ,2026-09-25,0,741.76,777.0,C,0.0,0.01,0.01,0.01,4,68,0.6804,0.0034,0.0008,0.0018,-0.0123,0.01,0.01,0.01,0.015
2026-09-25T16:07:06+00:00,QQQ,2026-09-25,0,741.76,778.0,C,0.0,0.01,0.02,0.02,4,139,0.6976,0.0033,0.0008,0.0017,-0.0122,0.02,0.02,0.02,0.015
2026-09-25T16:07:06+00:00,QQQ,2026-09-25,0,741.76,780.0,C,0.0,0.01,0.01,0.01,2,1683,0.7318,0.0031,0.0007,0.0016,-0.0121,0.01,0.01,0.01,0.015
2026-09-25T16:07:06+00:00,QQQ,2026-09-25,0,741.76,782.0,C,0.0,0.01,0.01,0.01,213,707,0.7658,0.003,0.0006,0.0016,-0.012,0.01,0.01,0.01,0.005
2026-09-25T16:07:06+00:00,QQQ,2026-09-25,0,741.76,935.0,C,0.0,0.01,0.01,0.01,26,40,2.9799,0.0005,0.0,0.0003,-0.0059,0.01,0.01,0.01,0.005
2026-09-25T16:07:06+00:00,QQQ,2026-09-25,0,741.76,450.0,P,0.0,0.01,0.01,0.01,3,1311,6.263,-0.0001,0.0,0.0001,-0.002,0.01,0.01,0.01,0.005
2026-09-25T16:07:06+00:00,QQQ,2026-09-25,0,741.76,580.0,P,0.0,0.01,0.01,0.01,25,772,3.2082,-0.0006,0.0,0.0003,-0.0077,0.01,0.01,0.01,0.005
2026-09-25T16:07:06+00:00,QQQ,2026-09-25,0,741.76,600.0,P,0.0,0.01,0.01,0.01,1,4152,2.7923,-0.0007,0.0,0.0004,-0.009,0.01,0.01,0.01,0.005
2026-09-25T16:07:06+00:00,QQQ,2026-09-25,0,741.76,605.0,P,0.0,0.01,0.01,0.01,2,1883,2.69,-0.0008,0.0,0.0004,-0.0094,0.01,0.01,0.01,0.005
2026-09-25T16:07:06+00:00,QQQ,2026-09-25,0,741.76,620.0,P,0.0,0.01,0.01,0.01,17,2323,2.3869,-0.0009,0.0001,0.0005,-0.0105,0.01,0.01,0.01,0.005
2026-09-25T16:07:06+00:00,QQQ,2026-09-25,0,741.76,625.0,P,0.0,0.01,0.01,0.01,5,1666,2.2871,-0.001,0.0001,0.0006,-0.0109,0.01,0.01,0.01,0.005
2026-09-25T16:07:06+00:00,QQQ,2026-09-25,0,741.76,635.0,P,0.0,0.01,0.01,0.01,20,15929,2.089,-0.0012,0.0001,0.0006,-0.0117,0.01,0.01,0.01,0.005
2026-09-25T16:07:06+00:00,QQQ,2026-09-25,0,741.76,640.0,P,0.0,0.01,0.02,0.02,5,1828,1.9907,-0.0012,0.0001,0.0007,-0.0121,0.01,0.02,0.01,0.005
2026-09-25T16:07:06+00:00,QQQ,2026-09-25,0,741.76,645.0,P,0.0,0.01,0.02,0.02,51,4195,1.8929,-0.0013,0.0001,0.0007,-0.0125,0.01,0.02,0.01,0.005
2026-09-25T16:07:06+00:00,QQQ,2026-09-25,0,741.76,650.0,P,0.0,0.01,0.01,0.01,8,10661,1.7956,-0.0014,0.0001,0.0008,-0.0129,0.01,0.01,0.01,0.005
2026-09-25T16:07:06+00:00,QQQ,2026-09-25,0,741.76,660.0,P,0.0,0.01,0.01,0.01,17,4570,1.6022,-0.0017,0.0002,0.0009,-0.0138,0.01,0.01,0.01,0.005
2026-09-25T16:07:06+00:00,QQQ,2026-09-25,0,741.76,665.0,P,0.0,0.01,0.01,0.01,45,38192,1.5061,-0.0018,0.0002,0.001,-0.0142,0.01,0.01,0.01,0.005
2026-09-25T16:07:06+00:00,QQQ,2026-09-25,0,741.76,670.0,P,0.0,0.01,0.01,0.01,34,5857,1.4103,-0.002,0.0002,0.0011,-0.0147,0.01,0.01,0.01,0.005
2026-09-25T16:07:06+00:00,QQQ,2026-09-25,0,741.76,672.0,P,0.0,0.01,0.01,0.01,1,726,1.372,-0.0021,0.0002,0.0011,-0.0149,0.01,0.01,0.01,0.015
2026-09-25T16:07:06+00:00,QQQ,2026-09-25,0,741.76,673.0,P,0.0,0.01,0.01,0.01,3,607,1.3529,-0.0021,0.0003,0.0011,-0.015,0.01,0.01,0.01,0.015
2026-09-25T16:07:06+00:00,QQQ,2026-09-25,0,741.76,674.0,P,0.0,0.01,0.01,0.01,1,825,1.3338,-0.0021,0.0003,0.0012,-0.0151,0.01,0.01,0.01,0.015
2026-09-25T16:07:06+00:00,QQQ,2026-09-25,0,741.76,675.0,P,0.0,0.01,0.01,0.01,32,3161,1.3148,-0.0022,0.0003,0.0012,-0.0152,0.01,0.01,0.01,0.015
2026-09-25T16:07:06+00:00,QQQ,2026-09-25,0,741.76,677.0,P,0.0,0.01,0.01,0.01,28,772,1.2766,-0.0023,0.0003,0.0012,-0.0154,0.01,0.01,0.01,0.015
2026-09-25T16:07:06+00:00,QQQ,2026-09-25,0,741.76,678.0,P,0.0,0.01,0.01,0.01,150,890,1.2576,-0.0023,0.0003,0.0012,-0.0154,0.01,0.01,0.01,0.015
2026-09-25T16:07:06+00:00,QQQ,2026-09-25,0,741.76,680.0,P,0.0,0.01,0.01,0.01,71,3580,1.2195,-0.0024,0.0003,0.0013,-0.0156,0.01,0.02,0.01,0.015
2026-09-25T16:07:06+00:00,QQQ,2026-09-25,0,741.76,681.0,P,0.0,0.01,0.01,0.01,154,1155,1.2005,-0.0024,0.0003,0.0013,-0.0157,0.01,0.01,0.01,0.015
2026-09-25T16:07:06+00:00,QQQ,2026-09-25,0,741.76,682.0,P,0.0,0.01,0.01,0.01,1,1046,1.1815,-0.0025,0.0004,0.0013,-0.0158,0.01,0.01,0.01,0.015
2026-09-25T16:07:06+00:00,QQQ,2026-09-25,0,741.76,683.0,P,0.0,0.01,0.01,0.01,1975,3458,1.1624,-0.0025,0.0004,0.0013,-0.0159,0.01,0.01,0.01,0.015
2026-09-25T16:07:06+00:00,QQQ,2026-09-25,0,741.76,685.0,P,0.0,0.01,0.01,0.01,105,2903,1.1244,-0.0026,0.0004,0.0014,-0.0161,0.01,0.01,0.01,0.015
2026-09-25T16:07:06+00:00,QQQ,2026-09-25,0,741.76,686.0,P,0.0,0.01,0.01,0.01,4,2437,1.1055,-0.0027,0.0004,0.0014,-0.0162,0.01,0.01,0.01,0.015
2026-09-25T16:07:06+00:00,QQQ,2026-09-25,0,741.76,687.0,P,0.0,0.01,0.01,0.01,5,2225,1.0865,-0.0027,0.0004,0.0014,-0.0163,0.01,0.01,0.01,0.015
2026-09-25T16:07:06+00:00,QQQ,2026-09-25,0,741.76,688.0,P,0.0,0.01,0.01,0.01,206,1946,1.0675,-0.0028,0.0004,0.0015,-0.0164,0.01,0.01,0.01,0.015
2026-09-25T16:07:06+00:00,QQQ,2026-09-25,0,741.76,689.0,P,0.0,0.01,0.02,0.02,32,2011,1.0485,-0.0029,0.0004,0.0015,-0.0165,0.01,0.02,0.01,0.015
2026-09-25T16:07:06+00:00,QQQ,2026-09-25,0,741.76,690.0,P,0.0,0.01,0.01,0.01,71,85486,1.0295,-0.0029,0.0005,0.0015,-0.0166,0.01,0.01,0.01,0.015
2026-09-25T16:07:06+00:00,QQQ,2026-09-25,0,741.76,691.0,P,0.0,0.01,0.01,0.01,6,2293,1.0106,-0.003,0.0005,0.0016,-0.0167,0.01,0.01,0.01,0.015
2026-09-25T16:07:06+00:00,QQQ,2026-09-25,0,741.76,692.0,P,0.0,0.01,0.01,0.01,6,1496,0.9916,-0.0031,0.0005,0.0016,-0.0168,0.01,0.01,0.01,0.015
2026-09-25T16:07:06+00:00,QQQ,2026-09-25,0,741.76,693.0,P,0.0,0.01,0.01,0.01,1,4215,0.9726,-0.0031,0.0005,0.0016,-0.0169,0.01,0.01,0.01,0.015
2026-09-25T16:07:06+00:00,QQQ,2026-09-25,0,741.76,694.0,P,0.0,0.01,0.01,0.01,5,2917,0.9536,-0.0032,0.0005,0.0017,-0.017,0.01,0.01,0.01,0.015
2026-09-25T16:07:06+00:00,QQQ,2026-09-25,0,741.76,695.0,P,0.0,0.01,0.01,0.01,3,5302,0.9347,-0.0033,0.0006,0.0017,-0.0171,0.01,0.01,0.01,0.015
2026-09-25T16:07:06+00:00,QQQ,2026-09-25,0,741.76,696.0,P,0.0,0.01,0.01,0.01,6,2333,0.9157,-0.0033,0.0006,0.0017,-0.0172,0.02,0.02,0.01,0.015
2026-09-25T16:07:06+00:00,QQQ,2026-09-25,0,741.76,697.0,P,0.0,0.01,0.01,0.01,6,1476,0.8967,-0.0034,0.0006,0.0018,-0.0173,0.01,0.01,0.01,0.015
2026-09-25T16:07:06+00:00,QQQ,2026-09-25,0,741.76,698.0,P,0.0,0.01,0.01,0.01,26,5285,0.8778,-0.0035,0.0006,0.0018,-0.0174,0.01,0.01,0.01,0.015
2026-09-25T16:07:06+00:00,QQQ,2026-09-25,0,741.76,699.0,P,0.0,0.01,0.01,0.01,1,5876,0.8588,-0.0036,0.0006,0.0019,-0.0175,0.01,0.01,0.01,0.015
2026-09-25T16:07:06+00:00,QQQ,2026-09-25,0,741.76,700.0,P,0.0,0.01,0.01,0.01,53,18205,0.8398,-0.0037,0.0007,0.0019,-0.0176,0.01,0.01,0.01,0.015
2026-09-25T16:07:06+00:00,QQQ,2026-09-25,0,741.76,701.0,P,0.0,0.01,0.01,0.01,2,1908,0.8208,-0.0038,0.0007,0.002,-0.0177,0.01,0.01,0.01,0.015
2026-09-25T16:07:06+00:00,QQQ,2026-09-25,0,741.76,702.0,P,0.0,0.01,0.01,0.01,4,2384,0.8018,-0.0039,0.0008,0.002,-0.0178,0.01,0.01,0.01,0.015
2026-09-25T16:07:06+00:00,QQQ,2026-09-25,0,741.76,703.0,P,0.0,0.01,0.01,0.01,32,1702,0.7828,-0.004,0.0008,0.002,-0.018,0.01,0.01,0.01,0.025
2026-09-25T16:07:06+00:00,QQQ,2026-09-25,0,741.76,704.0,P,0.0,0.01,0.01,0.01,1,3626,0.7638,-0.0041,0.0008,0.0021,-0.0181,0.01,0.01,0.01,0.025
2026-09-25T16:07:06+00:00,QQQ,2026-09-25,0,741.76,705.0,P,0.0,0.01,0.01,0.01,329,32695,0.7448,-0.0042,0.0009,0.0022,-0.0182,0.02,0.02,0.01,0.025
2026-09-25T16:07:06+00:00,QQQ,2026-09-25,0,741.76,706.0,P,0.0,0.01,0.01,0.01,11,1957,0.7258,-0.0043,0.0009,0.0022,-0.0183,0.01,0.01,0.01,0.025
2026-09-25T16:07:06+00:00,QQQ,2026-09-25,0,741.76,707.0,P,0.0,0.01,0.01,0.01,25,3017,0.7068,-0.0044,0.001,0.0023,-0.0184,0.01,0.01,0.01,0.025
2026-09-25T16:07:06+00:00,QQQ,2026-09-25,0,741.76,708.0,P,0.0,0.01,0.01,0.01,53,1971,0.6878,-0.0046,0.001,0.0023,-0.0185,0.01,0.01,0.01,0.025
2026-09-25T16:07:06+00:00,QQQ,2026-09-25,0,741.76,709.0,P,0.0,0.01,0.01,0.01,99,2181,0.6687,-0.0047,0.0011,0.0024,-0.0186,0.01,0.03,0.01,0.025
2026-09-25T16:07:06+00:00,QQQ,2026-09-25,0,741.76,710.0,P,0.0,0.01,0.01,0.01,482,10372,0.6496,-0.0048,0.0011,0.0025,-0.0187,0.01,0.01,0.01,0.025
2026-09-25T16:07:06+00:00,QQQ,2026-09-25,0,741.76,711.0,P,0.0,0.01,0.01,0.01,104,2672,0.6306,-0.005,0.0012,0.0025,-0.0188,0.01,0.01,0.01,0.035
2026-09-25T16:07:06+00:00,QQQ,2026-09-25,0,741.76,712.0,P,0.0,0.01,0.01,0.01,313,2064,0.6115,-0.0052,0.0012,0.0026,-0.019,0.01,0.01,0.01,0.035
2026-09-25T16:07:06+00:00,QQQ,2026-09-25,0,741.76,713.0,P,0.0,0.01,0.01,0.01,290,2093,0.5923,-0.0053,0.0013,0.0027,-0.0191,0.02,0.02,0.01,0.035
2026-09-25T16:07:06+00:00,QQQ,2026-09-25,0,741.76,714.0,P,0.0,0.01,0.01,0.01,1103,4859,0.5732,-0.0055,0.0014,0.0028,-0.0192,0.01,0.02,0.01,0.035
2026-09-25T16:07:06+00:00,QQQ,2026-09-25,0,741.76,715.0,P,0.0,0.01,0.01,0.01,3711,9399,0.554,-0.0057,0.0015,0.0029,-0.0193,0.01,0.02,0.01,0.035
2026-09-25T16:07:06+00:00,QQQ,2026-09-25,0,741.76,716.0,P,0.0,0.01,0.01,0.01,3927,4106,0.5348,-0.0059,0.0016,0.003,-0.0195,0.02,0.02,0.01,0.045
2026-09-25T16:07:06+00:00,QQQ,2026-09-25,0,741.76,717.0,P,0.01,0.02,0.015,0.01,8688,3256,0.5749,-0.0062,0.0017,0.0031,-0.0196,0.01,0.03,0.01,0.045
2026-09-25T16:07:06+00:00,QQQ,2026-09-25,0,741.76,718.0,P,0.01,0.02,0.015,0.01,13821,13685,0.5538,-0.0064,0.0018,0.0032,-0.0198,0.01,0.03,0.01,0.045
2026-09-25T16:07:06+00:00,QQQ,2026-09-25,0,741.76,719.0,P,0.01,0.02,0.015,0.01,3253,8537,0.5327,-0.0067,0.002,0.0033,-0.02,0.02,0.03,0.01,0.055
2026-09-25T16:07:06+00:00,QQQ,2026-09-25,0,741.76,720.0,P,0.01,0.02,0.015,0.01,9701,11872,0.5115,-0.007,0.0022,0.0035,-0.0203,0.01,0.04,0.01,0.055
2026-09-25T16:07:06+00:00,QQQ,2026-09-25,0,741.76,721.0,P,0.01,0.02,0.015,0.01,2948,4963,0.4903,-0.0074,0.0024,0.0036,-0.0206,0.01,0.03,0.01,0.065
2026-09-25T16:07:06+00:00,QQQ,2026-09-25,0,741.76,722.0,P,0.01,0.02,0.015,0.01,1332,8821,0.469,-0.0078,0.0026,0.0038,-0.0209,0.02,0.04,0.01,0.075
2026-09-25T16:07:06+00:00,QQQ,2026-09-25,0,741.76,723.0,P,0.01,0.02,0.015,0.01,2263,2426,0.4476,-0.0083,0.0028,0.004,-0.0214,0.03,0.04,0.01,0.085
2026-09-25T16:07:06+00:00,QQQ,2026-09-25,0,741.76,724.0,P,0.01,0.02,0.015,0.01,4986,3949,0.4262,-0.0088,0.0031,0.0043,-0.0221,0.03,0.05,0.01,0.095
2026-09-25T16:07:06+00:00,QQQ,2026-09-25,0,741.76,725.0,P,0.02,0.03,0.025,0.03,10751,13949,0.4305,-0.0096,0.0035,0.0046,-0.023,0.03,0.07,0.01,0.105
2026-09-25T16:07:06+00:00,QQQ,2026-09-25,0,741.76,726.0,P,0.02,0.03,0.025,0.02,5059,4854,0.4078,-0.0104,0.004,0.005,-0.0242,0.02,0.08,0.01,0.125
2026-09-25T16:07:06+00:00,QQQ,2026-09-25,0,741.76,727.0,P,0.02,0.03,0.025,0.03,5776,3625,0.385,-0.0116,0.0046,0.0055,-0.0259,0.05,0.1,0.01,0.155
2026-09-25T16:07:06+00:00,QQQ,2026-09-25,0,741.76,728.0,P,0.03,0.04,0.035,0.04,6989,3308,0.379,-0.0131,0.0054,0.0061,-0.0283,0.02,0.12,0.01,0.185
2026-09-25T16:07:06+00:00,QQQ,2026-09-25,0,741.76,729.0,P,0.03,0.04,0.035,0.03,7384,4682,0.3551,-0.0151,0.0064,0.0069,-0.0316,0.03,0.16,0.02,0.225
2026-09-25T16:07:06+00:00,QQQ,2026-09-25,0,741.76,730.0,P,0.04,0.05,0.045,0.04,25615,18960,0.3437,-0.0179,0.0078,0.008,-0.0364,0.05,0.2,0.02,0.275
2026-09-25T16:07:06+00:00,QQQ,2026-09-25,0,741.76,731.0,P,0.04,0.05,0.045,0.05,10746,7137,0.3187,-0.0217,0.0096,0.0094,-0.0432,0.06,0.26,0.02,0.345
2026-09-25T16:07:06+00:00,QQQ,2026-09-25,0,741.76,732.0,P,0.05,0.06,0.055,0.06,15214,6919,0.3032,-0.0271,0.0121,0.0113,-0.0528,0.07,0.33,0.03,0.425
2026-09-25T16:07:06+00:00,QQQ,2026-09-25,0,741.76,733.0,P,0.06,0.07,0.065,0.07,19594,7671,0.2853,-0.0345,0.0156,0.0138,-0.0663,0.09,0.41,0.04,0.535
2026-09-25T16:07:06+00:00,QQQ,2026-09-25,0,741.76,734.0,P,0.08,0.09,0.085,0.08,24717,7291,0.2717,-0.0451,0.0204,0.017,-0.0858,0.11,0.53,0.04,0.665
2026-09-25T16:07:06+00:00,QQQ,2026-09-25,0,741.76,735.0,P,0.11,0.12,0.115,0.11,45085,14645,0.2591,-0.06,0.027,0.0213,-0.114,0.16,0.69,0.05,0.825
2026-09-25T16:07:06+00:00,QQQ,2026-09-25,0,741.76,736.0,P,0.15,0.16,0.155,0.16,45500,18995,0.2456,-0.0815,0.0359,0.0268,-0.1557,0.23,0.88,0.07,1.025
2026-09-25T16:07:06+00:00,QQQ,2026-09-25,0,741.76,737.0,P,0.22,0.23,0.225,0.21,58691,4892,0.233,-0.1124,0.0478,0.0337,-0.2183,0.33,1.12,0.1,1.265
2026-09-25T16:07:06+00:00,QQQ,2026-09-25,0,741.76,738.0,P,0.32,0.33,0.325,0.32,81775,6418,0.2236,-0.1566,0.0629,0.042,-0.3134,0.51,1.42,0.14,1.545
2026-09-25T16:07:06+00:00,QQQ,2026-09-25,0,741.76,739.0,P,0.47,0.48,0.475,0.47,96230,4617,0.2132,-0.2184,0.0807,0.0511,-0.4578,0.66,1.79,0.2,1.875
2026-09-25T16:07:06+00:00,QQQ,2026-09-25,0,741.76,740.0,P,0.7,0.71,0.705,0.7,192398,9175,0.206,-0.3007,0.099,0.0599,-0.6734,0.9,2.24,0.24,2.265
2026-09-25T16:07:06+00:00,QQQ,2026-09-25,0,741.76,741.0,P,1.01,1.02,1.015,1.03,217818,3830,0.1992,-0.4033,0.1137,0.0663,-0.9855,1.21,2.78,0.43,2.705
2026-09-25T16:07:06+00:00,QQQ,2026-09-25,0,741.76,742.0,P,1.45,1.46,1.455,1.48,183317,2155,0.1944,-0.52,0.1198,0.0681,-1.2426,1.61,3.38,0.6,3.2
2026-09-25T16:07:06+00:00,QQQ,2026-09-25,0,741.76,743.0,P,2.02,2.04,2.03,2.03,142912,2163,0.1919,-0.6389,0.1142,0.0642,-0.8062,2.07,4.06,0.81,3.765
2026-09-25T16:07:06+00:00,QQQ,2026-09-25,0,741.76,744.0,P,2.72,2.75,2.735,2.68,109551,1690,0.191,-0.7458,0.098,0.0554,-0.498,2.53,4.83,1.11,4.385
2026-09-25T16:07:06+00:00,QQQ,2026-09-25,0,741.76,745.0,P,3.49,3.56,3.525,3.47,27116,4711,0.1904,-0.8307,0.0764,0.0442,-0.298,3.13,5.67,1.48,5.05
2026-09-25T16:07:06+00:00,QQQ,2026-09-25,0,741.76,746.0,P,4.41,4.46,4.435,4.43,9067,1592,0.1939,-0.8907,0.0554,0.0332,-0.1774,4.0,6.5,1.98,5.785
2026-09-25T16:07:06+00:00,QQQ,2026-09-25,0,741.76,747.0,P,5.21,5.39,5.3,5.21,4265,1426,0.2118,-0.9296,0.0386,0.0243,-0.1083,5.3,7.35,2.55,6.57
2026-09-25T16:07:06+00:00,QQQ,2026-09-25,0,741.76,748.0,P,5.99,6.7,6.345,6.44,1338,960,0.2606,-0.9536,0.0266,0.0177,-0.0694,6.27,8.36,3.29,7.41
2026-09-25T16:07:06+00:00,QQQ,2026-09-25,0,741.76,749.0,P,6.92,8.2,7.56,7.96,712,484,0.3629,-0.9681,0.0186,0.0131,-0.0473,5.75,8.95,4.0,8.22
2026-09-25T16:07:06+00:00,QQQ,2026-09-25,0,741.76,750.0,P,7.96,8.41,8.185,8.11,776,1729,0.2023,-0.977,0.0134,0.01,-0.0344,7.01,10.31,4.91,9.185
2026-09-25T16:07:06+00:00,QQQ,2026-09-25,0,741.76,751.0,P,8.17,10.18,9.175,9.69,509,87,0.1701,-0.9826,0.01,0.008,-0.0266,8.73,11.35,5.88,9.97
2026-09-25T16:07:06+00:00,QQQ,2026-09-25,0,741.76,752.0,P,9.89,11.17,10.53,9.0,74,19,0.4549,-0.9862,0.0077,0.0065,-0.0218,9.85,12.2,7.17,10.94
2026-09-25T16:07:06+00:00,QQQ,2026-09-25,0,741.76,753.0,P,10.76,12.17,11.465,11.27,121,3,0.4631,-0.9885,0.0062,0.0056,-0.0187,10.9,11.27,9.44,11.9
2026-09-25T16:07:06+00:00,QQQ,2026-09-25,0,741.76,754.0,P,11.17,13.17,12.17,10.86,26,0,0.0,-0.9901,0.0051,0.0049,-0.0168,12.14,14.33,9.74,12.885
2026-09-25T16:07:06+00:00,QQQ,2026-09-25,0,741.76,755.0,P,12.19,14.17,13.18,11.8,26,8,0.2867,-0.9912,0.0043,0.0044,-0.0156,12.33,15.01,10.26,14.01
2026-09-25T16:07:06+00:00,QQQ,2026-09-25,0,741.76,756.0,P,13.11,15.16,14.135,12.85,42,27,0.0,-0.9921,0.0037,0.004,-0.0148,12.74,15.45,11.5,14.905
2026-09-25T16:07:06+00:00,QQQ,2026-09-25,0,741.76,757.0,P,14.19,16.16,15.175,13.76,20,0,0.2698,-0.9927,0.0033,0.0037,-0.0143,13.19,16.29,12.44,15.875
2026-09-25T16:07:06+00:00,QQQ,2026-09-25,0,741.76,758.0,P,15.19,17.17,16.18,14.87,19,1,0.3442,-0.9932,0.0029,0.0035,-0.014,14.22,14.87,13.75,16.96
2026-09-25T16:07:06+00:00,QQQ,2026-09-25,0,741.76,759.0,P,16.2,18.17,17.185,15.86,6,3,0.3876,-0.9936,0.0026,0.0033,-0.0137,18.46,18.46,15.64,17.88
2026-09-25T16:07:06+00:00,QQQ,2026-09-25,0,741.76,760.0,P,17.19,19.16,18.175,16.87,24,4,0.3182,-0.9939,0.0024,0.0031,-0.0135,17.3,17.3,16.0,18.885
2026-09-25T16:07:06+00:00,QQQ,2026-09-25,0,741.76,761.0,P,18.02,20.16,19.09,20.41,0,0,0.0,-0.9942,0.0022,0.003,-0.0134,0.0,0.0,0.0,19.87
2026-09-25T16:07:06+00:00,QQQ,2026-09-25,0,741.76,762.0,P,19.19,21.16,20.175,18.69,6,0,0.3502,-0.9945,0.002,0.0028,-0.0133,19.28,20.13,18.63,20.86
2026-09-25T16:07:06+00:00,QQQ,2026-09-25,0,741.76,763.0,P,20.2,22.16,21.18,19.65,7,0,0.4375,-0.9947,0.0019,0.0027,-0.0132,19.86,19.86,19.65,21.875
2026-09-25T16:07:06+00:00,QQQ,2026-09-25,0,741.76,764.0,P,21.2,23.16,22.18,20.86,8,0,0.4558,-0.9949,0.0017,0.0026,-0.0131,22.85,23.21,20.64,22.8
2026-09-25T16:07:06+00:00,QQQ,2026-09-25,0,741.76,765.0,P,22.19,24.16,23.175,21.64,4,0,0.3976,-0.9951,0.0016,0.0025,-0.0131,23.61,23.61,21.64,23.805
2026-09-25T16:07:06+00:00,QQQ,2026-09-25,0,741.76,766.0,P,23.12,25.17,24.145,22.85,26,0,0.0,-0.9953,0.0015,0.0024,-0.013,23.31,25.78,22.78,24.77
2026-09-25T16:07:06+00:00,QQQ,2026-09-25,0,741.76,767.0,P,23.62,26.18,24.9,23.79,45,20,0.0,-0.9955,0.0014,0.0024,-0.0129,24.73,27.07,23.79,25.755
2026-09-25T16:07:06+00:00,QQQ,2026-09-25,0,741.76,768.0,P,24.59,27.24,25.915,24.46,27,0,0.0,-0.9956,0.0013,0.0023,-0.0129,25.68,27.77,24.46,26.76
2026-09-25T16:07:06+00:00,QQQ,2026-09-25,0,741.76,769.0,P,26.12,28.17,27.145,25.86,46,0,0.0,-0.9958,0.0012,0.0022,-0.0128,24.8,28.01,24.39,27.865
2026-09-25T16:07:06+00:00,QQQ,2026-09-25,0,741.76,770.0,P,27.16,29.16,28.16,26.43,53,0,0.0,-0.9959,0.0012,0.0022,-0.0127,28.91,28.94,26.02,28.865
2026-09-25T16:07:06+00:00,QQQ,2026-09-25,0,741.76,771.0,P,28.12,30.18,29.15,27.75,36,0,0.0,-0.996,0.0011,0.0021,-0.0127,30.0,31.55,27.42,29.755
2026-09-25T16:07:06+00:00,QQQ,2026-09-25,0,741.76,772.0,P,29.12,31.17,30.145,32.38,12,0,0.0,-0.9961,0.001,0.002,-0.0126,29.88,32.38,29.81,30.8
2026-09-25T16:07:06+00:00,QQQ,2026-09-25,0,741.76,773.0,P,29.92,32.17,31.045,33.37,14,0,0.0,-0.9962,0.001,0.002,-0.0126,28.22,33.37,28.22,31.755
2026-09-25T16:07:06+00:00,QQQ,2026-09-25,0,741.76,774.0,P,31.11,33.22,32.165,30.74,22,0,0.0,-0.9964,0.0009,0.0019,-0.0125,29.03,32.07,29.03,32.91
2026-09-25T16:07:06+00:00,QQQ,2026-09-25,0,741.76,775.0,P,32.15,34.18,33.165,31.81,81,0,0.0,-0.9965,0.0009,0.0019,-0.0124,30.2,35.14,30.03,33.755
2026-09-25T16:07:06+00:00,QQQ,2026-09-25,0,741.76,776.0,P,33.15,35.18,34.165,32.8,73,0,0.0,-0.9966,0.0008,0.0018,-0.0124,32.62,36.13,31.32,34.79
2026-09-25T16:07:06+00:00,QQQ,2026-09-25,0,741.76,777.0,P,34.16,36.17,35.165,33.18,24,0,0.0,-0.9966,0.0008,0.0018,-0.0123,34.69,35.53,33.18,35.87
2026-09-25T16:07:06+00:00,QQQ,2026-09-25,0,741.76,778.0,P,35.14,37.17,36.155,34.8,16,0,0.0,-0.9967,0.0008,0.0017,-0.0122,34.64,37.4,34.61,36.785
2026-09-25T16:07:06+00:00,QQQ,2026-09-25,0,741.76,779.0,P,36.16,38.15,37.155,35.68,22,0,0.0,-0.9968,0.0007,0.0017,-0.0122,35.57,38.39,35.54,38.2
2026-09-25T16:07:06+00:00,QQQ,2026-09-25,0,741.76,780.0,P,37.08,39.17,38.125,36.79,40,0,0.0,-0.9969,0.0007,0.0016,-0.0121,37.87,40.18,36.79,39.03
2026-09-25T16:07:06+00:00,QQQ,2026-09-25,0,741.76,781.0,P,38.1,40.18,39.14,37.63,46,0,0.0,-0.997,0.0007,0.0016,-0.0121,38.8,41.17,37.63,40.285
2026-09-25T16:07:06+00:00,QQQ,2026-09-25,0,741.76,782.0,P,39.1,41.17,40.135,40.3,8,0,0.0,-0.997,0.0006,0.0016,-0.012,40.59,40.63,40.27,41.09
2026-09-25T16:07:06+00:00,QQQ,2026-09-25,0,741.76,785.0,P,42.08,44.19,43.135,41.72,16,0,0.0,-0.9972,0.0006,0.0015,-0.0119,42.95,42.95,41.24,44.205
2026-09-25T16:07:06+00:00,QQQ,2026-09-25,0,741.76,790.0,P,47.08,49.17,48.125,47.64,5,4,0.0,-0.9975,0.0005,0.0013,-0.0116,45.3,47.71,45.3,48.84
2026-09-25T16:07:06+00:00,QQQ,2026-09-25,0,741.76,805.0,P,62.92,64.16,63.54,60.81,1,0,1.8692,-0.9981,0.0003,0.001,-0.0108,60.81,60.81,60.81,64.24
2026-09-25T16:22:05+00:00,QQQ,2026-09-25,0,745.215,510.0,C,233.7,235.68,234.69,232.09,1,5,0.0,0.9998,0.0,0.0001,-0.0026,232.09,232.09,232.09,231.115
2026-09-25T16:22:05+00:00,QQQ,2026-09-25,0,745.215,575.0,C,168.7,170.68,169.69,170.37,1,0,0.0,0.9996,0.0,0.0002,-0.0052,170.37,170.37,170.37,165.915
2026-09-25T16:22:05+00:00,QQQ,2026-09-25,0,745.215,600.0,C,143.7,145.68,144.69,141.06,12,16,0.0,0.9995,0.0,0.0003,-0.0065,142.9,142.9,141.06,141.055
2026-09-25T16:22:05+00:00,QQQ,2026-09-25,0,745.215,610.0,C,133.7,135.7,134.7,131.85,1,14,0.0,0.9994,0.0,0.0003,-0.0071,131.85,131.85,131.85,131.06
2026-09-25T16:22:05+00:00,QQQ,2026-09-25,0,745.215,620.0,C,123.7,125.69,124.695,122.41,10,32,0.0,0.9993,0.0001,0.0004,-0.0077,123.0,123.0,121.33,121.26
2026-09-25T16:22:05+00:00,QQQ,2026-09-25,0,745.215,667.0,C,76.7,78.69,77.695,73.32,1,3,0.0,0.9986,0.0002,0.0008,-0.011,73.32,73.32,73.32,73.855
2026-09-25T16:22:05+00:00,QQQ,2026-09-25,0,745.215,671.0,C,72.7,74.69,73.695,74.38,1,36,0.0,0.9984,0.0002,0.0008,-0.0113,74.38,74.38,74.38,70.095
2026-09-25T16:22:05+00:00,QQQ,2026-09-25,0,745.215,675.0,C,68.7,70.69,69.695,68.02,62,47,0.0,0.9983,0.0002,0.0009,-0.0116,67.56,68.02,65.32,66.13
2026-09-25T16:22:05+00:00,QQQ,2026-09-25,0,745.215,677.0,C,66.71,68.69,67.7,66.43,16,16,0.0,0.9983,0.0002,0.0009,-0.0118,63.81,66.43,63.81,64.1
2026-09-25T16:22:05+00:00,QQQ,2026-09-25,0,745.215,679.0,C,65.62,66.69,66.155,61.33,1,4,0.0,0.9982,0.0002,0.001,-0.0119,61.33,61.33,61.33,62.535
2026-09-25T16:22:05+00:00,QQQ,2026-09-25,0,745.215,680.0,C,65.15,65.69,65.42,63.6,1,15,1.9219,0.9982,0.0002,0.001,-0.012,63.6,63.6,63.6,61.205
2026-09-25T16:22:05+00:00,QQQ,2026-09-25,0,745.215,681.0,C,64.17,64.69,64.43,61.51,2,6,1.8877,0.9981,0.0003,0.001,-0.0121,61.4,61.51,61.4,60.26
2026-09-25T16:22:05+00:00,QQQ,2026-09-25,0,745.215,682.0,C,63.16,63.67,63.415,60.56,1,5,1.8456,0.9981,0.0003,0.001,-0.0122,60.56,60.56,60.56,59.255
2026-09-25T16:22:05+00:00,QQQ,2026-09-25,0,745.215,684.0,C,61.17,61.67,61.42,58.35,28,8,1.8005,0.998,0.0003,0.001,-0.0123,60.83,61.33,57.57,57.11
2026-09-25T16:22:05+00:00,QQQ,2026-09-25,0,745.215,685.0,C,60.18,60.69,60.435,57.4,4,40,1.7887,0.998,0.0003,0.0011,-0.0124,59.81,59.81,56.15,56.1
2026-09-25T16:22:05+00:00,QQQ,2026-09-25,0,745.215,687.0,C,58.08,58.69,58.385,54.11,1,12,1.63,0.9979,0.0003,0.0011,-0.0126,54.11,54.11,54.11,54.11
2026-09-25T16:22:05+00:00,QQQ,2026-09-25,0,745.215,688.0,C,57.18,57.69,57.435,54.08,27,5,1.7087,0.9978,0.0003,0.0011,-0.0126,56.81,56.81,53.85,53.11
2026-09-25T16:22:05+00:00,QQQ,2026-09-25,0,745.215,689.0,C,55.88,56.69,56.285,53.13,2,46,1.255,0.9978,0.0003,0.0012,-0.0127,52.11,53.13,52.11,52.11
2026-09-25T16:22:05+00:00,QQQ,2026-09-25,0,745.215,690.0,C,55.19,55.7,55.445,51.65,41,164,1.662,0.9978,0.0004,0.0012,-0.0128,52.43,52.43,50.05,51.11
2026-09-25T16:22:05+00:00,QQQ,2026-09-25,0,745.215,691.0,C,54.19,54.51,54.35,54.37,5,48,1.4795,0.9977,0.0004,0.0012,-0.0129,52.55,54.42,52.55,50.1
2026-09-25T16:22:05+00:00,QQQ,2026-09-25,0,745.215,692.0,C,51.71,53.69,52.7,48.46,1,22,0.0,0.9977,0.0004,0.0012,-0.013,48.46,48.46,48.46,48.93
2026-09-25T16:22:05+00:00,QQQ,2026-09-25,0,745.215,694.0,C,49.71,51.68,50.695,51.37,1,29,0.0,0.9976,0.0004,0.0013,-0.0132,51.37,51.37,51.37,47.11
2026-09-25T16:22:05+00:00,QQQ,2026-09-25,0,745.215,695.0,C,48.71,50.69,49.7,47.96,38,225,0.0,0.9975,0.0004,0.0013,-0.0132,47.58,47.96,46.21,46.11
2026-09-25T16:22:05+00:00,QQQ,2026-09-25,0,745.215,697.0,C,46.71,48.69,47.7,43.8,7,84,0.0,0.9974,0.0004,0.0014,-0.0134,43.91,44.85,43.8,44.27
2026-09-25T16:22:05+00:00,QQQ,2026-09-25,0,745.215,698.0,C,45.71,47.69,46.7,46.41,1,80,0.0,0.9973,0.0005,0.0014,-0.0135,46.41,46.41,46.41,43.11
2026-09-25T16:22:05+00:00,QQQ,2026-09-25,0,745.215,699.0,C,44.71,46.69,45.7,44.1,14,114,0.0,0.9973,0.0005,0.0014,-0.0136,45.83,46.24,44.1,42.265
2026-09-25T16:22:05+00:00,QQQ,2026-09-25,0,745.215,700.0,C,43.71,45.67,44.69,41.68,172,969,0.0,0.9972,0.0005,0.0014,-0.0137,42.0,44.27,40.0,41.15
2026-09-25T16:22:05+00:00,QQQ,2026-09-25,0,745.215,701.0,C,42.71,44.69,43.7,39.67,7,57,0.0,0.9971,0.0005,0.0015,-0.0138,42.29,42.29,39.38,40.27
2026-09-25T16:22:05+00:00,QQQ,2026-09-25,0,745.215,702.0,C,41.71,43.69,42.7,39.05,2,309,0.0,0.9971,0.0006,0.0015,-0.0138,38.9,39.05,38.9,39.265
2026-09-25T16:22:05+00:00,QQQ,2026-09-25,0,745.215,703.0,C,40.71,42.69,41.7,41.09,4,192,0.0,0.997,0.0006,0.0016,-0.0139,40.98,41.09,40.1,38.265
2026-09-25T16:22:05+00:00,QQQ,2026-09-25,0,745.215,704.0,C,39.7,41.7,40.7,40.95,15,330,0.0,0.9969,0.0006,0.0016,-0.014,39.3,40.95,39.29,37.205
2026-09-25T16:22:05+00:00,QQQ,2026-09-25,0,745.215,705.0,C,38.71,40.68,39.695,36.78,8,1128,0.0,0.9968,0.0006,0.0016,-0.0141,38.98,39.95,36.78,36.36
2026-09-25T16:22:05+00:00,QQQ,2026-09-25,0,745.215,706.0,C,37.71,39.68,38.695,35.69,5,382,0.0,0.9967,0.0007,0.0017,-0.0142,35.04,35.69,34.84,35.17
2026-09-25T16:22:05+00:00,QQQ,2026-09-25,0,745.215,707.0,C,37.57,38.69,38.13,34.5,61,399,0.0,0.9966,0.0007,0.0017,-0.0143,36.87,37.78,33.68,34.155
2026-09-25T16:22:05+00:00,QQQ,2026-09-25,0,745.215,708.0,C,35.71,37.69,36.7,33.82,88,486,0.0,0.9966,0.0007,0.0018,-0.0144,35.86,36.27,31.5,33.185
2026-09-25T16:22:05+00:00,QQQ,2026-09-25,0,745.215,709.0,C,34.67,36.69,35.68,31.93,92,475,0.0,0.9965,0.0008,0.0018,-0.0145,34.58,35.95,31.58,32.36
2026-09-25T16:22:05+00:00,QQQ,2026-09-25,0,745.215,710.0,C,34.65,35.69,35.17,35.09,144,2041,0.0,0.9964,0.0008,0.0019,-0.0146,33.83,35.09,29.99,31.365
2026-09-25T16:22:05+00:00,QQQ,2026-09-25,0,745.215,711.0,C,33.81,34.82,34.315,32.23,15,1740,0.8943,0.9962,0.0008,0.0019,-0.0147,32.71,32.71,31.0,30.185
2026-09-25T16:22:05+00:00,QQQ,2026-09-25,0,745.215,712.0,C,32.61,33.69,33.15,31.25,13,1393,0.0,0.9961,0.0009,0.002,-0.0148,30.8,33.07,27.94,29.29
2026-09-25T16:22:05+00:00,QQQ,2026-09-25,0,745.215,713.0,C,31.64,32.69,32.165,30.01,15,388,0.0,0.996,0.001,0.002,-0.0149,31.08,31.1,29.1,28.175
2026-09-25T16:22:05+00:00,QQQ,2026-09-25,0,745.215,714.0,C,31.16,31.67,31.415,27.58,31,433,1.0023,0.9959,0.001,0.0021,-0.015,29.85,30.79,26.72,27.3
2026-09-25T16:22:05+00:00,QQQ,2026-09-25,0,745.215,715.0,C,30.16,30.67,30.415,26.65,114,2764,0.9749,0.9958,0.0011,0.0021,-0.015,27.38,29.77,25.53,26.375
2026-09-25T16:22:05+00:00,QQQ,2026-09-25,0,745.215,716.0,C,28.67,29.67,29.17,29.09,85,899,0.0,0.9956,0.0011,0.0022,-0.0152,26.37,29.09,23.77,25.2
2026-09-25T16:22:05+00:00,QQQ,2026-09-25,0,745.215,717.0,C,28.16,28.67,28.415,27.47,93,1275,0.9152,0.9955,0.0012,0.0023,-0.0153,25.38,28.23,23.65,24.345
2026-09-25T16:22:05+00:00,QQQ,2026-09-25,0,745.215,718.0,C,27.16,27.67,27.415,24.09,394,2117,0.8921,0.9953,0.0013,0.0024,-0.0154,24.15,27.26,22.85,23.305
2026-09-25T16:22:05+00:00,QQQ,2026-09-25,0,745.215,719.0,C,26.2,26.67,26.435,24.43,67,2166,0.8643,0.9951,0.0014,0.0024,-0.0155,23.86,25.45,21.72,22.335
2026-09-25T16:22:05+00:00,QQQ,2026-09-25,0,745.215,720.0,C,24.9,25.67,25.285,24.73,309,4506,0.5979,0.9949,0.0015,0.0025,-0.0156,23.8,25.18,20.05,21.345
2026-09-25T16:22:05+00:00,QQQ,2026-09-25,0,745.215,721.0,C,24.2,24.68,24.44,22.52,137,1521,0.8125,0.9947,0.0016,0.0026,-0.0157,22.91,24.19,19.22,20.33
2026-09-25T16:22:05+00:00,QQQ,2026-09-25,0,745.215,722.0,C,23.2,23.68,23.44,20.44,101,1603,0.7844,0.9945,0.0017,0.0027,-0.0159,20.23,23.18,18.01,19.4
2026-09-25T16:22:05+00:00,QQQ,2026-09-25,0,745.215,723.0,C,22.19,22.68,22.435,20.63,121,1475,0.7561,0.9942,0.0018,0.0028,-0.016,18.87,21.5,17.65,18.41
2026-09-25T16:22:05+00:00,QQQ,2026-09-25,0,745.215,724.0,C,21.2,21.68,21.44,20.99,212,1444,0.7277,0.994,0.002,0.003,-0.0162,18.9,20.99,17.06,17.38
2026-09-25T16:22:05+00:00,QQQ,2026-09-25,0,745.215,725.0,C,20.03,20.64,20.335,17.59,477,3340,0.591,0.9937,0.0022,0.0031,-0.0165,17.18,19.82,14.98,16.38
2026-09-25T16:22:05+00:00,QQQ,2026-09-25,0,745.215,726.0,C,19.2,19.68,19.44,18.98,339,2231,0.6705,0.9933,0.0024,0.0033,-0.0168,16.54,19.34,13.84,15.465
2026-09-25T16:22:05+00:00,QQQ,2026-09-25,0,745.215,727.0,C,17.67,18.68,18.175,15.89,222,1527,0.0,0.9928,0.0026,0.0035,-0.0173,15.02,17.46,13.71,14.495
2026-09-25T16:22:05+00:00,QQQ,2026-09-25,0,745.215,728.0,C,17.18,17.65,17.415,17.14,223,2229,0.5884,0.9923,0.0029,0.0037,-0.0179,14.37,17.4,12.82,13.5
2026-09-25T16:22:05+00:00,QQQ,2026-09-25,0,745.215,729.0,C,15.71,16.68,16.195,16.33,270,6541,0.0,0.9916,0.0033,0.004,-0.0187,13.6,16.33,11.5,12.54
2026-09-25T16:22:05+00:00,QQQ,2026-09-25,0,745.215,730.0,C,15.19,15.65,15.42,15.31,667,5327,0.5448,0.9908,0.0038,0.0044,-0.0199,13.43,15.41,9.91,11.5
2026-09-25T16:22:05+00:00,QQQ,2026-09-25,0,745.215,731.0,C,14.15,14.68,14.415,13.23,188,2062,0.5028,0.9896,0.0044,0.0049,-0.0216,12.55,14.33,9.19,10.59
2026-09-25T16:22:05+00:00,QQQ,2026-09-25,0,745.215,732.0,C,12.8,13.69,13.245,13.0,422,1757,0.0,0.9881,0.0052,0.0055,-0.024,10.5,13.19,8.09,9.62
2026-09-25T16:22:05+00:00,QQQ,2026-09-25,0,745.215,733.0,C,12.2,12.69,12.445,11.86,856,1220,0.4699,0.9859,0.0064,0.0064,-0.0276,9.9,11.86,7.13,8.795
2026-09-25T16:22:05+00:00,QQQ,2026-09-25,0,745.215,734.0,C,10.67,11.69,11.18,10.39,2199,3797,0.0,0.9828,0.0079,0.0076,-0.0329,8.3,11.44,6.24,7.875
2026-09-25T16:22:05+00:00,QQQ,2026-09-25,0,745.215,735.0,C,10.21,10.7,10.455,10.18,4978,8526,0.4153,0.9784,0.0101,0.0092,-0.0407,7.16,10.5,5.43,7.03
2026-09-25T16:22:05+00:00,QQQ,2026-09-25,0,745.215,736.0,C,9.24,9.67,9.455,9.35,1875,4244,0.3791,0.9719,0.0132,0.0114,-0.0524,6.73,9.42,4.59,6.225
2026-09-25T16:22:05+00:00,QQQ,2026-09-25,0,745.215,737.0,C,8.25,8.66,8.455,8.3,2718,3792,0.3554,0.9624,0.0175,0.0144,-0.0701,5.66,8.53,3.83,5.46
2026-09-25T16:22:05+00:00,QQQ,2026-09-25,0,745.215,738.0,C,6.8,7.7,7.25,7.62,5582,3576,0.0,0.9484,0.0236,0.0185,-0.0972,5.07,7.62,3.11,4.735
2026-09-25T16:22:05+00:00,QQQ,2026-09-25,0,745.215,739.0,C,6.3,6.48,6.39,6.36,10954,5477,0.2679,0.9278,0.0318,0.0239,-0.1386,4.22,6.68,2.46,4.07
2026-09-25T16:22:05+00:00,QQQ,2026-09-25,0,745.215,740.0,C,5.38,5.53,5.455,5.58,40114,9097,0.2557,0.8982,0.0426,0.0307,-0.2019,3.58,5.8,1.85,3.455
2026-09-25T16:22:05+00:00,QQQ,2026-09-25,0,745.215,741.0,C,4.47,4.56,4.515,4.5,88238,7953,0.2396,0.8564,0.0561,0.0387,-0.2977,2.92,4.94,1.29,2.9
2026-09-25T16:22:05+00:00,QQQ,2026-09-25,0,745.215,742.0,C,3.61,3.65,3.63,3.65,189250,6533,0.227,0.7994,0.0716,0.0476,-0.4402,2.16,4.03,0.84,2.405
2026-09-25T16:22:05+00:00,QQQ,2026-09-25,0,745.215,743.0,C,2.81,2.86,2.835,2.86,253725,5419,0.2245,0.7253,0.0874,0.0561,-0.6471,1.73,3.21,0.53,1.965
2026-09-25T16:22:05+00:00,QQQ,2026-09-25,0,745.215,744.0,C,2.12,2.15,2.135,2.16,315235,6129,0.2205,0.6343,0.1008,0.063,-0.9383,1.18,2.51,0.31,1.585
2026-09-25T16:22:05+00:00,QQQ,2026-09-25,0,745.215,745.0,C,1.53,1.55,1.54,1.53,314325,13975,0.217,0.5303,0.1085,0.0665,-1.3323,0.9,1.9,0.19,1.255
2026-09-25T16:22:05+00:00,QQQ,2026-09-25,0,745.215,746.0,C,1.04,1.07,1.055,1.07,196155,14457,0.2161,0.4212,0.1079,0.0654,-1.1116,0.68,1.38,0.12,0.995
2026-09-25T16:22:05+00:00,QQQ,2026-09-25,0,745.215,747.0,C,0.71,0.72,0.715,0.7,120195,4485,0.2146,0.3168,0.0987,0.0598,-0.7382,0.4,0.96,0.08,0.775
2026-09-25T16:22:05+00:00,QQQ,2026-09-25,0,745.215,748.0,C,0.44,0.45,0.445,0.45,89540,8907,0.2151,0.2262,0.0832,0.0509,-0.4719,0.26,0.64,0.04,0.605
2026-09-25T16:22:05+00:00,QQQ,2026-09-25,0,745.215,749.0,C,0.27,0.28,0.275,0.28,43055,5760,0.2189,0.1545,0.0652,0.0407,-0.2936,0.17,0.44,0.04,0.475
2026-09-25T16:22:05+00:00,QQQ,2026-09-25,0,745.215,750.0,C,0.17,0.18,0.175,0.18,49528,20833,0.2239,0.1025,0.0481,0.0309,-0.1804,0.11,0.32,0.03,0.365
2026-09-25T16:22:05+00:00,QQQ,2026-09-25,0,745.215,751.0,C,0.1,0.11,0.105,0.11,16268,3438,0.2295,0.0671,0.0342,0.0228,-0.1114,0.07,0.24,0.02,0.285
2026-09-25T16:22:05+00:00,QQQ,2026-09-25,0,745.215,752.0,C,0.07,0.08,0.075,0.08,18309,4770,0.238,0.0442,0.0238,0.0165,-0.0705,0.06,0.18,0.01,0.225
2026-09-25T16:22:05+00:00,QQQ,2026-09-25,0,745.215,753.0,C,0.04,0.05,0.045,0.06,20664,4891,0.2429,0.0298,0.0166,0.0121,-0.0464,0.05,0.13,0.01,0.175
2026-09-25T16:22:05+00:00,QQQ,2026-09-25,0,745.215,754.0,C,0.03,0.04,0.035,0.04,12329,12655,0.2582,0.0208,0.0118,0.009,-0.0322,0.09,0.1,0.01,0.145
2026-09-25T16:22:05+00:00,QQQ,2026-09-25,0,745.215,755.0,C,0.02,0.03,0.025,0.02,7234,21605,0.2693,0.0153,0.0086,0.007,-0.0238,0.01,0.08,0.01,0.115
2026-09-25T16:22:05+00:00,QQQ,2026-09-25,0,745.215,756.0,C,0.01,0.02,0.015,0.01,5621,5483,0.2737,0.0118,0.0065,0.0056,-0.0187,0.04,0.06,0.01,0.095
2026-09-25T16:22:05+00:00,QQQ,2026-09-25,0,745.215,757.0,C,0.01,0.02,0.015,0.02,2665,2957,0.2957,0.0095,0.0052,0.0046,-0.0155,0.01,0.05,0.01,0.085
2026-09-25T16:22:05+00:00,QQQ,2026-09-25,0,745.215,758.0,C,0.0,0.01,0.01,0.01,4517,3008,0.2812,0.008,0.0042,0.004,-0.0136,0.03,0.04,0.01,0.065
2026-09-25T16:22:05+00:00,QQQ,2026-09-25,0,745.215,759.0,C,0.0,0.01,0.01,0.01,670,988,0.3008,0.007,0.0035,0.0035,-0.0123,0.01,0.04,0.01,0.055
2026-09-25T16:22:05+00:00,QQQ,2026-09-25,0,745.215,760.0,C,0.0,0.01,0.01,0.01,4508,9228,0.3203,0.0063,0.003,0.0032,-0.0115,0.03,0.04,0.01,0.055
2026-09-25T16:22:05+00:00,QQQ,2026-09-25,0,745.215,761.0,C,0.0,0.01,0.01,0.01,2990,1234,0.3396,0.0058,0.0027,0.0029,-0.011,0.02,0.03,0.01,0.045
2026-09-25T16:22:05+00:00,QQQ,2026-09-25,0,745.215,762.0,C,0.0,0.01,0.01,0.01,263,1142,0.3588,0.0053,0.0024,0.0027,-0.0106,0.02,0.03,0.01,0.045
2026-09-25T16:22:05+00:00,QQQ,2026-09-25,0,745.215,763.0,C,0.0,0.01,0.01,0.01,486,935,0.3779,0.005,0.0021,0.0026,-0.0104,0.02,0.02,0.01,0.035
2026-09-25T16:22:05+00:00,QQQ,2026-09-25,0,745.215,764.0,C,0.0,0.01,0.01,0.01,11,2707,0.3968,0.0047,0.0019,0.0024,-0.0102,0.01,0.02,0.01,0.035
2026-09-25T16:22:05+00:00,QQQ,2026-09-25,0,745.215,765.0,C,0.0,0.01,0.01,0.01,896,5206,0.4157,0.0045,0.0018,0.0023,-0.01,0.02,0.02,0.01,0.025
2026-09-25T16:22:05+00:00,QQQ,2026-09-25,0,745.215,766.0,C,0.0,0.01,0.01,0.01,1206,487,0.4345,0.0043,0.0016,0.0022,-0.0099,0.02,0.02,0.01,0.025
2026-09-25T16:22:05+00:00,QQQ,2026-09-25,0,745.215,767.0,C,0.0,0.01,0.01,0.01,349,171,0.4532,0.0041,0.0015,0.0021,-0.0099,0.01,0.02,0.01,0.025
2026-09-25T16:22:05+00:00,QQQ,2026-09-25,0,745.215,768.0,C,0.0,0.01,0.01,0.01,17,706,0.4717,0.0039,0.0014,0.002,-0.0098,0.01,0.02,0.01,0.025
2026-09-25T16:22:05+00:00,QQQ,2026-09-25,0,745.215,769.0,C,0.0,0.01,0.01,0.01,5,711,0.4902,0.0038,0.0013,0.002,-0.0097,0.01,0.01,0.01,0.025
2026-09-25T16:22:05+00:00,QQQ,2026-09-25,0,745.215,770.0,C,0.0,0.01,0.01,0.01,301,7792,0.5086,0.0036,0.0012,0.0019,-0.0096,0.02,0.02,0.01,0.015
2026-09-25T16:22:05+00:00,QQQ,2026-09-25,0,745.215,771.0,C,0.0,0.01,0.01,0.01,40,90,0.527,0.0035,0.0011,0.0018,-0.0096,0.01,0.02,0.01,0.015
2026-09-25T16:22:05+00:00,QQQ,2026-09-25,0,745.215,772.0,C,0.0,0.01,0.02,0.02,0,62,0.5452,0.0034,0.001,0.0018,-0.0095,0.0,0.0,0.0,0.015
2026-09-25T16:22:05+00:00,QQQ,2026-09-25,0,745.215,773.0,C,0.0,0.01,0.02,0.02,0,1061,0.5634,0.0033,0.001,0.0017,-0.0095,0.0,0.0,0.0,0.015
2026-09-25T16:22:05+00:00,QQQ,2026-09-25,0,745.215,774.0,C,0.0,0.01,0.02,0.02,0,1312,0.5815,0.0032,0.0009,0.0017,-0.0094,0.0,0.0,0.0,0.015
2026-09-25T16:22:05+00:00,QQQ,2026-09-25,0,745.215,775.0,C,0.0,0.01,0.01,0.01,0,1926,0.5995,0.0031,0.0009,0.0016,-0.0094,0.0,0.0,0.0,0.015
2026-09-25T16:22:05+00:00,QQQ,2026-09-25,0,745.215,776.0,C,0.0,0.01,0.02,0.02,0,368,0.6174,0.003,0.0008,0.0016,-0.0093,0.0,0.0,0.0,0.015
2026-09-25T16:22:05+00:00,QQQ,2026-09-25,0,745.215,777.0,C,0.0,0.01,0.01,0.01,4,68,0.6353,0.0029,0.0008,0.0015,-0.0093,0.01,0.01,0.01,0.015
2026-09-25T16:22:05+00:00,QQQ,2026-09-25,0,745.215,778.0,C,0.0,0.01,0.02,0.02,4,139,0.6531,0.0028,0.0008,0.0015,-0.0092,0.02,0.02,0.02,0.015
2026-09-25T16:22:05+00:00,QQQ,2026-09-25,0,745.215,779.0,C,0.0,0.01,0.02,0.02,0,328,0.6709,0.0027,0.0007,0.0014,-0.0092,0.0,0.0,0.0,0.015
2026-09-25T16:22:05+00:00,QQQ,2026-09-25,0,745.215,780.0,C,0.0,0.01,0.01,0.01,2,1683,0.6886,0.0026,0.0007,0.0014,-0.0091,0.01,0.01,0.01,0.015
2026-09-25T16:22:05+00:00,QQQ,2026-09-25,0,745.215,781.0,C,0.0,0.01,0.01,0.01,0,264,0.7062,0.0026,0.0006,0.0014,-0.0091,0.0,0.0,0.0,0.005
2026-09-25T16:22:05+00:00,QQQ,2026-09-25,0,745.215,782.0,C,0.0,0.01,0.01,0.01,288,707,0.7238,0.0025,0.0006,0.0013,-0.009,0.01,0.01,0.01,0.005
2026-09-25T16:22:05+00:00,QQQ,2026-09-25,0,745.215,935.0,C,0.0,0.01,0.01,0.01,26,40,3.0064,0.0004,0.0,0.0002,-0.004,0.01,0.01,0.01,0.005
2026-09-25T16:22:05+00:00,QQQ,2026-09-25,0,745.215,450.0,P,0.0,0.01,0.01,0.01,12,1311,6.4947,-0.0001,0.0,0.0,-0.0012,0.01,0.01,0.01,0.005
2026-09-25T16:22:05+00:00,QQQ,2026-09-25,0,745.215,580.0,P,0.0,0.01,0.01,0.01,25,772,3.3559,-0.0004,0.0,0.0002,-0.0055,0.01,0.01,0.01,0.005
2026-09-25T16:22:05+00:00,QQQ,2026-09-25,0,745.215,600.0,P,0.0,0.01,0.01,0.01,1,4152,2.9288,-0.0005,0.0,0.0003,-0.0065,0.01,0.01,0.01,0.005
2026-09-25T16:22:05+00:00,QQQ,2026-09-25,0,745.215,605.0,P,0.0,0.01,0.01,0.01,2,1883,2.8238,-0.0006,0.0,0.0003,-0.0068,0.01,0.01,0.01,0.005
2026-09-25T16:22:05+00:00,QQQ,2026-09-25,0,745.215,620.0,P,0.0,0.01,0.01,0.01,17,2323,2.5126,-0.0007,0.0001,0.0004,-0.0077,0.01,0.01,0.01,0.005
2026-09-25T16:22:05+00:00,QQQ,2026-09-25,0,745.215,625.0,P,0.0,0.01,0.01,0.01,5,1666,2.4101,-0.0008,0.0001,0.0004,-0.008,0.01,0.01,0.01,0.005
2026-09-25T16:22:05+00:00,QQQ,2026-09-25,0,745.215,635.0,P,0.0,0.01,0.01,0.01,20,15929,2.2068,-0.0009,0.0001,0.0005,-0.0087,0.01,0.01,0.01,0.005
2026-09-25T16:22:05+00:00,QQQ,2026-09-25,0,745.215,640.0,P,0.0,0.01,0.01,0.01,6,1828,2.1059,-0.0009,0.0001,0.0005,-0.009,0.01,0.02,0.01,0.005
2026-09-25T16:22:05+00:00,QQQ,2026-09-25,0,745.215,645.0,P,0.0,0.01,0.02,0.02,51,4195,2.0056,-0.001,0.0001,0.0006,-0.0094,0.01,0.02,0.01,0.005
2026-09-25T16:22:05+00:00,QQQ,2026-09-25,0,745.215,650.0,P,0.0,0.01,0.01,0.01,9,10661,1.9057,-0.0011,0.0001,0.0006,-0.0097,0.01,0.01,0.01,0.005
2026-09-25T16:22:05+00:00,QQQ,2026-09-25,0,745.215,660.0,P,0.0,0.01,0.01,0.01,20,4570,1.7073,-0.0013,0.0001,0.0007,-0.0104,0.01,0.01,0.01,0.005
2026-09-25T16:22:05+00:00,QQQ,2026-09-25,0,745.215,665.0,P,0.0,0.01,0.01,0.01,45,38192,1.6087,-0.0014,0.0002,0.0008,-0.0108,0.01,0.01,0.01,0.005
2026-09-25T16:22:05+00:00,QQQ,2026-09-25,0,745.215,670.0,P,0.0,0.01,0.01,0.01,35,5857,1.5105,-0.0015,0.0002,0.0008,-0.0112,0.01,0.01,0.01,0.005
2026-09-25T16:22:05+00:00,QQQ,2026-09-25,0,745.215,672.0,P,0.0,0.01,0.01,0.01,4,726,1.4713,-0.0016,0.0002,0.0008,-0.0114,0.01,0.01,0.01,0.015
2026-09-25T16:22:05+00:00,QQQ,2026-09-25,0,745.215,673.0,P,0.0,0.01,0.01,0.01,3,607,1.4517,-0.0016,0.0002,0.0009,-0.0114,0.01,0.01,0.01,0.015
2026-09-25T16:22:05+00:00,QQQ,2026-09-25,0,745.215,674.0,P,0.0,0.01,0.01,0.01,1,825,1.4322,-0.0016,0.0002,0.0009,-0.0115,0.01,0.01,0.01,0.015
2026-09-25T16:22:05+00:00,QQQ,2026-09-25,0,745.215,675.0,P,0.0,0.01,0.01,0.01,32,3161,1.4126,-0.0017,0.0002,0.0009,-0.0116,0.01,0.01,0.01,0.015
2026-09-25T16:22:05+00:00,QQQ,2026-09-25,0,745.215,677.0,P,0.0,0.01,0.01,0.01,28,772,1.3735,-0.0017,0.0002,0.0009,-0.0118,0.01,0.01,0.01,0.015
2026-09-25T16:22:05+00:00,QQQ,2026-09-25,0,745.215,678.0,P,0.0,0.01,0.01,0.01,150,890,1.354,-0.0018,0.0002,0.0009,-0.0118,0.01,0.01,0.01,0.015
2026-09-25T16:22:05+00:00,QQQ,2026-09-25,0,745.215,680.0,P,0.0,0.01,0.01,0.01,76,3580,1.315,-0.0018,0.0002,0.001,-0.012,0.01,0.02,0.01,0.015
2026-09-25T16:22:05+00:00,QQQ,2026-09-25,0,745.215,681.0,P,0.0,0.01,0.01,0.01,154,1155,1.2955,-0.0019,0.0003,0.001,-0.0121,0.01,0.01,0.01,0.015
2026-09-25T16:22:05+00:00,QQQ,2026-09-25,0,745.215,682.0,P,0.0,0.01,0.01,0.01,1,1046,1.276,-0.0019,0.0003,0.001,-0.0122,0.01,0.01,0.01,0.015
2026-09-25T16:22:05+00:00,QQQ,2026-09-25,0,745.215,683.0,P,0.0,0.01,0.01,0.01,1975,3458,1.2566,-0.0019,0.0003,0.001,-0.0122,0.01,0.01,0.01,0.015
2026-09-25T16:22:05+00:00,QQQ,2026-09-25,0,745.215,685.0,P,0.0,0.01,0.01,0.01,105,2903,1.2176,-0.002,0.0003,0.0011,-0.0124,0.01,0.01,0.01,0.015
2026-09-25T16:22:05+00:00,QQQ,2026-09-25,0,745.215,686.0,P,0.0,0.01,0.01,0.01,4,2437,1.1982,-0.0021,0.0003,0.0011,-0.0125,0.01,0.01,0.01,0.015
2026-09-25T16:22:05+00:00,QQQ,2026-09-25,0,745.215,687.0,P,0.0,0.01,0.01,0.01,5,2225,1.1787,-0.0021,0.0003,0.0011,-0.0126,0.01,0.01,0.01,0.015
2026-09-25T16:22:05+00:00,QQQ,2026-09-25,0,745.215,688.0,P,0.0,0.01,0.01,0.01,208,1946,1.1593,-0.0022,0.0003,0.0011,-0.0126,0.01,0.01,0.01,0.015
2026-09-25T16:22:05+00:00,QQQ,2026-09-25,0,745.215,689.0,P,0.0,0.01,0.02,0.02,32,2011,1.1398,-0.0022,0.0003,0.0012,-0.0127,0.01,0.02,0.01,0.015
2026-09-25T16:22:05+00:00,QQQ,2026-09-25,0,745.215,690.0,P,0.0,0.01,0.01,0.01,71,85486,1.1204,-0.0022,0.0004,0.0012,-0.0128,0.01,0.01,0.01,0.015
2026-09-25T16:22:05+00:00,QQQ,2026-09-25,0,745.215,691.0,P,0.0,0.01,0.01,0.01,6,2293,1.101,-0.0023,0.0004,0.0012,-0.0129,0.01,0.01,0.01,0.015
2026-09-25T16:22:05+00:00,QQQ,2026-09-25,0,745.215,692.0,P,0.0,0.01,0.01,0.01,6,1496,1.0816,-0.0023,0.0004,0.0012,-0.013,0.01,0.01,0.01,0.015
2026-09-25T16:22:05+00:00,QQQ,2026-09-25,0,745.215,693.0,P,0.0,0.01,0.01,0.01,1,4215,1.0622,-0.0024,0.0004,0.0012,-0.0131,0.01,0.01,0.01,0.015
2026-09-25T16:22:05+00:00,QQQ,2026-09-25,0,745.215,694.0,P,0.0,0.01,0.01,0.01,5,2917,1.0428,-0.0024,0.0004,0.0013,-0.0132,0.01,0.01,0.01,0.015
2026-09-25T16:22:05+00:00,QQQ,2026-09-25,0,745.215,695.0,P,0.0,0.01,0.01,0.01,3,5302,1.0233,-0.0025,0.0004,0.0013,-0.0132,0.01,0.01,0.01,0.015
2026-09-25T16:22:05+00:00,QQQ,2026-09-25,0,745.215,696.0,P,0.0,0.01,0.01,0.01,6,2333,1.0039,-0.0026,0.0004,0.0013,-0.0133,0.02,0.02,0.01,0.015
2026-09-25T16:22:05+00:00,QQQ,2026-09-25,0,745.215,697.0,P,0.0,0.01,0.01,0.01,6,1476,0.9845,-0.0026,0.0004,0.0014,-0.0134,0.01,0.01,0.01,0.015
2026-09-25T16:22:05+00:00,QQQ,2026-09-25,0,745.215,698.0,P,0.0,0.01,0.01,0.01,26,5285,0.9651,-0.0027,0.0005,0.0014,-0.0135,0.01,0.01,0.01,0.015
2026-09-25T16:22:05+00:00,QQQ,2026-09-25,0,745.215,699.0,P,0.0,0.01,0.01,0.01,1,5876,0.9457,-0.0027,0.0005,0.0014,-0.0136,0.01,0.01,0.01,0.015
2026-09-25T16:22:05+00:00,QQQ,2026-09-25,0,745.215,700.0,P,0.0,0.01,0.01,0.01,1598,18205,0.9263,-0.0028,0.0005,0.0014,-0.0137,0.01,0.01,0.01,0.015
2026-09-25T16:22:05+00:00,QQQ,2026-09-25,0,745.215,701.0,P,0.0,0.01,0.01,0.01,2,1908,0.9069,-0.0029,0.0005,0.0015,-0.0138,0.01,0.01,0.01,0.015
2026-09-25T16:22:05+00:00,QQQ,2026-09-25,0,745.215,702.0,P,0.0,0.01,0.01,0.01,4,2384,0.8875,-0.0029,0.0006,0.0015,-0.0138,0.01,0.01,0.01,0.015
2026-09-25T16:22:05+00:00,QQQ,2026-09-25,0,745.215,703.0,P,0.0,0.01,0.01,0.01,32,1702,0.868,-0.003,0.0006,0.0016,-0.0139,0.01,0.01,0.01,0.025
2026-09-25T16:22:05+00:00,QQQ,2026-09-25,0,745.215,704.0,P,0.0,0.01,0.01,0.01,1,3626,0.8486,-0.0031,0.0006,0.0016,-0.014,0.01,0.01,0.01,0.025
2026-09-25T16:22:05+00:00,QQQ,2026-09-25,0,745.215,705.0,P,0.0,0.01,0.01,0.01,331,32695,0.8292,-0.0032,0.0006,0.0016,-0.0141,0.02,0.02,0.01,0.025
2026-09-25T16:22:05+00:00,QQQ,2026-09-25,0,745.215,706.0,P,0.0,0.01,0.01,0.01,11,1957,0.8098,-0.0033,0.0007,0.0017,-0.0142,0.01,0.01,0.01,0.025
2026-09-25T16:22:05+00:00,QQQ,2026-09-25,0,745.215,707.0,P,0.0,0.01,0.01,0.01,25,3017,0.7903,-0.0034,0.0007,0.0017,-0.0143,0.01,0.01,0.01,0.025
2026-09-25T16:22:05+00:00,QQQ,2026-09-25,0,745.215,708.0,P,0.0,0.01,0.01,0.01,53,1971,0.7709,-0.0034,0.0007,0.0018,-0.0144,0.01,0.01,0.01,0.025
2026-09-25T16:22:05+00:00,QQQ,2026-09-25,0,745.215,709.0,P,0.0,0.01,0.01,0.01,99,2181,0.7514,-0.0035,0.0008,0.0018,-0.0145,0.01,0.03,0.01,0.025
2026-09-25T16:22:05+00:00,QQQ,2026-09-25,0,745.215,710.0,P,0.0,0.01,0.01,0.01,484,10372,0.732,-0.0036,0.0008,0.0019,-0.0146,0.01,0.01,0.01,0.025
2026-09-25T16:22:05+00:00,QQQ,2026-09-25,0,745.215,711.0,P,0.0,0.01,0.01,0.01,104,2672,0.7125,-0.0038,0.0008,0.0019,-0.0147,0.01,0.01,0.01,0.035
2026-09-25T16:22:05+00:00,QQQ,2026-09-25,0,745.215,712.0,P,0.0,0.01,0.01,0.01,313,2064,0.693,-0.0039,0.0009,0.002,-0.0148,0.01,0.01,0.01,0.035
2026-09-25T16:22:05+00:00,QQQ,2026-09-25,0,745.215,713.0,P,0.0,0.01,0.01,0.01,290,2093,0.6735,-0.004,0.001,0.002,-0.0149,0.02,0.02,0.01,0.035
2026-09-25T16:22:05+00:00,QQQ,2026-09-25,0,745.215,714.0,P,0.0,0.01,0.01,0.01,1103,4859,0.654,-0.0041,0.001,0.0021,-0.015,0.01,0.02,0.01,0.035
2026-09-25T16:22:05+00:00,QQQ,2026-09-25,0,745.215,715.0,P,0.0,0.01,0.01,0.01,3808,9399,0.6344,-0.0042,0.0011,0.0021,-0.015,0.01,0.02,0.01,0.035
2026-09-25T16:22:05+00:00,QQQ,2026-09-25,0,745.215,716.0,P,0.0,0.01,0.01,0.01,4437,4106,0.6149,-0.0044,0.0011,0.0022,-0.0152,0.02,0.02,0.01,0.045
2026-09-25T16:22:05+00:00,QQQ,2026-09-25,0,745.215,717.0,P,0.0,0.01,0.01,0.01,9347,3256,0.5953,-0.0045,0.0012,0.0023,-0.0153,0.01,0.03,0.01,0.045
2026-09-25T16:22:05+00:00,QQQ,2026-09-25,0,745.215,718.0,P,0.0,0.01,0.01,0.01,14100,13685,0.5757,-0.0047,0.0013,0.0024,-0.0154,0.01,0.03,0.01,0.045
2026-09-25T16:22:05+00:00,QQQ,2026-09-25,0,745.215,719.0,P,0.0,0.01,0.01,0.01,3425,8537,0.5561,-0.0049,0.0014,0.0024,-0.0155,0.02,0.03,0.01,0.055
2026-09-25T16:22:05+00:00,QQQ,2026-09-25,0,745.215,720.0,P,0.01,0.02,0.015,0.01,10301,11872,0.5979,-0.0051,0.0015,0.0025,-0.0156,0.01,0.04,0.01,0.055
2026-09-25T16:22:05+00:00,QQQ,2026-09-25,0,745.215,721.0,P,0.01,0.02,0.015,0.02,3083,4963,0.5764,-0.0053,0.0016,0.0026,-0.0157,0.01,0.03,0.01,0.065
2026-09-25T16:22:05+00:00,QQQ,2026-09-25,0,745.215,722.0,P,0.01,0.02,0.015,0.01,1335,8821,0.5548,-0.0055,0.0017,0.0027,-0.0159,0.02,0.04,0.01,0.075
2026-09-25T16:22:05+00:00,QQQ,2026-09-25,0,745.215,723.0,P,0.01,0.02,0.015,0.02,2295,2426,0.5332,-0.0058,0.0018,0.0028,-0.016,0.03,0.04,0.01,0.085
2026-09-25T16:22:05+00:00,QQQ,2026-09-25,0,745.215,724.0,P,0.01,0.02,0.015,0.01,5050,3949,0.5114,-0.006,0.002,0.003,-0.0162,0.03,0.05,0.01,0.095
2026-09-25T16:22:05+00:00,QQQ,2026-09-25,0,745.215,725.0,P,0.01,0.02,0.015,0.01,10971,13949,0.4897,-0.0063,0.0022,0.0031,-0.0165,0.03,0.07,0.01,0.105
2026-09-25T16:22:05+00:00,QQQ,2026-09-25,0,745.215,726.0,P,0.01,0.02,0.015,0.02,5414,4854,0.4679,-0.0067,0.0024,0.0033,-0.0168,0.02,0.08,0.01,0.125
2026-09-25T16:22:05+00:00,QQQ,2026-09-25,0,745.215,727.0,P,0.01,0.02,0.015,0.02,6331,3625,0.446,-0.0072,0.0026,0.0035,-0.0173,0.05,0.1,0.01,0.155
2026-09-25T16:22:05+00:00,QQQ,2026-09-25,0,745.215,728.0,P,0.01,0.02,0.015,0.02,10270,3308,0.424,-0.0077,0.0029,0.0037,-0.0179,0.02,0.12,0.01,0.185
2026-09-25T16:22:05+00:00,QQQ,2026-09-25,0,745.215,729.0,P,0.01,0.02,0.015,0.01,7706,4682,0.4019,-0.0084,0.0033,0.004,-0.0187,0.03,0.16,0.01,0.225
2026-09-25T16:22:05+00:00,QQQ,2026-09-25,0,745.215,730.0,P,0.01,0.02,0.015,0.03,26430,18960,0.3798,-0.0092,0.0038,0.0044,-0.0199,0.05,0.2,0.01,0.275
2026-09-25T16:22:05+00:00,QQQ,2026-09-25,0,745.215,731.0,P,0.02,0.03,0.025,0.02,11190,7137,0.381,-0.0104,0.0044,0.0049,-0.0216,0.06,0.26,0.01,0.345
2026-09-25T16:22:05+00:00,QQQ,2026-09-25,0,745.215,732.0,P,0.02,0.03,0.025,0.03,16077,6919,0.3575,-0.0119,0.0052,0.0055,-0.024,0.07,0.33,0.02,0.425
2026-09-25T16:22:05+00:00,QQQ,2026-09-25,0,745.215,733.0,P,0.02,0.03,0.025,0.03,20505,7671,0.3338,-0.0141,0.0064,0.0064,-0.0276,0.09,0.41,0.02,0.535
2026-09-25T16:22:05+00:00,QQQ,2026-09-25,0,745.215,734.0,P,0.03,0.04,0.035,0.04,26011,7291,0.325,-0.0172,0.0079,0.0076,-0.0329,0.11,0.53,0.03,0.665
2026-09-25T16:22:05+00:00,QQQ,2026-09-25,0,745.215,735.0,P,0.03,0.04,0.035,0.05,47090,14645,0.3001,-0.0216,0.0101,0.0092,-0.0407,0.16,0.69,0.02,0.825
2026-09-25T16:22:05+00:00,QQQ,2026-09-25,0,745.215,736.0,P,0.05,0.06,0.055,0.06,48714,18995,0.2956,-0.0281,0.0132,0.0114,-0.0524,0.23,0.88,0.04,1.025
2026-09-25T16:22:05+00:00,QQQ,2026-09-25,0,745.215,737.0,P,0.06,0.07,0.065,0.07,62252,4892,0.2767,-0.0376,0.0175,0.0144,-0.0701,0.33,1.12,0.06,1.265
2026-09-25T16:22:05+00:00,QQQ,2026-09-25,0,745.215,738.0,P,0.09,0.1,0.095,0.09,89568,6418,0.2679,-0.0516,0.0236,0.0185,-0.0972,0.51,1.42,0.08,1.545
2026-09-25T16:22:05+00:00,QQQ,2026-09-25,0,745.215,739.0,P,0.13,0.14,0.135,0.15,105756,4617,0.2573,-0.0722,0.0318,0.0239,-0.1386,0.66,1.79,0.12,1.875
2026-09-25T16:22:05+00:00,QQQ,2026-09-25,0,745.215,740.0,P,0.2,0.21,0.205,0.2,211259,9175,0.2508,-0.1018,0.0426,0.0307,-0.2019,0.9,2.24,0.19,2.265
2026-09-25T16:22:05+00:00,QQQ,2026-09-25,0,745.215,741.0,P,0.29,0.3,0.295,0.3,241317,3830,0.241,-0.1436,0.0561,0.0387,-0.2977,1.21,2.78,0.27,2.705
2026-09-25T16:22:05+00:00,QQQ,2026-09-25,0,745.215,742.0,P,0.43,0.45,0.44,0.44,202808,2155,0.2335,-0.2006,0.0716,0.0476,-0.4402,1.61,3.38,0.4,3.2
2026-09-25T16:22:05+00:00,QQQ,2026-09-25,0,745.215,743.0,P,0.64,0.66,0.65,0.65,161413,2163,0.2281,-0.2747,0.0874,0.0561,-0.6471,2.07,4.06,0.58,3.765
2026-09-25T16:22:05+00:00,QQQ,2026-09-25,0,745.215,744.0,P,0.94,0.95,0.945,0.94,124056,1690,0.2245,-0.3657,0.1008,0.063,-0.9383,2.53,4.83,0.85,4.385
2026-09-25T16:22:05+00:00,QQQ,2026-09-25,0,745.215,745.0,P,1.34,1.36,1.35,1.33,34992,4711,0.22,-0.4697,0.1085,0.0665,-1.3323,3.13,5.67,1.2,5.05
2026-09-25T16:22:05+00:00,QQQ,2026-09-25,0,745.215,746.0,P,1.85,1.86,1.855,1.86,10717,1592,0.2191,-0.5788,0.1079,0.0654,-1.1116,4.0,6.5,1.68,5.785
2026-09-25T16:22:05+00:00,QQQ,2026-09-25,0,745.215,747.0,P,2.49,2.52,2.505,2.51,5298,1426,0.2188,-0.6832,0.0987,0.0598,-0.7382,5.3,7.35,2.27,6.57
2026-09-25T16:22:05+00:00,QQQ,2026-09-25,0,745.215,748.0,P,3.22,3.27,3.245,3.13,1594,960,0.221,-0.7738,0.0832,0.0509,-0.4719,6.27,8.36,2.96,7.41
2026-09-25T16:22:05+00:00,QQQ,2026-09-25,0,745.215,749.0,P,4.04,4.1,4.07,4.02,914,484,0.2264,-0.8455,0.0652,0.0407,-0.2936,5.75,8.95,3.77,8.22
2026-09-25T16:22:05+00:00,QQQ,2026-09-25,0,745.215,750.0,P,4.88,5.0,4.94,4.85,821,1729,0.2256,-0.8975,0.0481,0.0309,-0.1804,7.01,10.31,4.75,9.185
2026-09-25T16:22:05+00:00,QQQ,2026-09-25,0,745.215,751.0,P,5.48,5.92,5.7,5.95,512,87,0.0,-0.9329,0.0342,0.0228,-0.1114,8.73,11.35,5.88,9.97
2026-09-25T16:22:05+00:00,QQQ,2026-09-25,0,745.215,752.0,P,6.42,6.92,6.67,9.43,83,19,0.0,-0.9558,0.0238,0.0165,-0.0705,9.85,12.2,7.17,10.94
2026-09-25T16:22:05+00:00,QQQ,2026-09-25,0,745.215,753.0,P,7.39,7.89,7.64,8.08,125,3,0.0,-0.9702,0.0166,0.0121,-0.0464,10.9,11.27,8.08,11.9
2026-09-25T16:22:05+00:00,QQQ,2026-09-25,0,745.215,754.0,P,8.37,9.71,9.04,9.3,27,0,0.4016,-0.9792,0.0118,0.009,-0.0322,12.14,14.33,9.3,12.885
2026-09-25T16:22:05+00:00,QQQ,2026-09-25,0,745.215,755.0,P,9.36,10.2,9.78,10.12,33,8,0.2991,-0.9847,0.0086,0.007,-0.0238,12.33,15.01,10.12,14.01
2026-09-25T16:22:05+00:00,QQQ,2026-09-25,0,745.215,756.0,P,10.36,11.37,10.865,10.87,44,27,0.3876,-0.9882,0.0065,0.0056,-0.0187,12.74,15.45,10.87,14.905
2026-09-25T16:22:05+00:00,QQQ,2026-09-25,0,745.215,757.0,P,11.35,11.85,11.6,13.76,20,0,0.0,-0.9905,0.0052,0.0046,-0.0155,13.19,16.29,12.44,15.875
2026-09-25T16:22:05+00:00,QQQ,2026-09-25,0,745.215,758.0,P,12.35,12.86,12.605,12.58,21,1,0.0,-0.992,0.0042,0.004,-0.0136,14.22,14.87,12.58,16.96
2026-09-25T16:22:05+00:00,QQQ,2026-09-25,0,745.215,759.0,P,13.35,14.37,13.86,15.86,6,3,0.4684,-0.993,0.0035,0.0035,-0.0123,18.46,18.46,15.64,17.88
2026-09-25T16:22:05+00:00,QQQ,2026-09-25,0,745.215,760.0,P,14.35,14.85,14.6,16.87,24,4,0.0,-0.9937,0.003,0.0032,-0.0115,17.3,17.3,16.0,18.885
2026-09-25T16:22:05+00:00,QQQ,2026-09-25,0,745.215,761.0,P,15.34,16.37,15.855,20.41,0,0,0.519,-0.9942,0.0027,0.0029,-0.011,0.0,0.0,0.0,19.87
2026-09-25T16:22:05+00:00,QQQ,2026-09-25,0,745.215,762.0,P,16.34,17.37,16.855,18.04,8,0,0.5456,-0.9947,0.0024,0.0027,-0.0106,19.28,20.13,18.04,20.86
2026-09-25T16:22:05+00:00,QQQ,2026-09-25,0,745.215,763.0,P,17.34,17.86,17.6,17.98,9,0,0.0,-0.995,0.0021,0.0026,-0.0104,19.86,19.86,17.98,21.875
2026-09-25T16:22:05+00:00,QQQ,2026-09-25,0,745.215,764.0,P,18.34,18.86,18.6,20.86,8,0,0.0,-0.9953,0.0019,0.0024,-0.0102,22.85,23.21,20.64,22.8
2026-09-25T16:22:05+00:00,QQQ,2026-09-25,0,745.215,765.0,P,19.33,21.32,20.325,21.64,4,0,0.8635,-0.9955,0.0018,0.0023,-0.01,23.61,23.61,21.64,23.805
2026-09-25T16:22:05+00:00,QQQ,2026-09-25,0,745.215,766.0,P,20.34,20.86,20.6,20.98,27,0,0.0,-0.9957,0.0016,0.0022,-0.0099,23.31,25.78,20.98,24.77
2026-09-25T16:22:05+00:00,QQQ,2026-09-25,0,745.215,767.0,P,21.34,23.31,22.325,23.79,45,20,0.9271,-0.9959,0.0015,0.0021,-0.0099,24.73,27.07,23.79,25.755
2026-09-25T16:22:05+00:00,QQQ,2026-09-25,0,745.215,768.0,P,22.32,24.31,23.315,24.46,27,0,0.9545,-0.9961,0.0014,0.002,-0.0098,25.68,27.77,24.46,26.76
2026-09-25T16:22:05+00:00,QQQ,2026-09-25,0,745.215,769.0,P,23.31,25.35,24.33,25.86,46,0,0.9916,-0.9962,0.0013,0.002,-0.0097,24.8,28.01,24.39,27.865
2026-09-25T16:22:05+00:00,QQQ,2026-09-25,0,745.215,770.0,P,24.31,24.86,24.585,26.43,53,0,0.0,-0.9964,0.0012,0.0019,-0.0096,28.91,28.94,26.02,28.865
2026-09-25T16:22:05+00:00,QQQ,2026-09-25,0,745.215,771.0,P,25.31,26.47,25.89,27.75,36,0,0.8079,-0.9965,0.0011,0.0018,-0.0096,30.0,31.55,27.42,29.755
2026-09-25T16:22:05+00:00,QQQ,2026-09-25,0,745.215,772.0,P,26.31,28.11,27.21,32.38,12,0,1.03,-0.9966,0.001,0.0018,-0.0095,29.88,32.38,29.81,30.8
2026-09-25T16:22:05+00:00,QQQ,2026-09-25,0,745.215,773.0,P,27.34,27.86,27.6,33.37,14,0,0.0,-0.9967,0.001,0.0017,-0.0095,28.22,33.37,28.22,31.755
2026-09-25T16:22:05+00:00,QQQ,2026-09-25,0,745.215,774.0,P,28.34,28.83,28.585,30.74,22,0,0.0,-0.9968,0.0009,0.0017,-0.0094,29.03,32.07,29.03,32.91
2026-09-25T16:22:05+00:00,QQQ,2026-09-25,0,745.215,775.0,P,29.31,30.37,29.84,31.81,81,0,0.8565,-0.9969,0.0009,0.0016,-0.0094,30.2,35.14,30.03,33.755
2026-09-25T16:22:05+00:00,QQQ,2026-09-25,0,745.215,776.0,P,30.31,32.31,31.31,32.8,73,0,1.1942,-0.997,0.0008,0.0016,-0.0093,32.62,36.13,31.32,34.79
2026-09-25T16:22:05+00:00,QQQ,2026-09-25,0,745.215,777.0,P,31.33,32.4,31.865,33.18,24,0,0.9328,-0.9971,0.0008,0.0015,-0.0093,34.69,35.53,33.18,35.87
2026-09-25T16:22:05+00:00,QQQ,2026-09-25,0,745.215,778.0,P,32.31,33.4,32.855,34.8,16,0,0.9457,-0.9972,0.0008,0.0015,-0.0092,34.64,37.4,34.61,36.785
2026-09-25T16:22:05+00:00,QQQ,2026-09-25,0,745.215,779.0,P,33.31,34.4,33.855,35.68,22,0,0.9695,-0.9973,0.0007,0.0014,-0.0092,35.57,38.39,35.54,38.2
2026-09-25T16:22:05+00:00,QQQ,2026-09-25,0,745.215,780.0,P,34.34,35.4,34.87,36.79,40,0,1.0105,-0.9974,0.0007,0.0014,-0.0091,37.87,40.18,36.79,39.03
2026-09-25T16:22:05+00:00,QQQ,2026-09-25,0,745.215,781.0,P,35.34,35.85,35.595,37.63,46,0,0.0,-0.9974,0.0006,0.0014,-0.0091,38.8,41.17,37.63,40.285
2026-09-25T16:22:05+00:00,QQQ,2026-09-25,0,745.215,782.0,P,36.34,38.31,37.325,40.3,8,0,1.3751,-0.9975,0.0006,0.0013,-0.009,40.59,40.63,40.27,41.09
2026-09-25T16:22:05+00:00,QQQ,2026-09-25,0,745.215,785.0,P,39.31,41.31,40.31,41.72,16,0,1.4522,-0.9977,0.0005,0.0012,-0.0089,42.95,42.95,41.24,44.205
2026-09-25T16:22:05+00:00,QQQ,2026-09-25,0,745.215,790.0,P,44.34,46.31,45.325,47.64,5,4,1.5987,-0.9979,0.0004,0.0011,-0.0086,45.3,47.71,45.3,48.84
2026-09-25T16:22:05+00:00,QQQ,2026-09-25,0,745.215,805.0,P,59.33,61.32,60.325,60.81,1,0,1.9975,-0.9984,0.0003,0.0008,-0.008,60.81,60.81,60.81,64.24
2026-09-25T16:37:06+00:00,QQQ,2026-09-25,0,744.085,510.0,C,233.94,235.96,234.95,232.09,1,5,8.3715,0.9999,0.0,0.0001,-0.0024,232.09,232.09,232.09,231.115
2026-09-25T16:37:06+00:00,QQQ,2026-09-25,0,744.085,575.0,C,168.86,171.1,169.98,170.37,1,0,6.0388,0.9996,0.0,0.0002,-0.0049,170.37,170.37,170.37,165.915
2026-09-25T16:37:06+00:00,QQQ,2026-09-25,0,744.085,600.0,C,143.86,145.96,144.91,141.06,12,16,5.0965,0.9995,0.0,0.0003,-0.0061,142.9,142.9,141.06,141.055
2026-09-25T16:37:06+00:00,QQQ,2026-09-25,0,744.085,610.0,C,133.91,135.99,134.95,131.85,1,14,4.8033,0.9994,0.0,0.0003,-0.0066,131.85,131.85,131.85,131.06
2026-09-25T16:37:06+00:00,QQQ,2026-09-25,0,744.085,620.0,C,123.88,125.96,124.92,122.41,10,32,4.4379,0.9993,0.0,0.0004,-0.0072,123.0,123.0,121.33,121.26
2026-09-25T16:37:06+00:00,QQQ,2026-09-25,0,744.085,667.0,C,76.91,78.98,77.945,73.32,1,3,2.9144,0.9986,0.0002,0.0007,-0.0103,73.32,73.32,73.32,73.855
2026-09-25T16:37:06+00:00,QQQ,2026-09-25,0,744.085,671.0,C,72.87,74.97,73.92,74.38,1,36,2.7656,0.9985,0.0002,0.0008,-0.0106,74.38,74.38,74.38,70.095
2026-09-25T16:37:06+00:00,QQQ,2026-09-25,0,744.085,675.0,C,68.91,70.96,69.935,68.02,62,47,2.6454,0.9984,0.0002,0.0008,-0.0108,67.56,68.02,65.32,66.13
2026-09-25T16:37:06+00:00,QQQ,2026-09-25,0,744.085,677.0,C,66.94,68.98,67.96,66.43,16,16,2.5965,0.9983,0.0002,0.0009,-0.011,63.81,66.43,63.81,64.1
2026-09-25T16:37:06+00:00,QQQ,2026-09-25,0,744.085,679.0,C,65.05,67.01,66.03,61.33,1,4,2.6232,0.9983,0.0002,0.0009,-0.0112,61.33,61.33,61.33,62.535
2026-09-25T16:37:06+00:00,QQQ,2026-09-25,0,744.085,680.0,C,64.05,65.98,65.015,63.6,1,15,2.5508,0.9982,0.0002,0.0009,-0.0112,63.6,63.6,63.6,61.205
2026-09-25T16:37:06+00:00,QQQ,2026-09-25,0,744.085,681.0,C,63.05,64.94,63.995,61.51,2,6,2.5082,0.9982,0.0002,0.0009,-0.0113,61.4,61.51,61.4,60.26
2026-09-25T16:37:06+00:00,QQQ,2026-09-25,0,744.085,682.0,C,62.05,64.03,63.04,60.56,1,5,2.5217,0.9982,0.0003,0.0009,-0.0114,60.56,60.56,60.56,59.255
2026-09-25T16:37:06+00:00,QQQ,2026-09-25,0,744.085,684.0,C,60.05,61.95,61.0,58.35,28,8,2.4079,0.9981,0.0003,0.001,-0.0115,60.83,61.33,57.57,57.11
2026-09-25T16:37:06+00:00,QQQ,2026-09-25,0,744.085,685.0,C,59.05,60.95,60.0,57.4,4,40,2.3744,0.9981,0.0003,0.001,-0.0116,59.81,59.81,56.15,56.1
2026-09-25T16:37:06+00:00,QQQ,2026-09-25,0,744.085,687.0,C,57.05,59.01,58.03,54.11,1,12,2.3629,0.998,0.0003,0.001,-0.0118,54.11,54.11,54.11,54.11
2026-09-25T16:37:06+00:00,QQQ,2026-09-25,0,744.085,688.0,C,56.05,58.03,57.04,54.08,27,5,2.318,0.9979,0.0003,0.0011,-0.0118,56.81,56.81,53.85,53.11
2026-09-25T16:37:06+00:00,QQQ,2026-09-25,0,744.085,689.0,C,55.05,57.01,56.03,53.13,2,46,2.284,0.9979,0.0003,0.0011,-0.0119,52.11,53.13,52.11,52.11
2026-09-25T16:37:06+00:00,QQQ,2026-09-25,0,744.085,690.0,C,54.05,56.01,55.03,51.65,41,164,2.2499,0.9978,0.0003,0.0011,-0.012,52.43,52.43,50.05,51.11
2026-09-25T16:37:06+00:00,QQQ,2026-09-25,0,744.085,691.0,C,53.05,54.97,54.01,54.37,5,48,2.1784,0.9978,0.0004,0.0011,-0.0121,52.55,54.42,52.55,50.1
2026-09-25T16:37:06+00:00,QQQ,2026-09-25,0,744.085,692.0,C,51.84,53.97,52.905,48.46,1,22,2.0684,0.9978,0.0004,0.0012,-0.0122,48.46,48.46,48.46,48.93
2026-09-25T16:37:06+00:00,QQQ,2026-09-25,0,744.085,694.0,C,49.87,52.08,50.975,51.37,1,29,2.0419,0.9976,0.0004,0.0012,-0.0123,51.37,51.37,51.37,47.11
2026-09-25T16:37:06+00:00,QQQ,2026-09-25,0,744.085,695.0,C,48.93,50.97,49.95,47.96,38,225,1.9946,0.9976,0.0004,0.0012,-0.0124,47.58,47.96,46.21,46.11
2026-09-25T16:37:06+00:00,QQQ,2026-09-25,0,744.085,697.0,C,46.82,48.99,47.905,43.8,7,84,1.9031,0.9975,0.0004,0.0013,-0.0126,43.91,44.85,43.8,44.27
2026-09-25T16:37:06+00:00,QQQ,2026-09-25,0,744.085,698.0,C,45.81,48.08,46.945,46.41,1,80,1.8917,0.9974,0.0005,0.0013,-0.0126,46.41,46.41,46.41,43.11
2026-09-25T16:37:06+00:00,QQQ,2026-09-25,0,744.085,699.0,C,44.9,47.11,46.005,44.1,14,114,1.8894,0.9974,0.0005,0.0013,-0.0127,45.83,46.24,44.1,42.265
2026-09-25T16:37:06+00:00,QQQ,2026-09-25,0,744.085,700.0,C,43.83,46.11,44.97,41.68,172,969,1.8376,0.9973,0.0005,0.0014,-0.0128,42.0,44.27,40.0,41.15
2026-09-25T16:37:06+00:00,QQQ,2026-09-25,0,744.085,701.0,C,42.89,45.11,44.0,39.67,7,57,1.819,0.9972,0.0005,0.0014,-0.0129,42.29,42.29,39.38,40.27
2026-09-25T16:37:06+00:00,QQQ,2026-09-25,0,744.085,702.0,C,41.86,44.08,42.97,39.05,2,309,1.77,0.9972,0.0006,0.0014,-0.013,38.9,39.05,38.9,39.265
2026-09-25T16:37:06+00:00,QQQ,2026-09-25,0,744.085,703.0,C,40.74,43.08,41.91,42.15,5,192,1.7057,0.9971,0.0006,0.0015,-0.0131,40.98,42.15,40.1,38.265
2026-09-25T16:37:06+00:00,QQQ,2026-09-25,0,744.085,704.0,C,39.88,42.1,40.99,40.95,15,330,1.7119,0.997,0.0006,0.0015,-0.0132,39.3,40.95,39.29,37.205
2026-09-25T16:37:06+00:00,QQQ,2026-09-25,0,744.085,705.0,C,38.88,41.08,39.98,36.78,8,1128,1.6729,0.9969,0.0006,0.0015,-0.0132,38.98,39.95,36.78,36.36
2026-09-25T16:37:06+00:00,QQQ,2026-09-25,0,744.085,706.0,C,37.83,40.09,38.96,39.16,6,382,1.6292,0.9968,0.0007,0.0016,-0.0133,35.04,39.16,34.84,35.17
2026-09-25T16:37:06+00:00,QQQ,2026-09-25,0,744.085,707.0,C,37.05,39.12,38.085,34.5,61,399,1.665,0.9968,0.0007,0.0016,-0.0134,36.87,37.78,33.68,34.155
2026-09-25T16:37:06+00:00,QQQ,2026-09-25,0,744.085,708.0,C,35.84,38.09,36.965,33.82,88,486,1.5632,0.9966,0.0007,0.0017,-0.0135,35.86,36.27,31.5,33.185
2026-09-25T16:37:06+00:00,QQQ,2026-09-25,0,744.085,709.0,C,34.9,37.09,35.995,31.93,92,475,1.5425,0.9966,0.0008,0.0017,-0.0136,34.58,35.95,31.58,32.36
2026-09-25T16:37:06+00:00,QQQ,2026-09-25,0,744.085,710.0,C,33.93,35.96,34.945,35.09,144,2041,1.4854,0.9964,0.0008,0.0018,-0.0137,33.83,35.09,29.99,31.365
2026-09-25T16:37:06+00:00,QQQ,2026-09-25,0,744.085,711.0,C,33.05,35.12,34.085,34.27,23,1740,1.5236,0.9964,0.0009,0.0018,-0.0138,32.71,34.27,31.0,30.185
2026-09-25T16:37:06+00:00,QQQ,2026-09-25,0,744.085,712.0,C,32.05,33.99,33.02,33.85,14,1393,1.4615,0.9962,0.0009,0.0019,-0.0138,30.8,33.85,27.94,29.29
2026-09-25T16:37:06+00:00,QQQ,2026-09-25,0,744.085,713.0,C,31.06,33.09,32.075,32.73,16,388,1.4542,0.9961,0.001,0.0019,-0.0139,31.08,32.73,29.1,28.175
2026-09-25T16:37:06+00:00,QQQ,2026-09-25,0,744.085,714.0,C,30.06,30.66,30.36,30.47,35,433,1.03,0.996,0.001,0.002,-0.014,29.85,31.95,26.72,27.3
2026-09-25T16:37:06+00:00,QQQ,2026-09-25,0,744.085,715.0,C,29.06,30.93,29.995,26.65,114,2764,1.3452,0.9958,0.0011,0.002,-0.0141,27.38,29.77,25.53,26.375
2026-09-25T16:37:06+00:00,QQQ,2026-09-25,0,744.085,716.0,C,28.06,29.94,29.0,29.57,87,899,1.3116,0.9957,0.0012,0.0021,-0.0142,26.37,29.66,23.77,25.2
2026-09-25T16:37:06+00:00,QQQ,2026-09-25,0,744.085,717.0,C,27.06,28.91,27.985,27.47,93,1275,1.27,0.9956,0.0012,0.0022,-0.0143,25.38,28.23,23.65,24.345
2026-09-25T16:37:06+00:00,QQQ,2026-09-25,0,744.085,718.0,C,26.06,27.94,27.0,24.09,394,2117,1.24,0.9954,0.0013,0.0022,-0.0144,24.15,27.26,22.85,23.305
2026-09-25T16:37:06+00:00,QQQ,2026-09-25,0,744.085,719.0,C,25.06,26.94,26.0,26.58,68,2166,1.204,0.9952,0.0014,0.0023,-0.0145,23.86,26.58,21.72,22.335
2026-09-25T16:37:06+00:00,QQQ,2026-09-25,0,744.085,720.0,C,24.06,24.21,24.135,24.48,314,4506,0.8588,0.995,0.0015,0.0024,-0.0146,23.8,25.79,20.05,21.345
2026-09-25T16:37:06+00:00,QQQ,2026-09-25,0,744.085,721.0,C,23.06,23.64,23.35,23.47,140,1521,0.8328,0.9948,0.0016,0.0025,-0.0147,22.91,24.19,19.22,20.33
2026-09-25T16:37:06+00:00,QQQ,2026-09-25,0,744.085,722.0,C,22.06,22.66,22.36,22.5,106,1603,0.7958,0.9946,0.0018,0.0026,-0.0148,20.23,23.56,18.01,19.4
2026-09-25T16:37:06+00:00,QQQ,2026-09-25,0,744.085,723.0,C,21.06,21.17,21.115,21.32,122,1475,0.7729,0.9943,0.0019,0.0027,-0.015,18.87,21.5,17.65,18.41
2026-09-25T16:37:06+00:00,QQQ,2026-09-25,0,744.085,724.0,C,20.06,21.86,20.96,21.41,219,1444,1.009,0.994,0.0021,0.0029,-0.0152,18.9,21.46,17.06,17.38
2026-09-25T16:37:06+00:00,QQQ,2026-09-25,0,744.085,725.0,C,19.06,19.34,19.2,19.8,490,3340,0.7313,0.9937,0.0023,0.003,-0.0154,17.18,20.66,14.98,16.38
2026-09-25T16:37:06+00:00,QQQ,2026-09-25,0,744.085,726.0,C,18.06,18.22,18.14,18.27,346,2231,0.541,0.9934,0.0025,0.0032,-0.0157,16.54,19.65,13.84,15.465
2026-09-25T16:37:06+00:00,QQQ,2026-09-25,0,744.085,727.0,C,17.06,18.91,17.985,18.43,225,1527,0.9066,0.9929,0.0028,0.0034,-0.0161,15.02,18.43,13.71,14.495
2026-09-25T16:37:06+00:00,QQQ,2026-09-25,0,744.085,728.0,C,16.06,16.49,16.275,16.48,237,2229,0.6206,0.9923,0.0031,0.0036,-0.0167,14.37,17.77,12.82,13.5
2026-09-25T16:37:06+00:00,QQQ,2026-09-25,0,744.085,729.0,C,15.07,15.66,15.365,15.47,272,6541,0.5952,0.9916,0.0036,0.0039,-0.0175,13.6,16.33,11.5,12.54
2026-09-25T16:37:06+00:00,QQQ,2026-09-25,0,744.085,730.0,C,14.07,14.68,14.375,15.43,677,5327,0.5792,0.9907,0.0041,0.0043,-0.0187,13.43,15.52,9.91,11.5
2026-09-25T16:37:06+00:00,QQQ,2026-09-25,0,744.085,731.0,C,13.07,13.84,13.455,13.47,268,2062,0.5699,0.9894,0.0049,0.0048,-0.0205,12.55,14.82,9.19,10.59
2026-09-25T16:37:06+00:00,QQQ,2026-09-25,0,744.085,732.0,C,12.07,12.68,12.375,12.58,430,1757,0.4998,0.9875,0.0059,0.0056,-0.0233,10.5,13.58,8.09,9.62
2026-09-25T16:37:06+00:00,QQQ,2026-09-25,0,744.085,733.0,C,11.08,12.96,12.02,12.66,868,1220,0.6786,0.9849,0.0073,0.0066,-0.0275,9.9,12.66,7.13,8.795
2026-09-25T16:37:06+00:00,QQQ,2026-09-25,0,744.085,734.0,C,10.08,11.66,10.87,10.31,2200,3797,0.6007,0.981,0.0094,0.008,-0.0338,8.3,11.44,6.24,7.875
2026-09-25T16:37:06+00:00,QQQ,2026-09-25,0,744.085,735.0,C,9.09,9.74,9.415,9.44,5048,8526,0.4275,0.9754,0.0123,0.0099,-0.0433,7.16,10.75,5.43,7.03
2026-09-25T16:37:06+00:00,QQQ,2026-09-25,0,744.085,736.0,C,8.11,8.84,8.475,8.34,2017,4244,0.4029,0.9671,0.0164,0.0126,-0.0575,6.73,9.86,4.59,6.225
2026-09-25T16:37:06+00:00,QQQ,2026-09-25,0,744.085,737.0,C,7.13,7.23,7.18,7.73,2866,3792,0.3109,0.9548,0.0223,0.0162,-0.079,5.66,8.84,3.83,5.46
2026-09-25T16:37:06+00:00,QQQ,2026-09-25,0,744.085,738.0,C,6.17,6.28,6.225,6.35,5656,3576,0.3262,0.9367,0.0305,0.021,-0.1119,5.07,8.0,3.11,4.735
2026-09-25T16:37:06+00:00,QQQ,2026-09-25,0,744.085,739.0,C,5.22,5.32,5.27,5.5,11169,5477,0.2448,0.9099,0.0418,0.0273,-0.1626,4.22,7.0,2.46,4.07
2026-09-25T16:37:06+00:00,QQQ,2026-09-25,0,744.085,740.0,C,4.31,4.41,4.36,4.44,41314,9097,0.2281,0.8705,0.0566,0.0351,-0.2419,3.58,6.0,1.85,3.455
2026-09-25T16:37:06+00:00,QQQ,2026-09-25,0,744.085,741.0,C,3.45,3.51,3.48,3.51,90947,7953,0.2258,0.8141,0.0747,0.0442,-0.3654,2.92,5.13,1.29,2.9
2026-09-25T16:37:06+00:00,QQQ,2026-09-25,0,744.085,742.0,C,2.66,2.7,2.68,2.69,192647,6533,0.215,0.737,0.0942,0.0534,-0.5545,2.16,4.21,0.84,2.405
2026-09-25T16:37:06+00:00,QQQ,2026-09-25,0,744.085,743.0,C,1.96,1.98,1.97,1.97,258009,5419,0.2099,0.6384,0.1112,0.0609,-0.8336,1.73,3.35,0.53,1.965
2026-09-25T16:37:06+00:00,QQQ,2026-09-25,0,744.085,744.0,C,1.38,1.39,1.385,1.38,326326,6129,0.205,0.5233,0.1208,0.0645,-1.2261,1.18,2.56,0.31,1.585
2026-09-25T16:37:06+00:00,QQQ,2026-09-25,0,744.085,745.0,C,0.91,0.92,0.915,0.92,344182,13975,0.2013,0.402,0.119,0.0628,-0.9319,0.9,1.9,0.19,1.255
2026-09-25T16:37:06+00:00,QQQ,2026-09-25,0,744.085,746.0,C,0.55,0.56,0.555,0.56,242652,14457,0.1984,0.2882,0.1056,0.0557,-0.5817,0.68,1.38,0.12,0.995
2026-09-25T16:37:06+00:00,QQQ,2026-09-25,0,744.085,747.0,C,0.31,0.32,0.315,0.32,144244,4485,0.1953,0.1935,0.0847,0.0453,-0.3462,0.4,0.96,0.08,0.775
2026-09-25T16:37:06+00:00,QQQ,2026-09-25,0,744.085,748.0,C,0.17,0.18,0.175,0.18,104481,8907,0.198,0.1237,0.0622,0.0342,-0.2006,0.26,0.64,0.04,0.605
2026-09-25T16:37:06+00:00,QQQ,2026-09-25,0,744.085,749.0,C,0.1,0.11,0.105,0.11,55831,5760,0.2028,0.0773,0.043,0.0246,-0.1167,0.17,0.44,0.04,0.475
2026-09-25T16:37:06+00:00,QQQ,2026-09-25,0,744.085,750.0,C,0.06,0.07,0.065,0.06,61496,20833,0.2122,0.049,0.029,0.0175,-0.0707,0.11,0.32,0.03,0.365
2026-09-25T16:37:06+00:00,QQQ,2026-09-25,0,744.085,751.0,C,0.04,0.05,0.045,0.04,19718,3438,0.2257,0.0323,0.0197,0.0126,-0.0459,0.07,0.24,0.02,0.285
2026-09-25T16:37:06+00:00,QQQ,2026-09-25,0,744.085,752.0,C,0.02,0.03,0.025,0.03,20695,4770,0.2304,0.0226,0.0138,0.0094,-0.0322,0.06,0.18,0.01,0.225
2026-09-25T16:37:06+00:00,QQQ,2026-09-25,0,744.085,753.0,C,0.02,0.03,0.025,0.03,23738,4891,0.2552,0.0167,0.0101,0.0073,-0.0242,0.05,0.13,0.01,0.175
2026-09-25T16:37:06+00:00,QQQ,2026-09-25,0,744.085,754.0,C,0.01,0.02,0.015,0.02,12600,12655,0.2612,0.013,0.0076,0.0059,-0.0194,0.09,0.1,0.01,0.145
2026-09-25T16:37:06+00:00,QQQ,2026-09-25,0,744.085,755.0,C,0.01,0.02,0.015,0.01,7627,21605,0.2841,0.0106,0.006,0.0049,-0.0164,0.01,0.08,0.01,0.115
2026-09-25T16:37:06+00:00,QQQ,2026-09-25,0,744.085,756.0,C,0.01,0.02,0.015,0.02,5913,5483,0.3068,0.009,0.0049,0.0042,-0.0145,0.04,0.06,0.01,0.095
2026-09-25T16:37:06+00:00,QQQ,2026-09-25,0,744.085,757.0,C,0.01,0.02,0.015,0.02,2708,2957,0.3292,0.0079,0.0041,0.0038,-0.0132,0.01,0.05,0.01,0.085
2026-09-25T16:37:06+00:00,QQQ,2026-09-25,0,744.085,758.0,C,0.0,0.01,0.01,0.01,4897,3008,0.3118,0.0071,0.0035,0.0034,-0.0125,0.03,0.04,0.01,0.065
2026-09-25T16:37:06+00:00,QQQ,2026-09-25,0,744.085,759.0,C,0.0,0.01,0.01,0.01,884,988,0.3319,0.0065,0.0031,0.0032,-0.012,0.01,0.04,0.01,0.055
2026-09-25T16:37:06+00:00,QQQ,2026-09-25,0,744.085,760.0,C,0.0,0.01,0.01,0.01,4512,9228,0.3518,0.006,0.0027,0.003,-0.0116,0.03,0.04,0.01,0.055
2026-09-25T16:37:06+00:00,QQQ,2026-09-25,0,744.085,761.0,C,0.0,0.01,0.01,0.01,3000,1234,0.3716,0.0056,0.0025,0.0028,-0.0114,0.02,0.03,0.01,0.045
2026-09-25T16:37:06+00:00,QQQ,2026-09-25,0,744.085,762.0,C,0.0,0.01,0.01,0.01,267,1142,0.3912,0.0053,0.0022,0.0026,-0.0112,0.02,0.03,0.01,0.045
2026-09-25T16:37:06+00:00,QQQ,2026-09-25,0,744.085,763.0,C,0.0,0.01,0.01,0.01,486,935,0.4108,0.005,0.002,0.0025,-0.0111,0.02,0.02,0.01,0.035
2026-09-25T16:37:06+00:00,QQQ,2026-09-25,0,744.085,764.0,C,0.0,0.01,0.01,0.01,11,2707,0.4302,0.0048,0.0019,0.0024,-0.011,0.01,0.02,0.01,0.035
2026-09-25T16:37:06+00:00,QQQ,2026-09-25,0,744.085,765.0,C,0.0,0.01,0.01,0.01,898,5206,0.4496,0.0046,0.0017,0.0023,-0.0109,0.02,0.02,0.01,0.025
2026-09-25T16:37:06+00:00,QQQ,2026-09-25,0,744.085,766.0,C,0.0,0.01,0.01,0.01,1206,487,0.4688,0.0044,0.0016,0.0022,-0.0108,0.02,0.02,0.01,0.025
2026-09-25T16:37:06+00:00,QQQ,2026-09-25,0,744.085,767.0,C,0.0,0.01,0.01,0.01,349,171,0.488,0.0042,0.0015,0.0021,-0.0108,0.01,0.02,0.01,0.025
2026-09-25T16:37:06+00:00,QQQ,2026-09-25,0,744.085,768.0,C,0.0,0.01,0.01,0.01,17,706,0.507,0.0041,0.0014,0.002,-0.0107,0.01,0.02,0.01,0.025
2026-09-25T16:37:06+00:00,QQQ,2026-09-25,0,744.085,769.0,C,0.0,0.01,0.01,0.01,5,711,0.526,0.0039,0.0013,0.002,-0.0107,0.01,0.01,0.01,0.025
2026-09-25T16:37:06+00:00,QQQ,2026-09-25,0,744.085,770.0,C,0.0,0.01,0.01,0.01,302,7792,0.5449,0.0038,0.0012,0.0019,-0.0106,0.02,0.02,0.01,0.015
2026-09-25T16:37:06+00:00,QQQ,2026-09-25,0,744.085,771.0,C,0.0,0.01,0.01,0.01,40,90,0.5637,0.0037,0.0011,0.0018,-0.0105,0.01,0.02,0.01,0.015
2026-09-25T16:37:06+00:00,QQQ,2026-09-25,0,744.085,772.0,C,0.0,0.01,0.02,0.02,0,62,0.5824,0.0035,0.001,0.0018,-0.0105,0.0,0.0,0.0,0.015
2026-09-25T16:37:06+00:00,QQQ,2026-09-25,0,744.085,773.0,C,0.0,0.01,0.02,0.02,0,1061,0.601,0.0034,0.001,0.0017,-0.0104,0.0,0.0,0.0,0.015
2026-09-25T16:37:06+00:00,QQQ,2026-09-25,0,744.085,774.0,C,0.0,0.01,0.02,0.02,0,1312,0.6196,0.0033,0.0009,0.0017,-0.0104,0.0,0.0,0.0,0.015
2026-09-25T16:37:06+00:00,QQQ,2026-09-25,0,744.085,775.0,C,0.0,0.01,0.01,0.01,2,1926,0.6381,0.0032,0.0009,0.0016,-0.0103,0.01,0.01,0.01,0.015
2026-09-25T16:37:06+00:00,QQQ,2026-09-25,0,744.085,776.0,C,0.0,0.01,0.02,0.02,0,368,0.6566,0.0031,0.0008,0.0016,-0.0103,0.0,0.0,0.0,0.015
2026-09-25T16:37:06+00:00,QQQ,2026-09-25,0,744.085,777.0,C,0.0,0.01,0.01,0.01,4,68,0.6749,0.003,0.0008,0.0015,-0.0102,0.01,0.01,0.01,0.015
2026-09-25T16:37:06+00:00,QQQ,2026-09-25,0,744.085,778.0,C,0.0,0.01,0.02,0.02,4,139,0.6932,0.003,0.0008,0.0015,-0.0102,0.02,0.02,0.02,0.015
2026-09-25T16:37:06+00:00,QQQ,2026-09-25,0,744.085,779.0,C,0.0,0.01,0.02,0.02,0,328,0.7114,0.0029,0.0007,0.0015,-0.0101,0.0,0.0,0.0,0.015
2026-09-25T16:37:06+00:00,QQQ,2026-09-25,0,744.085,780.0,C,0.0,0.01,0.01,0.01,2,1683,0.7296,0.0028,0.0007,0.0014,-0.0101,0.01,0.01,0.01,0.015
2026-09-25T16:37:06+00:00,QQQ,2026-09-25,0,744.085,781.0,C,0.0,0.01,0.01,0.01,0,264,0.7477,0.0027,0.0006,0.0014,-0.01,0.0,0.0,0.0,0.005
2026-09-25T16:37:06+00:00,QQQ,2026-09-25,0,744.085,782.0,C,0.0,0.01,0.01,0.01,288,707,0.7658,0.0027,0.0006,0.0014,-0.01,0.01,0.01,0.01,0.005
2026-09-25T16:37:06+00:00,QQQ,2026-09-25,0,744.085,935.0,C,0.0,0.01,0.01,0.01,26,40,3.1137,0.0004,0.0,0.0002,-0.0046,0.01,0.01,0.01,0.005
2026-09-25T16:37:06+00:00,QQQ,2026-09-25,0,744.085,450.0,P,0.0,0.01,0.01,0.01,12,1311,6.6685,0.0,0.0,0.0,-0.0011,0.01,0.01,0.01,0.005
2026-09-25T16:37:06+00:00,QQQ,2026-09-25,0,744.085,580.0,P,0.0,0.01,0.01,0.01,25,772,3.4364,-0.0004,0.0,0.0002,-0.0051,0.01,0.01,0.01,0.005
2026-09-25T16:37:06+00:00,QQQ,2026-09-25,0,744.085,600.0,P,0.0,0.01,0.01,0.01,1,4152,2.9964,-0.0005,0.0,0.0003,-0.0061,0.01,0.01,0.01,0.005
2026-09-25T16:37:06+00:00,QQQ,2026-09-25,0,744.085,605.0,P,0.0,0.01,0.01,0.01,2,1883,2.8883,-0.0005,0.0,0.0003,-0.0064,0.01,0.01,0.01,0.005
2026-09-25T16:37:06+00:00,QQQ,2026-09-25,0,744.085,620.0,P,0.0,0.01,0.01,0.01,17,2323,2.5679,-0.0007,0.0,0.0004,-0.0072,0.01,0.01,0.01,0.005
2026-09-25T16:37:06+00:00,QQQ,2026-09-25,0,744.085,625.0,P,0.0,0.01,0.01,0.01,5,1666,2.4623,-0.0007,0.0001,0.0004,-0.0075,0.01,0.01,0.01,0.005
2026-09-25T16:37:06+00:00,QQQ,2026-09-25,0,744.085,635.0,P,0.0,0.01,0.01,0.01,20,15929,2.253,-0.0008,0.0001,0.0004,-0.0081,0.01,0.01,0.01,0.005
2026-09-25T16:37:06+00:00,QQQ,2026-09-25,0,744.085,640.0,P,0.0,0.01,0.01,0.01,6,1828,2.1491,-0.0009,0.0001,0.0005,-0.0084,0.01,0.02,0.01,0.005
2026-09-25T16:37:06+00:00,QQQ,2026-09-25,0,744.085,645.0,P,0.0,0.01,0.02,0.02,51,4195,2.0458,-0.001,0.0001,0.0005,-0.0088,0.01,0.02,0.01,0.005
2026-09-25T16:37:06+00:00,QQQ,2026-09-25,0,744.085,650.0,P,0.0,0.01,0.01,0.01,9,10661,1.9429,-0.001,0.0001,0.0006,-0.0091,0.01,0.01,0.01,0.005
2026-09-25T16:37:06+00:00,QQQ,2026-09-25,0,744.085,660.0,P,0.0,0.01,0.01,0.01,20,4570,1.7386,-0.0012,0.0001,0.0006,-0.0098,0.01,0.01,0.01,0.005
2026-09-25T16:37:06+00:00,QQQ,2026-09-25,0,744.085,665.0,P,0.0,0.01,0.01,0.01,45,38192,1.637,-0.0013,0.0002,0.0007,-0.0101,0.01,0.01,0.01,0.005
2026-09-25T16:37:06+00:00,QQQ,2026-09-25,0,744.085,667.0,P,0.0,0.01,0.01,0.01,10,2556,1.5965,-0.0014,0.0002,0.0007,-0.0103,0.01,0.01,0.01,0.005
2026-09-25T16:37:06+00:00,QQQ,2026-09-25,0,744.085,670.0,P,0.0,0.01,0.01,0.01,35,5857,1.5359,-0.0015,0.0002,0.0008,-0.0105,0.01,0.01,0.01,0.005
2026-09-25T16:37:06+00:00,QQQ,2026-09-25,0,744.085,672.0,P,0.0,0.01,0.01,0.01,4,726,1.4955,-0.0015,0.0002,0.0008,-0.0106,0.01,0.01,0.01,0.015
2026-09-25T16:37:06+00:00,QQQ,2026-09-25,0,744.085,673.0,P,0.0,0.01,0.01,0.01,3,607,1.4753,-0.0015,0.0002,0.0008,-0.0107,0.01,0.01,0.01,0.015
2026-09-25T16:37:06+00:00,QQQ,2026-09-25,0,744.085,674.0,P,0.0,0.01,0.01,0.01,1,825,1.4552,-0.0016,0.0002,0.0008,-0.0108,0.01,0.01,0.01,0.015
2026-09-25T16:37:06+00:00,QQQ,2026-09-25,0,744.085,675.0,P,0.0,0.01,0.01,0.01,32,3161,1.435,-0.0016,0.0002,0.0008,-0.0108,0.01,0.01,0.01,0.015
2026-09-25T16:37:06+00:00,QQQ,2026-09-25,0,744.085,677.0,P,0.0,0.01,0.01,0.01,28,772,1.3948,-0.0017,0.0002,0.0009,-0.011,0.01,0.01,0.01,0.015
2026-09-25T16:37:06+00:00,QQQ,2026-09-25,0,744.085,678.0,P,0.0,0.01,0.01,0.01,150,890,1.3746,-0.0017,0.0002,0.0009,-0.0111,0.01,0.01,0.01,0.015
2026-09-25T16:37:06+00:00,QQQ,2026-09-25,0,744.085,680.0,P,0.0,0.01,0.01,0.01,76,3580,1.3345,-0.0018,0.0002,0.0009,-0.0112,0.01,0.02,0.01,0.015
2026-09-25T16:37:06+00:00,QQQ,2026-09-25,0,744.085,681.0,P,0.0,0.01,0.01,0.01,154,1155,1.3144,-0.0018,0.0002,0.0009,-0.0113,0.01,0.01,0.01,0.015
2026-09-25T16:37:06+00:00,QQQ,2026-09-25,0,744.085,682.0,P,0.0,0.01,0.01,0.01,1,1046,1.2943,-0.0018,0.0003,0.0009,-0.0114,0.01,0.01,0.01,0.015
2026-09-25T16:37:06+00:00,QQQ,2026-09-25,0,744.085,683.0,P,0.0,0.01,0.01,0.01,1975,3458,1.2742,-0.0019,0.0003,0.001,-0.0114,0.01,0.01,0.01,0.015
2026-09-25T16:37:06+00:00,QQQ,2026-09-25,0,744.085,685.0,P,0.0,0.01,0.01,0.01,105,2903,1.2341,-0.0019,0.0003,0.001,-0.0116,0.01,0.01,0.01,0.015
2026-09-25T16:37:06+00:00,QQQ,2026-09-25,0,744.085,686.0,P,0.0,0.01,0.01,0.01,4,2437,1.2141,-0.002,0.0003,0.001,-0.0117,0.01,0.01,0.01,0.015
2026-09-25T16:37:06+00:00,QQQ,2026-09-25,0,744.085,687.0,P,0.0,0.01,0.01,0.01,5,2225,1.194,-0.002,0.0003,0.001,-0.0118,0.01,0.01,0.01,0.015
2026-09-25T16:37:06+00:00,QQQ,2026-09-25,0,744.085,688.0,P,0.0,0.01,0.01,0.01,208,1946,1.174,-0.0021,0.0003,0.0011,-0.0118,0.01,0.01,0.01,0.015
2026-09-25T16:37:06+00:00,QQQ,2026-09-25,0,744.085,689.0,P,0.0,0.01,0.02,0.02,32,2011,1.1535,-0.0021,0.0003,0.0011,-0.0119,0.01,0.02,0.01,0.015
2026-09-25T16:37:06+00:00,QQQ,2026-09-25,0,744.085,690.0,P,0.0,0.01,0.01,0.01,71,85486,1.1335,-0.0022,0.0003,0.0011,-0.012,0.01,0.01,0.01,0.015
2026-09-25T16:37:06+00:00,QQQ,2026-09-25,0,744.085,691.0,P,0.0,0.01,0.01,0.01,6,2293,1.1135,-0.0022,0.0004,0.0011,-0.0121,0.01,0.01,0.01,0.015
2026-09-25T16:37:06+00:00,QQQ,2026-09-25,0,744.085,692.0,P,0.0,0.01,0.01,0.01,6,1496,1.0934,-0.0022,0.0004,0.0012,-0.0122,0.01,0.01,0.01,0.015
2026-09-25T16:37:06+00:00,QQQ,2026-09-25,0,744.085,693.0,P,0.0,0.01,0.02,0.02,11,4215,1.0734,-0.0023,0.0004,0.0012,-0.0122,0.01,0.21,0.01,0.015
2026-09-25T16:37:06+00:00,QQQ,2026-09-25,0,744.085,694.0,P,0.0,0.01,0.01,0.01,5,2917,1.0534,-0.0024,0.0004,0.0012,-0.0123,0.01,0.01,0.01,0.015
2026-09-25T16:37:06+00:00,QQQ,2026-09-25,0,744.085,695.0,P,0.0,0.01,0.01,0.01,4,5302,1.0334,-0.0024,0.0004,0.0012,-0.0124,0.01,0.01,0.01,0.015
2026-09-25T16:37:06+00:00,QQQ,2026-09-25,0,744.085,696.0,P,0.0,0.01,0.01,0.01,6,2333,1.0134,-0.0025,0.0004,0.0012,-0.0125,0.02,0.02,0.01,0.015
2026-09-25T16:37:06+00:00,QQQ,2026-09-25,0,744.085,697.0,P,0.0,0.01,0.01,0.01,6,1476,0.9934,-0.0025,0.0004,0.0013,-0.0126,0.01,0.01,0.01,0.015
2026-09-25T16:37:06+00:00,QQQ,2026-09-25,0,744.085,698.0,P,0.0,0.01,0.01,0.01,26,5285,0.9734,-0.0026,0.0005,0.0013,-0.0126,0.01,0.01,0.01,0.015
2026-09-25T16:37:06+00:00,QQQ,2026-09-25,0,744.085,699.0,P,0.0,0.01,0.01,0.01,1,5876,0.9533,-0.0026,0.0005,0.0013,-0.0127,0.01,0.01,0.01,0.015
2026-09-25T16:37:06+00:00,QQQ,2026-09-25,0,744.085,700.0,P,0.0,0.01,0.01,0.01,1715,18205,0.9333,-0.0027,0.0005,0.0014,-0.0128,0.01,0.01,0.01,0.015
2026-09-25T16:37:06+00:00,QQQ,2026-09-25,0,744.085,701.0,P,0.0,0.01,0.01,0.01,2,1908,0.9133,-0.0028,0.0005,0.0014,-0.0129,0.01,0.01,0.01,0.015
2026-09-25T16:37:06+00:00,QQQ,2026-09-25,0,744.085,702.0,P,0.0,0.01,0.01,0.01,4,2384,0.8933,-0.0028,0.0006,0.0014,-0.013,0.01,0.01,0.01,0.015
2026-09-25T16:37:06+00:00,QQQ,2026-09-25,0,744.085,703.0,P,0.0,0.01,0.01,0.01,37,1702,0.8733,-0.0029,0.0006,0.0015,-0.0131,0.01,0.01,0.01,0.025
2026-09-25T16:37:06+00:00,QQQ,2026-09-25,0,744.085,704.0,P,0.0,0.01,0.01,0.01,1,3626,0.8532,-0.003,0.0006,0.0015,-0.0132,0.01,0.01,0.01,0.025
2026-09-25T16:37:06+00:00,QQQ,2026-09-25,0,744.085,705.0,P,0.0,0.01,0.01,0.01,333,32695,0.8332,-0.0031,0.0006,0.0015,-0.0132,0.02,0.02,0.01,0.025
2026-09-25T16:37:06+00:00,QQQ,2026-09-25,0,744.085,706.0,P,0.0,0.01,0.01,0.01,11,1957,0.8132,-0.0032,0.0007,0.0016,-0.0133,0.01,0.01,0.01,0.025
2026-09-25T16:37:06+00:00,QQQ,2026-09-25,0,744.085,707.0,P,0.0,0.01,0.01,0.01,25,3017,0.7931,-0.0032,0.0007,0.0016,-0.0134,0.01,0.01,0.01,0.025
2026-09-25T16:37:06+00:00,QQQ,2026-09-25,0,744.085,708.0,P,0.0,0.01,0.01,0.01,53,1971,0.773,-0.0034,0.0007,0.0017,-0.0135,0.01,0.01,0.01,0.025
2026-09-25T16:37:06+00:00,QQQ,2026-09-25,0,744.085,709.0,P,0.0,0.01,0.01,0.01,99,2181,0.753,-0.0034,0.0008,0.0017,-0.0136,0.01,0.03,0.01,0.025
2026-09-25T16:37:06+00:00,QQQ,2026-09-25,0,744.085,710.0,P,0.0,0.01,0.01,0.01,484,10372,0.7329,-0.0036,0.0008,0.0018,-0.0137,0.01,0.01,0.01,0.025
2026-09-25T16:37:06+00:00,QQQ,2026-09-25,0,744.085,711.0,P,0.0,0.01,0.01,0.01,104,2672,0.7128,-0.0036,0.0009,0.0018,-0.0138,0.01,0.01,0.01,0.035
2026-09-25T16:37:06+00:00,QQQ,2026-09-25,0,744.085,712.0,P,0.0,0.01,0.01,0.01,313,2064,0.6927,-0.0038,0.0009,0.0019,-0.0138,0.01,0.01,0.01,0.035
2026-09-25T16:37:06+00:00,QQQ,2026-09-25,0,744.085,713.0,P,0.0,0.01,0.01,0.01,290,2093,0.6726,-0.0039,0.001,0.0019,-0.0139,0.02,0.02,0.01,0.035
2026-09-25T16:37:06+00:00,QQQ,2026-09-25,0,744.085,714.0,P,0.0,0.01,0.01,0.01,1105,4859,0.6524,-0.004,0.001,0.002,-0.014,0.01,0.02,0.01,0.035
2026-09-25T16:37:06+00:00,QQQ,2026-09-25,0,744.085,715.0,P,0.0,0.01,0.01,0.01,3809,9399,0.6323,-0.0042,0.0011,0.002,-0.0141,0.01,0.02,0.01,0.035
2026-09-25T16:37:06+00:00,QQQ,2026-09-25,0,744.085,716.0,P,0.0,0.01,0.01,0.01,4437,4106,0.6121,-0.0043,0.0012,0.0021,-0.0142,0.02,0.02,0.01,0.045
2026-09-25T16:37:06+00:00,QQQ,2026-09-25,0,744.085,717.0,P,0.0,0.01,0.01,0.01,9347,3256,0.5919,-0.0044,0.0012,0.0022,-0.0143,0.01,0.03,0.01,0.045
2026-09-25T16:37:06+00:00,QQQ,2026-09-25,0,744.085,718.0,P,0.0,0.01,0.02,0.02,14435,13685,0.5716,-0.0046,0.0013,0.0022,-0.0144,0.01,0.03,0.01,0.045
2026-09-25T16:37:06+00:00,QQQ,2026-09-25,0,744.085,719.0,P,0.0,0.01,0.01,0.01,5336,8537,0.5513,-0.0048,0.0014,0.0023,-0.0145,0.02,0.03,0.01,0.055
2026-09-25T16:37:06+00:00,QQQ,2026-09-25,0,744.085,720.0,P,0.01,0.02,0.015,0.01,10961,11872,0.5924,-0.005,0.0015,0.0024,-0.0146,0.01,0.04,0.01,0.055
2026-09-25T16:37:06+00:00,QQQ,2026-09-25,0,744.085,721.0,P,0.01,0.02,0.015,0.01,3088,4963,0.5701,-0.0052,0.0016,0.0025,-0.0147,0.01,0.03,0.01,0.065
2026-09-25T16:37:06+00:00,QQQ,2026-09-25,0,744.085,722.0,P,0.01,0.02,0.015,0.02,1425,8821,0.5478,-0.0054,0.0018,0.0026,-0.0148,0.02,0.04,0.01,0.075
2026-09-25T16:37:06+00:00,QQQ,2026-09-25,0,744.085,723.0,P,0.01,0.02,0.015,0.02,2302,2426,0.5254,-0.0057,0.0019,0.0027,-0.015,0.03,0.04,0.01,0.085
2026-09-25T16:37:06+00:00,QQQ,2026-09-25,0,744.085,724.0,P,0.01,0.02,0.015,0.02,5094,3949,0.503,-0.006,0.0021,0.0029,-0.0152,0.03,0.05,0.01,0.095
2026-09-25T16:37:06+00:00,QQQ,2026-09-25,0,744.085,725.0,P,0.01,0.02,0.015,0.01,11310,13949,0.4804,-0.0063,0.0023,0.003,-0.0154,0.03,0.07,0.01,0.105
2026-09-25T16:37:06+00:00,QQQ,2026-09-25,0,744.085,726.0,P,0.01,0.02,0.015,0.01,5526,4854,0.4579,-0.0066,0.0025,0.0032,-0.0157,0.02,0.08,0.01,0.125
2026-09-25T16:37:06+00:00,QQQ,2026-09-25,0,744.085,727.0,P,0.01,0.02,0.015,0.02,6448,3625,0.4352,-0.0071,0.0028,0.0034,-0.0161,0.05,0.1,0.01,0.155
2026-09-25T16:37:06+00:00,QQQ,2026-09-25,0,744.085,728.0,P,0.01,0.02,0.015,0.01,10541,3308,0.4124,-0.0077,0.0031,0.0036,-0.0167,0.02,0.12,0.01,0.185
2026-09-25T16:37:06+00:00,QQQ,2026-09-25,0,744.085,729.0,P,0.01,0.02,0.015,0.01,7828,4682,0.3896,-0.0084,0.0036,0.0039,-0.0175,0.03,0.16,0.01,0.225
2026-09-25T16:37:06+00:00,QQQ,2026-09-25,0,744.085,730.0,P,0.01,0.02,0.015,0.01,27033,18960,0.3666,-0.0093,0.0041,0.0043,-0.0187,0.05,0.2,0.01,0.275
2026-09-25T16:37:06+00:00,QQQ,2026-09-25,0,744.085,731.0,P,0.02,0.03,0.025,0.03,11454,7137,0.3665,-0.0106,0.0049,0.0048,-0.0205,0.06,0.26,0.01,0.345
2026-09-25T16:37:06+00:00,QQQ,2026-09-25,0,744.085,732.0,P,0.02,0.03,0.025,0.03,16228,6919,0.342,-0.0125,0.0059,0.0056,-0.0233,0.07,0.33,0.01,0.425
2026-09-25T16:37:06+00:00,QQQ,2026-09-25,0,744.085,733.0,P,0.02,0.03,0.025,0.03,21503,7671,0.3174,-0.0151,0.0073,0.0066,-0.0275,0.09,0.41,0.02,0.535
2026-09-25T16:37:06+00:00,QQQ,2026-09-25,0,744.085,734.0,P,0.03,0.04,0.035,0.03,26622,7291,0.3072,-0.019,0.0094,0.008,-0.0338,0.11,0.53,0.02,0.665
2026-09-25T16:37:06+00:00,QQQ,2026-09-25,0,744.085,735.0,P,0.03,0.04,0.035,0.03,48576,14645,0.2812,-0.0246,0.0123,0.0099,-0.0433,0.16,0.69,0.02,0.825
2026-09-25T16:37:06+00:00,QQQ,2026-09-25,0,744.085,736.0,P,0.05,0.06,0.055,0.06,49957,18995,0.2746,-0.0329,0.0164,0.0126,-0.0575,0.23,0.88,0.04,1.025
2026-09-25T16:37:06+00:00,QQQ,2026-09-25,0,744.085,737.0,P,0.07,0.08,0.075,0.07,63724,4892,0.2611,-0.0452,0.0223,0.0162,-0.079,0.33,1.12,0.05,1.265
2026-09-25T16:37:06+00:00,QQQ,2026-09-25,0,744.085,738.0,P,0.11,0.12,0.115,0.12,91626,6418,0.2531,-0.0633,0.0305,0.021,-0.1119,0.51,1.42,0.07,1.545
2026-09-25T16:37:06+00:00,QQQ,2026-09-25,0,744.085,739.0,P,0.17,0.18,0.175,0.16,110507,4617,0.2412,-0.0901,0.0418,0.0273,-0.1626,0.66,1.79,0.1,1.875
2026-09-25T16:37:06+00:00,QQQ,2026-09-25,0,744.085,740.0,P,0.25,0.26,0.255,0.25,219039,9175,0.231,-0.1295,0.0566,0.0351,-0.2419,0.9,2.24,0.14,2.265
2026-09-25T16:37:06+00:00,QQQ,2026-09-25,0,744.085,741.0,P,0.39,0.4,0.395,0.39,247733,3830,0.2212,-0.1859,0.0747,0.0442,-0.3654,1.21,2.78,0.2,2.705
2026-09-25T16:37:06+00:00,QQQ,2026-09-25,0,744.085,742.0,P,0.59,0.6,0.595,0.6,213605,2155,0.214,-0.263,0.0942,0.0534,-0.5545,1.61,3.38,0.29,3.2
2026-09-25T16:37:06+00:00,QQQ,2026-09-25,0,744.085,743.0,P,0.88,0.9,0.89,0.89,177092,2163,0.2083,-0.3616,0.1112,0.0609,-0.8336,2.07,4.06,0.44,3.765
2026-09-25T16:37:06+00:00,QQQ,2026-09-25,0,744.085,744.0,P,1.3,1.31,1.305,1.3,152586,1690,0.2043,-0.4767,0.1208,0.0645,-1.2261,2.53,4.83,0.66,4.385
2026-09-25T16:37:06+00:00,QQQ,2026-09-25,0,744.085,745.0,P,1.82,1.83,1.825,1.82,67704,4711,0.1997,-0.598,0.119,0.0628,-0.9319,3.13,5.67,0.97,5.05
2026-09-25T16:37:06+00:00,QQQ,2026-09-25,0,744.085,746.0,P,2.44,2.49,2.465,2.46,19866,1592,0.1966,-0.7118,0.1056,0.0557,-0.5817,4.0,6.5,1.4,5.785
2026-09-25T16:37:06+00:00,QQQ,2026-09-25,0,744.085,747.0,P,3.2,3.26,3.23,3.22,7171,1426,0.1953,-0.8065,0.0847,0.0453,-0.3462,5.3,7.35,1.97,6.57
2026-09-25T16:37:06+00:00,QQQ,2026-09-25,0,744.085,748.0,P,4.03,4.13,4.08,4.0,2728,960,0.1948,-0.8763,0.0622,0.0342,-0.2006,6.27,8.36,2.66,7.41
2026-09-25T16:37:06+00:00,QQQ,2026-09-25,0,744.085,749.0,P,4.75,5.06,4.905,4.87,1695,484,0.1827,-0.9227,0.043,0.0246,-0.1167,5.75,8.95,3.44,8.22
2026-09-25T16:37:06+00:00,QQQ,2026-09-25,0,744.085,750.0,P,5.75,6.01,5.88,5.87,944,1729,0.1942,-0.951,0.029,0.0175,-0.0707,7.01,10.31,4.36,9.185
2026-09-25T16:37:06+00:00,QQQ,2026-09-25,0,744.085,751.0,P,6.89,6.99,6.94,6.36,530,87,0.0,-0.9677,0.0197,0.0126,-0.0459,8.73,11.35,5.38,9.97
2026-09-25T16:37:06+00:00,QQQ,2026-09-25,0,744.085,752.0,P,6.14,7.98,7.06,7.4,132,19,0.0,-0.9774,0.0138,0.0094,-0.0322,9.85,12.2,6.34,10.94
2026-09-25T16:37:06+00:00,QQQ,2026-09-25,0,744.085,753.0,P,7.12,8.97,8.045,7.38,131,3,0.0,-0.9833,0.0101,0.0073,-0.0242,10.9,11.27,7.38,11.9
2026-09-25T16:37:06+00:00,QQQ,2026-09-25,0,744.085,754.0,P,9.87,9.97,9.92,9.0,48,0,0.0,-0.987,0.0076,0.0059,-0.0194,12.14,14.33,8.16,12.885
2026-09-25T16:37:06+00:00,QQQ,2026-09-25,0,744.085,755.0,P,9.11,10.96,10.035,10.23,138,8,0.0,-0.9894,0.006,0.0049,-0.0164,12.33,15.01,9.5,14.01
2026-09-25T16:37:06+00:00,QQQ,2026-09-25,0,744.085,756.0,P,10.09,11.96,11.025,10.44,49,27,0.0,-0.991,0.0049,0.0042,-0.0145,12.74,15.45,10.35,14.905
2026-09-25T16:37:06+00:00,QQQ,2026-09-25,0,744.085,757.0,P,11.08,12.96,12.02,13.76,20,0,0.0,-0.9921,0.0041,0.0038,-0.0132,13.19,16.29,12.44,15.875
2026-09-25T16:37:06+00:00,QQQ,2026-09-25,0,744.085,758.0,P,12.08,13.96,13.02,12.58,21,1,0.0,-0.9929,0.0035,0.0034,-0.0125,14.22,14.87,12.58,16.96
2026-09-25T16:37:06+00:00,QQQ,2026-09-25,0,744.085,759.0,P,13.07,14.96,14.015,13.36,51,3,0.0,-0.9935,0.0031,0.0032,-0.012,18.46,18.46,13.35,17.88
2026-09-25T16:37:06+00:00,QQQ,2026-09-25,0,744.085,760.0,P,15.15,15.96,15.555,15.2,41,4,0.0,-0.994,0.0027,0.003,-0.0116,17.3,17.3,15.2,18.885
2026-09-25T16:37:06+00:00,QQQ,2026-09-25,0,744.085,761.0,P,15.07,16.96,16.015,20.41,0,0,0.0,-0.9944,0.0025,0.0028,-0.0114,0.0,0.0,0.0,19.87
2026-09-25T16:37:06+00:00,QQQ,2026-09-25,0,744.085,762.0,P,16.07,17.96,17.015,18.04,8,0,0.0,-0.9947,0.0022,0.0026,-0.0112,19.28,20.13,18.04,20.86
2026-09-25T16:37:06+00:00,QQQ,2026-09-25,0,744.085,763.0,P,17.07,18.96,18.015,17.98,9,0,0.0,-0.995,0.002,0.0025,-0.0111,19.86,19.86,17.98,21.875
2026-09-25T16:37:06+00:00,QQQ,2026-09-25,0,744.085,764.0,P,18.07,19.96,19.015,20.86,8,0,0.0,-0.9952,0.0019,0.0024,-0.011,22.85,23.21,20.64,22.8
2026-09-25T16:37:06+00:00,QQQ,2026-09-25,0,744.085,765.0,P,19.07,21.08,20.075,21.64,4,0,0.0,-0.9954,0.0017,0.0023,-0.0109,23.61,23.61,21.64,23.805
2026-09-25T16:37:06+00:00,QQQ,2026-09-25,0,744.085,766.0,P,20.07,21.96,21.015,20.1,28,0,0.0,-0.9956,0.0016,0.0022,-0.0108,23.31,25.78,20.1,24.77
2026-09-25T16:37:06+00:00,QQQ,2026-09-25,0,744.085,767.0,P,21.07,23.07,22.07,23.79,45,20,0.0,-0.9958,0.0015,0.0021,-0.0108,24.73,27.07,23.79,25.755
2026-09-25T16:37:06+00:00,QQQ,2026-09-25,0,744.085,768.0,P,21.92,24.17,23.045,24.46,27,0,0.0,-0.9959,0.0014,0.002,-0.0107,25.68,27.77,24.46,26.76
2026-09-25T16:37:06+00:00,QQQ,2026-09-25,0,744.085,769.0,P,23.05,25.09,24.07,25.86,46,0,0.0,-0.9961,0.0013,0.002,-0.0107,24.8,28.01,24.39,27.865
2026-09-25T16:37:06+00:00,QQQ,2026-09-25,0,744.085,770.0,P,24.05,26.17,25.11,26.43,53,0,0.0,-0.9962,0.0012,0.0019,-0.0106,28.91,28.94,26.02,28.865
2026-09-25T16:37:06+00:00,QQQ,2026-09-25,0,744.085,771.0,P,24.92,26.96,25.94,27.75,36,0,0.0,-0.9963,0.0011,0.0018,-0.0105,30.0,31.55,27.42,29.755
2026-09-25T16:37:06+00:00,QQQ,2026-09-25,0,744.085,772.0,P,25.92,28.11,27.015,32.38,12,0,0.0,-0.9965,0.001,0.0018,-0.0105,29.88,32.38,29.81,30.8
2026-09-25T16:37:06+00:00,QQQ,2026-09-25,0,744.085,773.0,P,27.01,28.96,27.985,33.37,14,0,0.0,-0.9966,0.001,0.0017,-0.0104,28.22,33.37,28.22,31.755
2026-09-25T16:37:06+00:00,QQQ,2026-09-25,0,744.085,774.0,P,28.05,29.96,29.005,30.74,22,0,0.0,-0.9967,0.0009,0.0017,-0.0104,29.03,32.07,29.03,32.91
2026-09-25T16:37:06+00:00,QQQ,2026-09-25,0,744.085,775.0,P,29.05,31.17,30.11,31.81,81,0,0.0,-0.9968,0.0009,0.0016,-0.0103,30.2,35.14,30.03,33.755
2026-09-25T16:37:06+00:00,QQQ,2026-09-25,0,744.085,776.0,P,30.04,31.96,31.0,30.26,90,0,0.0,-0.9969,0.0008,0.0016,-0.0103,32.62,36.13,30.26,34.79
2026-09-25T16:37:06+00:00,QQQ,2026-09-25,0,744.085,777.0,P,30.92,33.82,32.37,33.18,24,0,0.0,-0.997,0.0008,0.0015,-0.0102,34.69,35.53,33.18,35.87
2026-09-25T16:37:06+00:00,QQQ,2026-09-25,0,744.085,778.0,P,31.92,34.15,33.035,34.8,16,0,0.0,-0.997,0.0008,0.0015,-0.0102,34.64,37.4,34.61,36.785
2026-09-25T16:37:06+00:00,QQQ,2026-09-25,0,744.085,779.0,P,33.06,35.07,34.065,35.68,22,0,0.0,-0.9971,0.0007,0.0015,-0.0101,35.57,38.39,35.54,38.2
2026-09-25T16:37:06+00:00,QQQ,2026-09-25,0,744.085,780.0,P,34.06,35.96,35.01,36.79,40,0,0.0,-0.9972,0.0007,0.0014,-0.0101,37.87,40.18,36.79,39.03
2026-09-25T16:37:06+00:00,QQQ,2026-09-25,0,744.085,781.0,P,34.92,36.96,35.94,37.63,46,0,0.0,-0.9973,0.0006,0.0014,-0.01,38.8,41.17,37.63,40.285
2026-09-25T16:37:06+00:00,QQQ,2026-09-25,0,744.085,782.0,P,36.06,38.17,37.115,40.3,8,0,0.0,-0.9973,0.0006,0.0014,-0.01,40.59,40.63,40.27,41.09
2026-09-25T16:37:06+00:00,QQQ,2026-09-25,0,744.085,785.0,P,38.92,41.19,40.055,41.72,16,0,0.0,-0.9975,0.0006,0.0013,-0.0098,42.95,42.95,41.24,44.205
2026-09-25T16:37:06+00:00,QQQ,2026-09-25,0,744.085,790.0,P,44.06,46.08,45.07,47.64,5,4,0.0,-0.9978,0.0004,0.0011,-0.0096,45.3,47.71,45.3,48.84
2026-09-25T16:37:06+00:00,QQQ,2026-09-25,0,744.085,805.0,P,60.4,61.06,60.73,60.81,1,0,0.0,-0.9983,0.0003,0.0009,-0.0089,60.81,60.81,60.81,64.24
2026-09-25T16:52:05+00:00,QQQ,2026-09-25,0,744.55,450.0,C,294.47,294.8,294.635,294.58,46,0,8.4099,0.9999,0.0,0.0,-0.0012,293.6,294.93,293.44,290.915
2026-09-25T16:52:05+00:00,QQQ,2026-09-25,0,744.55,455.0,C,289.32,289.7,289.51,290.07,4,0,0.0,0.9999,0.0,0.0,-0.0012,290.06,290.07,290.06,285.94
2026-09-25T16:52:05+00:00,QQQ,2026-09-25,0,744.55,510.0,C,233.88,235.91,234.895,232.09,1,5,7.6637,0.9998,0.0,0.0001,-0.0026,232.09,232.09,232.09,231.115
2026-09-25T16:52:05+00:00,QQQ,2026-09-25,0,744.55,575.0,C,168.88,170.9,169.89,170.37,1,0,5.442,0.9996,0.0,0.0002,-0.0051,170.37,170.37,170.37,165.915
2026-09-25T16:52:05+00:00,QQQ,2026-09-25,0,744.55,600.0,C,143.85,145.93,144.89,141.06,12,16,4.6433,0.9995,0.0,0.0003,-0.0064,142.9,142.9,141.06,141.055
2026-09-25T16:52:05+00:00,QQQ,2026-09-25,0,744.55,610.0,C,132.96,135.93,134.445,134.77,2,14,0.0,0.9994,0.0,0.0003,-0.0069,131.85,134.77,131.85,131.06
2026-09-25T16:52:05+00:00,QQQ,2026-09-25,0,744.55,620.0,C,123.9,125.91,124.905,122.41,10,32,4.0462,0.9993,0.0001,0.0004,-0.0075,123.0,123.0,121.33,121.26
2026-09-25T16:52:05+00:00,QQQ,2026-09-25,0,744.55,635.0,C,108.19,110.91,109.55,109.31,2,1,0.0,0.9991,0.0001,0.0004,-0.0085,109.38,109.38,109.31,106.385
2026-09-25T16:52:05+00:00,QQQ,2026-09-25,0,744.55,655.0,C,88.9,89.79,89.345,89.37,2,40,0.0,0.9988,0.0001,0.0006,-0.0098,89.4,89.4,89.37,85.85
2026-09-25T16:52:05+00:00,QQQ,2026-09-25,0,744.55,665.0,C,78.07,80.91,79.49,79.56,50,51,0.0,0.9986,0.0002,0.0007,-0.0105,79.56,79.56,79.56,75.76
2026-09-25T16:52:05+00:00,QQQ,2026-09-25,0,744.55,667.0,C,76.91,78.91,77.91,73.32,1,3,2.6144,0.9986,0.0002,0.0007,-0.0107,73.32,73.32,73.32,73.855
2026-09-25T16:52:05+00:00,QQQ,2026-09-25,0,744.55,671.0,C,71.98,74.91,73.445,74.38,1,36,0.0,0.9985,0.0002,0.0008,-0.011,74.38,74.38,74.38,70.095
2026-09-25T16:52:05+00:00,QQQ,2026-09-25,0,744.55,675.0,C,67.63,70.9,69.265,68.02,62,47,0.0,0.9984,0.0002,0.0008,-0.0112,67.56,68.02,65.32,66.13
2026-09-25T16:52:05+00:00,QQQ,2026-09-25,0,744.55,676.0,C,66.92,69.91,68.415,68.43,2,1,0.0,0.9983,0.0002,0.0008,-0.0113,68.43,68.43,68.43,65.25
2026-09-25T16:52:05+00:00,QQQ,2026-09-25,0,744.55,677.0,C,65.95,68.91,67.43,66.43,16,16,0.0,0.9983,0.0002,0.0008,-0.0114,63.81,66.43,63.81,64.1
2026-09-25T16:52:05+00:00,QQQ,2026-09-25,0,744.55,679.0,C,65.29,66.9,66.095,61.33,1,4,0.0,0.9982,0.0002,0.0009,-0.0116,61.33,61.33,61.33,62.535
2026-09-25T16:52:05+00:00,QQQ,2026-09-25,0,744.55,680.0,C,62.99,65.91,64.45,63.6,1,15,0.0,0.9982,0.0002,0.0009,-0.0116,63.6,63.6,63.6,61.205
2026-09-25T16:52:05+00:00,QQQ,2026-09-25,0,744.55,681.0,C,63.33,64.91,64.12,61.51,2,6,2.2798,0.9982,0.0003,0.0009,-0.0117,61.4,61.51,61.4,60.26
2026-09-25T16:52:05+00:00,QQQ,2026-09-25,0,744.55,682.0,C,62.16,63.95,63.055,60.56,1,5,2.2976,0.9981,0.0003,0.0009,-0.0118,60.56,60.56,60.56,59.255
2026-09-25T16:52:05+00:00,QQQ,2026-09-25,0,744.55,684.0,C,60.37,61.89,61.13,58.35,28,8,2.2946,0.998,0.0003,0.001,-0.012,60.83,61.33,57.57,57.11
2026-09-25T16:52:05+00:00,QQQ,2026-09-25,0,744.55,685.0,C,59.22,60.95,60.085,57.4,4,40,2.2267,0.998,0.0003,0.001,-0.012,59.81,59.81,56.15,56.1
2026-09-25T16:52:05+00:00,QQQ,2026-09-25,0,744.55,687.0,C,57.2,58.93,58.065,54.11,1,12,2.1464,0.9979,0.0003,0.001,-0.0122,54.11,54.11,54.11,54.11
2026-09-25T16:52:05+00:00,QQQ,2026-09-25,0,744.55,688.0,C,55.9,57.92,56.91,54.08,27,5,1.9762,0.9979,0.0003,0.001,-0.0123,56.81,56.81,53.85,53.11
2026-09-25T16:52:05+00:00,QQQ,2026-09-25,0,744.55,689.0,C,55.23,56.9,56.065,53.13,2,46,2.0823,0.9978,0.0003,0.0011,-0.0124,52.11,53.13,52.11,52.11
2026-09-25T16:52:05+00:00,QQQ,2026-09-25,0,744.55,690.0,C,54.37,55.9,55.135,51.65,41,164,2.1028,0.9978,0.0004,0.0011,-0.0124,52.43,52.43,50.05,51.11
2026-09-25T16:52:05+00:00,QQQ,2026-09-25,0,744.55,691.0,C,51.9,54.91,53.405,54.37,5,48,0.0,0.9978,0.0004,0.0011,-0.0125,52.55,54.42,52.55,50.1
2026-09-25T16:52:05+00:00,QQQ,2026-09-25,0,744.55,692.0,C,51.9,53.9,52.9,48.46,1,22,1.8444,0.9977,0.0004,0.0011,-0.0126,48.46,48.46,48.46,48.93
2026-09-25T16:52:05+00:00,QQQ,2026-09-25,0,744.55,694.0,C,48.88,51.9,50.39,51.37,1,29,0.0,0.9976,0.0004,0.0012,-0.0128,51.37,51.37,51.37,47.11
2026-09-25T16:52:05+00:00,QQQ,2026-09-25,0,744.55,695.0,C,47.91,50.92,49.415,47.96,38,225,0.0,0.9975,0.0004,0.0012,-0.0128,47.58,47.96,46.21,46.11
2026-09-25T16:52:05+00:00,QQQ,2026-09-25,0,744.55,697.0,C,45.86,48.92,47.39,43.8,7,84,0.0,0.9974,0.0004,0.0013,-0.013,43.91,44.85,43.8,44.27
2026-09-25T16:52:05+00:00,QQQ,2026-09-25,0,744.55,698.0,C,45.02,47.92,46.47,46.41,1,80,0.0,0.9974,0.0005,0.0013,-0.0131,46.41,46.41,46.41,43.11
2026-09-25T16:52:05+00:00,QQQ,2026-09-25,0,744.55,699.0,C,44.06,46.92,45.49,44.1,14,114,0.0,0.9973,0.0005,0.0013,-0.0132,45.83,46.24,44.1,42.265
2026-09-25T16:52:05+00:00,QQQ,2026-09-25,0,744.55,700.0,C,43.84,45.93,44.885,41.68,172,969,1.5865,0.9972,0.0005,0.0014,-0.0133,42.0,44.27,40.0,41.15
2026-09-25T16:52:05+00:00,QQQ,2026-09-25,0,744.55,701.0,C,42.77,44.96,43.865,43.14,9,57,1.5377,0.9972,0.0005,0.0014,-0.0134,42.29,43.14,39.38,40.27
2026-09-25T16:52:05+00:00,QQQ,2026-09-25,0,744.55,702.0,C,41.85,43.92,42.885,42.2,4,309,1.5254,0.9971,0.0006,0.0014,-0.0135,38.9,42.2,38.9,39.265
2026-09-25T16:52:05+00:00,QQQ,2026-09-25,0,744.55,703.0,C,39.97,42.95,41.46,42.15,5,192,0.0,0.997,0.0006,0.0014,-0.0135,40.98,42.15,40.1,38.265
2026-09-25T16:52:05+00:00,QQQ,2026-09-25,0,744.55,704.0,C,39.83,41.95,40.89,40.95,15,330,1.4683,0.9969,0.0006,0.0015,-0.0136,39.3,40.95,39.29,37.205
2026-09-25T16:52:05+00:00,QQQ,2026-09-25,0,744.55,705.0,C,38.84,40.2,39.52,36.78,8,1128,1.4206,0.9969,0.0006,0.0015,-0.0137,38.98,39.95,36.78,36.36
2026-09-25T16:52:05+00:00,QQQ,2026-09-25,0,744.55,706.0,C,37.88,39.94,38.91,38.42,8,382,1.4228,0.9968,0.0007,0.0016,-0.0138,35.04,39.16,34.84,35.17
2026-09-25T16:52:05+00:00,QQQ,2026-09-25,0,744.55,707.0,C,36.85,38.9,37.875,36.45,63,399,1.3635,0.9967,0.0007,0.0016,-0.0139,36.87,37.78,33.68,34.155
2026-09-25T16:52:05+00:00,QQQ,2026-09-25,0,744.55,708.0,C,35.77,37.9,36.835,36.39,90,486,1.2987,0.9966,0.0007,0.0016,-0.014,35.86,36.39,31.5,33.185
2026-09-25T16:52:05+00:00,QQQ,2026-09-25,0,744.55,709.0,C,34.78,36.9,35.84,31.93,92,475,1.2728,0.9965,0.0008,0.0017,-0.0141,34.58,35.95,31.58,32.36
2026-09-25T16:52:05+00:00,QQQ,2026-09-25,0,744.55,710.0,C,33.79,35.94,34.865,34.83,153,2041,1.2631,0.9964,0.0008,0.0017,-0.0142,33.83,35.09,29.99,31.365
2026-09-25T16:52:05+00:00,QQQ,2026-09-25,0,744.55,711.0,C,33.24,34.96,34.1,33.43,25,1740,1.3845,0.9963,0.0009,0.0018,-0.0142,32.71,34.27,31.0,30.185
2026-09-25T16:52:05+00:00,QQQ,2026-09-25,0,744.55,712.0,C,31.03,33.96,32.495,33.2,18,1393,0.0,0.9962,0.0009,0.0018,-0.0143,30.8,33.85,27.94,29.29
2026-09-25T16:52:05+00:00,QQQ,2026-09-25,0,744.55,713.0,C,31.15,32.95,32.05,31.57,31,388,1.292,0.996,0.001,0.0019,-0.0144,31.08,32.73,29.1,28.175
2026-09-25T16:52:05+00:00,QQQ,2026-09-25,0,744.55,714.0,C,30.34,31.91,31.125,30.47,35,433,1.2615,0.9959,0.001,0.0019,-0.0145,29.85,31.95,26.72,27.3
2026-09-25T16:52:05+00:00,QQQ,2026-09-25,0,744.55,715.0,C,29.22,30.91,30.065,30.29,130,2764,1.2336,0.9958,0.0011,0.002,-0.0146,27.38,30.29,25.53,26.375
2026-09-25T16:52:05+00:00,QQQ,2026-09-25,0,744.55,716.0,C,27.91,28.75,28.33,28.34,177,899,0.0,0.9956,0.0012,0.0021,-0.0147,26.37,29.66,23.77,25.2
2026-09-25T16:52:05+00:00,QQQ,2026-09-25,0,744.55,717.0,C,27.29,28.89,28.09,27.47,93,1275,1.1792,0.9955,0.0012,0.0021,-0.0148,25.38,28.23,23.65,24.345
2026-09-25T16:52:05+00:00,QQQ,2026-09-25,0,744.55,718.0,C,26.29,27.94,27.115,24.09,394,2117,1.1576,0.9953,0.0013,0.0022,-0.0149,24.15,27.26,22.85,23.305
2026-09-25T16:52:05+00:00,QQQ,2026-09-25,0,744.55,719.0,C,24.92,26.94,25.93,25.37,99,2166,1.0241,0.9951,0.0014,0.0023,-0.015,23.86,26.58,21.72,22.335
2026-09-25T16:52:05+00:00,QQQ,2026-09-25,0,744.55,720.0,C,24.36,25.75,25.055,24.77,319,4506,1.028,0.995,0.0015,0.0024,-0.0151,23.8,25.79,20.05,21.345
2026-09-25T16:52:05+00:00,QQQ,2026-09-25,0,744.55,721.0,C,23.15,25.12,24.135,23.09,151,1521,1.0627,0.9947,0.0016,0.0025,-0.0152,22.91,24.19,19.22,20.33
2026-09-25T16:52:05+00:00,QQQ,2026-09-25,0,744.55,722.0,C,22.29,23.86,23.075,22.02,113,1603,1.0001,0.9945,0.0017,0.0026,-0.0154,20.23,23.56,18.01,19.4
2026-09-25T16:52:05+00:00,QQQ,2026-09-25,0,744.55,723.0,C,21.3,22.49,21.895,21.07,165,1475,0.8732,0.9943,0.0019,0.0027,-0.0155,18.87,22.09,17.65,18.41
2026-09-25T16:52:05+00:00,QQQ,2026-09-25,0,744.55,724.0,C,20.29,21.15,20.72,20.14,230,1444,0.7195,0.994,0.002,0.0028,-0.0157,18.9,21.46,17.06,17.38
2026-09-25T16:52:05+00:00,QQQ,2026-09-25,0,744.55,725.0,C,19.03,20.45,19.74,18.92,528,3340,0.7067,0.9937,0.0022,0.0029,-0.0159,17.18,20.66,14.98,16.38
2026-09-25T16:52:05+00:00,QQQ,2026-09-25,0,744.55,726.0,C,18.34,18.69,18.515,19.49,352,2231,0.0,0.9933,0.0024,0.0031,-0.0161,16.54,19.65,13.84,15.465
2026-09-25T16:52:05+00:00,QQQ,2026-09-25,0,744.55,727.0,C,17.42,18.93,18.175,16.15,230,1527,0.8639,0.9928,0.0027,0.0033,-0.0166,15.02,18.46,13.71,14.495
2026-09-25T16:52:05+00:00,QQQ,2026-09-25,0,744.55,728.0,C,16.25,16.99,16.62,16.24,323,2229,0.4921,0.9923,0.0031,0.0035,-0.0171,14.37,17.77,12.82,13.5
2026-09-25T16:52:05+00:00,QQQ,2026-09-25,0,744.55,729.0,C,15.26,15.74,15.5,15.1,294,6541,0.0,0.9916,0.0035,0.0038,-0.0179,13.6,16.33,11.5,12.54
2026-09-25T16:52:05+00:00,QQQ,2026-09-25,0,744.55,730.0,C,14.29,14.72,14.505,14.12,725,5327,0.0,0.9907,0.004,0.0042,-0.0191,13.43,15.52,9.91,11.5
2026-09-25T16:52:05+00:00,QQQ,2026-09-25,0,744.55,731.0,C,13.12,14.51,13.815,13.29,355,2062,0.5264,0.9895,0.0047,0.0046,-0.0208,12.55,14.82,9.19,10.59
2026-09-25T16:52:05+00:00,QQQ,2026-09-25,0,744.55,732.0,C,12.31,12.7,12.505,12.41,448,1757,0.0,0.9878,0.0056,0.0053,-0.0233,10.5,13.58,8.09,9.62
2026-09-25T16:52:05+00:00,QQQ,2026-09-25,0,744.55,733.0,C,11.31,12.22,11.765,11.21,891,1220,0.4743,0.9854,0.0069,0.0062,-0.0272,9.9,12.66,7.13,8.795
2026-09-25T16:52:05+00:00,QQQ,2026-09-25,0,744.55,734.0,C,10.44,10.71,10.575,10.58,2339,3797,0.0,0.982,0.0087,0.0074,-0.0329,8.3,11.44,6.24,7.875
2026-09-25T16:52:05+00:00,QQQ,2026-09-25,0,744.55,735.0,C,9.32,9.74,9.53,9.63,5079,8526,0.0,0.9769,0.0113,0.0091,-0.0414,7.16,10.75,5.43,7.03
2026-09-25T16:52:05+00:00,QQQ,2026-09-25,0,744.55,736.0,C,8.34,8.73,8.535,8.61,2225,4244,0.0,0.9695,0.0149,0.0114,-0.0541,6.73,9.86,4.59,6.225
2026-09-25T16:52:05+00:00,QQQ,2026-09-25,0,744.55,737.0,C,7.35,7.75,7.55,7.72,2924,3792,0.0,0.9588,0.0201,0.0146,-0.0732,5.66,8.84,3.83,5.46
2026-09-25T16:52:05+00:00,QQQ,2026-09-25,0,744.55,738.0,C,6.15,6.78,6.465,6.6,5779,3576,0.0,0.9429,0.0273,0.0188,-0.1018,5.07,8.0,3.11,4.735
2026-09-25T16:52:05+00:00,QQQ,2026-09-25,0,744.55,739.0,C,5.5,5.82,5.66,5.67,11381,5477,0.2225,0.9197,0.0373,0.0243,-0.1456,4.22,7.0,2.46,4.07
2026-09-25T16:52:05+00:00,QQQ,2026-09-25,0,744.55,740.0,C,4.71,4.8,4.755,4.41,41884,9097,0.2425,0.8858,0.0505,0.0313,-0.2129,3.58,6.0,1.85,3.455
2026-09-25T16:52:05+00:00,QQQ,2026-09-25,0,744.55,741.0,C,3.84,3.9,3.87,3.89,92203,7953,0.2316,0.8369,0.0672,0.0395,-0.3168,2.92,5.13,1.29,2.9
2026-09-25T16:52:05+00:00,QQQ,2026-09-25,0,744.55,742.0,C,3.0,3.06,3.03,3.02,194227,6533,0.2233,0.769,0.0863,0.0484,-0.4756,2.16,4.21,0.84,2.405
2026-09-25T16:52:05+00:00,QQQ,2026-09-25,0,744.55,743.0,C,2.27,2.29,2.28,2.25,264051,5419,0.2156,0.6796,0.105,0.0565,-0.712,1.73,3.35,0.53,1.965
2026-09-25T16:52:05+00:00,QQQ,2026-09-25,0,744.55,744.0,C,1.62,1.63,1.625,1.63,343015,6129,0.2114,0.5705,0.1187,0.0618,-1.0504,1.18,2.56,0.31,1.585
2026-09-25T16:52:05+00:00,QQQ,2026-09-25,0,744.55,745.0,C,1.08,1.09,1.085,1.08,383789,13975,0.2063,0.4492,0.1225,0.0622,-1.091,0.9,1.9,0.19,1.255
2026-09-25T16:52:05+00:00,QQQ,2026-09-25,0,744.55,746.0,C,0.67,0.68,0.675,0.68,274451,14457,0.2016,0.3283,0.1138,0.0571,-0.6832,0.68,1.38,0.12,0.995
2026-09-25T16:52:05+00:00,QQQ,2026-09-25,0,744.55,747.0,C,0.38,0.39,0.385,0.39,161007,4485,0.199,0.2218,0.0946,0.0474,-0.4008,0.4,0.96,0.08,0.775
2026-09-25T16:52:05+00:00,QQQ,2026-09-25,0,744.55,748.0,C,0.21,0.22,0.215,0.21,112295,8907,0.198,0.1395,0.0706,0.0359,-0.2228,0.26,0.64,0.04,0.605
2026-09-25T16:52:05+00:00,QQQ,2026-09-25,0,744.55,749.0,C,0.11,0.12,0.115,0.12,61121,5760,0.2002,0.0834,0.0482,0.0253,-0.1209,0.17,0.44,0.04,0.475
2026-09-25T16:52:05+00:00,QQQ,2026-09-25,0,744.55,750.0,C,0.06,0.07,0.065,0.07,69248,20833,0.2069,0.0495,0.0313,0.0171,-0.067,0.11,0.32,0.03,0.365
2026-09-25T16:52:05+00:00,QQQ,2026-09-25,0,744.55,751.0,C,0.03,0.04,0.035,0.04,20645,3438,0.2122,0.0307,0.0203,0.0118,-0.0403,0.07,0.24,0.02,0.285
2026-09-25T16:52:05+00:00,QQQ,2026-09-25,0,744.55,752.0,C,0.02,0.03,0.025,0.02,21219,4770,0.2273,0.0206,0.0137,0.0085,-0.027,0.06,0.18,0.01,0.225
2026-09-25T16:52:05+00:00,QQQ,2026-09-25,0,744.55,753.0,C,0.01,0.02,0.015,0.01,27635,4891,0.2358,0.015,0.0098,0.0065,-0.0201,0.05,0.13,0.01,0.175
2026-09-25T16:52:05+00:00,QQQ,2026-09-25,0,744.55,754.0,C,0.01,0.02,0.015,0.02,13018,12655,0.2599,0.0118,0.0074,0.0053,-0.0164,0.09,0.1,0.01,0.145
2026-09-25T16:52:05+00:00,QQQ,2026-09-25,0,744.55,755.0,C,0.01,0.02,0.015,0.01,7761,21605,0.2836,0.0098,0.0059,0.0045,-0.0143,0.01,0.08,0.01,0.115
2026-09-25T16:52:05+00:00,QQQ,2026-09-25,0,744.55,756.0,C,0.01,0.02,0.015,0.01,5923,5483,0.3071,0.0085,0.0049,0.004,-0.0131,0.04,0.06,0.01,0.095
2026-09-25T16:52:05+00:00,QQQ,2026-09-25,0,744.55,757.0,C,0.01,0.02,0.015,0.02,2713,2957,0.3303,0.0076,0.0042,0.0036,-0.0124,0.01,0.05,0.01,0.085
2026-09-25T16:52:05+00:00,QQQ,2026-09-25,0,744.55,758.0,C,0.0,0.01,0.02,0.02,5000,3008,0.3133,0.007,0.0036,0.0033,-0.0119,0.03,0.04,0.01,0.065
2026-09-25T16:52:05+00:00,QQQ,2026-09-25,0,744.55,759.0,C,0.0,0.01,0.01,0.01,886,988,0.334,0.0065,0.0032,0.0031,-0.0116,0.01,0.04,0.01,0.055
2026-09-25T16:52:05+00:00,QQQ,2026-09-25,0,744.55,760.0,C,0.0,0.01,0.01,0.01,4514,9228,0.3546,0.0061,0.0028,0.0029,-0.0115,0.03,0.04,0.01,0.055
2026-09-25T16:52:05+00:00,QQQ,2026-09-25,0,744.55,761.0,C,0.0,0.01,0.01,0.01,3000,1234,0.375,0.0057,0.0025,0.0027,-0.0113,0.02,0.03,0.01,0.045
2026-09-25T16:52:05+00:00,QQQ,2026-09-25,0,744.55,762.0,C,0.0,0.01,0.01,0.01,267,1142,0.3953,0.0054,0.0023,0.0026,-0.0112,0.02,0.03,0.01,0.045
2026-09-25T16:52:05+00:00,QQQ,2026-09-25,0,744.55,763.0,C,0.0,0.01,0.01,0.01,492,935,0.4155,0.0052,0.0021,0.0025,-0.0112,0.02,0.02,0.01,0.035
2026-09-25T16:52:05+00:00,QQQ,2026-09-25,0,744.55,764.0,C,0.0,0.01,0.01,0.01,11,2707,0.4356,0.0049,0.0019,0.0024,-0.0111,0.01,0.02,0.01,0.035
2026-09-25T16:52:05+00:00,QQQ,2026-09-25,0,744.55,765.0,C,0.0,0.01,0.01,0.01,898,5206,0.4556,0.0047,0.0018,0.0023,-0.011,0.02,0.02,0.01,0.025
2026-09-25T16:52:05+00:00,QQQ,2026-09-25,0,744.55,766.0,C,0.0,0.01,0.01,0.01,1206,487,0.4755,0.0045,0.0016,0.0022,-0.011,0.02,0.02,0.01,0.025
2026-09-25T16:52:05+00:00,QQQ,2026-09-25,0,744.55,767.0,C,0.0,0.01,0.01,0.01,351,171,0.4952,0.0043,0.0015,0.0021,-0.0109,0.01,0.02,0.01,0.025
2026-09-25T16:52:05+00:00,QQQ,2026-09-25,0,744.55,768.0,C,0.0,0.01,0.01,0.01,17,706,0.5149,0.0042,0.0014,0.002,-0.0108,0.01,0.02,0.01,0.025
2026-09-25T16:52:05+00:00,QQQ,2026-09-25,0,744.55,769.0,C,0.0,0.01,0.01,0.01,5,711,0.5345,0.004,0.0013,0.0019,-0.0108,0.01,0.01,0.01,0.025
2026-09-25T16:52:05+00:00,QQQ,2026-09-25,0,744.55,770.0,C,0.0,0.01,0.01,0.01,302,7792,0.554,0.0039,0.0012,0.0019,-0.0107,0.02,0.02,0.01,0.015
2026-09-25T16:52:05+00:00,QQQ,2026-09-25,0,744.55,771.0,C,0.0,0.01,0.01,0.01,40,90,0.5734,0.0037,0.0012,0.0018,-0.0107,0.01,0.02,0.01,0.015
2026-09-25T16:52:05+00:00,QQQ,2026-09-25,0,744.55,772.0,C,0.0,0.01,0.02,0.02,0,62,0.5928,0.0036,0.0011,0.0018,-0.0106,0.0,0.0,0.0,0.015
2026-09-25T16:52:05+00:00,QQQ,2026-09-25,0,744.55,773.0,C,0.0,0.01,0.02,0.02,0,1061,0.612,0.0035,0.001,0.0017,-0.0106,0.0,0.0,0.0,0.015
2026-09-25T16:52:05+00:00,QQQ,2026-09-25,0,744.55,774.0,C,0.0,0.01,0.02,0.02,0,1312,0.6312,0.0034,0.001,0.0016,-0.0105,0.0,0.0,0.0,0.015
2026-09-25T16:52:05+00:00,QQQ,2026-09-25,0,744.55,775.0,C,0.0,0.01,0.01,0.01,2,1926,0.6503,0.0033,0.0009,0.0016,-0.0104,0.01,0.01,0.01,0.015
2026-09-25T16:52:05+00:00,QQQ,2026-09-25,0,744.55,776.0,C,0.0,0.01,0.02,0.02,0,368,0.6693,0.0032,0.0009,0.0016,-0.0104,0.0,0.0,0.0,0.015
2026-09-25T16:52:05+00:00,QQQ,2026-09-25,0,744.55,777.0,C,0.0,0.01,0.01,0.01,4,68,0.6883,0.0031,0.0008,0.0015,-0.0103,0.01,0.01,0.01,0.015
2026-09-25T16:52:05+00:00,QQQ,2026-09-25,0,744.55,778.0,C,0.0,0.01,0.02,0.02,4,139,0.7072,0.003,0.0008,0.0015,-0.0103,0.02,0.02,0.02,0.015
2026-09-25T16:52:05+00:00,QQQ,2026-09-25,0,744.55,779.0,C,0.0,0.01,0.02,0.02,0,328,0.726,0.0029,0.0007,0.0014,-0.0102,0.0,0.0,0.0,0.015
2026-09-25T16:52:05+00:00,QQQ,2026-09-25,0,744.55,780.0,C,0.0,0.01,0.01,0.01,2,1683,0.7447,0.0028,0.0007,0.0014,-0.0102,0.01,0.01,0.01,0.015
2026-09-25T16:52:05+00:00,QQQ,2026-09-25,0,744.55,781.0,C,0.0,0.01,0.01,0.01,0,264,0.7634,0.0028,0.0007,0.0014,-0.0101,0.0,0.0,0.0,0.005
2026-09-25T16:52:05+00:00,QQQ,2026-09-25,0,744.55,782.0,C,0.0,0.01,0.01,0.01,288,707,0.7821,0.0027,0.0006,0.0013,-0.0101,0.01,0.01,0.01,0.005
2026-09-25T16:52:05+00:00,QQQ,2026-09-25,0,744.55,935.0,C,0.0,0.01,0.01,0.01,26,40,3.2049,0.0004,0.0,0.0002,-0.0047,0.01,0.01,0.01,0.005
2026-09-25T16:52:05+00:00,QQQ,2026-09-25,0,744.55,450.0,P,0.0,0.01,0.01,0.01,12,1311,6.8853,-0.0001,0.0,0.0,-0.0012,0.01,0.01,0.01,0.005
2026-09-25T16:52:05+00:00,QQQ,2026-09-25,0,744.55,580.0,P,0.0,0.01,0.01,0.01,25,772,3.5517,-0.0004,0.0,0.0002,-0.0054,0.01,0.01,0.01,0.005
2026-09-25T16:52:05+00:00,QQQ,2026-09-25,0,744.55,600.0,P,0.0,0.01,0.01,0.01,1,4152,3.098,-0.0005,0.0,0.0003,-0.0064,0.01,0.01,0.01,0.005
2026-09-25T16:52:05+00:00,QQQ,2026-09-25,0,744.55,605.0,P,0.0,0.01,0.01,0.01,2,1883,2.9864,-0.0006,0.0,0.0003,-0.0067,0.01,0.01,0.01,0.005
2026-09-25T16:52:05+00:00,QQQ,2026-09-25,0,744.55,620.0,P,0.0,0.01,0.01,0.01,17,2323,2.6559,-0.0007,0.0001,0.0004,-0.0075,0.01,0.01,0.01,0.005
2026-09-25T16:52:05+00:00,QQQ,2026-09-25,0,744.55,625.0,P,0.0,0.01,0.01,0.01,5,1666,2.547,-0.0007,0.0001,0.0004,-0.0078,0.01,0.01,0.01,0.005
2026-09-25T16:52:05+00:00,QQQ,2026-09-25,0,744.55,635.0,P,0.0,0.01,0.01,0.01,20,15929,2.331,-0.0009,0.0001,0.0004,-0.0085,0.01,0.01,0.01,0.005
2026-09-25T16:52:05+00:00,QQQ,2026-09-25,0,744.55,640.0,P,0.0,0.01,0.01,0.01,6,1828,2.2239,-0.0009,0.0001,0.0005,-0.0088,0.01,0.02,0.01,0.005
2026-09-25T16:52:05+00:00,QQQ,2026-09-25,0,744.55,645.0,P,0.0,0.01,0.01,0.01,52,4195,2.1173,-0.001,0.0001,0.0005,-0.0091,0.01,0.02,0.01,0.005
2026-09-25T16:52:05+00:00,QQQ,2026-09-25,0,744.55,650.0,P,0.0,0.01,0.01,0.01,9,10661,2.0112,-0.0011,0.0001,0.0006,-0.0095,0.01,0.01,0.01,0.005
2026-09-25T16:52:05+00:00,QQQ,2026-09-25,0,744.55,660.0,P,0.0,0.01,0.01,0.01,30,4570,1.8004,-0.0013,0.0001,0.0006,-0.0102,0.01,0.01,0.01,0.005
2026-09-25T16:52:05+00:00,QQQ,2026-09-25,0,744.55,665.0,P,0.0,0.01,0.01,0.01,45,38192,1.6956,-0.0014,0.0002,0.0007,-0.0105,0.01,0.01,0.01,0.005
2026-09-25T16:52:05+00:00,QQQ,2026-09-25,0,744.55,667.0,P,0.0,0.01,0.01,0.01,10,2556,1.6536,-0.0014,0.0002,0.0007,-0.0107,0.01,0.01,0.01,0.005
2026-09-25T16:52:05+00:00,QQQ,2026-09-25,0,744.55,669.0,P,0.0,0.01,0.01,0.01,1,796,1.6118,-0.0015,0.0002,0.0007,-0.0108,0.01,0.01,0.01,0.005
2026-09-25T16:52:05+00:00,QQQ,2026-09-25,0,744.55,670.0,P,0.0,0.01,0.01,0.01,39,5857,1.591,-0.0015,0.0002,0.0008,-0.0109,0.01,0.01,0.01,0.005
2026-09-25T16:52:05+00:00,QQQ,2026-09-25,0,744.55,672.0,P,0.0,0.01,0.01,0.01,4,726,1.5494,-0.0016,0.0002,0.0008,-0.011,0.01,0.01,0.01,0.015
2026-09-25T16:52:05+00:00,QQQ,2026-09-25,0,744.55,673.0,P,0.0,0.01,0.01,0.01,3,607,1.5286,-0.0016,0.0002,0.0008,-0.0111,0.01,0.01,0.01,0.015
2026-09-25T16:52:05+00:00,QQQ,2026-09-25,0,744.55,674.0,P,0.0,0.01,0.01,0.01,1,825,1.5078,-0.0016,0.0002,0.0008,-0.0112,0.01,0.01,0.01,0.015
2026-09-25T16:52:05+00:00,QQQ,2026-09-25,0,744.55,675.0,P,0.0,0.01,0.01,0.01,32,3161,1.487,-0.0016,0.0002,0.0008,-0.0112,0.01,0.01,0.01,0.015
2026-09-25T16:52:05+00:00,QQQ,2026-09-25,0,744.55,677.0,P,0.0,0.01,0.01,0.01,28,772,1.4455,-0.0017,0.0002,0.0008,-0.0114,0.01,0.01,0.01,0.015
2026-09-25T16:52:05+00:00,QQQ,2026-09-25,0,744.55,678.0,P,0.0,0.01,0.01,0.01,150,890,1.4248,-0.0017,0.0002,0.0009,-0.0115,0.01,0.01,0.01,0.015
2026-09-25T16:52:05+00:00,QQQ,2026-09-25,0,744.55,680.0,P,0.0,0.01,0.01,0.01,76,3580,1.3833,-0.0018,0.0002,0.0009,-0.0116,0.01,0.02,0.01,0.015
2026-09-25T16:52:05+00:00,QQQ,2026-09-25,0,744.55,681.0,P,0.0,0.01,0.01,0.01,154,1155,1.3626,-0.0018,0.0003,0.0009,-0.0117,0.01,0.01,0.01,0.015
2026-09-25T16:52:05+00:00,QQQ,2026-09-25,0,744.55,682.0,P,0.0,0.01,0.01,0.01,1,1046,1.3419,-0.0019,0.0003,0.0009,-0.0118,0.01,0.01,0.01,0.015
2026-09-25T16:52:05+00:00,QQQ,2026-09-25,0,744.55,683.0,P,0.0,0.01,0.01,0.01,1975,3458,1.3212,-0.0019,0.0003,0.001,-0.0119,0.01,0.01,0.01,0.015
2026-09-25T16:52:05+00:00,QQQ,2026-09-25,0,744.55,685.0,P,0.0,0.01,0.01,0.01,105,2903,1.2798,-0.002,0.0003,0.001,-0.012,0.01,0.01,0.01,0.015
2026-09-25T16:52:05+00:00,QQQ,2026-09-25,0,744.55,686.0,P,0.0,0.01,0.01,0.01,4,2437,1.2592,-0.002,0.0003,0.001,-0.0121,0.01,0.01,0.01,0.015
2026-09-25T16:52:05+00:00,QQQ,2026-09-25,0,744.55,687.0,P,0.0,0.01,0.01,0.01,5,2225,1.2385,-0.0021,0.0003,0.001,-0.0122,0.01,0.01,0.01,0.015
2026-09-25T16:52:05+00:00,QQQ,2026-09-25,0,744.55,688.0,P,0.0,0.01,0.01,0.01,208,1946,1.2178,-0.0021,0.0003,0.001,-0.0123,0.01,0.01,0.01,0.015
2026-09-25T16:52:05+00:00,QQQ,2026-09-25,0,744.55,689.0,P,0.0,0.01,0.02,0.02,32,2011,1.1972,-0.0022,0.0003,0.0011,-0.0124,0.01,0.02,0.01,0.015
2026-09-25T16:52:05+00:00,QQQ,2026-09-25,0,744.55,690.0,P,0.0,0.01,0.01,0.01,71,85486,1.1765,-0.0022,0.0004,0.0011,-0.0124,0.01,0.01,0.01,0.015
2026-09-25T16:52:05+00:00,QQQ,2026-09-25,0,744.55,691.0,P,0.0,0.01,0.01,0.01,6,2293,1.1559,-0.0022,0.0004,0.0011,-0.0125,0.01,0.01,0.01,0.015
2026-09-25T16:52:05+00:00,QQQ,2026-09-25,0,744.55,692.0,P,0.0,0.01,0.01,0.01,6,1496,1.1353,-0.0023,0.0004,0.0011,-0.0126,0.01,0.01,0.01,0.015
2026-09-25T16:52:05+00:00,QQQ,2026-09-25,0,744.55,693.0,P,0.0,0.01,0.02,0.02,11,4215,1.1146,-0.0024,0.0004,0.0012,-0.0127,0.01,0.21,0.01,0.015
2026-09-25T16:52:05+00:00,QQQ,2026-09-25,0,744.55,694.0,P,0.0,0.01,0.01,0.01,5,2917,1.094,-0.0024,0.0004,0.0012,-0.0128,0.01,0.01,0.01,0.015
2026-09-25T16:52:05+00:00,QQQ,2026-09-25,0,744.55,695.0,P,0.0,0.01,0.01,0.01,4,5302,1.0734,-0.0025,0.0004,0.0012,-0.0128,0.01,0.01,0.01,0.015
2026-09-25T16:52:05+00:00,QQQ,2026-09-25,0,744.55,696.0,P,0.0,0.01,0.01,0.01,6,2333,1.0527,-0.0025,0.0004,0.0012,-0.0129,0.02,0.02,0.01,0.015
2026-09-25T16:52:05+00:00,QQQ,2026-09-25,0,744.55,697.0,P,0.0,0.01,0.01,0.01,6,1476,1.0321,-0.0026,0.0004,0.0013,-0.013,0.01,0.01,0.01,0.015
2026-09-25T16:52:05+00:00,QQQ,2026-09-25,0,744.55,698.0,P,0.0,0.01,0.01,0.01,26,5285,1.0115,-0.0026,0.0005,0.0013,-0.0131,0.01,0.01,0.01,0.015
2026-09-25T16:52:05+00:00,QQQ,2026-09-25,0,744.55,699.0,P,0.0,0.01,0.01,0.01,1,5876,0.9908,-0.0027,0.0005,0.0013,-0.0132,0.01,0.01,0.01,0.015
2026-09-25T16:52:05+00:00,QQQ,2026-09-25,0,744.55,700.0,P,0.0,0.01,0.01,0.01,1715,18205,0.9702,-0.0028,0.0005,0.0014,-0.0133,0.01,0.01,0.01,0.015
2026-09-25T16:52:05+00:00,QQQ,2026-09-25,0,744.55,701.0,P,0.0,0.01,0.01,0.01,2,1908,0.9496,-0.0028,0.0005,0.0014,-0.0134,0.01,0.01,0.01,0.015
2026-09-25T16:52:05+00:00,QQQ,2026-09-25,0,744.55,702.0,P,0.0,0.01,0.01,0.01,4,2384,0.9289,-0.0029,0.0006,0.0014,-0.0134,0.01,0.01,0.01,0.015
2026-09-25T16:52:05+00:00,QQQ,2026-09-25,0,744.55,703.0,P,0.0,0.01,0.01,0.01,37,1702,0.9083,-0.003,0.0006,0.0014,-0.0135,0.01,0.01,0.01,0.025
2026-09-25T16:52:05+00:00,QQQ,2026-09-25,0,744.55,704.0,P,0.0,0.01,0.01,0.01,1,3626,0.8877,-0.0031,0.0006,0.0015,-0.0136,0.01,0.01,0.01,0.025
2026-09-25T16:52:05+00:00,QQQ,2026-09-25,0,744.55,705.0,P,0.0,0.01,0.01,0.01,333,32695,0.867,-0.0031,0.0006,0.0015,-0.0137,0.02,0.02,0.01,0.025
2026-09-25T16:52:05+00:00,QQQ,2026-09-25,0,744.55,706.0,P,0.0,0.01,0.01,0.01,11,1957,0.8464,-0.0032,0.0007,0.0016,-0.0138,0.01,0.01,0.01,0.025
2026-09-25T16:52:05+00:00,QQQ,2026-09-25,0,744.55,707.0,P,0.0,0.01,0.01,0.01,28,3017,0.8257,-0.0033,0.0007,0.0016,-0.0139,0.01,0.01,0.01,0.025
2026-09-25T16:52:05+00:00,QQQ,2026-09-25,0,744.55,708.0,P,0.0,0.01,0.01,0.01,53,1971,0.805,-0.0034,0.0007,0.0016,-0.014,0.01,0.01,0.01,0.025
2026-09-25T16:52:05+00:00,QQQ,2026-09-25,0,744.55,709.0,P,0.0,0.01,0.01,0.01,99,2181,0.7843,-0.0035,0.0008,0.0017,-0.014,0.01,0.03,0.01,0.025
2026-09-25T16:52:05+00:00,QQQ,2026-09-25,0,744.55,710.0,P,0.0,0.01,0.01,0.01,487,10372,0.7636,-0.0036,0.0008,0.0017,-0.0141,0.01,0.01,0.01,0.025
2026-09-25T16:52:05+00:00,QQQ,2026-09-25,0,744.55,711.0,P,0.0,0.01,0.01,0.01,104,2672,0.7429,-0.0037,0.0009,0.0018,-0.0142,0.01,0.01,0.01,0.035
2026-09-25T16:52:05+00:00,QQQ,2026-09-25,0,744.55,712.0,P,0.0,0.01,0.01,0.01,313,2064,0.7222,-0.0038,0.0009,0.0018,-0.0143,0.01,0.01,0.01,0.035
2026-09-25T16:52:05+00:00,QQQ,2026-09-25,0,744.55,713.0,P,0.0,0.01,0.01,0.01,290,2093,0.7015,-0.004,0.001,0.0019,-0.0144,0.02,0.02,0.01,0.035
2026-09-25T16:52:05+00:00,QQQ,2026-09-25,0,744.55,714.0,P,0.0,0.01,0.01,0.01,1105,4859,0.6807,-0.0041,0.001,0.0019,-0.0145,0.01,0.02,0.01,0.035
2026-09-25T16:52:05+00:00,QQQ,2026-09-25,0,744.55,715.0,P,0.0,0.01,0.01,0.01,3864,9399,0.6599,-0.0042,0.0011,0.002,-0.0146,0.01,0.02,0.01,0.035
2026-09-25T16:52:05+00:00,QQQ,2026-09-25,0,744.55,716.0,P,0.0,0.01,0.01,0.01,4438,4106,0.6391,-0.0044,0.0012,0.0021,-0.0147,0.02,0.02,0.01,0.045
2026-09-25T16:52:05+00:00,QQQ,2026-09-25,0,744.55,717.0,P,0.0,0.01,0.02,0.02,11794,3256,0.6183,-0.0045,0.0012,0.0021,-0.0148,0.01,0.04,0.01,0.045
2026-09-25T16:52:05+00:00,QQQ,2026-09-25,0,744.55,718.0,P,0.01,0.02,0.015,0.01,14850,13685,0.6654,-0.0047,0.0013,0.0022,-0.0149,0.01,0.03,0.01,0.045
2026-09-25T16:52:05+00:00,QQQ,2026-09-25,0,744.55,719.0,P,0.01,0.02,0.015,0.01,6030,8537,0.6426,-0.0049,0.0014,0.0023,-0.015,0.02,0.03,0.01,0.055
2026-09-25T16:52:05+00:00,QQQ,2026-09-25,0,744.55,720.0,P,0.01,0.02,0.015,0.02,11074,11872,0.6197,-0.005,0.0015,0.0024,-0.0151,0.01,0.04,0.01,0.055
2026-09-25T16:52:05+00:00,QQQ,2026-09-25,0,744.55,721.0,P,0.01,0.02,0.015,0.01,3090,4963,0.5967,-0.0052,0.0016,0.0025,-0.0152,0.01,0.03,0.01,0.065
2026-09-25T16:52:05+00:00,QQQ,2026-09-25,0,744.55,722.0,P,0.01,0.02,0.015,0.02,1449,8821,0.5737,-0.0055,0.0017,0.0026,-0.0153,0.02,0.04,0.01,0.075
2026-09-25T16:52:05+00:00,QQQ,2026-09-25,0,744.55,723.0,P,0.01,0.02,0.015,0.01,2318,2426,0.5507,-0.0057,0.0019,0.0027,-0.0155,0.03,0.04,0.01,0.085
2026-09-25T16:52:05+00:00,QQQ,2026-09-25,0,744.55,724.0,P,0.01,0.02,0.015,0.01,5112,3949,0.5276,-0.006,0.002,0.0028,-0.0156,0.03,0.05,0.01,0.095
2026-09-25T16:52:05+00:00,QQQ,2026-09-25,0,744.55,725.0,P,0.01,0.02,0.015,0.01,11360,13949,0.5044,-0.0063,0.0022,0.0029,-0.0158,0.03,0.07,0.01,0.105
2026-09-25T16:52:05+00:00,QQQ,2026-09-25,0,744.55,726.0,P,0.01,0.02,0.015,0.02,5537,4854,0.4812,-0.0067,0.0024,0.0031,-0.0161,0.02,0.08,0.01,0.125
2026-09-25T16:52:05+00:00,QQQ,2026-09-25,0,744.55,727.0,P,0.01,0.02,0.015,0.01,6702,3625,0.4578,-0.0071,0.0027,0.0033,-0.0165,0.05,0.1,0.01,0.155
2026-09-25T16:52:05+00:00,QQQ,2026-09-25,0,744.55,728.0,P,0.01,0.02,0.015,0.01,10683,3308,0.4344,-0.0076,0.003,0.0035,-0.017,0.02,0.12,0.01,0.185
2026-09-25T16:52:05+00:00,QQQ,2026-09-25,0,744.55,729.0,P,0.01,0.02,0.015,0.01,7937,4682,0.411,-0.0084,0.0035,0.0038,-0.0179,0.03,0.16,0.01,0.225
2026-09-25T16:52:05+00:00,QQQ,2026-09-25,0,744.55,730.0,P,0.01,0.02,0.015,0.01,27523,18960,0.3873,-0.0093,0.004,0.0042,-0.0191,0.05,0.2,0.01,0.275
2026-09-25T16:52:05+00:00,QQQ,2026-09-25,0,744.55,731.0,P,0.02,0.03,0.025,0.03,11541,7137,0.3877,-0.0105,0.0047,0.0046,-0.0208,0.06,0.26,0.01,0.345
2026-09-25T16:52:05+00:00,QQQ,2026-09-25,0,744.55,732.0,P,0.02,0.03,0.025,0.02,16362,6919,0.3626,-0.0122,0.0056,0.0053,-0.0233,0.07,0.33,0.01,0.425
2026-09-25T16:52:05+00:00,QQQ,2026-09-25,0,744.55,733.0,P,0.02,0.03,0.025,0.03,21890,7671,0.3373,-0.0146,0.0069,0.0062,-0.0272,0.09,0.41,0.02,0.535
2026-09-25T16:52:05+00:00,QQQ,2026-09-25,0,744.55,734.0,P,0.03,0.04,0.035,0.04,26746,7291,0.3272,-0.018,0.0087,0.0074,-0.0329,0.11,0.53,0.02,0.665
2026-09-25T16:52:05+00:00,QQQ,2026-09-25,0,744.55,735.0,P,0.04,0.05,0.045,0.05,49483,14645,0.3125,-0.0231,0.0113,0.0091,-0.0414,0.16,0.69,0.02,0.825
2026-09-25T16:52:05+00:00,QQQ,2026-09-25,0,744.55,736.0,P,0.06,0.07,0.065,0.07,50955,18995,0.3032,-0.0305,0.0149,0.0114,-0.0541,0.23,0.88,0.04,1.025
2026-09-25T16:52:05+00:00,QQQ,2026-09-25,0,744.55,737.0,P,0.07,0.08,0.075,0.09,64917,4892,0.2812,-0.0412,0.0201,0.0146,-0.0732,0.33,1.12,0.05,1.265
2026-09-25T16:52:05+00:00,QQQ,2026-09-25,0,744.55,738.0,P,0.1,0.11,0.105,0.11,94836,6418,0.2686,-0.0571,0.0273,0.0188,-0.1018,0.51,1.42,0.07,1.545
2026-09-25T16:52:05+00:00,QQQ,2026-09-25,0,744.55,739.0,P,0.14,0.15,0.145,0.15,117548,4617,0.2544,-0.0803,0.0373,0.0243,-0.1456,0.66,1.79,0.1,1.875
2026-09-25T16:52:05+00:00,QQQ,2026-09-25,0,744.55,740.0,P,0.21,0.22,0.215,0.22,229298,9175,0.2441,-0.1142,0.0505,0.0313,-0.2129,0.9,2.24,0.14,2.265
2026-09-25T16:52:05+00:00,QQQ,2026-09-25,0,744.55,741.0,P,0.31,0.32,0.315,0.32,256614,3830,0.2328,-0.1631,0.0672,0.0395,-0.3168,1.21,2.78,0.18,2.705
2026-09-25T16:52:05+00:00,QQQ,2026-09-25,0,744.55,742.0,P,0.48,0.49,0.485,0.48,227301,2155,0.2243,-0.231,0.0863,0.0484,-0.4756,1.61,3.38,0.29,3.2
2026-09-25T16:52:05+00:00,QQQ,2026-09-25,0,744.55,743.0,P,0.72,0.73,0.725,0.73,196734,2163,0.2174,-0.3204,0.105,0.0565,-0.712,2.07,4.06,0.44,3.765
2026-09-25T16:52:05+00:00,QQQ,2026-09-25,0,744.55,744.0,P,1.07,1.08,1.075,1.07,184822,1690,0.213,-0.4295,0.1187,0.0618,-1.0504,2.53,4.83,0.66,4.385
2026-09-25T16:52:05+00:00,QQQ,2026-09-25,0,744.55,745.0,P,1.52,1.53,1.525,1.52,86787,4711,0.2063,-0.5508,0.1225,0.0622,-1.091,3.13,5.67,0.97,5.05
2026-09-25T16:52:05+00:00,QQQ,2026-09-25,0,744.55,746.0,P,2.09,2.11,2.1,2.12,25753,1592,0.2025,-0.6717,0.1138,0.0571,-0.6832,4.0,6.5,1.4,5.785
2026-09-25T16:52:05+00:00,QQQ,2026-09-25,0,744.55,747.0,P,2.81,2.87,2.84,2.79,9296,1426,0.199,-0.7782,0.0946,0.0474,-0.4008,5.3,7.35,1.97,6.57
2026-09-25T16:52:05+00:00,QQQ,2026-09-25,0,744.55,748.0,P,3.63,3.71,3.67,3.75,3154,960,0.198,-0.8605,0.0706,0.0359,-0.2228,6.27,8.36,2.66,7.41
2026-09-25T16:52:05+00:00,QQQ,2026-09-25,0,744.55,749.0,P,4.44,4.64,4.54,4.75,2071,484,0.1913,-0.9166,0.0482,0.0253,-0.1209,5.75,8.95,3.44,8.22
2026-09-25T16:52:05+00:00,QQQ,2026-09-25,0,744.55,750.0,P,5.31,5.7,5.505,5.5,1008,1729,0.2805,-0.9505,0.0313,0.0171,-0.067,7.01,10.31,4.36,9.185
2026-09-25T16:52:05+00:00,QQQ,2026-09-25,0,744.55,751.0,P,6.3,7.12,6.71,6.51,538,87,0.3359,-0.9694,0.0203,0.0117,-0.04,8.73,11.35,5.38,9.97
2026-09-25T16:52:05+00:00,QQQ,2026-09-25,0,744.55,752.0,P,6.81,8.17,7.49,8.0,159,19,0.27,-0.9796,0.0137,0.0084,-0.0266,9.85,12.2,6.34,10.94
2026-09-25T16:52:05+00:00,QQQ,2026-09-25,0,744.55,753.0,P,7.52,9.14,8.33,9.0,162,3,0.0,-0.985,0.0098,0.0065,-0.0201,10.9,11.27,7.38,11.9
2026-09-25T16:52:05+00:00,QQQ,2026-09-25,0,744.55,754.0,P,8.78,10.85,9.815,8.78,72,0,0.4817,-0.9883,0.0074,0.0052,-0.0162,12.14,14.33,8.16,12.885
2026-09-25T16:52:05+00:00,QQQ,2026-09-25,0,744.55,755.0,P,9.76,11.11,10.435,9.55,247,8,0.2836,-0.9902,0.0059,0.0045,-0.0142,12.33,15.01,9.5,14.01
2026-09-25T16:52:05+00:00,QQQ,2026-09-25,0,744.55,756.0,P,10.09,12.92,11.505,11.9,63,27,0.3969,-0.9915,0.0049,0.0039,-0.013,12.74,15.45,10.35,14.905
2026-09-25T16:52:05+00:00,QQQ,2026-09-25,0,744.55,757.0,P,11.46,13.85,12.655,13.76,20,0,0.5195,-0.9924,0.0041,0.0036,-0.0124,13.19,16.29,12.44,15.875
2026-09-25T16:52:05+00:00,QQQ,2026-09-25,0,744.55,758.0,P,12.1,14.93,13.515,12.58,21,1,0.4617,-0.993,0.0036,0.0033,-0.0119,14.22,14.87,12.58,16.96
2026-09-25T16:52:05+00:00,QQQ,2026-09-25,0,744.55,759.0,P,13.08,15.56,14.32,13.36,51,3,0.0,-0.9935,0.0032,0.0031,-0.0116,18.46,18.46,13.35,17.88
2026-09-25T16:52:05+00:00,QQQ,2026-09-25,0,744.55,760.0,P,14.6,16.86,15.73,14.62,56,4,0.6526,-0.9939,0.0028,0.0029,-0.0115,17.3,17.3,14.62,18.885
2026-09-25T16:52:05+00:00,QQQ,2026-09-25,0,744.55,761.0,P,15.09,17.87,16.48,20.41,0,0,0.5062,-0.9943,0.0026,0.0027,-0.0114,0.0,0.0,0.0,19.87
2026-09-25T16:52:05+00:00,QQQ,2026-09-25,0,744.55,762.0,P,16.29,18.85,17.57,18.04,8,0,0.6192,-0.9946,0.0023,0.0026,-0.0113,19.28,20.13,18.04,20.86
2026-09-25T16:52:05+00:00,QQQ,2026-09-25,0,744.55,763.0,P,17.08,19.92,18.5,17.98,9,0,0.5825,-0.9948,0.0021,0.0025,-0.0112,19.86,19.86,17.98,21.875
2026-09-25T16:52:05+00:00,QQQ,2026-09-25,0,744.55,764.0,P,18.08,20.85,19.465,20.86,8,0,0.5595,-0.9951,0.0019,0.0024,-0.0111,22.85,23.21,20.64,22.8
2026-09-25T16:52:05+00:00,QQQ,2026-09-25,0,744.55,765.0,P,19.08,22.01,20.545,21.64,4,0,0.682,-0.9953,0.0018,0.0023,-0.0111,23.61,23.61,21.64,23.805
2026-09-25T16:52:05+00:00,QQQ,2026-09-25,0,744.55,766.0,P,20.09,22.85,21.47,20.1,28,0,0.6169,-0.9955,0.0016,0.0022,-0.011,23.31,25.78,20.1,24.77
2026-09-25T16:52:05+00:00,QQQ,2026-09-25,0,744.55,767.0,P,21.08,24.0,22.54,23.79,45,20,0.7313,-0.9957,0.0015,0.0021,-0.0109,24.73,27.07,23.79,25.755
2026-09-25T16:52:05+00:00,QQQ,2026-09-25,0,744.55,768.0,P,22.06,25.06,23.56,24.46,27,0,0.7776,-0.9958,0.0014,0.002,-0.0109,25.68,27.77,24.46,26.76
2026-09-25T16:52:05+00:00,QQQ,2026-09-25,0,744.55,769.0,P,23.08,25.99,24.535,25.86,46,0,0.7791,-0.996,0.0013,0.002,-0.0108,24.8,28.01,24.39,27.865
2026-09-25T16:52:05+00:00,QQQ,2026-09-25,0,744.55,770.0,P,24.08,27.06,25.57,26.43,53,0,0.841,-0.9961,0.0012,0.0019,-0.0108,28.91,28.94,26.02,28.865
2026-09-25T16:52:05+00:00,QQQ,2026-09-25,0,744.55,771.0,P,25.06,28.03,26.545,27.75,36,0,0.8425,-0.9962,0.0012,0.0018,-0.0107,30.0,31.55,27.42,29.755
2026-09-25T16:52:05+00:00,QQQ,2026-09-25,0,744.55,772.0,P,26.1,29.04,27.57,32.38,12,0,0.8946,-0.9964,0.0011,0.0018,-0.0106,29.88,32.38,29.81,30.8
2026-09-25T16:52:05+00:00,QQQ,2026-09-25,0,744.55,773.0,P,27.11,30.07,28.59,33.37,14,0,0.9406,-0.9965,0.001,0.0017,-0.0106,28.22,33.37,28.22,31.755
2026-09-25T16:52:05+00:00,QQQ,2026-09-25,0,744.55,774.0,P,28.11,31.03,29.57,30.74,22,0,0.9477,-0.9966,0.001,0.0017,-0.0105,29.03,32.07,29.03,32.91
2026-09-25T16:52:05+00:00,QQQ,2026-09-25,0,744.55,775.0,P,29.1,32.03,30.565,31.81,81,0,0.9686,-0.9967,0.0009,0.0016,-0.0105,30.2,35.14,30.03,33.755
2026-09-25T16:52:05+00:00,QQQ,2026-09-25,0,744.55,776.0,P,30.11,33.06,31.585,30.26,90,0,1.0157,-0.9968,0.0009,0.0016,-0.0104,32.62,36.13,30.26,34.79
2026-09-25T16:52:05+00:00,QQQ,2026-09-25,0,744.55,777.0,P,31.1,34.1,32.6,33.18,24,0,1.057,-0.9969,0.0008,0.0015,-0.0104,34.69,35.53,33.18,35.87
2026-09-25T16:52:05+00:00,QQQ,2026-09-25,0,744.55,778.0,P,32.09,35.06,33.575,34.8,16,0,1.0575,-0.997,0.0008,0.0015,-0.0103,34.64,37.4,34.61,36.785
2026-09-25T16:52:05+00:00,QQQ,2026-09-25,0,744.55,779.0,P,33.09,35.95,34.52,35.68,22,0,1.0138,-0.9971,0.0007,0.0014,-0.0103,35.57,38.39,35.54,38.2
2026-09-25T16:52:05+00:00,QQQ,2026-09-25,0,744.55,780.0,P,34.08,36.99,35.535,36.79,40,0,1.0597,-0.9971,0.0007,0.0014,-0.0102,37.87,40.18,36.79,39.03
2026-09-25T16:52:05+00:00,QQQ,2026-09-25,0,744.55,781.0,P,35.08,37.99,36.535,37.63,46,0,1.0844,-0.9972,0.0007,0.0014,-0.0102,38.8,41.17,37.63,40.285
2026-09-25T16:52:05+00:00,QQQ,2026-09-25,0,744.55,782.0,P,36.09,39.11,37.6,40.3,8,0,1.1879,-0.9973,0.0006,0.0013,-0.0101,40.59,40.63,40.27,41.09
2026-09-25T16:52:05+00:00,QQQ,2026-09-25,0,744.55,785.0,P,39.08,42.08,40.58,41.72,16,0,1.242,-0.9975,0.0006,0.0012,-0.01,42.95,42.95,41.24,44.205
2026-09-25T16:52:05+00:00,QQQ,2026-09-25,0,744.55,790.0,P,44.08,46.97,45.525,47.64,5,4,1.2863,-0.9977,0.0005,0.0011,-0.0097,45.3,47.71,45.3,48.84
2026-09-25T16:52:05+00:00,QQQ,2026-09-25,0,744.55,805.0,P,60.32,61.9,61.11,60.81,1,0,2.2042,-0.9983,0.0003,0.0008,-0.009,60.81,60.81,60.81,64.24
2026-09-25T17:07:06+00:00,QQQ,2026-09-25,0,744.31,450.0,C,294.19,294.42,294.305,294.03,49,0,0.0,0.9999,0.0,0.0,-0.0012,293.6,294.93,293.44,290.915
2026-09-25T17:07:06+00:00,QQQ,2026-09-25,0,744.31,455.0,C,288.62,290.33,289.475,290.07,4,0,0.0,0.9999,0.0,0.0,-0.0013,290.06,290.07,290.06,285.94
2026-09-25T17:07:06+00:00,QQQ,2026-09-25,0,744.31,510.0,C,233.82,235.96,234.89,232.09,1,5,8.54,0.9998,0.0,0.0001,-0.0027,232.09,232.09,232.09,231.115
2026-09-25T17:07:06+00:00,QQQ,2026-09-25,0,744.31,575.0,C,168.83,170.96,169.895,170.37,1,0,6.1129,0.9996,0.0,0.0002,-0.0053,170.37,170.37,170.37,165.915
2026-09-25T17:07:06+00:00,QQQ,2026-09-25,0,744.31,600.0,C,143.82,145.96,144.89,141.06,12,16,5.2218,0.9995,0.0,0.0003,-0.0066,142.9,142.9,141.06,141.055
2026-09-25T17:07:06+00:00,QQQ,2026-09-25,0,744.31,610.0,C,133.1,135.85,134.475,134.77,2,14,4.0543,0.9994,0.0,0.0003,-0.0071,131.85,134.77,131.85,131.06
2026-09-25T17:07:06+00:00,QQQ,2026-09-25,0,744.31,620.0,C,123.22,125.95,124.585,122.41,10,32,4.0389,0.9993,0.0001,0.0004,-0.0077,123.0,123.0,121.33,121.26
2026-09-25T17:07:06+00:00,QQQ,2026-09-25,0,744.31,635.0,C,108.27,110.92,109.595,109.31,2,1,3.5917,0.9991,0.0001,0.0004,-0.0087,109.38,109.38,109.31,106.385
2026-09-25T17:07:06+00:00,QQQ,2026-09-25,0,744.31,655.0,C,88.28,90.29,89.285,89.37,2,40,0.0,0.9988,0.0001,0.0006,-0.01,89.4,89.4,89.37,85.85
2026-09-25T17:07:06+00:00,QQQ,2026-09-25,0,744.31,665.0,C,78.14,81.05,79.595,79.56,50,51,2.668,0.9986,0.0002,0.0007,-0.0108,79.56,79.56,79.56,75.76
2026-09-25T17:07:06+00:00,QQQ,2026-09-25,0,744.31,667.0,C,76.26,79.07,77.665,73.32,1,3,2.7023,0.9985,0.0002,0.0007,-0.0109,73.32,73.32,73.32,73.855
2026-09-25T17:07:06+00:00,QQQ,2026-09-25,0,744.31,671.0,C,72.14,74.9,73.52,74.38,1,36,2.3667,0.9984,0.0002,0.0008,-0.0112,74.38,74.38,74.38,70.095
2026-09-25T17:07:06+00:00,QQQ,2026-09-25,0,744.31,675.0,C,68.28,70.91,69.595,68.02,62,47,2.3622,0.9983,0.0002,0.0008,-0.0115,67.56,68.02,65.32,66.13
2026-09-25T17:07:06+00:00,QQQ,2026-09-25,0,744.31,676.0,C,67.27,70.02,68.645,68.43,2,1,2.3955,0.9983,0.0002,0.0008,-0.0116,68.43,68.43,68.43,65.25
2026-09-25T17:07:06+00:00,QQQ,2026-09-25,0,744.31,677.0,C,66.26,68.92,67.59,66.43,16,16,2.2943,0.9983,0.0002,0.0008,-0.0117,63.81,66.43,63.81,64.1
2026-09-25T17:07:06+00:00,QQQ,2026-09-25,0,744.31,679.0,C,65.25,66.93,66.09,61.33,1,4,2.6998,0.9982,0.0002,0.0009,-0.0118,61.33,61.33,61.33,62.535
2026-09-25T17:07:06+00:00,QQQ,2026-09-25,0,744.31,680.0,C,64.2,66.03,65.115,63.6,1,15,2.675,0.9982,0.0002,0.0009,-0.0119,63.6,63.6,63.6,61.205
2026-09-25T17:07:06+00:00,QQQ,2026-09-25,0,744.31,681.0,C,63.2,64.9,64.05,61.51,2,6,2.5948,0.9981,0.0003,0.0009,-0.012,61.4,61.51,61.4,60.26
2026-09-25T17:07:06+00:00,QQQ,2026-09-25,0,744.31,682.0,C,62.2,63.98,63.09,60.56,1,5,2.5877,0.9981,0.0003,0.0009,-0.0121,60.56,60.56,60.56,59.255
2026-09-25T17:07:06+00:00,QQQ,2026-09-25,0,744.31,684.0,C,60.2,61.89,61.045,58.35,28,8,2.4869,0.998,0.0003,0.001,-0.0122,60.83,61.33,57.57,57.11
2026-09-25T17:07:06+00:00,QQQ,2026-09-25,0,744.31,685.0,C,59.2,60.95,60.075,57.4,4,40,2.4723,0.998,0.0003,0.001,-0.0123,59.81,59.81,56.15,56.1
2026-09-25T17:07:06+00:00,QQQ,2026-09-25,0,744.31,687.0,C,57.25,58.98,58.115,54.11,1,12,2.4311,0.9979,0.0003,0.001,-0.0125,54.11,54.11,54.11,54.11
2026-09-25T17:07:06+00:00,QQQ,2026-09-25,0,744.31,688.0,C,56.2,58.05,57.125,54.08,27,5,2.3988,0.9978,0.0003,0.001,-0.0126,56.81,56.81,53.85,53.11
2026-09-25T17:07:06+00:00,QQQ,2026-09-25,0,744.31,689.0,C,55.2,56.85,56.025,53.13,2,46,2.2991,0.9978,0.0003,0.001,-0.0126,52.11,53.13,52.11,52.11
2026-09-25T17:07:06+00:00,QQQ,2026-09-25,0,744.31,690.0,C,54.2,55.86,55.03,51.65,41,164,2.2676,0.9977,0.0004,0.0011,-0.0127,52.43,52.43,50.05,51.11
2026-09-25T17:07:06+00:00,QQQ,2026-09-25,0,744.31,691.0,C,53.2,54.96,54.08,54.37,5,48,2.2645,0.9977,0.0004,0.0011,-0.0128,52.55,54.42,52.55,50.1
2026-09-25T17:07:06+00:00,QQQ,2026-09-25,0,744.31,692.0,C,51.81,53.96,52.885,53.12,3,22,2.0986,0.9976,0.0004,0.0011,-0.0129,48.46,53.12,48.46,48.93
2026-09-25T17:07:06+00:00,QQQ,2026-09-25,0,744.31,694.0,C,49.26,51.96,50.61,51.37,1,29,1.7956,0.9975,0.0004,0.0012,-0.013,51.37,51.37,51.37,47.11
2026-09-25T17:07:06+00:00,QQQ,2026-09-25,0,744.31,695.0,C,48.27,50.96,49.615,47.96,38,225,1.7698,0.9975,0.0004,0.0012,-0.0131,47.58,47.96,46.21,46.11
2026-09-25T17:07:06+00:00,QQQ,2026-09-25,0,744.31,697.0,C,46.12,48.86,47.49,43.8,7,84,1.558,0.9974,0.0005,0.0012,-0.0133,43.91,44.85,43.8,44.27
2026-09-25T17:07:06+00:00,QQQ,2026-09-25,0,744.31,698.0,C,45.13,47.97,46.55,46.41,1,80,1.6062,0.9973,0.0005,0.0013,-0.0134,46.41,46.41,46.41,43.11
2026-09-25T17:07:06+00:00,QQQ,2026-09-25,0,744.31,699.0,C,44.26,46.97,45.615,44.1,14,114,1.645,0.9972,0.0005,0.0013,-0.0135,45.83,46.24,44.1,42.265
2026-09-25T17:07:06+00:00,QQQ,2026-09-25,0,744.31,700.0,C,43.83,45.54,44.685,44.82,175,969,1.6774,0.9972,0.0005,0.0013,-0.0136,42.0,44.82,40.0,41.15
2026-09-25T17:07:06+00:00,QQQ,2026-09-25,0,744.31,701.0,C,42.14,45.02,43.58,43.14,9,57,1.5476,0.9971,0.0006,0.0014,-0.0136,42.29,43.14,39.38,40.27
2026-09-25T17:07:06+00:00,QQQ,2026-09-25,0,744.31,702.0,C,41.79,43.52,42.655,42.2,4,309,1.5874,0.997,0.0006,0.0014,-0.0137,38.9,42.2,38.9,39.265
2026-09-25T17:07:06+00:00,QQQ,2026-09-25,0,744.31,703.0,C,40.79,42.97,41.88,42.15,5,192,1.7203,0.997,0.0006,0.0014,-0.0138,40.98,42.15,40.1,38.265
2026-09-25T17:07:06+00:00,QQQ,2026-09-25,0,744.31,704.0,C,39.14,41.9,40.52,40.95,15,330,1.3905,0.9969,0.0006,0.0015,-0.0139,39.3,40.95,39.29,37.205
2026-09-25T17:07:06+00:00,QQQ,2026-09-25,0,744.31,705.0,C,38.02,40.81,39.415,40.06,9,1128,1.2079,0.9968,0.0006,0.0015,-0.014,38.98,40.06,36.78,36.36
2026-09-25T17:07:06+00:00,QQQ,2026-09-25,0,744.31,706.0,C,37.28,39.85,38.565,38.42,8,382,1.3782,0.9967,0.0007,0.0015,-0.0141,35.04,39.16,34.84,35.17
2026-09-25T17:07:06+00:00,QQQ,2026-09-25,0,744.31,707.0,C,36.9,38.96,37.93,36.45,63,399,1.6119,0.9966,0.0007,0.0016,-0.0142,36.87,37.78,33.68,34.155
2026-09-25T17:07:06+00:00,QQQ,2026-09-25,0,744.31,708.0,C,35.78,37.86,36.82,36.66,110,486,1.511,0.9965,0.0008,0.0016,-0.0142,35.86,36.66,31.5,33.185
2026-09-25T17:07:06+00:00,QQQ,2026-09-25,0,744.31,709.0,C,34.27,36.86,35.565,31.93,92,475,1.2855,0.9964,0.0008,0.0017,-0.0143,34.58,35.95,31.58,32.36
2026-09-25T17:07:06+00:00,QQQ,2026-09-25,0,744.31,710.0,C,33.86,35.79,34.825,34.17,155,2041,1.4457,0.9963,0.0008,0.0017,-0.0144,33.83,35.09,29.99,31.365
2026-09-25T17:07:06+00:00,QQQ,2026-09-25,0,744.31,711.0,C,33.12,34.86,33.99,33.43,25,1740,1.4896,0.9962,0.0009,0.0018,-0.0145,32.71,34.27,31.0,30.185
2026-09-25T17:07:06+00:00,QQQ,2026-09-25,0,744.31,712.0,C,32.17,33.23,32.7,32.89,30,1393,1.2974,0.9961,0.0009,0.0018,-0.0146,30.8,33.85,27.94,29.29
2026-09-25T17:07:06+00:00,QQQ,2026-09-25,0,744.31,713.0,C,31.2,31.95,31.575,31.8,41,388,1.1697,0.996,0.001,0.0019,-0.0147,31.08,33.4,29.1,28.175
2026-09-25T17:07:06+00:00,QQQ,2026-09-25,0,744.31,714.0,C,30.1,31.84,30.97,30.47,35,433,1.3845,0.9958,0.001,0.0019,-0.0148,29.85,31.95,26.72,27.3
2026-09-25T17:07:06+00:00,QQQ,2026-09-25,0,744.31,715.0,C,29.16,30.82,29.99,30.29,130,2764,1.358,0.9957,0.0011,0.002,-0.0149,27.38,30.29,25.53,26.375
2026-09-25T17:07:06+00:00,QQQ,2026-09-25,0,744.31,716.0,C,28.1,29.21,28.655,28.8,217,899,1.1342,0.9955,0.0012,0.002,-0.015,26.37,29.66,23.77,25.2
2026-09-25T17:07:06+00:00,QQQ,2026-09-25,0,744.31,717.0,C,27.21,28.61,27.91,27.47,93,1275,1.2466,0.9954,0.0013,0.0021,-0.0151,25.38,28.23,23.65,24.345
2026-09-25T17:07:06+00:00,QQQ,2026-09-25,0,744.31,718.0,C,26.11,27.84,26.975,24.09,394,2117,1.2413,0.9952,0.0013,0.0022,-0.0152,24.15,27.26,22.85,23.305
2026-09-25T17:07:06+00:00,QQQ,2026-09-25,0,744.31,719.0,C,25.21,26.53,25.87,25.91,100,2166,1.155,0.995,0.0014,0.0022,-0.0153,23.86,26.58,21.72,22.335
2026-09-25T17:07:06+00:00,QQQ,2026-09-25,0,744.31,720.0,C,24.12,24.51,24.315,23.75,324,4506,0.0,0.9948,0.0015,0.0023,-0.0154,23.8,25.79,20.05,21.345
2026-09-25T17:07:06+00:00,QQQ,2026-09-25,0,744.31,721.0,C,23.1,24.61,23.855,23.09,151,1521,1.0757,0.9946,0.0017,0.0024,-0.0155,22.91,24.19,19.22,20.33
2026-09-25T17:07:06+00:00,QQQ,2026-09-25,0,744.31,722.0,C,22.2,23.86,23.03,22.02,113,1603,1.1161,0.9944,0.0018,0.0025,-0.0156,20.23,23.56,18.01,19.4
2026-09-25T17:07:06+00:00,QQQ,2026-09-25,0,744.31,723.0,C,21.2,21.51,21.355,21.38,166,1475,0.598,0.9941,0.0019,0.0026,-0.0157,18.87,22.09,17.65,18.41
2026-09-25T17:07:06+00:00,QQQ,2026-09-25,0,744.31,724.0,C,20.21,20.51,20.36,20.24,239,1444,0.5861,0.9939,0.0021,0.0028,-0.0159,18.9,21.46,17.06,17.38
2026-09-25T17:07:06+00:00,QQQ,2026-09-25,0,744.31,725.0,C,19.15,19.52,19.335,19.15,534,3340,0.4605,0.9936,0.0023,0.0029,-0.016,17.18,20.66,14.98,16.38
2026-09-25T17:07:06+00:00,QQQ,2026-09-25,0,744.31,726.0,C,18.15,19.25,18.7,19.15,354,2231,0.8214,0.9932,0.0025,0.003,-0.0163,16.54,19.65,13.84,15.465
2026-09-25T17:07:06+00:00,QQQ,2026-09-25,0,744.31,727.0,C,17.18,18.27,17.725,18.11,237,1527,0.7982,0.9928,0.0028,0.0032,-0.0166,15.02,18.46,13.71,14.495
2026-09-25T17:07:06+00:00,QQQ,2026-09-25,0,744.31,728.0,C,16.2,16.51,16.355,16.26,345,2229,0.4717,0.9923,0.0031,0.0034,-0.0169,14.37,17.77,12.82,13.5
2026-09-25T17:07:06+00:00,QQQ,2026-09-25,0,744.31,729.0,C,15.17,15.62,15.395,15.48,297,6541,0.5109,0.9917,0.0035,0.0036,-0.0175,13.6,16.33,11.5,12.54
2026-09-25T17:07:06+00:00,QQQ,2026-09-25,0,744.31,730.0,C,13.99,14.52,14.255,14.62,727,5327,0.0,0.9909,0.004,0.0039,-0.0183,13.43,15.52,9.91,11.5
2026-09-25T17:07:06+00:00,QQQ,2026-09-25,0,744.31,731.0,C,12.89,14.27,13.58,14.16,365,2062,0.5855,0.9899,0.0046,0.0043,-0.0194,12.55,14.82,9.19,10.59
2026-09-25T17:07:06+00:00,QQQ,2026-09-25,0,744.31,732.0,C,12.22,12.48,12.35,12.96,457,1757,0.3578,0.9885,0.0055,0.0048,-0.0213,10.5,13.58,8.09,9.62
2026-09-25T17:07:06+00:00,QQQ,2026-09-25,0,744.31,733.0,C,11.12,12.22,11.67,11.12,912,1220,0.5558,0.9865,0.0067,0.0056,-0.024,9.9,12.66,7.13,8.795
2026-09-25T17:07:06+00:00,QQQ,2026-09-25,0,744.31,734.0,C,10.2,10.99,10.595,10.9,2346,3797,0.4803,0.9837,0.0084,0.0066,-0.0281,8.3,11.44,6.24,7.875
2026-09-25T17:07:06+00:00,QQQ,2026-09-25,0,744.31,735.0,C,9.14,9.46,9.3,9.36,5091,8526,0.0,0.9794,0.0108,0.008,-0.0345,7.16,10.75,5.43,7.03
2026-09-25T17:07:06+00:00,QQQ,2026-09-25,0,744.31,736.0,C,7.93,8.57,8.25,8.35,2236,4244,0.0,0.9732,0.0143,0.01,-0.0441,6.73,9.86,4.59,6.225
2026-09-25T17:07:06+00:00,QQQ,2026-09-25,0,744.31,737.0,C,7.1,7.47,7.285,7.05,2946,3792,0.0,0.9638,0.0193,0.0128,-0.0587,5.66,8.84,3.83,5.46
2026-09-25T17:07:06+00:00,QQQ,2026-09-25,0,744.31,738.0,C,5.97,6.57,6.27,6.33,5817,3576,0.0,0.9498,0.0267,0.0165,-0.081,5.07,8.0,3.11,4.735
2026-09-25T17:07:06+00:00,QQQ,2026-09-25,0,744.31,739.0,C,5.33,5.48,5.405,5.33,11513,5477,0.2354,0.9285,0.0373,0.0216,-0.1159,4.22,7.0,2.46,4.07
2026-09-25T17:07:06+00:00,QQQ,2026-09-25,0,744.31,740.0,C,4.41,4.53,4.47,4.54,42160,9097,0.2213,0.896,0.0523,0.0284,-0.1717,3.58,6.0,1.85,3.455
2026-09-25T17:07:06+00:00,QQQ,2026-09-25,0,744.31,741.0,C,3.53,3.61,3.57,3.56,92400,7953,0.2177,0.8464,0.0723,0.0369,-0.2627,2.92,5.13,1.29,2.9
2026-09-25T17:07:06+00:00,QQQ,2026-09-25,0,744.31,742.0,C,2.71,2.75,2.73,2.71,195190,6533,0.2054,0.7732,0.0965,0.0464,-0.4111,2.16,4.21,0.84,2.405
2026-09-25T17:07:06+00:00,QQQ,2026-09-25,0,744.31,743.0,C,1.97,1.99,1.98,1.97,267025,5419,0.1989,0.6721,0.1204,0.0552,-0.647,1.73,3.35,0.53,1.965
2026-09-25T17:07:06+00:00,QQQ,2026-09-25,0,744.31,744.0,C,1.32,1.33,1.325,1.33,349532,6129,0.1918,0.546,0.1363,0.0602,-1.0027,1.18,2.56,0.31,1.585
2026-09-25T17:07:06+00:00,QQQ,2026-09-25,0,744.31,745.0,C,0.83,0.84,0.835,0.82,407647,13975,0.1877,0.4077,0.1364,0.0591,-0.8331,0.9,1.9,0.19,1.255
2026-09-25T17:07:06+00:00,QQQ,2026-09-25,0,744.31,746.0,C,0.47,0.48,0.475,0.48,295353,14457,0.186,0.2776,0.1189,0.0514,-0.4829,0.68,1.38,0.12,0.995
2026-09-25T17:07:06+00:00,QQQ,2026-09-25,0,744.31,747.0,C,0.26,0.27,0.265,0.27,169073,4485,0.1867,0.1735,0.0906,0.0399,-0.2633,0.4,0.96,0.08,0.775
2026-09-25T17:07:06+00:00,QQQ,2026-09-25,0,744.31,748.0,C,0.14,0.15,0.145,0.15,116616,8907,0.1916,0.1023,0.0619,0.0283,-0.1398,0.26,0.64,0.04,0.605
2026-09-25T17:07:06+00:00,QQQ,2026-09-25,0,744.31,749.0,C,0.07,0.08,0.075,0.08,63448,5760,0.1959,0.0597,0.0397,0.0191,-0.0762,0.17,0.44,0.04,0.475
2026-09-25T17:07:06+00:00,QQQ,2026-09-25,0,744.31,750.0,C,0.04,0.05,0.045,0.05,72453,20833,0.207,0.0363,0.0253,0.013,-0.0449,0.11,0.32,0.03,0.365
2026-09-25T17:07:06+00:00,QQQ,2026-09-25,0,744.31,751.0,C,0.02,0.03,0.025,0.03,23047,3438,0.2149,0.0238,0.0167,0.0092,-0.0295,0.07,0.24,0.02,0.285
2026-09-25T17:07:06+00:00,QQQ,2026-09-25,0,744.31,752.0,C,0.02,0.03,0.025,0.03,21510,4770,0.2418,0.017,0.0117,0.007,-0.0216,0.06,0.18,0.01,0.225
2026-09-25T17:07:06+00:00,QQQ,2026-09-25,0,744.31,753.0,C,0.01,0.02,0.015,0.02,29795,4891,0.2501,0.0132,0.0087,0.0056,-0.0174,0.05,0.13,0.01,0.175
2026-09-25T17:07:06+00:00,QQQ,2026-09-25,0,744.31,754.0,C,0.01,0.02,0.015,0.02,13023,12655,0.2749,0.0109,0.0069,0.0047,-0.0152,0.09,0.1,0.01,0.145
2026-09-25T17:07:06+00:00,QQQ,2026-09-25,0,744.31,755.0,C,0.01,0.02,0.015,0.01,7914,21605,0.2994,0.0094,0.0056,0.0042,-0.014,0.01,0.08,0.01,0.115
2026-09-25T17:07:06+00:00,QQQ,2026-09-25,0,744.31,756.0,C,0.01,0.02,0.015,0.02,5954,5483,0.3236,0.0085,0.0048,0.0038,-0.0133,0.04,0.06,0.01,0.095
2026-09-25T17:07:06+00:00,QQQ,2026-09-25,0,744.31,757.0,C,0.0,0.01,0.01,0.01,2835,2957,0.3078,0.0078,0.0041,0.0035,-0.0129,0.01,0.05,0.01,0.085
2026-09-25T17:07:06+00:00,QQQ,2026-09-25,0,744.31,758.0,C,0.0,0.01,0.01,0.01,5180,3008,0.3294,0.0072,0.0036,0.0032,-0.0126,0.03,0.04,0.01,0.065
2026-09-25T17:07:06+00:00,QQQ,2026-09-25,0,744.31,759.0,C,0.0,0.01,0.01,0.01,886,988,0.3508,0.0067,0.0032,0.0031,-0.0125,0.01,0.04,0.01,0.055
2026-09-25T17:07:06+00:00,QQQ,2026-09-25,0,744.31,760.0,C,0.0,0.01,0.01,0.01,4514,9228,0.372,0.0064,0.0029,0.0029,-0.0124,0.03,0.04,0.01,0.055
2026-09-25T17:07:06+00:00,QQQ,2026-09-25,0,744.31,761.0,C,0.0,0.01,0.01,0.01,3003,1234,0.3931,0.006,0.0026,0.0027,-0.0123,0.02,0.03,0.01,0.045
2026-09-25T17:07:06+00:00,QQQ,2026-09-25,0,744.31,762.0,C,0.0,0.01,0.01,0.01,269,1142,0.4141,0.0057,0.0024,0.0026,-0.0122,0.02,0.03,0.01,0.045
2026-09-25T17:07:06+00:00,QQQ,2026-09-25,0,744.31,763.0,C,0.0,0.01,0.01,0.01,592,935,0.435,0.0055,0.0022,0.0025,-0.0121,0.02,0.02,0.01,0.035
2026-09-25T17:07:06+00:00,QQQ,2026-09-25,0,744.31,764.0,C,0.0,0.01,0.01,0.01,511,2707,0.4557,0.0052,0.002,0.0024,-0.0121,0.01,0.02,0.01,0.035
2026-09-25T17:07:06+00:00,QQQ,2026-09-25,0,744.31,765.0,C,0.0,0.01,0.01,0.01,898,5206,0.4764,0.005,0.0018,0.0023,-0.012,0.02,0.02,0.01,0.025
2026-09-25T17:07:06+00:00,QQQ,2026-09-25,0,744.31,766.0,C,0.0,0.01,0.01,0.01,1206,487,0.4969,0.0048,0.0017,0.0022,-0.0119,0.02,0.02,0.01,0.025
2026-09-25T17:07:06+00:00,QQQ,2026-09-25,0,744.31,767.0,C,0.0,0.01,0.01,0.01,351,171,0.5173,0.0046,0.0016,0.0021,-0.0119,0.01,0.02,0.01,0.025
2026-09-25T17:07:06+00:00,QQQ,2026-09-25,0,744.31,768.0,C,0.0,0.01,0.01,0.01,17,706,0.5376,0.0044,0.0015,0.002,-0.0118,0.01,0.02,0.01,0.025
2026-09-25T17:07:06+00:00,QQQ,2026-09-25,0,744.31,769.0,C,0.0,0.01,0.01,0.01,5,711,0.5579,0.0043,0.0014,0.002,-0.0118,0.01,0.01,0.01,0.025
2026-09-25T17:07:06+00:00,QQQ,2026-09-25,0,744.31,770.0,C,0.0,0.01,0.01,0.01,302,7792,0.578,0.0041,0.0013,0.0019,-0.0117,0.02,0.02,0.01,0.015
2026-09-25T17:07:06+00:00,QQQ,2026-09-25,0,744.31,771.0,C,0.0,0.01,0.01,0.01,40,90,0.5981,0.004,0.0012,0.0018,-0.0116,0.01,0.02,0.01,0.015
2026-09-25T17:07:06+00:00,QQQ,2026-09-25,0,744.31,772.0,C,0.0,0.01,0.02,0.02,0,62,0.6181,0.0038,0.0011,0.0018,-0.0116,0.0,0.0,0.0,0.015
2026-09-25T17:07:06+00:00,QQQ,2026-09-25,0,744.31,773.0,C,0.0,0.01,0.02,0.02,0,1061,0.638,0.0037,0.0011,0.0017,-0.0115,0.0,0.0,0.0,0.015
2026-09-25T17:07:06+00:00,QQQ,2026-09-25,0,744.31,774.0,C,0.0,0.01,0.02,0.02,0,1312,0.6578,0.0036,0.001,0.0017,-0.0115,0.0,0.0,0.0,0.015
2026-09-25T17:07:06+00:00,QQQ,2026-09-25,0,744.31,775.0,C,0.0,0.01,0.01,0.01,2,1926,0.6775,0.0035,0.001,0.0016,-0.0114,0.01,0.01,0.01,0.015
2026-09-25T17:07:06+00:00,QQQ,2026-09-25,0,744.31,776.0,C,0.0,0.01,0.02,0.02,0,368,0.6972,0.0034,0.0009,0.0016,-0.0114,0.0,0.0,0.0,0.015
2026-09-25T17:07:06+00:00,QQQ,2026-09-25,0,744.31,777.0,C,0.0,0.01,0.01,0.01,4,68,0.7168,0.0033,0.0008,0.0016,-0.0113,0.01,0.01,0.01,0.015
2026-09-25T17:07:06+00:00,QQQ,2026-09-25,0,744.31,778.0,C,0.0,0.01,0.02,0.02,4,139,0.7363,0.0032,0.0008,0.0015,-0.0112,0.02,0.02,0.02,0.015
2026-09-25T17:07:06+00:00,QQQ,2026-09-25,0,744.31,779.0,C,0.0,0.01,0.02,0.02,0,328,0.7557,0.0031,0.0008,0.0015,-0.0112,0.0,0.0,0.0,0.015
2026-09-25T17:07:06+00:00,QQQ,2026-09-25,0,744.31,780.0,C,0.0,0.01,0.01,0.01,2,1683,0.7751,0.0031,0.0007,0.0014,-0.0111,0.01,0.01,0.01,0.015
2026-09-25T17:07:06+00:00,QQQ,2026-09-25,0,744.31,781.0,C,0.0,0.01,0.01,0.01,0,264,0.7944,0.003,0.0007,0.0014,-0.0111,0.0,0.0,0.0,0.005
2026-09-25T17:07:06+00:00,QQQ,2026-09-25,0,744.31,782.0,C,0.0,0.01,0.01,0.01,288,707,0.8137,0.0029,0.0007,0.0014,-0.011,0.01,0.01,0.01,0.005
2026-09-25T17:07:06+00:00,QQQ,2026-09-25,0,744.31,935.0,C,0.0,0.01,0.01,0.01,26,40,3.3178,0.0004,0.0,0.0002,-0.0053,0.01,0.01,0.01,0.005
2026-09-25T17:07:06+00:00,QQQ,2026-09-25,0,744.31,450.0,P,0.0,0.01,0.01,0.01,12,1311,7.1138,-0.0001,0.0,0.0,-0.0012,0.01,0.01,0.01,0.005
2026-09-25T17:07:06+00:00,QQQ,2026-09-25,0,744.31,580.0,P,0.0,0.01,0.01,0.01,25,772,3.6668,-0.0004,0.0,0.0002,-0.0055,0.01,0.01,0.01,0.005
2026-09-25T17:07:06+00:00,QQQ,2026-09-25,0,744.31,600.0,P,0.0,0.01,0.01,0.01,1,4152,3.1979,-0.0005,0.0,0.0003,-0.0066,0.01,0.01,0.01,0.005
2026-09-25T17:07:06+00:00,QQQ,2026-09-25,0,744.31,605.0,P,0.0,0.01,0.01,0.01,2,1883,3.0826,-0.0006,0.0,0.0003,-0.0069,0.01,0.01,0.01,0.005
2026-09-25T17:07:06+00:00,QQQ,2026-09-25,0,744.31,620.0,P,0.0,0.01,0.01,0.01,17,2323,2.741,-0.0007,0.0001,0.0004,-0.0077,0.01,0.01,0.01,0.005
2026-09-25T17:07:06+00:00,QQQ,2026-09-25,0,744.31,625.0,P,0.0,0.01,0.01,0.01,5,1666,2.6285,-0.0008,0.0001,0.0004,-0.008,0.01,0.01,0.01,0.005
2026-09-25T17:07:06+00:00,QQQ,2026-09-25,0,744.31,635.0,P,0.0,0.01,0.01,0.01,20,15929,2.4052,-0.0009,0.0001,0.0004,-0.0087,0.01,0.01,0.01,0.005
2026-09-25T17:07:06+00:00,QQQ,2026-09-25,0,744.31,640.0,P,0.0,0.01,0.01,0.01,6,1828,2.2945,-0.001,0.0001,0.0005,-0.009,0.01,0.02,0.01,0.005
2026-09-25T17:07:06+00:00,QQQ,2026-09-25,0,744.31,645.0,P,0.0,0.01,0.01,0.01,52,4195,2.1843,-0.001,0.0001,0.0005,-0.0094,0.01,0.02,0.01,0.005
2026-09-25T17:07:06+00:00,QQQ,2026-09-25,0,744.31,650.0,P,0.0,0.01,0.01,0.01,9,10661,2.0746,-0.0011,0.0001,0.0006,-0.0097,0.01,0.01,0.01,0.005
2026-09-25T17:07:06+00:00,QQQ,2026-09-25,0,744.31,660.0,P,0.0,0.01,0.01,0.01,30,4570,1.8568,-0.0013,0.0001,0.0006,-0.0104,0.01,0.01,0.01,0.005
2026-09-25T17:07:06+00:00,QQQ,2026-09-25,0,744.31,665.0,P,0.0,0.01,0.01,0.01,45,38192,1.7485,-0.0014,0.0002,0.0007,-0.0108,0.01,0.01,0.01,0.005
2026-09-25T17:07:06+00:00,QQQ,2026-09-25,0,744.31,667.0,P,0.0,0.01,0.01,0.01,10,2556,1.7053,-0.0015,0.0002,0.0007,-0.0109,0.01,0.01,0.01,0.005
2026-09-25T17:07:06+00:00,QQQ,2026-09-25,0,744.31,669.0,P,0.0,0.01,0.01,0.01,1,796,1.6622,-0.0015,0.0002,0.0007,-0.0111,0.01,0.01,0.01,0.005
2026-09-25T17:07:06+00:00,QQQ,2026-09-25,0,744.31,670.0,P,0.0,0.01,0.01,0.01,39,5857,1.6406,-0.0015,0.0002,0.0008,-0.0112,0.01,0.01,0.01,0.005
2026-09-25T17:07:06+00:00,QQQ,2026-09-25,0,744.31,672.0,P,0.0,0.01,0.01,0.01,4,726,1.5976,-0.0016,0.0002,0.0008,-0.0113,0.01,0.01,0.01,0.015
2026-09-25T17:07:06+00:00,QQQ,2026-09-25,0,744.31,673.0,P,0.0,0.01,0.01,0.01,3,607,1.5761,-0.0016,0.0002,0.0008,-0.0114,0.01,0.01,0.01,0.015
2026-09-25T17:07:06+00:00,QQQ,2026-09-25,0,744.31,674.0,P,0.0,0.01,0.01,0.01,1,825,1.5542,-0.0016,0.0002,0.0008,-0.0114,0.01,0.01,0.01,0.015
2026-09-25T17:07:06+00:00,QQQ,2026-09-25,0,744.31,675.0,P,0.0,0.01,0.01,0.01,32,3161,1.5327,-0.0017,0.0002,0.0008,-0.0115,0.01,0.01,0.01,0.015
2026-09-25T17:07:06+00:00,QQQ,2026-09-25,0,744.31,677.0,P,0.0,0.01,0.01,0.01,28,772,1.4898,-0.0017,0.0002,0.0008,-0.0117,0.01,0.01,0.01,0.015
2026-09-25T17:07:06+00:00,QQQ,2026-09-25,0,744.31,678.0,P,0.0,0.01,0.01,0.01,150,890,1.4683,-0.0018,0.0002,0.0009,-0.0118,0.01,0.01,0.01,0.015
2026-09-25T17:07:06+00:00,QQQ,2026-09-25,0,744.31,680.0,P,0.0,0.01,0.01,0.01,76,3580,1.4254,-0.0018,0.0002,0.0009,-0.0119,0.01,0.02,0.01,0.015
2026-09-25T17:07:06+00:00,QQQ,2026-09-25,0,744.31,681.0,P,0.0,0.01,0.01,0.01,154,1155,1.404,-0.0019,0.0003,0.0009,-0.012,0.01,0.01,0.01,0.015
2026-09-25T17:07:06+00:00,QQQ,2026-09-25,0,744.31,682.0,P,0.0,0.01,0.01,0.01,1,1046,1.3826,-0.0019,0.0003,0.0009,-0.0121,0.01,0.01,0.01,0.015
2026-09-25T17:07:06+00:00,QQQ,2026-09-25,0,744.31,683.0,P,0.0,0.01,0.01,0.01,1975,3458,1.3612,-0.002,0.0003,0.0009,-0.0122,0.01,0.01,0.01,0.015
2026-09-25T17:07:06+00:00,QQQ,2026-09-25,0,744.31,685.0,P,0.0,0.01,0.01,0.01,105,2903,1.3184,-0.002,0.0003,0.001,-0.0123,0.01,0.01,0.01,0.015
2026-09-25T17:07:06+00:00,QQQ,2026-09-25,0,744.31,686.0,P,0.0,0.01,0.01,0.01,4,2437,1.297,-0.0021,0.0003,0.001,-0.0124,0.01,0.01,0.01,0.015
2026-09-25T17:07:06+00:00,QQQ,2026-09-25,0,744.31,687.0,P,0.0,0.01,0.01,0.01,5,2225,1.2757,-0.0021,0.0003,0.001,-0.0125,0.01,0.01,0.01,0.015
2026-09-25T17:07:06+00:00,QQQ,2026-09-25,0,744.31,688.0,P,0.0,0.01,0.01,0.01,208,1946,1.2543,-0.0022,0.0003,0.001,-0.0126,0.01,0.01,0.01,0.015
2026-09-25T17:07:06+00:00,QQQ,2026-09-25,0,744.31,689.0,P,0.0,0.01,0.02,0.02,32,2011,1.233,-0.0022,0.0003,0.001,-0.0126,0.01,0.02,0.01,0.015
2026-09-25T17:07:06+00:00,QQQ,2026-09-25,0,744.31,690.0,P,0.0,0.01,0.01,0.01,71,85486,1.2116,-0.0023,0.0004,0.0011,-0.0127,0.01,0.01,0.01,0.015
2026-09-25T17:07:06+00:00,QQQ,2026-09-25,0,744.31,691.0,P,0.0,0.01,0.01,0.01,6,2293,1.1902,-0.0023,0.0004,0.0011,-0.0128,0.01,0.01,0.01,0.015
2026-09-25T17:07:06+00:00,QQQ,2026-09-25,0,744.31,692.0,P,0.0,0.01,0.01,0.01,6,1496,1.1689,-0.0024,0.0004,0.0011,-0.0129,0.01,0.01,0.01,0.015
2026-09-25T17:07:06+00:00,QQQ,2026-09-25,0,744.31,693.0,P,0.0,0.01,0.02,0.02,11,4215,1.1476,-0.0024,0.0004,0.0011,-0.013,0.01,0.21,0.01,0.015
2026-09-25T17:07:06+00:00,QQQ,2026-09-25,0,744.31,694.0,P,0.0,0.01,0.01,0.01,5,2917,1.1262,-0.0025,0.0004,0.0012,-0.013,0.01,0.01,0.01,0.015
2026-09-25T17:07:06+00:00,QQQ,2026-09-25,0,744.31,695.0,P,0.0,0.01,0.01,0.01,4,5302,1.1049,-0.0025,0.0004,0.0012,-0.0131,0.01,0.01,0.01,0.015
2026-09-25T17:07:06+00:00,QQQ,2026-09-25,0,744.31,696.0,P,0.0,0.01,0.01,0.01,6,2333,1.0835,-0.0026,0.0004,0.0012,-0.0132,0.02,0.02,0.01,0.015
2026-09-25T17:07:06+00:00,QQQ,2026-09-25,0,744.31,697.0,P,0.0,0.01,0.01,0.01,6,1476,1.0622,-0.0026,0.0005,0.0012,-0.0133,0.01,0.01,0.01,0.015
2026-09-25T17:07:06+00:00,QQQ,2026-09-25,0,744.31,698.0,P,0.0,0.01,0.01,0.01,26,5285,1.0409,-0.0027,0.0005,0.0013,-0.0134,0.01,0.01,0.01,0.015
2026-09-25T17:07:06+00:00,QQQ,2026-09-25,0,744.31,699.0,P,0.0,0.01,0.01,0.01,1,5876,1.0195,-0.0028,0.0005,0.0013,-0.0135,0.01,0.01,0.01,0.015
2026-09-25T17:07:06+00:00,QQQ,2026-09-25,0,744.31,700.0,P,0.0,0.01,0.01,0.01,1715,18205,0.9982,-0.0028,0.0005,0.0013,-0.0136,0.01,0.01,0.01,0.015
2026-09-25T17:07:06+00:00,QQQ,2026-09-25,0,744.31,701.0,P,0.0,0.01,0.01,0.01,4,1908,0.9768,-0.0029,0.0006,0.0014,-0.0136,0.01,0.01,0.01,0.015
2026-09-25T17:07:06+00:00,QQQ,2026-09-25,0,744.31,702.0,P,0.0,0.01,0.01,0.01,4,2384,0.9555,-0.003,0.0006,0.0014,-0.0137,0.01,0.01,0.01,0.015
2026-09-25T17:07:06+00:00,QQQ,2026-09-25,0,744.31,703.0,P,0.0,0.01,0.01,0.01,37,1702,0.9342,-0.0031,0.0006,0.0014,-0.0138,0.01,0.01,0.01,0.025
2026-09-25T17:07:06+00:00,QQQ,2026-09-25,0,744.31,704.0,P,0.0,0.01,0.01,0.01,1,3626,0.9128,-0.0031,0.0006,0.0015,-0.0139,0.01,0.01,0.01,0.025
2026-09-25T17:07:06+00:00,QQQ,2026-09-25,0,744.31,705.0,P,0.0,0.01,0.01,0.01,334,32695,0.8914,-0.0032,0.0006,0.0015,-0.014,0.02,0.02,0.01,0.025
2026-09-25T17:07:06+00:00,QQQ,2026-09-25,0,744.31,706.0,P,0.0,0.01,0.01,0.01,11,1957,0.8701,-0.0033,0.0007,0.0015,-0.0141,0.01,0.01,0.01,0.025
2026-09-25T17:07:06+00:00,QQQ,2026-09-25,0,744.31,707.0,P,0.0,0.01,0.01,0.01,28,3017,0.8487,-0.0034,0.0007,0.0016,-0.0142,0.01,0.01,0.01,0.025
2026-09-25T17:07:06+00:00,QQQ,2026-09-25,0,744.31,708.0,P,0.0,0.01,0.01,0.01,53,1971,0.8273,-0.0035,0.0008,0.0016,-0.0142,0.01,0.01,0.01,0.025
2026-09-25T17:07:06+00:00,QQQ,2026-09-25,0,744.31,709.0,P,0.0,0.01,0.01,0.01,99,2181,0.8059,-0.0036,0.0008,0.0017,-0.0143,0.01,0.03,0.01,0.025
2026-09-25T17:07:06+00:00,QQQ,2026-09-25,0,744.31,710.0,P,0.0,0.01,0.01,0.01,489,10372,0.7845,-0.0037,0.0008,0.0017,-0.0144,0.01,0.01,0.01,0.025
2026-09-25T17:07:06+00:00,QQQ,2026-09-25,0,744.31,711.0,P,0.0,0.01,0.01,0.01,104,2672,0.7631,-0.0038,0.0009,0.0018,-0.0145,0.01,0.01,0.01,0.035
2026-09-25T17:07:06+00:00,QQQ,2026-09-25,0,744.31,712.0,P,0.0,0.01,0.01,0.01,313,2064,0.7416,-0.0039,0.0009,0.0018,-0.0146,0.01,0.01,0.01,0.035
2026-09-25T17:07:06+00:00,QQQ,2026-09-25,0,744.31,713.0,P,0.0,0.01,0.01,0.01,290,2093,0.7202,-0.004,0.001,0.0019,-0.0147,0.02,0.02,0.01,0.035
2026-09-25T17:07:06+00:00,QQQ,2026-09-25,0,744.31,714.0,P,0.0,0.01,0.01,0.01,1105,4859,0.6987,-0.0042,0.001,0.0019,-0.0148,0.01,0.02,0.01,0.035
2026-09-25T17:07:06+00:00,QQQ,2026-09-25,0,744.31,715.0,P,0.0,0.01,0.01,0.01,3864,9399,0.6772,-0.0043,0.0011,0.002,-0.0149,0.01,0.02,0.01,0.035
2026-09-25T17:07:06+00:00,QQQ,2026-09-25,0,744.31,716.0,P,0.0,0.01,0.01,0.01,4558,4106,0.6557,-0.0045,0.0012,0.002,-0.015,0.02,0.02,0.01,0.045
2026-09-25T17:07:06+00:00,QQQ,2026-09-25,0,744.31,717.0,P,0.0,0.01,0.01,0.01,12072,3256,0.6342,-0.0046,0.0013,0.0021,-0.0151,0.01,0.04,0.01,0.045
2026-09-25T17:07:06+00:00,QQQ,2026-09-25,0,744.31,718.0,P,0.0,0.01,0.01,0.01,15096,13685,0.6126,-0.0048,0.0013,0.0022,-0.0152,0.01,0.03,0.01,0.045
2026-09-25T17:07:06+00:00,QQQ,2026-09-25,0,744.31,719.0,P,0.0,0.01,0.01,0.01,6724,8537,0.591,-0.005,0.0014,0.0022,-0.0153,0.02,0.03,0.01,0.055
2026-09-25T17:07:06+00:00,QQQ,2026-09-25,0,744.31,720.0,P,0.01,0.02,0.015,0.02,11534,11872,0.635,-0.0052,0.0015,0.0023,-0.0154,0.01,0.04,0.01,0.055
2026-09-25T17:07:06+00:00,QQQ,2026-09-25,0,744.31,721.0,P,0.01,0.02,0.015,0.01,3090,4963,0.6113,-0.0054,0.0017,0.0024,-0.0155,0.01,0.03,0.01,0.065
2026-09-25T17:07:06+00:00,QQQ,2026-09-25,0,744.31,722.0,P,0.01,0.02,0.015,0.02,1688,8821,0.5875,-0.0056,0.0018,0.0025,-0.0156,0.02,0.04,0.01,0.075
2026-09-25T17:07:06+00:00,QQQ,2026-09-25,0,744.31,723.0,P,0.01,0.02,0.015,0.01,2446,2426,0.5636,-0.0059,0.0019,0.0026,-0.0157,0.03,0.04,0.01,0.085
2026-09-25T17:07:06+00:00,QQQ,2026-09-25,0,744.31,724.0,P,0.01,0.02,0.015,0.01,5115,3949,0.5397,-0.0061,0.0021,0.0028,-0.0159,0.03,0.05,0.01,0.095
2026-09-25T17:07:06+00:00,QQQ,2026-09-25,0,744.31,725.0,P,0.01,0.02,0.015,0.01,11418,13949,0.5157,-0.0064,0.0023,0.0029,-0.016,0.03,0.07,0.01,0.105
2026-09-25T17:07:06+00:00,QQQ,2026-09-25,0,744.31,726.0,P,0.01,0.02,0.015,0.02,5597,4854,0.4917,-0.0068,0.0025,0.003,-0.0163,0.02,0.08,0.01,0.125
2026-09-25T17:07:06+00:00,QQQ,2026-09-25,0,744.31,727.0,P,0.01,0.02,0.015,0.02,6830,3625,0.4675,-0.0072,0.0028,0.0032,-0.0166,0.05,0.1,0.01,0.155
2026-09-25T17:07:06+00:00,QQQ,2026-09-25,0,744.31,728.0,P,0.01,0.02,0.015,0.02,10791,3308,0.4433,-0.0077,0.0031,0.0034,-0.0169,0.02,0.12,0.01,0.185
2026-09-25T17:07:06+00:00,QQQ,2026-09-25,0,744.31,729.0,P,0.01,0.02,0.015,0.02,8004,4682,0.4189,-0.0083,0.0035,0.0036,-0.0175,0.03,0.16,0.01,0.225
2026-09-25T17:07:06+00:00,QQQ,2026-09-25,0,744.31,730.0,P,0.01,0.02,0.015,0.02,27626,18960,0.3945,-0.0091,0.004,0.0039,-0.0183,0.05,0.2,0.01,0.275
2026-09-25T17:07:06+00:00,QQQ,2026-09-25,0,744.31,731.0,P,0.02,0.03,0.025,0.02,11706,7137,0.3945,-0.0101,0.0046,0.0043,-0.0194,0.06,0.26,0.01,0.345
2026-09-25T17:07:06+00:00,QQQ,2026-09-25,0,744.31,732.0,P,0.02,0.03,0.025,0.03,16386,6919,0.3685,-0.0115,0.0055,0.0048,-0.0213,0.07,0.33,0.01,0.425
2026-09-25T17:07:06+00:00,QQQ,2026-09-25,0,744.31,733.0,P,0.02,0.03,0.025,0.02,22913,7671,0.3423,-0.0135,0.0067,0.0056,-0.024,0.09,0.41,0.02,0.535
2026-09-25T17:07:06+00:00,QQQ,2026-09-25,0,744.31,734.0,P,0.03,0.04,0.035,0.04,26993,7291,0.3315,-0.0163,0.0084,0.0066,-0.0281,0.11,0.53,0.02,0.665
2026-09-25T17:07:06+00:00,QQQ,2026-09-25,0,744.31,735.0,P,0.03,0.04,0.035,0.04,49954,14645,0.3038,-0.0206,0.0108,0.008,-0.0345,0.16,0.69,0.02,0.825
2026-09-25T17:07:06+00:00,QQQ,2026-09-25,0,744.31,736.0,P,0.04,0.05,0.045,0.04,51247,18995,0.2872,-0.0268,0.0143,0.01,-0.0441,0.23,0.88,0.04,1.025
2026-09-25T17:07:06+00:00,QQQ,2026-09-25,0,744.31,737.0,P,0.05,0.06,0.055,0.05,65878,4892,0.2672,-0.0362,0.0193,0.0128,-0.0587,0.33,1.12,0.05,1.265
2026-09-25T17:07:06+00:00,QQQ,2026-09-25,0,744.31,738.0,P,0.08,0.09,0.085,0.09,96194,6418,0.2577,-0.0502,0.0267,0.0165,-0.081,0.51,1.42,0.07,1.545
2026-09-25T17:07:06+00:00,QQQ,2026-09-25,0,744.31,739.0,P,0.11,0.12,0.115,0.11,120299,4617,0.2404,-0.0715,0.0373,0.0216,-0.1159,0.66,1.79,0.1,1.875
2026-09-25T17:07:06+00:00,QQQ,2026-09-25,0,744.31,740.0,P,0.17,0.18,0.175,0.18,234926,9175,0.2288,-0.104,0.0523,0.0284,-0.1717,0.9,2.24,0.14,2.265
2026-09-25T17:07:06+00:00,QQQ,2026-09-25,0,744.31,741.0,P,0.26,0.27,0.265,0.27,259215,3830,0.2163,-0.1536,0.0723,0.0369,-0.2627,1.21,2.78,0.18,2.705
2026-09-25T17:07:06+00:00,QQQ,2026-09-25,0,744.31,742.0,P,0.41,0.42,0.415,0.41,231605,2155,0.2043,-0.2268,0.0965,0.0464,-0.4111,1.61,3.38,0.29,3.2
2026-09-25T17:07:06+00:00,QQQ,2026-09-25,0,744.31,743.0,P,0.65,0.66,0.655,0.66,208225,2163,0.1971,-0.3279,0.1204,0.0552,-0.647,2.07,4.06,0.44,3.765
2026-09-25T17:07:06+00:00,QQQ,2026-09-25,0,744.31,744.0,P,1.01,1.02,1.015,1.02,205329,1690,0.1918,-0.454,0.1363,0.0602,-1.0027,2.53,4.83,0.66,4.385
2026-09-25T17:07:06+00:00,QQQ,2026-09-25,0,744.31,745.0,P,1.51,1.52,1.515,1.5,97531,4711,0.1877,-0.5923,0.1364,0.0591,-0.8331,3.13,5.67,0.97,5.05
2026-09-25T17:07:06+00:00,QQQ,2026-09-25,0,744.31,746.0,P,2.16,2.17,2.165,2.18,28575,1592,0.186,-0.7224,0.1189,0.0514,-0.4829,4.0,6.5,1.4,5.785
2026-09-25T17:07:06+00:00,QQQ,2026-09-25,0,744.31,747.0,P,2.92,2.99,2.955,2.92,10320,1426,0.1854,-0.8265,0.0906,0.0399,-0.2633,5.3,7.35,1.97,6.57
2026-09-25T17:07:06+00:00,QQQ,2026-09-25,0,744.31,748.0,P,3.78,3.89,3.835,3.8,3410,960,0.1649,-0.8977,0.0619,0.0283,-0.1398,6.27,8.36,2.66,7.41
2026-09-25T17:07:06+00:00,QQQ,2026-09-25,0,744.31,749.0,P,4.21,5.2,4.705,4.92,2178,484,0.1688,-0.9403,0.0397,0.0191,-0.0762,5.75,8.95,3.44,8.22
2026-09-25T17:07:06+00:00,QQQ,2026-09-25,0,744.31,750.0,P,5.67,6.17,5.92,5.67,1048,1729,0.0,-0.9637,0.0253,0.013,-0.0449,7.01,10.31,4.36,9.185
2026-09-25T17:07:06+00:00,QQQ,2026-09-25,0,744.31,751.0,P,6.07,7.16,6.615,5.92,541,87,0.0,-0.9762,0.0167,0.0092,-0.0295,8.73,11.35,5.38,9.97
2026-09-25T17:07:06+00:00,QQQ,2026-09-25,0,744.31,752.0,P,6.83,8.15,7.49,7.64,169,19,0.0,-0.983,0.0117,0.007,-0.0216,9.85,12.2,6.34,10.94
2026-09-25T17:07:06+00:00,QQQ,2026-09-25,0,744.31,753.0,P,7.76,9.14,8.45,8.18,168,3,0.0,-0.9868,0.0087,0.0056,-0.0174,10.9,11.27,7.38,11.9
2026-09-25T17:07:06+00:00,QQQ,2026-09-25,0,744.31,754.0,P,9.52,10.13,9.825,9.77,78,0,0.4041,-0.9891,0.0069,0.0047,-0.0152,12.14,14.33,8.16,12.885
2026-09-25T17:07:06+00:00,QQQ,2026-09-25,0,744.31,755.0,P,9.76,11.14,10.45,10.09,249,8,0.0,-0.9906,0.0056,0.0042,-0.014,12.33,15.01,9.5,14.01
2026-09-25T17:07:06+00:00,QQQ,2026-09-25,0,744.31,756.0,P,10.76,12.14,11.45,11.1,66,27,0.0,-0.9915,0.0048,0.0038,-0.0133,12.74,15.45,10.35,14.905
2026-09-25T17:07:06+00:00,QQQ,2026-09-25,0,744.31,757.0,P,11.75,13.14,12.445,12.76,24,0,0.0,-0.9922,0.0041,0.0035,-0.0129,13.19,16.29,12.13,15.875
2026-09-25T17:07:06+00:00,QQQ,2026-09-25,0,744.31,758.0,P,12.75,14.14,13.445,13.16,23,1,0.0,-0.9928,0.0036,0.0032,-0.0126,14.22,14.87,12.58,16.96
2026-09-25T17:07:06+00:00,QQQ,2026-09-25,0,744.31,759.0,P,13.75,15.14,14.445,14.13,53,3,0.0,-0.9933,0.0032,0.0031,-0.0125,18.46,18.46,13.35,17.88
2026-09-25T17:07:06+00:00,QQQ,2026-09-25,0,744.31,760.0,P,14.75,16.14,15.445,15.91,93,4,0.0,-0.9936,0.0029,0.0029,-0.0124,17.3,17.3,14.62,18.885
2026-09-25T17:07:06+00:00,QQQ,2026-09-25,0,744.31,761.0,P,15.75,17.14,16.445,16.14,2,0,0.0,-0.994,0.0026,0.0027,-0.0123,16.17,16.17,16.14,19.87
2026-09-25T17:07:06+00:00,QQQ,2026-09-25,0,744.31,762.0,P,16.75,18.17,17.46,17.15,10,0,0.0,-0.9943,0.0024,0.0026,-0.0122,19.28,20.13,17.15,20.86
2026-09-25T17:07:06+00:00,QQQ,2026-09-25,0,744.31,763.0,P,17.75,19.14,18.445,18.16,11,0,0.0,-0.9945,0.0022,0.0025,-0.0121,19.86,19.86,17.98,21.875
2026-09-25T17:07:06+00:00,QQQ,2026-09-25,0,744.31,764.0,P,19.5,20.71,20.105,18.75,10,0,0.8775,-0.9948,0.002,0.0024,-0.0121,22.85,23.21,18.75,22.8
2026-09-25T17:07:06+00:00,QQQ,2026-09-25,0,744.31,765.0,P,19.75,21.71,20.73,21.64,4,0,0.6352,-0.995,0.0018,0.0023,-0.012,23.61,23.61,21.64,23.805
2026-09-25T17:07:06+00:00,QQQ,2026-09-25,0,744.31,766.0,P,20.66,22.71,21.685,20.1,28,0,0.5554,-0.9952,0.0017,0.0022,-0.0119,23.31,25.78,20.1,24.77
2026-09-25T17:07:06+00:00,QQQ,2026-09-25,0,744.31,767.0,P,21.0,23.49,22.245,23.79,45,20,0.0,-0.9954,0.0016,0.0021,-0.0119,24.73,27.07,23.79,25.755
2026-09-25T17:07:06+00:00,QQQ,2026-09-25,0,744.31,768.0,P,22.0,24.74,23.37,24.46,27,0,0.0,-0.9956,0.0015,0.002,-0.0118,25.68,27.77,24.46,26.76
2026-09-25T17:07:06+00:00,QQQ,2026-09-25,0,744.31,769.0,P,23.03,25.72,24.375,25.86,46,0,0.0,-0.9957,0.0014,0.002,-0.0118,24.8,28.01,24.39,27.865
2026-09-25T17:07:06+00:00,QQQ,2026-09-25,0,744.31,770.0,P,24.0,26.73,25.365,26.43,53,0,0.0,-0.9959,0.0013,0.0019,-0.0117,28.91,28.94,26.02,28.865
2026-09-25T17:07:06+00:00,QQQ,2026-09-25,0,744.31,771.0,P,24.97,27.86,26.415,27.75,36,0,0.0,-0.996,0.0012,0.0018,-0.0116,30.0,31.55,27.42,29.755
2026-09-25T17:07:06+00:00,QQQ,2026-09-25,0,744.31,772.0,P,26.1,28.85,27.475,32.38,12,0,0.0,-0.9962,0.0011,0.0018,-0.0116,29.88,32.38,29.81,30.8
2026-09-25T17:07:06+00:00,QQQ,2026-09-25,0,744.31,773.0,P,27.16,29.72,28.44,33.37,14,0,0.0,-0.9963,0.0011,0.0017,-0.0115,28.22,33.37,28.22,31.755
2026-09-25T17:07:06+00:00,QQQ,2026-09-25,0,744.31,774.0,P,28.09,30.71,29.4,30.74,22,0,0.0,-0.9964,0.001,0.0017,-0.0115,29.03,32.07,29.03,32.91
2026-09-25T17:07:06+00:00,QQQ,2026-09-25,0,744.31,775.0,P,29.0,31.74,30.37,31.81,81,0,0.0,-0.9965,0.001,0.0016,-0.0114,30.2,35.14,30.03,33.755
2026-09-25T17:07:06+00:00,QQQ,2026-09-25,0,744.31,776.0,P,30.15,32.73,31.44,30.26,90,0,0.0,-0.9966,0.0009,0.0016,-0.0114,32.62,36.13,30.26,34.79
2026-09-25T17:07:06+00:00,QQQ,2026-09-25,0,744.31,777.0,P,31.03,33.89,32.46,33.18,24,0,0.0,-0.9967,0.0008,0.0016,-0.0113,34.69,35.53,33.18,35.87
2026-09-25T17:07:06+00:00,QQQ,2026-09-25,0,744.31,778.0,P,32.05,34.73,33.39,34.8,16,0,0.0,-0.9968,0.0008,0.0015,-0.0112,34.64,37.4,34.61,36.785
2026-09-25T17:07:06+00:00,QQQ,2026-09-25,0,744.31,779.0,P,33.15,35.72,34.435,35.68,22,0,0.0,-0.9969,0.0008,0.0015,-0.0112,35.57,38.39,35.54,38.2
2026-09-25T17:07:06+00:00,QQQ,2026-09-25,0,744.31,780.0,P,34.02,36.88,35.45,36.79,40,0,0.0,-0.997,0.0007,0.0014,-0.0111,37.87,40.18,36.79,39.03
2026-09-25T17:07:06+00:00,QQQ,2026-09-25,0,744.31,781.0,P,35.15,38.11,36.63,37.63,46,0,0.0,-0.997,0.0007,0.0014,-0.0111,38.8,41.17,37.63,40.285
2026-09-25T17:07:06+00:00,QQQ,2026-09-25,0,744.31,782.0,P,36.04,38.87,37.455,40.3,8,0,0.0,-0.9971,0.0007,0.0014,-0.011,40.59,40.63,40.27,41.09
2026-09-25T17:07:06+00:00,QQQ,2026-09-25,0,744.31,785.0,P,39.0,41.9,40.45,41.07,18,0,0.0,-0.9973,0.0006,0.0013,-0.0109,42.95,42.95,40.2,44.205
2026-09-25T17:07:06+00:00,QQQ,2026-09-25,0,744.31,790.0,P,44.04,46.88,45.46,47.64,5,4,0.0,-0.9976,0.0005,0.0012,-0.0106,45.3,47.71,45.3,48.84
2026-09-25T17:07:06+00:00,QQQ,2026-09-25,0,744.31,805.0,P,60.37,61.69,61.03,60.81,1,0,2.0315,-0.9982,0.0003,0.0009,-0.0099,60.81,60.81,60.81,64.24
2026-09-25T17:22:05+00:00,QQQ,2026-09-25,0,745.05,450.0,C,294.86,295.1,294.98,294.03,49,0,0.0,0.9999,0.0,0.0,-0.0015,293.6,294.93,293.44,290.915
2026-09-25T17:22:05+00:00,QQQ,2026-09-25,0,745.05,455.0,C,289.84,290.1,289.97,290.07,4,0,0.0,0.9999,0.0,0.0,-0.0016,290.06,290.07,290.06,285.94
2026-09-25T17:22:05+00:00,QQQ,2026-09-25,0,745.05,510.0,C,233.77,235.96,234.865,232.09,1,5,0.0,0.9998,0.0,0.0001,-0.0032,232.09,232.09,232.09,231.115
2026-09-25T17:22:05+00:00,QQQ,2026-09-25,0,745.05,575.0,C,168.24,170.96,169.6,170.37,1,0,0.0,0.9996,0.0,0.0002,-0.006,170.37,170.37,170.37,165.915
2026-09-25T17:22:05+00:00,QQQ,2026-09-25,0,745.05,600.0,C,143.74,145.96,144.85,141.06,12,16,0.0,0.9994,0.0,0.0003,-0.0075,142.9,142.9,141.06,141.055
2026-09-25T17:22:05+00:00,QQQ,2026-09-25,0,745.05,610.0,C,133.19,135.9,134.545,134.77,2,14,0.0,0.9993,0.0,0.0003,-0.0081,131.85,134.77,131.85,131.06
2026-09-25T17:22:05+00:00,QQQ,2026-09-25,0,745.05,620.0,C,123.24,125.97,124.605,122.41,10,32,0.0,0.9992,0.0001,0.0004,-0.0088,123.0,123.0,121.33,121.26
2026-09-25T17:22:05+00:00,QQQ,2026-09-25,0,745.05,635.0,C,108.24,111.48,109.86,109.31,2,1,0.0,0.999,0.0001,0.0005,-0.0098,109.38,109.38,109.31,106.385
2026-09-25T17:22:05+00:00,QQQ,2026-09-25,0,745.05,650.0,C,93.24,95.26,94.25,94.76,12,42,0.0,0.9988,0.0001,0.0006,-0.0109,94.3,94.76,94.16,91.05
2026-09-25T17:22:05+00:00,QQQ,2026-09-25,0,745.05,655.0,C,88.26,90.33,89.295,89.37,2,40,0.0,0.9987,0.0001,0.0006,-0.0113,89.4,89.4,89.37,85.85
2026-09-25T17:22:05+00:00,QQQ,2026-09-25,0,745.05,665.0,C,78.23,81.01,79.62,79.56,50,51,0.0,0.9985,0.0002,0.0007,-0.0121,79.56,79.56,79.56,75.76
2026-09-25T17:22:05+00:00,QQQ,2026-09-25,0,745.05,667.0,C,76.26,79.0,77.63,73.32,1,3,0.0,0.9984,0.0002,0.0007,-0.0122,73.32,73.32,73.32,73.855
2026-09-25T17:22:05+00:00,QQQ,2026-09-25,0,745.05,671.0,C,72.23,74.97,73.6,74.38,1,36,0.0,0.9983,0.0002,0.0008,-0.0126,74.38,74.38,74.38,70.095
2026-09-25T17:22:05+00:00,QQQ,2026-09-25,0,745.05,675.0,C,68.25,70.91,69.58,68.02,62,47,0.0,0.9982,0.0002,0.0008,-0.0129,67.56,68.02,65.32,66.13
2026-09-25T17:22:05+00:00,QQQ,2026-09-25,0,745.05,676.0,C,67.24,70.01,68.625,68.43,2,1,0.0,0.9981,0.0002,0.0009,-0.013,68.43,68.43,68.43,65.25
2026-09-25T17:22:05+00:00,QQQ,2026-09-25,0,745.05,677.0,C,66.24,68.94,67.59,66.43,16,16,0.0,0.9981,0.0002,0.0009,-0.0131,63.81,66.43,63.81,64.1
2026-09-25T17:22:05+00:00,QQQ,2026-09-25,0,745.05,679.0,C,65.83,66.98,66.405,61.33,1,4,2.5309,0.998,0.0003,0.0009,-0.0132,61.33,61.33,61.33,62.535
2026-09-25T17:22:05+00:00,QQQ,2026-09-25,0,745.05,680.0,C,64.83,66.01,65.42,63.6,1,15,2.5122,0.998,0.0003,0.0009,-0.0133,63.6,63.6,63.6,61.205
2026-09-25T17:22:05+00:00,QQQ,2026-09-25,0,745.05,681.0,C,63.78,65.47,64.625,61.51,2,6,2.656,0.998,0.0003,0.0009,-0.0134,61.4,61.51,61.4,60.26
2026-09-25T17:22:05+00:00,QQQ,2026-09-25,0,745.05,682.0,C,62.83,63.99,63.41,60.56,1,5,2.4349,0.9979,0.0003,0.001,-0.0135,60.56,60.56,60.56,59.255
2026-09-25T17:22:05+00:00,QQQ,2026-09-25,0,745.05,684.0,C,60.82,61.9,61.36,58.35,28,8,2.318,0.9978,0.0003,0.001,-0.0137,60.83,61.33,57.57,57.11
2026-09-25T17:22:05+00:00,QQQ,2026-09-25,0,745.05,685.0,C,59.83,60.95,60.39,57.4,4,40,2.3146,0.9978,0.0003,0.001,-0.0138,59.81,59.81,56.15,56.1
2026-09-25T17:22:05+00:00,QQQ,2026-09-25,0,745.05,687.0,C,57.83,58.99,58.41,54.11,1,12,2.2663,0.9977,0.0003,0.001,-0.014,54.11,54.11,54.11,54.11
2026-09-25T17:22:05+00:00,QQQ,2026-09-25,0,745.05,688.0,C,56.83,57.97,57.4,54.08,27,5,2.2233,0.9976,0.0004,0.0011,-0.014,56.81,56.81,53.85,53.11
2026-09-25T17:22:05+00:00,QQQ,2026-09-25,0,745.05,689.0,C,55.83,56.9,56.365,53.13,2,46,2.1566,0.9976,0.0004,0.0011,-0.0141,52.11,53.13,52.11,52.11
2026-09-25T17:22:05+00:00,QQQ,2026-09-25,0,745.05,690.0,C,54.66,55.93,55.295,51.65,41,164,2.0524,0.9976,0.0004,0.0011,-0.0142,52.43,52.43,50.05,51.11
2026-09-25T17:22:05+00:00,QQQ,2026-09-25,0,745.05,691.0,C,53.83,54.99,54.41,54.37,5,48,2.131,0.9975,0.0004,0.0011,-0.0143,52.55,54.42,52.55,50.1
2026-09-25T17:22:05+00:00,QQQ,2026-09-25,0,745.05,692.0,C,51.76,53.99,52.875,53.12,3,22,0.0,0.9974,0.0004,0.0012,-0.0144,48.46,53.12,48.46,48.93
2026-09-25T17:22:05+00:00,QQQ,2026-09-25,0,745.05,694.0,C,49.24,52.01,50.625,51.37,1,29,0.0,0.9973,0.0004,0.0012,-0.0146,51.37,51.37,51.37,47.11
2026-09-25T17:22:05+00:00,QQQ,2026-09-25,0,745.05,695.0,C,48.24,50.97,49.605,47.96,38,225,0.0,0.9973,0.0004,0.0012,-0.0147,47.58,47.96,46.21,46.11
2026-09-25T17:22:05+00:00,QQQ,2026-09-25,0,745.05,697.0,C,46.22,48.92,47.57,43.8,7,84,0.0,0.9972,0.0005,0.0013,-0.0149,43.91,44.85,43.8,44.27
2026-09-25T17:22:05+00:00,QQQ,2026-09-25,0,745.05,698.0,C,45.22,47.99,46.605,46.41,1,80,0.0,0.9971,0.0005,0.0013,-0.015,46.41,46.41,46.41,43.11
2026-09-25T17:22:05+00:00,QQQ,2026-09-25,0,745.05,699.0,C,44.24,46.99,45.615,44.1,14,114,0.0,0.997,0.0005,0.0013,-0.015,45.83,46.24,44.1,42.265
2026-09-25T17:22:05+00:00,QQQ,2026-09-25,0,745.05,700.0,C,44.03,45.6,44.815,44.82,175,969,0.0,0.9969,0.0006,0.0014,-0.0151,42.0,44.82,40.0,41.15
2026-09-25T17:22:05+00:00,QQQ,2026-09-25,0,745.05,701.0,C,42.22,45.02,43.62,43.14,9,57,0.0,0.9969,0.0006,0.0014,-0.0152,42.29,43.14,39.38,40.27
2026-09-25T17:22:05+00:00,QQQ,2026-09-25,0,745.05,702.0,C,41.74,43.56,42.65,42.2,4,309,0.0,0.9968,0.0006,0.0014,-0.0153,38.9,42.2,38.9,39.265
2026-09-25T17:22:05+00:00,QQQ,2026-09-25,0,745.05,703.0,C,40.23,42.97,41.6,42.15,5,192,0.0,0.9967,0.0006,0.0015,-0.0154,40.98,42.15,40.1,38.265
2026-09-25T17:22:05+00:00,QQQ,2026-09-25,0,745.05,704.0,C,39.23,41.95,40.59,40.95,15,330,0.0,0.9966,0.0006,0.0015,-0.0155,39.3,40.95,39.29,37.205
2026-09-25T17:22:05+00:00,QQQ,2026-09-25,0,745.05,705.0,C,39.04,40.17,39.605,40.06,9,1128,0.0,0.9965,0.0007,0.0015,-0.0156,38.98,40.06,36.78,36.36
2026-09-25T17:22:05+00:00,QQQ,2026-09-25,0,745.05,706.0,C,37.25,39.88,38.565,38.42,8,382,0.0,0.9964,0.0007,0.0016,-0.0157,35.04,39.16,34.84,35.17
2026-09-25T17:22:05+00:00,QQQ,2026-09-25,0,745.05,707.0,C,37.43,38.97,38.2,37.23,78,399,1.4049,0.9964,0.0008,0.0016,-0.0158,36.87,37.9,33.68,34.155
2026-09-25T17:22:05+00:00,QQQ,2026-09-25,0,745.05,708.0,C,35.74,37.88,36.81,36.66,110,486,0.0,0.9962,0.0008,0.0017,-0.0159,35.86,36.66,31.5,33.185
2026-09-25T17:22:05+00:00,QQQ,2026-09-25,0,745.05,709.0,C,34.24,36.92,35.58,31.93,92,475,0.0,0.9961,0.0008,0.0017,-0.016,34.58,35.95,31.58,32.36
2026-09-25T17:22:05+00:00,QQQ,2026-09-25,0,745.05,710.0,C,33.83,35.83,34.83,34.66,156,2041,0.0,0.996,0.0009,0.0018,-0.0161,33.83,35.09,29.99,31.365
2026-09-25T17:22:05+00:00,QQQ,2026-09-25,0,745.05,711.0,C,33.84,34.93,34.385,33.43,25,1740,1.4278,0.9959,0.0009,0.0018,-0.0162,32.71,34.27,31.0,30.185
2026-09-25T17:22:05+00:00,QQQ,2026-09-25,0,745.05,712.0,C,32.92,33.32,33.12,32.35,34,1393,1.158,0.9958,0.001,0.0018,-0.0163,30.8,33.85,27.94,29.29
2026-09-25T17:22:05+00:00,QQQ,2026-09-25,0,745.05,713.0,C,31.8,32.27,32.035,31.8,41,388,0.9922,0.9957,0.001,0.0019,-0.0164,31.08,33.4,29.1,28.175
2026-09-25T17:22:05+00:00,QQQ,2026-09-25,0,745.05,714.0,C,30.83,31.26,31.045,31.23,54,433,0.985,0.9955,0.0011,0.002,-0.0165,29.85,31.95,26.72,27.3
2026-09-25T17:22:05+00:00,QQQ,2026-09-25,0,745.05,715.0,C,29.89,30.23,30.06,30.23,144,2764,0.9834,0.9954,0.0011,0.002,-0.0166,27.38,30.29,25.53,26.375
2026-09-25T17:22:05+00:00,QQQ,2026-09-25,0,745.05,716.0,C,28.81,29.26,29.035,29.23,228,899,0.9092,0.9952,0.0012,0.0021,-0.0167,26.37,29.66,23.77,25.2
2026-09-25T17:22:05+00:00,QQQ,2026-09-25,0,745.05,717.0,C,27.85,28.58,28.215,27.91,95,1275,1.0707,0.9951,0.0013,0.0022,-0.0168,25.38,28.23,23.65,24.345
2026-09-25T17:22:05+00:00,QQQ,2026-09-25,0,745.05,718.0,C,26.77,27.26,27.015,26.86,409,2117,0.8092,0.9949,0.0014,0.0022,-0.0169,24.15,27.31,22.85,23.305
2026-09-25T17:22:05+00:00,QQQ,2026-09-25,0,745.05,719.0,C,25.89,26.25,26.07,26.02,150,2166,0.8823,0.9947,0.0015,0.0023,-0.017,23.86,26.58,21.72,22.335
2026-09-25T17:22:05+00:00,QQQ,2026-09-25,0,745.05,720.0,C,24.9,25.26,25.08,25.15,329,4506,0.8661,0.9945,0.0016,0.0024,-0.0171,23.8,25.79,20.05,21.345
2026-09-25T17:22:05+00:00,QQQ,2026-09-25,0,745.05,721.0,C,23.83,24.18,24.005,23.98,182,1521,0.7026,0.9943,0.0017,0.0025,-0.0172,22.91,24.61,19.22,20.33
2026-09-25T17:22:05+00:00,QQQ,2026-09-25,0,745.05,722.0,C,22.86,23.26,23.06,23.03,117,1603,0.7801,0.994,0.0018,0.0026,-0.0173,20.23,23.56,18.01,19.4
2026-09-25T17:22:05+00:00,QQQ,2026-09-25,0,745.05,723.0,C,21.72,22.26,21.99,21.38,166,1475,0.5994,0.9938,0.002,0.0027,-0.0175,18.87,22.09,17.65,18.41
2026-09-25T17:22:05+00:00,QQQ,2026-09-25,0,745.05,724.0,C,20.86,21.17,21.015,21.03,247,1444,0.6473,0.9935,0.0021,0.0028,-0.0176,18.9,21.46,17.06,17.38
2026-09-25T17:22:05+00:00,QQQ,2026-09-25,0,745.05,725.0,C,19.46,20.2,19.83,19.89,537,3340,0.0,0.9932,0.0023,0.0029,-0.0178,17.18,20.66,14.98,16.38
2026-09-25T17:22:05+00:00,QQQ,2026-09-25,0,745.05,726.0,C,18.86,19.26,19.06,19.07,357,2231,0.6619,0.9928,0.0025,0.003,-0.018,16.54,19.65,13.84,15.465
2026-09-25T17:22:05+00:00,QQQ,2026-09-25,0,745.05,727.0,C,17.77,18.27,18.02,17.27,256,1527,0.5746,0.9924,0.0028,0.0032,-0.0182,15.02,18.46,13.71,14.495
2026-09-25T17:22:05+00:00,QQQ,2026-09-25,0,745.05,728.0,C,16.86,17.26,17.06,17.06,359,2229,0.602,0.992,0.0031,0.0034,-0.0185,14.37,17.77,12.82,13.5
2026-09-25T17:22:05+00:00,QQQ,2026-09-25,0,745.05,729.0,C,15.81,16.27,16.04,15.48,297,6541,0.5478,0.9915,0.0034,0.0036,-0.0189,13.6,16.33,11.5,12.54
2026-09-25T17:22:05+00:00,QQQ,2026-09-25,0,745.05,730.0,C,14.56,15.12,14.84,14.32,735,5327,0.0,0.9908,0.0038,0.0038,-0.0194,13.43,15.52,9.91,11.5
2026-09-25T17:22:05+00:00,QQQ,2026-09-25,0,745.05,731.0,C,13.43,14.12,13.775,14.21,414,2062,0.0,0.99,0.0044,0.0041,-0.0202,12.55,14.82,9.19,10.59
2026-09-25T17:22:05+00:00,QQQ,2026-09-25,0,745.05,732.0,C,12.86,13.27,13.065,13.05,464,1757,0.4847,0.9889,0.0051,0.0045,-0.0214,10.5,13.58,8.09,9.62
2026-09-25T17:22:05+00:00,QQQ,2026-09-25,0,745.05,733.0,C,11.91,12.28,12.095,12.09,961,1220,0.478,0.9874,0.006,0.005,-0.0231,9.9,12.66,7.13,8.795
2026-09-25T17:22:05+00:00,QQQ,2026-09-25,0,745.05,734.0,C,10.88,11.28,11.08,10.9,2349,3797,0.434,0.9854,0.0073,0.0058,-0.0258,8.3,11.44,6.24,7.875
2026-09-25T17:22:05+00:00,QQQ,2026-09-25,0,745.05,735.0,C,9.65,10.13,9.89,9.66,5142,8526,0.0,0.9825,0.0091,0.0067,-0.0297,7.16,10.75,5.43,7.03
2026-09-25T17:22:05+00:00,QQQ,2026-09-25,0,745.05,736.0,C,8.94,9.22,9.08,8.91,2291,4244,0.3878,0.9783,0.0116,0.0081,-0.0356,6.73,9.86,4.59,6.225
2026-09-25T17:22:05+00:00,QQQ,2026-09-25,0,745.05,737.0,C,7.9,8.21,8.055,8.04,3014,3792,0.3176,0.9721,0.0152,0.01,-0.0445,5.66,8.84,3.83,5.46
2026-09-25T17:22:05+00:00,QQQ,2026-09-25,0,745.05,738.0,C,6.91,7.22,7.065,7.19,5862,3576,0.2916,0.9629,0.0206,0.0126,-0.0579,5.07,8.0,3.11,4.735
2026-09-25T17:22:05+00:00,QQQ,2026-09-25,0,745.05,739.0,C,5.93,6.17,6.05,6.01,11698,5477,0.2208,0.949,0.0285,0.0162,-0.0783,4.22,7.0,2.46,4.07
2026-09-25T17:22:05+00:00,QQQ,2026-09-25,0,745.05,740.0,C,5.02,5.2,5.11,5.04,42324,9097,0.2231,0.9275,0.0402,0.0212,-0.1105,3.58,6.0,1.85,3.455
2026-09-25T17:22:05+00:00,QQQ,2026-09-25,0,745.05,741.0,C,4.07,4.2,4.135,4.17,93197,7953,0.2113,0.8936,0.0573,0.0279,-0.1636,2.92,5.13,1.29,2.9
2026-09-25T17:22:05+00:00,QQQ,2026-09-25,0,745.05,742.0,C,3.26,3.33,3.295,3.31,196269,6533,0.2052,0.8395,0.081,0.0366,-0.255,2.16,4.21,0.84,2.405
2026-09-25T17:22:05+00:00,QQQ,2026-09-25,0,745.05,743.0,C,2.41,2.46,2.435,2.45,270264,5419,0.194,0.7562,0.1098,0.0466,-0.4132,1.73,3.35,0.53,1.965
2026-09-25T17:22:05+00:00,QQQ,2026-09-25,0,745.05,744.0,C,1.69,1.7,1.695,1.7,357821,6129,0.1869,0.6394,0.1362,0.0552,-0.6768,1.18,2.56,0.31,1.585
2026-09-25T17:22:05+00:00,QQQ,2026-09-25,0,745.05,745.0,C,1.08,1.09,1.085,1.08,434366,13975,0.1822,0.497,0.1487,0.0586,-1.0583,0.9,1.9,0.19,1.255
2026-09-25T17:22:05+00:00,QQQ,2026-09-25,0,745.05,746.0,C,0.64,0.65,0.645,0.64,311610,14457,0.1808,0.3507,0.1394,0.0546,-0.6275,0.68,1.38,0.12,0.995
2026-09-25T17:22:05+00:00,QQQ,2026-09-25,0,745.05,747.0,C,0.36,0.37,0.365,0.37,175531,4485,0.1816,0.2256,0.1122,0.0448,-0.3488,0.4,0.96,0.08,0.775
2026-09-25T17:22:05+00:00,QQQ,2026-09-25,0,745.05,748.0,C,0.19,0.2,0.195,0.19,121070,8907,0.189,0.1356,0.0795,0.033,-0.1875,0.26,0.64,0.04,0.605
2026-09-25T17:22:05+00:00,QQQ,2026-09-25,0,745.05,749.0,C,0.1,0.11,0.105,0.1,66602,5760,0.1954,0.0794,0.052,0.0228,-0.1017,0.17,0.44,0.04,0.475
2026-09-25T17:22:05+00:00,QQQ,2026-09-25,0,745.05,750.0,C,0.06,0.07,0.065,0.06,74068,20833,0.2085,0.0473,0.033,0.0154,-0.0582,0.11,0.32,0.03,0.365
2026-09-25T17:22:05+00:00,QQQ,2026-09-25,0,745.05,751.0,C,0.03,0.04,0.035,0.04,25508,3438,0.2156,0.0297,0.0212,0.0107,-0.0361,0.07,0.24,0.02,0.285
2026-09-25T17:22:05+00:00,QQQ,2026-09-25,0,745.05,752.0,C,0.01,0.02,0.015,0.02,21740,4770,0.216,0.0202,0.0143,0.0078,-0.0248,0.06,0.18,0.01,0.225
2026-09-25T17:22:05+00:00,QQQ,2026-09-25,0,745.05,753.0,C,0.01,0.02,0.015,0.01,29975,4891,0.2422,0.0149,0.0103,0.006,-0.019,0.05,0.13,0.01,0.175
2026-09-25T17:22:05+00:00,QQQ,2026-09-25,0,745.05,754.0,C,0.01,0.02,0.015,0.02,13078,12655,0.2681,0.0119,0.0078,0.005,-0.016,0.09,0.1,0.01,0.145
2026-09-25T17:22:05+00:00,QQQ,2026-09-25,0,745.05,755.0,C,0.01,0.02,0.015,0.02,7970,21605,0.2936,0.0102,0.0063,0.0043,-0.0144,0.01,0.08,0.01,0.115
2026-09-25T17:22:05+00:00,QQQ,2026-09-25,0,745.05,756.0,C,0.01,0.02,0.015,0.02,6014,5483,0.3188,0.0091,0.0053,0.0039,-0.0137,0.04,0.06,0.01,0.095
2026-09-25T17:22:05+00:00,QQQ,2026-09-25,0,745.05,757.0,C,0.0,0.01,0.01,0.01,2950,2957,0.3041,0.0083,0.0045,0.0036,-0.0132,0.01,0.05,0.01,0.085
2026-09-25T17:22:05+00:00,QQQ,2026-09-25,0,745.05,758.0,C,0.0,0.01,0.01,0.01,5180,3008,0.327,0.0076,0.004,0.0033,-0.013,0.03,0.04,0.01,0.065
2026-09-25T17:22:05+00:00,QQQ,2026-09-25,0,745.05,759.0,C,0.0,0.01,0.01,0.01,886,988,0.3493,0.0072,0.0035,0.0031,-0.0129,0.01,0.04,0.01,0.055
2026-09-25T17:22:05+00:00,QQQ,2026-09-25,0,745.05,760.0,C,0.0,0.01,0.01,0.01,4553,9228,0.3714,0.0067,0.0031,0.0029,-0.0128,0.03,0.04,0.01,0.055
2026-09-25T17:22:05+00:00,QQQ,2026-09-25,0,745.05,761.0,C,0.0,0.01,0.01,0.01,3033,1234,0.3933,0.0064,0.0028,0.0028,-0.0127,0.02,0.03,0.01,0.045
2026-09-25T17:22:05+00:00,QQQ,2026-09-25,0,745.05,762.0,C,0.0,0.01,0.01,0.01,319,1142,0.4151,0.0061,0.0026,0.0026,-0.0126,0.02,0.03,0.01,0.045
2026-09-25T17:22:05+00:00,QQQ,2026-09-25,0,745.05,763.0,C,0.0,0.01,0.01,0.01,642,935,0.4367,0.0058,0.0023,0.0025,-0.0126,0.02,0.02,0.01,0.035
2026-09-25T17:22:05+00:00,QQQ,2026-09-25,0,745.05,764.0,C,0.0,0.01,0.01,0.01,1011,2707,0.4583,0.0055,0.0021,0.0024,-0.0125,0.01,0.02,0.01,0.035
2026-09-25T17:22:05+00:00,QQQ,2026-09-25,0,745.05,765.0,C,0.0,0.01,0.01,0.01,898,5206,0.4797,0.0053,0.002,0.0023,-0.0124,0.02,0.02,0.01,0.025
2026-09-25T17:22:05+00:00,QQQ,2026-09-25,0,745.05,766.0,C,0.0,0.01,0.01,0.01,1206,487,0.501,0.005,0.0018,0.0022,-0.0124,0.02,0.02,0.01,0.025
2026-09-25T17:22:05+00:00,QQQ,2026-09-25,0,745.05,767.0,C,0.0,0.01,0.01,0.01,351,171,0.5222,0.0048,0.0017,0.0021,-0.0123,0.01,0.02,0.01,0.025
2026-09-25T17:22:05+00:00,QQQ,2026-09-25,0,745.05,768.0,C,0.0,0.01,0.01,0.01,17,706,0.5433,0.0047,0.0016,0.0021,-0.0123,0.01,0.02,0.01,0.025
2026-09-25T17:22:05+00:00,QQQ,2026-09-25,0,745.05,769.0,C,0.0,0.01,0.01,0.01,5,711,0.5643,0.0045,0.0014,0.002,-0.0122,0.01,0.01,0.01,0.025
2026-09-25T17:22:05+00:00,QQQ,2026-09-25,0,745.05,770.0,C,0.0,0.01,0.01,0.01,302,7792,0.5852,0.0043,0.0014,0.0019,-0.0121,0.02,0.02,0.01,0.015
2026-09-25T17:22:05+00:00,QQQ,2026-09-25,0,745.05,771.0,C,0.0,0.01,0.01,0.01,40,90,0.606,0.0042,0.0013,0.0019,-0.0121,0.01,0.02,0.01,0.015
2026-09-25T17:22:05+00:00,QQQ,2026-09-25,0,745.05,772.0,C,0.0,0.01,0.02,0.02,0,62,0.6268,0.004,0.0012,0.0018,-0.012,0.0,0.0,0.0,0.015
2026-09-25T17:22:05+00:00,QQQ,2026-09-25,0,745.05,773.0,C,0.0,0.01,0.02,0.02,0,1061,0.6474,0.0039,0.0011,0.0018,-0.012,0.0,0.0,0.0,0.015
2026-09-25T17:22:05+00:00,QQQ,2026-09-25,0,745.05,774.0,C,0.0,0.01,0.02,0.02,0,1312,0.668,0.0038,0.0011,0.0017,-0.0119,0.0,0.0,0.0,0.015
2026-09-25T17:22:05+00:00,QQQ,2026-09-25,0,745.05,775.0,C,0.0,0.01,0.01,0.01,2,1926,0.6884,0.0037,0.001,0.0016,-0.0118,0.01,0.01,0.01,0.015
2026-09-25T17:22:05+00:00,QQQ,2026-09-25,0,745.05,776.0,C,0.0,0.01,0.02,0.02,0,368,0.7088,0.0036,0.001,0.0016,-0.0118,0.0,0.0,0.0,0.015
2026-09-25T17:22:05+00:00,QQQ,2026-09-25,0,745.05,777.0,C,0.0,0.01,0.01,0.01,4,68,0.7292,0.0035,0.0009,0.0016,-0.0117,0.01,0.01,0.01,0.015
2026-09-25T17:22:05+00:00,QQQ,2026-09-25,0,745.05,778.0,C,0.0,0.01,0.02,0.02,4,139,0.7494,0.0034,0.0008,0.0015,-0.0117,0.02,0.02,0.02,0.015
2026-09-25T17:22:05+00:00,QQQ,2026-09-25,0,745.05,779.0,C,0.0,0.01,0.02,0.02,0,328,0.7696,0.0033,0.0008,0.0015,-0.0116,0.0,0.0,0.0,0.015
2026-09-25T17:22:05+00:00,QQQ,2026-09-25,0,745.05,780.0,C,0.0,0.01,0.01,0.01,2,1683,0.7897,0.0032,0.0008,0.0014,-0.0116,0.01,0.01,0.01,0.015
2026-09-25T17:22:05+00:00,QQQ,2026-09-25,0,745.05,781.0,C,0.0,0.01,0.01,0.01,0,264,0.8097,0.0031,0.0007,0.0014,-0.0115,0.0,0.0,0.0,0.005
2026-09-25T17:22:05+00:00,QQQ,2026-09-25,0,745.05,782.0,C,0.0,0.01,0.01,0.01,288,707,0.8297,0.003,0.0007,0.0014,-0.0114,0.01,0.01,0.01,0.005
2026-09-25T17:22:05+00:00,QQQ,2026-09-25,0,745.05,935.0,C,0.0,0.01,0.01,0.01,26,40,3.4251,0.0005,0.0,0.0002,-0.0055,0.01,0.01,0.01,0.005
2026-09-25T17:22:05+00:00,QQQ,2026-09-25,0,745.05,450.0,P,0.0,0.01,0.01,0.01,12,1311,7.3816,-0.0001,0.0,0.0,-0.0015,0.01,0.01,0.01,0.005
2026-09-25T17:22:05+00:00,QQQ,2026-09-25,0,745.05,580.0,P,0.0,0.01,0.01,0.01,25,772,3.8114,-0.0004,0.0,0.0002,-0.0063,0.01,0.01,0.01,0.005
2026-09-25T17:22:05+00:00,QQQ,2026-09-25,0,745.05,600.0,P,0.0,0.01,0.01,0.01,1,4152,3.3256,-0.0006,0.0,0.0003,-0.0075,0.01,0.01,0.01,0.005
2026-09-25T17:22:05+00:00,QQQ,2026-09-25,0,745.05,605.0,P,0.0,0.01,0.01,0.01,2,1883,3.2061,-0.0006,0.0,0.0003,-0.0078,0.01,0.01,0.01,0.005
2026-09-25T17:22:05+00:00,QQQ,2026-09-25,0,745.05,620.0,P,0.0,0.01,0.01,0.01,17,2323,2.8522,-0.0008,0.0001,0.0004,-0.0088,0.01,0.01,0.01,0.005
2026-09-25T17:22:05+00:00,QQQ,2026-09-25,0,745.05,625.0,P,0.0,0.01,0.01,0.01,5,1666,2.7355,-0.0008,0.0001,0.0004,-0.0091,0.01,0.01,0.01,0.005
2026-09-25T17:22:05+00:00,QQQ,2026-09-25,0,745.05,635.0,P,0.0,0.01,0.01,0.01,20,15929,2.5043,-0.001,0.0001,0.0005,-0.0098,0.01,0.01,0.01,0.005
2026-09-25T17:22:05+00:00,QQQ,2026-09-25,0,745.05,640.0,P,0.0,0.01,0.01,0.01,6,1828,2.3895,-0.001,0.0001,0.0005,-0.0102,0.01,0.02,0.01,0.005
2026-09-25T17:22:05+00:00,QQQ,2026-09-25,0,745.05,645.0,P,0.0,0.01,0.01,0.01,54,4195,2.2754,-0.0011,0.0001,0.0005,-0.0105,0.01,0.02,0.01,0.005
2026-09-25T17:22:05+00:00,QQQ,2026-09-25,0,745.05,650.0,P,0.0,0.01,0.01,0.01,9,10661,2.1618,-0.0012,0.0001,0.0006,-0.0109,0.01,0.01,0.01,0.005
2026-09-25T17:22:05+00:00,QQQ,2026-09-25,0,745.05,660.0,P,0.0,0.01,0.01,0.01,30,4570,1.9361,-0.0014,0.0001,0.0007,-0.0117,0.01,0.01,0.01,0.005
2026-09-25T17:22:05+00:00,QQQ,2026-09-25,0,745.05,665.0,P,0.0,0.01,0.01,0.01,45,38192,1.8239,-0.0015,0.0002,0.0007,-0.0121,0.01,0.01,0.01,0.005
2026-09-25T17:22:05+00:00,QQQ,2026-09-25,0,745.05,667.0,P,0.0,0.01,0.01,0.01,10,2556,1.7792,-0.0016,0.0002,0.0007,-0.0122,0.01,0.01,0.01,0.005
2026-09-25T17:22:05+00:00,QQQ,2026-09-25,0,745.05,669.0,P,0.0,0.01,0.01,0.01,1,796,1.7345,-0.0016,0.0002,0.0008,-0.0124,0.01,0.01,0.01,0.005
2026-09-25T17:22:05+00:00,QQQ,2026-09-25,0,745.05,670.0,P,0.0,0.01,0.01,0.01,39,5857,1.7122,-0.0017,0.0002,0.0008,-0.0125,0.01,0.01,0.01,0.005
2026-09-25T17:22:05+00:00,QQQ,2026-09-25,0,745.05,672.0,P,0.0,0.01,0.01,0.01,4,726,1.6676,-0.0017,0.0002,0.0008,-0.0127,0.01,0.01,0.01,0.015
2026-09-25T17:22:05+00:00,QQQ,2026-09-25,0,745.05,673.0,P,0.0,0.01,0.01,0.01,3,607,1.6453,-0.0018,0.0002,0.0008,-0.0127,0.01,0.01,0.01,0.015
2026-09-25T17:22:05+00:00,QQQ,2026-09-25,0,745.05,674.0,P,0.0,0.01,0.01,0.01,1,825,1.6231,-0.0018,0.0002,0.0008,-0.0128,0.01,0.01,0.01,0.015
2026-09-25T17:22:05+00:00,QQQ,2026-09-25,0,745.05,675.0,P,0.0,0.01,0.01,0.01,32,3161,1.6008,-0.0018,0.0002,0.0008,-0.0129,0.01,0.01,0.01,0.015
2026-09-25T17:22:05+00:00,QQQ,2026-09-25,0,745.05,677.0,P,0.0,0.01,0.01,0.01,28,772,1.5563,-0.0019,0.0002,0.0009,-0.0131,0.01,0.01,0.01,0.015
2026-09-25T17:22:05+00:00,QQQ,2026-09-25,0,745.05,678.0,P,0.0,0.01,0.01,0.01,150,890,1.5341,-0.0019,0.0002,0.0009,-0.0132,0.01,0.01,0.01,0.015
2026-09-25T17:22:05+00:00,QQQ,2026-09-25,0,745.05,680.0,P,0.0,0.01,0.01,0.01,76,3580,1.4897,-0.002,0.0003,0.0009,-0.0133,0.01,0.02,0.01,0.015
2026-09-25T17:22:05+00:00,QQQ,2026-09-25,0,745.05,681.0,P,0.0,0.01,0.01,0.01,154,1155,1.4676,-0.002,0.0003,0.0009,-0.0134,0.01,0.01,0.01,0.015
2026-09-25T17:22:05+00:00,QQQ,2026-09-25,0,745.05,682.0,P,0.0,0.01,0.01,0.01,1,1046,1.4454,-0.0021,0.0003,0.001,-0.0135,0.01,0.01,0.01,0.015
2026-09-25T17:22:05+00:00,QQQ,2026-09-25,0,745.05,683.0,P,0.0,0.01,0.01,0.01,1976,3458,1.4232,-0.0021,0.0003,0.001,-0.0136,0.01,0.01,0.01,0.015
2026-09-25T17:22:05+00:00,QQQ,2026-09-25,0,745.05,685.0,P,0.0,0.01,0.01,0.01,105,2903,1.3789,-0.0022,0.0003,0.001,-0.0138,0.01,0.01,0.01,0.015
2026-09-25T17:22:05+00:00,QQQ,2026-09-25,0,745.05,686.0,P,0.0,0.01,0.01,0.01,4,2437,1.3568,-0.0023,0.0003,0.001,-0.0139,0.01,0.01,0.01,0.015
2026-09-25T17:22:05+00:00,QQQ,2026-09-25,0,745.05,687.0,P,0.0,0.01,0.01,0.01,5,2225,1.3347,-0.0023,0.0003,0.001,-0.014,0.01,0.01,0.01,0.015
2026-09-25T17:22:05+00:00,QQQ,2026-09-25,0,745.05,688.0,P,0.0,0.01,0.01,0.01,208,1946,1.3126,-0.0024,0.0004,0.0011,-0.014,0.01,0.01,0.01,0.015
2026-09-25T17:22:05+00:00,QQQ,2026-09-25,0,745.05,689.0,P,0.0,0.01,0.02,0.02,32,2011,1.2905,-0.0024,0.0004,0.0011,-0.0141,0.01,0.02,0.01,0.015
2026-09-25T17:22:05+00:00,QQQ,2026-09-25,0,745.05,690.0,P,0.0,0.01,0.01,0.01,71,85486,1.2684,-0.0024,0.0004,0.0011,-0.0142,0.01,0.01,0.01,0.015
2026-09-25T17:22:05+00:00,QQQ,2026-09-25,0,745.05,691.0,P,0.0,0.01,0.01,0.01,6,2293,1.2463,-0.0025,0.0004,0.0011,-0.0143,0.01,0.01,0.01,0.015
2026-09-25T17:22:05+00:00,QQQ,2026-09-25,0,745.05,692.0,P,0.0,0.01,0.01,0.01,6,1496,1.2242,-0.0026,0.0004,0.0012,-0.0144,0.01,0.01,0.01,0.015
2026-09-25T17:22:05+00:00,QQQ,2026-09-25,0,745.05,693.0,P,0.0,0.01,0.02,0.02,11,4215,1.2021,-0.0026,0.0004,0.0012,-0.0145,0.01,0.21,0.01,0.015
2026-09-25T17:22:05+00:00,QQQ,2026-09-25,0,745.05,694.0,P,0.0,0.01,0.01,0.01,5,2917,1.18,-0.0027,0.0004,0.0012,-0.0146,0.01,0.01,0.01,0.015
2026-09-25T17:22:05+00:00,QQQ,2026-09-25,0,745.05,695.0,P,0.0,0.01,0.01,0.01,4,5302,1.1579,-0.0027,0.0004,0.0012,-0.0147,0.01,0.01,0.01,0.015
2026-09-25T17:22:05+00:00,QQQ,2026-09-25,0,745.05,696.0,P,0.0,0.01,0.01,0.01,6,2333,1.1358,-0.0028,0.0005,0.0013,-0.0148,0.02,0.02,0.01,0.015
2026-09-25T17:22:05+00:00,QQQ,2026-09-25,0,745.05,697.0,P,0.0,0.01,0.01,0.01,6,1476,1.1137,-0.0028,0.0005,0.0013,-0.0149,0.01,0.01,0.01,0.015
2026-09-25T17:22:05+00:00,QQQ,2026-09-25,0,745.05,698.0,P,0.0,0.01,0.01,0.01,26,5285,1.0916,-0.0029,0.0005,0.0013,-0.015,0.01,0.01,0.01,0.015
2026-09-25T17:22:05+00:00,QQQ,2026-09-25,0,745.05,699.0,P,0.0,0.01,0.01,0.01,1,5876,1.0696,-0.003,0.0005,0.0013,-0.015,0.01,0.01,0.01,0.015
2026-09-25T17:22:05+00:00,QQQ,2026-09-25,0,745.05,700.0,P,0.0,0.01,0.01,0.01,1715,18205,1.0475,-0.0031,0.0006,0.0014,-0.0151,0.01,0.01,0.01,0.015
2026-09-25T17:22:05+00:00,QQQ,2026-09-25,0,745.05,701.0,P,0.0,0.01,0.01,0.01,4,1908,1.0254,-0.0031,0.0006,0.0014,-0.0152,0.01,0.01,0.01,0.015
2026-09-25T17:22:05+00:00,QQQ,2026-09-25,0,745.05,702.0,P,0.0,0.01,0.01,0.01,4,2384,1.0033,-0.0032,0.0006,0.0014,-0.0153,0.01,0.01,0.01,0.015
2026-09-25T17:22:05+00:00,QQQ,2026-09-25,0,745.05,703.0,P,0.0,0.01,0.01,0.01,37,1702,0.9812,-0.0033,0.0006,0.0015,-0.0154,0.01,0.01,0.01,0.025
2026-09-25T17:22:05+00:00,QQQ,2026-09-25,0,745.05,704.0,P,0.0,0.01,0.01,0.01,1,3626,0.9591,-0.0034,0.0006,0.0015,-0.0155,0.01,0.01,0.01,0.025
2026-09-25T17:22:05+00:00,QQQ,2026-09-25,0,745.05,705.0,P,0.0,0.01,0.01,0.01,335,32695,0.937,-0.0035,0.0007,0.0015,-0.0156,0.02,0.02,0.01,0.025
2026-09-25T17:22:05+00:00,QQQ,2026-09-25,0,745.05,706.0,P,0.0,0.01,0.01,0.01,11,1957,0.9149,-0.0036,0.0007,0.0016,-0.0157,0.01,0.01,0.01,0.025
2026-09-25T17:22:05+00:00,QQQ,2026-09-25,0,745.05,707.0,P,0.0,0.01,0.01,0.01,28,3017,0.8928,-0.0036,0.0008,0.0016,-0.0158,0.01,0.01,0.01,0.025
2026-09-25T17:22:05+00:00,QQQ,2026-09-25,0,745.05,708.0,P,0.0,0.01,0.01,0.01,54,1971,0.8706,-0.0038,0.0008,0.0017,-0.0159,0.01,0.01,0.01,0.025
2026-09-25T17:22:05+00:00,QQQ,2026-09-25,0,745.05,709.0,P,0.0,0.01,0.01,0.01,101,2181,0.8485,-0.0039,0.0008,0.0017,-0.016,0.01,0.03,0.01,0.025
2026-09-25T17:22:05+00:00,QQQ,2026-09-25,0,745.05,710.0,P,0.0,0.01,0.01,0.01,489,10372,0.8263,-0.004,0.0009,0.0018,-0.0161,0.01,0.01,0.01,0.025
2026-09-25T17:22:05+00:00,QQQ,2026-09-25,0,745.05,711.0,P,0.0,0.01,0.01,0.01,104,2672,0.8042,-0.0041,0.0009,0.0018,-0.0162,0.01,0.01,0.01,0.035
2026-09-25T17:22:05+00:00,QQQ,2026-09-25,0,745.05,712.0,P,0.0,0.01,0.01,0.01,313,2064,0.782,-0.0042,0.001,0.0018,-0.0163,0.01,0.01,0.01,0.035
2026-09-25T17:22:05+00:00,QQQ,2026-09-25,0,745.05,713.0,P,0.0,0.01,0.01,0.01,290,2093,0.7598,-0.0043,0.001,0.0019,-0.0164,0.02,0.02,0.01,0.035
2026-09-25T17:22:05+00:00,QQQ,2026-09-25,0,745.05,714.0,P,0.0,0.01,0.01,0.01,1105,4859,0.7376,-0.0045,0.0011,0.002,-0.0165,0.01,0.02,0.01,0.035
2026-09-25T17:22:05+00:00,QQQ,2026-09-25,0,745.05,715.0,P,0.0,0.01,0.01,0.01,3864,9399,0.7154,-0.0046,0.0011,0.002,-0.0166,0.01,0.02,0.01,0.035
2026-09-25T17:22:05+00:00,QQQ,2026-09-25,0,745.05,716.0,P,0.0,0.01,0.01,0.01,4562,4106,0.6931,-0.0048,0.0012,0.0021,-0.0167,0.02,0.02,0.01,0.045
2026-09-25T17:22:05+00:00,QQQ,2026-09-25,0,745.05,717.0,P,0.0,0.01,0.01,0.01,12073,3256,0.6708,-0.0049,0.0013,0.0022,-0.0168,0.01,0.04,0.01,0.045
2026-09-25T17:22:05+00:00,QQQ,2026-09-25,0,745.05,718.0,P,0.0,0.01,0.01,0.01,15096,13685,0.6485,-0.0051,0.0014,0.0022,-0.0169,0.01,0.03,0.01,0.045
2026-09-25T17:22:05+00:00,QQQ,2026-09-25,0,745.05,719.0,P,0.0,0.01,0.01,0.01,6843,8537,0.6261,-0.0053,0.0015,0.0023,-0.017,0.02,0.03,0.01,0.055
2026-09-25T17:22:05+00:00,QQQ,2026-09-25,0,745.05,720.0,P,0.01,0.02,0.015,0.02,12075,11872,0.6731,-0.0055,0.0016,0.0024,-0.0171,0.01,0.04,0.01,0.055
2026-09-25T17:22:05+00:00,QQQ,2026-09-25,0,745.05,721.0,P,0.01,0.02,0.015,0.01,3090,4963,0.6486,-0.0057,0.0017,0.0025,-0.0172,0.01,0.03,0.01,0.065
2026-09-25T17:22:05+00:00,QQQ,2026-09-25,0,745.05,722.0,P,0.01,0.02,0.015,0.02,1811,8821,0.624,-0.006,0.0018,0.0026,-0.0173,0.02,0.04,0.01,0.075
2026-09-25T17:22:05+00:00,QQQ,2026-09-25,0,745.05,723.0,P,0.01,0.02,0.015,0.02,2642,2426,0.5994,-0.0062,0.002,0.0027,-0.0175,0.03,0.04,0.01,0.085
2026-09-25T17:22:05+00:00,QQQ,2026-09-25,0,745.05,724.0,P,0.01,0.02,0.015,0.01,5118,3949,0.5746,-0.0065,0.0021,0.0028,-0.0176,0.03,0.05,0.01,0.095
2026-09-25T17:22:05+00:00,QQQ,2026-09-25,0,745.05,725.0,P,0.01,0.02,0.015,0.01,11549,13949,0.5499,-0.0068,0.0023,0.0029,-0.0178,0.03,0.07,0.01,0.105
2026-09-25T17:22:05+00:00,QQQ,2026-09-25,0,745.05,726.0,P,0.01,0.02,0.015,0.01,5603,4854,0.525,-0.0072,0.0025,0.003,-0.018,0.02,0.08,0.01,0.125
2026-09-25T17:22:05+00:00,QQQ,2026-09-25,0,745.05,727.0,P,0.01,0.02,0.015,0.02,6931,3625,0.5001,-0.0076,0.0028,0.0032,-0.0182,0.05,0.1,0.01,0.155
2026-09-25T17:22:05+00:00,QQQ,2026-09-25,0,745.05,728.0,P,0.01,0.02,0.015,0.01,10804,3308,0.475,-0.008,0.0031,0.0034,-0.0185,0.02,0.12,0.01,0.185
2026-09-25T17:22:05+00:00,QQQ,2026-09-25,0,745.05,729.0,P,0.01,0.02,0.015,0.02,8032,4682,0.4499,-0.0085,0.0034,0.0036,-0.0189,0.03,0.16,0.01,0.225
2026-09-25T17:22:05+00:00,QQQ,2026-09-25,0,745.05,730.0,P,0.01,0.02,0.015,0.01,27952,18960,0.4246,-0.0092,0.0038,0.0038,-0.0194,0.05,0.2,0.01,0.275
2026-09-25T17:22:05+00:00,QQQ,2026-09-25,0,745.05,731.0,P,0.02,0.03,0.025,0.02,11722,7137,0.4256,-0.01,0.0044,0.0041,-0.0202,0.06,0.26,0.01,0.345
2026-09-25T17:22:05+00:00,QQQ,2026-09-25,0,745.05,732.0,P,0.02,0.03,0.025,0.03,16450,6919,0.3988,-0.0111,0.0051,0.0045,-0.0214,0.07,0.33,0.01,0.425
2026-09-25T17:22:05+00:00,QQQ,2026-09-25,0,745.05,733.0,P,0.02,0.03,0.025,0.03,23348,7671,0.3718,-0.0126,0.006,0.005,-0.0231,0.09,0.41,0.02,0.535
2026-09-25T17:22:05+00:00,QQQ,2026-09-25,0,745.05,734.0,P,0.03,0.04,0.035,0.03,27167,7291,0.3615,-0.0146,0.0073,0.0058,-0.0258,0.11,0.53,0.02,0.665
2026-09-25T17:22:05+00:00,QQQ,2026-09-25,0,745.05,735.0,P,0.03,0.04,0.035,0.03,50500,14645,0.333,-0.0175,0.0091,0.0067,-0.0297,0.16,0.69,0.02,0.825
2026-09-25T17:22:05+00:00,QQQ,2026-09-25,0,745.05,736.0,P,0.04,0.05,0.045,0.04,51449,18995,0.3166,-0.0217,0.0116,0.0081,-0.0356,0.23,0.88,0.03,1.025
2026-09-25T17:22:05+00:00,QQQ,2026-09-25,0,745.05,737.0,P,0.04,0.05,0.045,0.04,66184,4892,0.2866,-0.0279,0.0152,0.01,-0.0445,0.33,1.12,0.04,1.265
2026-09-25T17:22:05+00:00,QQQ,2026-09-25,0,745.05,738.0,P,0.05,0.06,0.055,0.06,97353,6418,0.2655,-0.0371,0.0206,0.0126,-0.0579,0.51,1.42,0.05,1.545
2026-09-25T17:22:05+00:00,QQQ,2026-09-25,0,745.05,739.0,P,0.07,0.08,0.075,0.08,122556,4617,0.2483,-0.051,0.0285,0.0162,-0.0783,0.66,1.79,0.07,1.875
2026-09-25T17:22:05+00:00,QQQ,2026-09-25,0,745.05,740.0,P,0.1,0.11,0.105,0.1,238122,9175,0.231,-0.0725,0.0402,0.0212,-0.1105,0.9,2.24,0.1,2.265
2026-09-25T17:22:05+00:00,QQQ,2026-09-25,0,745.05,741.0,P,0.15,0.16,0.155,0.15,264447,3830,0.2152,-0.1064,0.0573,0.0279,-0.1636,1.21,2.78,0.15,2.705
2026-09-25T17:22:05+00:00,QQQ,2026-09-25,0,745.05,742.0,P,0.24,0.25,0.245,0.25,236171,2155,0.2052,-0.1605,0.081,0.0366,-0.255,1.61,3.38,0.23,3.2
2026-09-25T17:22:05+00:00,QQQ,2026-09-25,0,745.05,743.0,P,0.39,0.4,0.395,0.4,215450,2163,0.1951,-0.2438,0.1098,0.0466,-0.4132,2.07,4.06,0.39,3.765
2026-09-25T17:22:05+00:00,QQQ,2026-09-25,0,745.05,744.0,P,0.65,0.66,0.655,0.65,227259,1690,0.1869,-0.3606,0.1362,0.0552,-0.6768,2.53,4.83,0.63,4.385
2026-09-25T17:22:05+00:00,QQQ,2026-09-25,0,745.05,745.0,P,1.05,1.06,1.055,1.04,108875,4711,0.1814,-0.503,0.1487,0.0586,-1.0583,3.13,5.67,0.97,5.05
2026-09-25T17:22:05+00:00,QQQ,2026-09-25,0,745.05,746.0,P,1.6,1.62,1.61,1.6,31699,1592,0.1799,-0.6493,0.1394,0.0546,-0.6275,4.0,6.5,1.4,5.785
2026-09-25T17:22:05+00:00,QQQ,2026-09-25,0,745.05,747.0,P,2.3,2.35,2.325,2.3,10827,1426,0.1816,-0.7744,0.1122,0.0448,-0.3488,5.3,7.35,1.97,6.57
2026-09-25T17:22:05+00:00,QQQ,2026-09-25,0,745.05,748.0,P,3.11,3.19,3.15,3.2,3547,960,0.189,-0.8644,0.0795,0.033,-0.1875,6.27,8.36,2.66,7.41
2026-09-25T17:22:05+00:00,QQQ,2026-09-25,0,745.05,749.0,P,4.01,4.25,4.13,4.17,2217,484,0.2121,-0.9206,0.052,0.0228,-0.1017,5.75,8.95,3.44,8.22
2026-09-25T17:22:05+00:00,QQQ,2026-09-25,0,745.05,750.0,P,4.9,5.82,5.36,5.0,1059,1729,0.317,-0.9527,0.033,0.0154,-0.0582,7.01,10.31,4.36,9.185
2026-09-25T17:22:05+00:00,QQQ,2026-09-25,0,745.05,751.0,P,5.8,6.54,6.17,6.52,544,87,0.2864,-0.9703,0.0212,0.0107,-0.0361,8.73,11.35,5.38,9.97
2026-09-25T17:22:05+00:00,QQQ,2026-09-25,0,745.05,752.0,P,6.77,7.2,6.985,7.13,171,19,0.0,-0.9798,0.0143,0.0078,-0.0248,9.85,12.2,6.34,10.94
2026-09-25T17:22:05+00:00,QQQ,2026-09-25,0,745.05,753.0,P,7.78,8.48,8.13,8.46,185,3,0.3331,-0.9851,0.0103,0.006,-0.019,10.9,11.27,7.38,11.9
2026-09-25T17:22:05+00:00,QQQ,2026-09-25,0,745.05,754.0,P,8.75,9.17,8.96,8.97,81,0,0.0,-0.9881,0.0078,0.005,-0.016,12.14,14.33,8.16,12.885
2026-09-25T17:22:05+00:00,QQQ,2026-09-25,0,745.05,755.0,P,9.77,10.47,10.12,10.4,252,8,0.3902,-0.9898,0.0063,0.0043,-0.0144,12.33,15.01,9.5,14.01
2026-09-25T17:22:05+00:00,QQQ,2026-09-25,0,745.05,756.0,P,10.77,11.5,11.135,11.1,66,27,0.433,-0.991,0.0053,0.0039,-0.0137,12.74,15.45,10.35,14.905
2026-09-25T17:22:05+00:00,QQQ,2026-09-25,0,745.05,757.0,P,11.75,12.47,12.11,12.43,26,0,0.4432,-0.9917,0.0045,0.0036,-0.0132,13.19,16.29,12.13,15.875
2026-09-25T17:22:05+00:00,QQQ,2026-09-25,0,745.05,758.0,P,12.75,13.42,13.085,13.4,25,1,0.4466,-0.9923,0.004,0.0033,-0.013,14.22,14.87,12.58,16.96
2026-09-25T17:22:05+00:00,QQQ,2026-09-25,0,745.05,759.0,P,13.75,14.43,14.09,14.4,55,3,0.4811,-0.9928,0.0035,0.0031,-0.0129,18.46,18.46,13.35,17.88
2026-09-25T17:22:05+00:00,QQQ,2026-09-25,0,745.05,760.0,P,14.76,15.45,15.105,15.39,95,4,0.5267,-0.9932,0.0031,0.0029,-0.0128,17.3,17.3,14.62,18.885
2026-09-25T17:22:05+00:00,QQQ,2026-09-25,0,745.05,761.0,P,15.75,16.17,15.96,16.0,16,0,0.0,-0.9936,0.0028,0.0028,-0.0127,16.17,17.14,15.92,19.87
2026-09-25T17:22:05+00:00,QQQ,2026-09-25,0,745.05,762.0,P,16.75,18.17,17.46,17.8,12,0,0.8151,-0.9939,0.0026,0.0026,-0.0126,19.28,20.13,17.05,20.86
2026-09-25T17:22:05+00:00,QQQ,2026-09-25,0,745.05,763.0,P,17.75,19.14,18.445,18.16,11,0,0.8436,-0.9942,0.0023,0.0025,-0.0126,19.86,19.86,17.98,21.875
2026-09-25T17:22:05+00:00,QQQ,2026-09-25,0,745.05,764.0,P,18.74,20.71,19.725,18.75,10,0,0.9984,-0.9945,0.0021,0.0024,-0.0125,22.85,23.21,18.75,22.8
2026-09-25T17:22:05+00:00,QQQ,2026-09-25,0,745.05,765.0,P,19.74,21.72,20.73,21.64,4,0,1.0379,-0.9947,0.002,0.0023,-0.0124,23.61,23.61,21.64,23.805
2026-09-25T17:22:05+00:00,QQQ,2026-09-25,0,745.05,766.0,P,20.66,22.71,21.685,20.1,28,0,1.0569,-0.995,0.0018,0.0022,-0.0124,23.31,25.78,20.1,24.77
2026-09-25T17:22:05+00:00,QQQ,2026-09-25,0,745.05,767.0,P,21.02,23.52,22.27,23.79,45,20,0.877,-0.9952,0.0017,0.0021,-0.0123,24.73,27.07,23.79,25.755
2026-09-25T17:22:05+00:00,QQQ,2026-09-25,0,745.05,768.0,P,22.03,24.77,23.4,24.46,27,0,0.9907,-0.9953,0.0016,0.0021,-0.0122,25.68,27.77,24.46,26.76
2026-09-25T17:22:05+00:00,QQQ,2026-09-25,0,745.05,769.0,P,23.02,25.74,24.38,25.86,46,0,1.0119,-0.9955,0.0015,0.002,-0.0122,24.8,28.01,24.39,27.865
2026-09-25T17:22:05+00:00,QQQ,2026-09-25,0,745.05,770.0,P,24.04,26.75,25.395,26.43,53,0,1.0535,-0.9957,0.0014,0.0019,-0.0121,28.91,28.94,26.02,28.865
2026-09-25T17:22:05+00:00,QQQ,2026-09-25,0,745.05,771.0,P,25.03,27.77,26.4,27.75,36,0,1.089,-0.9958,0.0013,0.0019,-0.0121,30.0,31.55,27.42,29.755
2026-09-25T17:22:05+00:00,QQQ,2026-09-25,0,745.05,772.0,P,26.04,28.77,27.405,32.38,12,0,1.1244,-0.996,0.0012,0.0018,-0.012,29.88,32.38,29.81,30.8
2026-09-25T17:22:05+00:00,QQQ,2026-09-25,0,745.05,773.0,P,27.15,29.75,28.45,33.37,14,0,1.1838,-0.9961,0.0011,0.0018,-0.012,28.22,33.37,28.22,31.755
2026-09-25T17:22:05+00:00,QQQ,2026-09-25,0,745.05,774.0,P,28.07,30.73,29.4,30.74,22,0,1.1853,-0.9962,0.0011,0.0017,-0.0119,29.03,32.07,29.03,32.91
2026-09-25T17:22:05+00:00,QQQ,2026-09-25,0,745.05,775.0,P,29.0,31.77,30.385,31.81,81,0,1.207,-0.9963,0.001,0.0016,-0.0118,30.2,35.14,30.03,33.755
2026-09-25T17:22:05+00:00,QQQ,2026-09-25,0,745.05,776.0,P,30.12,32.77,31.445,31.99,92,0,1.2774,-0.9964,0.001,0.0016,-0.0118,32.62,36.13,30.26,34.79
2026-09-25T17:22:05+00:00,QQQ,2026-09-25,0,745.05,777.0,P,31.0,33.78,32.39,33.18,24,0,1.273,-0.9965,0.0009,0.0016,-0.0117,34.69,35.53,33.18,35.87
2026-09-25T17:22:05+00:00,QQQ,2026-09-25,0,745.05,778.0,P,32.0,34.77,33.385,34.8,16,0,1.3005,-0.9966,0.0008,0.0015,-0.0116,34.64,37.4,34.61,36.785
2026-09-25T17:22:05+00:00,QQQ,2026-09-25,0,745.05,779.0,P,33.15,35.72,34.435,35.68,22,0,1.3657,-0.9967,0.0008,0.0015,-0.0116,35.57,38.39,35.54,38.2
2026-09-25T17:22:05+00:00,QQQ,2026-09-25,0,745.05,780.0,P,33.99,36.78,35.385,36.79,40,0,1.3619,-0.9968,0.0008,0.0014,-0.0115,37.87,40.18,36.79,39.03
2026-09-25T17:22:05+00:00,QQQ,2026-09-25,0,745.05,781.0,P,35.15,37.77,36.46,37.63,46,0,1.4447,-0.9969,0.0007,0.0014,-0.0115,38.8,41.17,37.63,40.285
2026-09-25T17:22:05+00:00,QQQ,2026-09-25,0,745.05,782.0,P,35.99,38.78,37.385,40.3,8,0,1.4227,-0.997,0.0007,0.0014,-0.0114,40.59,40.63,40.27,41.09
2026-09-25T17:22:05+00:00,QQQ,2026-09-25,0,745.05,785.0,P,38.99,41.78,40.385,41.07,18,0,1.5128,-0.9972,0.0006,0.0013,-0.0113,42.95,42.95,40.2,44.205
2026-09-25T17:22:05+00:00,QQQ,2026-09-25,0,745.05,790.0,P,44.04,46.78,45.41,47.64,5,4,1.6806,-0.9975,0.0005,0.0012,-0.011,45.3,47.71,45.3,48.84
2026-09-25T17:22:05+00:00,QQQ,2026-09-25,0,745.05,805.0,P,59.81,61.69,60.75,60.81,1,0,2.3709,-0.9981,0.0003,0.0009,-0.0102,60.81,60.81,60.81,64.24
2026-09-25T17:37:06+00:00,QQQ,2026-09-25,0,745.015,450.0,C,294.52,295.21,294.865,294.03,49,0,0.0,0.9999,0.0,0.0,-0.0015,293.6,294.93,293.44,290.915
2026-09-25T17:37:06+00:00,QQQ,2026-09-25,0,745.015,455.0,C,289.92,290.14,290.03,290.07,4,0,8.4518,0.9999,0.0,0.0,-0.0016,290.06,290.07,290.06,285.94
2026-09-25T17:37:06+00:00,QQQ,2026-09-25,0,745.015,510.0,C,233.77,236.05,234.91,232.09,1,5,0.0,0.9998,0.0,0.0001,-0.0033,232.09,232.09,232.09,231.115
2026-09-25T17:37:06+00:00,QQQ,2026-09-25,0,745.015,575.0,C,168.38,170.98,169.68,170.37,1,0,0.0,0.9996,0.0,0.0002,-0.0063,170.37,170.37,170.37,165.915
2026-09-25T17:37:06+00:00,QQQ,2026-09-25,0,745.015,600.0,C,143.74,145.97,144.855,141.06,12,16,0.0,0.9994,0.0,0.0003,-0.0078,142.9,142.9,141.06,141.055
2026-09-25T17:37:06+00:00,QQQ,2026-09-25,0,745.015,610.0,C,133.36,136.61,134.985,134.77,2,14,0.0,0.9993,0.0,0.0003,-0.0085,131.85,134.77,131.85,131.06
2026-09-25T17:37:06+00:00,QQQ,2026-09-25,0,745.015,620.0,C,123.37,125.98,124.675,122.41,10,32,0.0,0.9992,0.0001,0.0004,-0.0092,123.0,123.0,121.33,121.26
2026-09-25T17:37:06+00:00,QQQ,2026-09-25,0,745.015,635.0,C,108.37,111.5,109.935,109.31,2,1,0.0,0.999,0.0001,0.0005,-0.0103,109.38,109.38,109.31,106.385
2026-09-25T17:37:06+00:00,QQQ,2026-09-25,0,745.015,640.0,C,103.36,105.38,104.37,104.76,1,5,0.0,0.9989,0.0001,0.0005,-0.0106,104.76,104.76,104.76,101.165
2026-09-25T17:37:06+00:00,QQQ,2026-09-25,0,745.015,650.0,C,93.37,95.37,94.37,94.62,17,42,0.0,0.9987,0.0001,0.0006,-0.0114,94.3,94.76,94.16,91.05
2026-09-25T17:37:06+00:00,QQQ,2026-09-25,0,745.015,655.0,C,88.7,90.39,89.545,90.07,3,40,0.0,0.9986,0.0001,0.0006,-0.0118,89.4,90.07,89.37,85.85
2026-09-25T17:37:06+00:00,QQQ,2026-09-25,0,745.015,665.0,C,78.36,81.72,80.04,79.56,50,51,2.0788,0.9984,0.0002,0.0007,-0.0127,79.56,79.56,79.56,75.76
2026-09-25T17:37:06+00:00,QQQ,2026-09-25,0,745.015,667.0,C,76.38,79.61,77.995,73.32,1,3,0.0,0.9983,0.0002,0.0007,-0.0129,73.32,73.32,73.32,73.855
2026-09-25T17:37:06+00:00,QQQ,2026-09-25,0,745.015,671.0,C,72.36,74.99,73.675,74.38,1,36,0.0,0.9982,0.0002,0.0008,-0.0132,74.38,74.38,74.38,70.095
2026-09-25T17:37:06+00:00,QQQ,2026-09-25,0,745.015,675.0,C,68.36,70.93,69.645,68.02,62,47,0.0,0.9981,0.0002,0.0008,-0.0136,67.56,68.02,65.32,66.13
2026-09-25T17:37:06+00:00,QQQ,2026-09-25,0,745.015,676.0,C,67.36,70.04,68.7,68.43,2,1,0.0,0.9981,0.0002,0.0009,-0.0137,68.43,68.43,68.43,65.25
2026-09-25T17:37:06+00:00,QQQ,2026-09-25,0,745.015,677.0,C,66.37,69.67,68.02,66.43,16,16,0.0,0.998,0.0002,0.0009,-0.0138,63.81,66.43,63.81,64.1
2026-09-25T17:37:06+00:00,QQQ,2026-09-25,0,745.015,679.0,C,65.86,66.99,66.425,61.33,1,4,2.5997,0.998,0.0003,0.0009,-0.0139,61.33,61.33,61.33,62.535
2026-09-25T17:37:06+00:00,QQQ,2026-09-25,0,745.015,680.0,C,64.86,66.72,65.79,63.6,1,15,2.889,0.9979,0.0003,0.0009,-0.014,63.6,63.6,63.6,61.205
2026-09-25T17:37:06+00:00,QQQ,2026-09-25,0,745.015,681.0,C,63.91,65.48,64.695,61.51,2,6,2.7782,0.9979,0.0003,0.0009,-0.0141,61.4,61.51,61.4,60.26
2026-09-25T17:37:06+00:00,QQQ,2026-09-25,0,745.015,682.0,C,62.86,64.5,63.68,60.56,1,5,2.7292,0.9978,0.0003,0.001,-0.0142,60.56,60.56,60.56,59.255
2026-09-25T17:37:06+00:00,QQQ,2026-09-25,0,745.015,684.0,C,60.86,61.86,61.36,58.35,28,8,2.355,0.9977,0.0003,0.001,-0.0144,60.83,61.33,57.57,57.11
2026-09-25T17:37:06+00:00,QQQ,2026-09-25,0,745.015,685.0,C,59.88,60.95,60.415,57.4,4,40,2.3815,0.9977,0.0003,0.001,-0.0145,59.81,59.81,56.15,56.1
2026-09-25T17:37:06+00:00,QQQ,2026-09-25,0,745.015,687.0,C,57.87,59.0,58.435,54.11,1,12,2.3326,0.9976,0.0004,0.001,-0.0147,54.11,54.11,54.11,54.11
2026-09-25T17:37:06+00:00,QQQ,2026-09-25,0,745.015,688.0,C,56.88,57.97,57.425,54.08,27,5,2.2878,0.9976,0.0004,0.0011,-0.0148,56.81,56.81,53.85,53.11
2026-09-25T17:37:06+00:00,QQQ,2026-09-25,0,745.015,689.0,C,55.86,57.55,56.705,53.13,2,46,2.4884,0.9975,0.0004,0.0011,-0.0149,52.11,53.13,52.11,52.11
2026-09-25T17:37:06+00:00,QQQ,2026-09-25,0,745.015,690.0,C,54.98,56.61,55.795,51.65,41,164,2.5139,0.9974,0.0004,0.0011,-0.015,52.43,52.43,50.05,51.11
2026-09-25T17:37:06+00:00,QQQ,2026-09-25,0,745.015,691.0,C,53.86,55.01,54.435,54.37,5,48,2.193,0.9974,0.0004,0.0011,-0.015,52.55,54.42,52.55,50.1
2026-09-25T17:37:06+00:00,QQQ,2026-09-25,0,745.015,692.0,C,51.76,54.02,52.89,53.12,3,22,0.0,0.9973,0.0004,0.0012,-0.0151,48.46,53.12,48.46,48.93
2026-09-25T17:37:06+00:00,QQQ,2026-09-25,0,745.015,694.0,C,49.38,52.06,50.72,51.37,1,29,0.0,0.9972,0.0004,0.0012,-0.0153,51.37,51.37,51.37,47.11
2026-09-25T17:37:06+00:00,QQQ,2026-09-25,0,745.015,695.0,C,48.38,51.67,50.025,47.96,38,225,0.7655,0.9972,0.0005,0.0012,-0.0154,47.58,47.96,46.21,46.11
2026-09-25T17:37:06+00:00,QQQ,2026-09-25,0,745.015,697.0,C,46.37,49.63,48.0,43.8,7,84,0.0,0.997,0.0005,0.0013,-0.0156,43.91,44.85,43.8,44.27
2026-09-25T17:37:06+00:00,QQQ,2026-09-25,0,745.015,698.0,C,45.36,48.71,47.035,46.41,1,80,1.2065,0.997,0.0005,0.0013,-0.0157,46.41,46.41,46.41,43.11
2026-09-25T17:37:06+00:00,QQQ,2026-09-25,0,745.015,699.0,C,44.38,47.01,45.695,44.1,14,114,0.0,0.9969,0.0005,0.0013,-0.0158,45.83,46.24,44.1,42.265
2026-09-25T17:37:06+00:00,QQQ,2026-09-25,0,745.015,700.0,C,44.5,46.31,45.405,44.63,176,969,1.8512,0.9968,0.0006,0.0014,-0.0159,42.0,44.82,40.0,41.15
2026-09-25T17:37:06+00:00,QQQ,2026-09-25,0,745.015,701.0,C,42.46,45.51,43.985,43.14,9,57,0.0,0.9967,0.0006,0.0014,-0.016,42.29,43.14,39.38,40.27
2026-09-25T17:37:06+00:00,QQQ,2026-09-25,0,745.015,702.0,C,42.51,44.06,43.285,42.2,4,309,1.6657,0.9967,0.0006,0.0014,-0.0161,38.9,42.2,38.9,39.265
2026-09-25T17:37:06+00:00,QQQ,2026-09-25,0,745.015,703.0,C,40.81,42.38,41.595,42.15,5,192,0.0,0.9966,0.0006,0.0015,-0.0162,40.98,42.15,40.1,38.265
2026-09-25T17:37:06+00:00,QQQ,2026-09-25,0,745.015,704.0,C,40.51,41.4,40.955,40.95,15,330,0.0,0.9965,0.0007,0.0015,-0.0163,39.3,40.95,39.29,37.205
2026-09-25T17:37:06+00:00,QQQ,2026-09-25,0,745.015,705.0,C,39.72,40.36,40.04,40.36,15,1128,1.0788,0.9964,0.0007,0.0015,-0.0164,38.98,40.36,36.78,36.36
2026-09-25T17:37:06+00:00,QQQ,2026-09-25,0,745.015,706.0,C,38.51,39.38,38.945,38.42,8,382,0.0,0.9963,0.0007,0.0016,-0.0165,35.04,39.16,34.84,35.17
2026-09-25T17:37:06+00:00,QQQ,2026-09-25,0,745.015,707.0,C,37.6,39.05,38.325,38.12,90,399,1.5368,0.9962,0.0008,0.0016,-0.0166,36.87,38.27,33.68,34.155
2026-09-25T17:37:06+00:00,QQQ,2026-09-25,0,745.015,708.0,C,36.51,38.06,37.285,36.66,110,486,1.4647,0.9961,0.0008,0.0017,-0.0167,35.86,36.66,31.5,33.185
2026-09-25T17:37:06+00:00,QQQ,2026-09-25,0,745.015,709.0,C,34.68,37.08,35.88,31.93,92,475,0.0,0.996,0.0008,0.0017,-0.0168,34.58,35.95,31.58,32.36
2026-09-25T17:37:06+00:00,QQQ,2026-09-25,0,745.015,710.0,C,33.83,35.83,34.83,34.85,157,2041,0.0,0.9959,0.0009,0.0018,-0.0169,33.83,35.09,29.99,31.365
2026-09-25T17:37:06+00:00,QQQ,2026-09-25,0,745.015,711.0,C,33.86,34.2,34.03,34.08,27,1740,0.8369,0.9958,0.0009,0.0018,-0.017,32.71,34.27,31.0,30.185
2026-09-25T17:37:06+00:00,QQQ,2026-09-25,0,745.015,712.0,C,32.95,34.04,33.495,32.35,34,1393,1.4906,0.9956,0.001,0.0018,-0.0172,30.8,33.85,27.94,29.29
2026-09-25T17:37:06+00:00,QQQ,2026-09-25,0,745.015,713.0,C,31.86,33.57,32.715,32.02,49,388,1.582,0.9955,0.001,0.0019,-0.0173,31.08,33.4,29.1,28.175
2026-09-25T17:37:06+00:00,QQQ,2026-09-25,0,745.015,714.0,C,30.91,31.35,31.13,30.85,55,433,1.0863,0.9953,0.0011,0.002,-0.0174,29.85,31.95,26.72,27.3
2026-09-25T17:37:06+00:00,QQQ,2026-09-25,0,745.015,715.0,C,29.88,30.23,30.055,30.08,149,2764,0.8938,0.9952,0.0012,0.002,-0.0175,27.38,30.29,25.53,26.375
2026-09-25T17:37:06+00:00,QQQ,2026-09-25,0,745.015,716.0,C,28.87,29.37,29.12,28.87,229,899,1.0098,0.995,0.0012,0.0021,-0.0176,26.37,29.66,23.77,25.2
2026-09-25T17:37:06+00:00,QQQ,2026-09-25,0,745.015,717.0,C,27.87,28.54,28.205,27.91,95,1275,1.0848,0.9949,0.0013,0.0021,-0.0177,25.38,28.23,23.65,24.345
2026-09-25T17:37:06+00:00,QQQ,2026-09-25,0,745.015,718.0,C,26.87,27.37,27.12,26.73,412,2117,0.949,0.9947,0.0014,0.0022,-0.0178,24.15,27.31,22.85,23.305
2026-09-25T17:37:06+00:00,QQQ,2026-09-25,0,745.015,719.0,C,25.88,26.37,26.125,26.02,151,2166,0.9257,0.9945,0.0015,0.0023,-0.0179,23.86,26.58,21.72,22.335
2026-09-25T17:37:06+00:00,QQQ,2026-09-25,0,745.015,720.0,C,24.88,25.37,25.125,24.69,331,4506,0.8949,0.9943,0.0016,0.0024,-0.018,23.8,25.79,20.05,21.345
2026-09-25T17:37:06+00:00,QQQ,2026-09-25,0,745.015,721.0,C,23.88,24.37,24.125,23.98,182,1521,0.864,0.994,0.0017,0.0024,-0.0181,22.91,24.61,19.22,20.33
2026-09-25T17:37:06+00:00,QQQ,2026-09-25,0,745.015,722.0,C,22.88,23.38,23.13,23.03,117,1603,0.8394,0.9938,0.0019,0.0026,-0.0182,20.23,23.56,18.01,19.4
2026-09-25T17:37:06+00:00,QQQ,2026-09-25,0,745.015,723.0,C,21.88,22.35,22.115,21.99,177,1475,0.7887,0.9936,0.002,0.0026,-0.0184,18.87,22.25,17.65,18.41
2026-09-25T17:37:06+00:00,QQQ,2026-09-25,0,745.015,724.0,C,20.88,21.38,21.13,21.28,250,1444,0.7767,0.9933,0.0022,0.0028,-0.0185,18.9,21.46,17.06,17.38
2026-09-25T17:37:06+00:00,QQQ,2026-09-25,0,745.015,725.0,C,19.48,20.2,19.84,20.02,561,3340,0.0,0.993,0.0024,0.0029,-0.0186,17.18,20.66,14.98,16.38
2026-09-25T17:37:06+00:00,QQQ,2026-09-25,0,745.015,726.0,C,18.88,19.21,19.045,19.15,373,2231,0.5655,0.9926,0.0026,0.003,-0.0188,16.54,19.65,13.84,15.465
2026-09-25T17:37:06+00:00,QQQ,2026-09-25,0,745.015,727.0,C,17.88,18.38,18.13,18.26,258,1527,0.6816,0.9922,0.0028,0.0031,-0.019,15.02,18.46,13.71,14.495
2026-09-25T17:37:06+00:00,QQQ,2026-09-25,0,745.015,728.0,C,16.88,17.22,17.05,17.16,367,2229,0.5265,0.9918,0.0031,0.0033,-0.0192,14.37,17.77,12.82,13.5
2026-09-25T17:37:06+00:00,QQQ,2026-09-25,0,745.015,729.0,C,15.96,16.38,16.17,16.03,302,6541,0.654,0.9913,0.0035,0.0035,-0.0194,13.6,16.33,11.5,12.54
2026-09-25T17:37:06+00:00,QQQ,2026-09-25,0,745.015,730.0,C,14.89,15.2,15.045,15.07,744,5327,0.4583,0.9907,0.0039,0.0037,-0.0198,13.43,15.52,9.91,11.5
2026-09-25T17:37:06+00:00,QQQ,2026-09-25,0,745.015,731.0,C,13.89,14.22,14.055,14.17,422,2062,0.4547,0.99,0.0044,0.004,-0.0203,12.55,14.82,9.19,10.59
2026-09-25T17:37:06+00:00,QQQ,2026-09-25,0,745.015,732.0,C,12.89,13.17,13.03,13.21,470,1757,0.3454,0.9891,0.005,0.0043,-0.021,10.5,13.58,8.09,9.62
2026-09-25T17:37:06+00:00,QQQ,2026-09-25,0,745.015,733.0,C,11.99,12.39,12.19,12.03,980,1220,0.5309,0.9879,0.0058,0.0047,-0.0221,9.9,12.66,7.13,8.795
2026-09-25T17:37:06+00:00,QQQ,2026-09-25,0,745.015,734.0,C,10.98,11.39,11.185,11.02,2361,3797,0.4921,0.9864,0.0069,0.0052,-0.0237,8.3,11.44,6.24,7.875
2026-09-25T17:37:06+00:00,QQQ,2026-09-25,0,745.015,735.0,C,10.01,10.23,10.12,10.03,5177,8526,0.4189,0.9841,0.0084,0.006,-0.0263,7.16,10.75,5.43,7.03
2026-09-25T17:37:06+00:00,QQQ,2026-09-25,0,745.015,736.0,C,8.91,9.31,9.11,9.09,2295,4244,0.3693,0.9809,0.0106,0.007,-0.0302,6.73,9.86,4.59,6.225
2026-09-25T17:37:06+00:00,QQQ,2026-09-25,0,745.015,737.0,C,7.96,8.2,8.08,8.13,3043,3792,0.3099,0.9761,0.0138,0.0084,-0.0362,5.66,8.84,3.83,5.46
2026-09-25T17:37:06+00:00,QQQ,2026-09-25,0,745.015,738.0,C,7.01,7.16,7.085,7.05,5878,3576,0.2819,0.9689,0.0185,0.0105,-0.0456,5.07,8.0,3.11,4.735
2026-09-25T17:37:06+00:00,QQQ,2026-09-25,0,745.015,739.0,C,6.01,6.15,6.08,6.09,11714,5477,0.2446,0.9577,0.0257,0.0135,-0.0601,4.22,7.0,2.46,4.07
2026-09-25T17:37:06+00:00,QQQ,2026-09-25,0,745.015,740.0,C,5.03,5.15,5.09,5.18,42681,9097,0.2182,0.9401,0.0366,0.0177,-0.0834,3.58,6.0,1.85,3.455
2026-09-25T17:37:06+00:00,QQQ,2026-09-25,0,745.015,741.0,C,4.07,4.18,4.125,4.16,93524,7953,0.2017,0.9113,0.0536,0.0236,-0.1228,2.92,5.13,1.29,2.9
2026-09-25T17:37:06+00:00,QQQ,2026-09-25,0,745.015,742.0,C,3.18,3.25,3.215,3.3,196765,6533,0.1956,0.8628,0.079,0.032,-0.1936,2.16,4.21,0.84,2.405
2026-09-25T17:37:06+00:00,QQQ,2026-09-25,0,745.015,743.0,C,2.32,2.36,2.34,2.34,271864,5419,0.1821,0.7822,0.1129,0.0422,-0.3255,1.73,3.35,0.53,1.965
2026-09-25T17:37:06+00:00,QQQ,2026-09-25,0,745.015,744.0,C,1.58,1.6,1.59,1.59,362365,6129,0.1766,0.6604,0.1471,0.052,-0.5636,1.18,2.56,0.31,1.585
2026-09-25T17:37:06+00:00,QQQ,2026-09-25,0,745.015,745.0,C,0.97,0.98,0.975,0.99,451892,13975,0.1726,0.5048,0.1643,0.0564,-0.9569,0.9,1.9,0.19,1.255
2026-09-25T17:37:06+00:00,QQQ,2026-09-25,0,745.015,746.0,C,0.55,0.56,0.555,0.56,325427,14457,0.1712,0.3442,0.1521,0.0522,-0.5562,0.68,1.38,0.12,0.995
2026-09-25T17:37:06+00:00,QQQ,2026-09-25,0,745.015,747.0,C,0.29,0.3,0.295,0.3,184476,4485,0.1742,0.2118,0.1177,0.0417,-0.2954,0.4,0.96,0.08,0.775
2026-09-25T17:37:06+00:00,QQQ,2026-09-25,0,745.015,748.0,C,0.15,0.16,0.155,0.16,124851,8907,0.181,0.1221,0.0795,0.0297,-0.1532,0.26,0.64,0.04,0.605
2026-09-25T17:37:06+00:00,QQQ,2026-09-25,0,745.015,749.0,C,0.08,0.09,0.085,0.09,68572,5760,0.1913,0.0692,0.0498,0.0199,-0.0812,0.17,0.44,0.04,0.475
2026-09-25T17:37:06+00:00,QQQ,2026-09-25,0,745.015,750.0,C,0.05,0.06,0.055,0.05,75432,20833,0.208,0.0404,0.0306,0.0132,-0.046,0.11,0.32,0.03,0.365
2026-09-25T17:37:06+00:00,QQQ,2026-09-25,0,745.015,751.0,C,0.02,0.03,0.025,0.03,26036,3438,0.2107,0.0254,0.0195,0.0091,-0.0289,0.07,0.24,0.02,0.285
2026-09-25T17:37:06+00:00,QQQ,2026-09-25,0,745.015,752.0,C,0.01,0.02,0.015,0.01,22042,4770,0.2231,0.0177,0.0132,0.0067,-0.0208,0.06,0.18,0.01,0.225
2026-09-25T17:37:06+00:00,QQQ,2026-09-25,0,745.015,753.0,C,0.01,0.02,0.015,0.01,30303,4891,0.2504,0.0137,0.0098,0.0054,-0.017,0.05,0.13,0.01,0.175
2026-09-25T17:37:06+00:00,QQQ,2026-09-25,0,745.015,754.0,C,0.01,0.02,0.015,0.01,13089,12655,0.2773,0.0115,0.0077,0.0046,-0.0152,0.09,0.1,0.01,0.145
2026-09-25T17:37:06+00:00,QQQ,2026-09-25,0,745.015,755.0,C,0.01,0.02,0.015,0.01,8058,21605,0.3038,0.0102,0.0064,0.0041,-0.0145,0.01,0.08,0.01,0.115
2026-09-25T17:37:06+00:00,QQQ,2026-09-25,0,745.015,756.0,C,0.01,0.02,0.015,0.01,6185,5483,0.3301,0.0093,0.0054,0.0038,-0.0141,0.04,0.06,0.01,0.095
2026-09-25T17:37:06+00:00,QQQ,2026-09-25,0,745.015,757.0,C,0.0,0.01,0.01,0.01,3079,2957,0.3149,0.0086,0.0047,0.0035,-0.0139,0.01,0.05,0.01,0.085
2026-09-25T17:37:06+00:00,QQQ,2026-09-25,0,745.015,758.0,C,0.0,0.01,0.01,0.01,5180,3008,0.3382,0.008,0.0041,0.0033,-0.0138,0.03,0.04,0.01,0.065
2026-09-25T17:37:06+00:00,QQQ,2026-09-25,0,745.015,759.0,C,0.0,0.01,0.01,0.01,886,988,0.3614,0.0076,0.0037,0.0031,-0.0137,0.01,0.04,0.01,0.055
2026-09-25T17:37:06+00:00,QQQ,2026-09-25,0,745.015,760.0,C,0.0,0.01,0.01,0.01,4553,9228,0.3844,0.0071,0.0033,0.003,-0.0136,0.03,0.04,0.01,0.055
2026-09-25T17:37:06+00:00,QQQ,2026-09-25,0,745.015,761.0,C,0.0,0.01,0.01,0.01,3033,1234,0.4072,0.0067,0.003,0.0028,-0.0136,0.02,0.03,0.01,0.045
2026-09-25T17:37:06+00:00,QQQ,2026-09-25,0,745.015,762.0,C,0.0,0.01,0.01,0.01,319,1142,0.4298,0.0064,0.0027,0.0027,-0.0135,0.02,0.03,0.01,0.045
2026-09-25T17:37:06+00:00,QQQ,2026-09-25,0,745.015,763.0,C,0.0,0.01,0.01,0.01,642,935,0.4524,0.0061,0.0024,0.0026,-0.0134,0.02,0.02,0.01,0.035
2026-09-25T17:37:06+00:00,QQQ,2026-09-25,0,745.015,764.0,C,0.0,0.01,0.01,0.01,1011,2707,0.4748,0.0058,0.0022,0.0024,-0.0134,0.01,0.02,0.01,0.035
2026-09-25T17:37:06+00:00,QQQ,2026-09-25,0,745.015,765.0,C,0.0,0.01,0.01,0.01,898,5206,0.497,0.0056,0.002,0.0023,-0.0133,0.02,0.02,0.01,0.025
2026-09-25T17:37:06+00:00,QQQ,2026-09-25,0,745.015,766.0,C,0.0,0.01,0.01,0.01,1206,487,0.5192,0.0053,0.0019,0.0022,-0.0132,0.02,0.02,0.01,0.025
2026-09-25T17:37:06+00:00,QQQ,2026-09-25,0,745.015,767.0,C,0.0,0.01,0.01,0.01,351,171,0.5413,0.0051,0.0018,0.0022,-0.0132,0.01,0.02,0.01,0.025
2026-09-25T17:37:06+00:00,QQQ,2026-09-25,0,745.015,768.0,C,0.0,0.01,0.01,0.01,17,706,0.5632,0.0049,0.0016,0.0021,-0.0131,0.01,0.02,0.01,0.025
2026-09-25T17:37:06+00:00,QQQ,2026-09-25,0,745.015,769.0,C,0.0,0.01,0.01,0.01,5,711,0.585,0.0048,0.0015,0.002,-0.013,0.01,0.01,0.01,0.025
2026-09-25T17:37:06+00:00,QQQ,2026-09-25,0,745.015,770.0,C,0.0,0.01,0.01,0.01,302,7792,0.6068,0.0046,0.0014,0.0019,-0.013,0.02,0.02,0.01,0.015
2026-09-25T17:37:06+00:00,QQQ,2026-09-25,0,745.015,771.0,C,0.0,0.01,0.01,0.01,40,90,0.6284,0.0044,0.0013,0.0019,-0.0129,0.01,0.02,0.01,0.015
2026-09-25T17:37:06+00:00,QQQ,2026-09-25,0,745.015,772.0,C,0.0,0.01,0.02,0.02,0,62,0.65,0.0043,0.0012,0.0018,-0.0128,0.0,0.0,0.0,0.015
2026-09-25T17:37:06+00:00,QQQ,2026-09-25,0,745.015,773.0,C,0.0,0.01,0.02,0.02,0,1061,0.6714,0.0041,0.0012,0.0018,-0.0128,0.0,0.0,0.0,0.015
2026-09-25T17:37:06+00:00,QQQ,2026-09-25,0,745.015,774.0,C,0.0,0.01,0.02,0.02,0,1312,0.6928,0.004,0.0011,0.0017,-0.0127,0.0,0.0,0.0,0.015
2026-09-25T17:37:06+00:00,QQQ,2026-09-25,0,745.015,775.0,C,0.0,0.01,0.01,0.01,2,1926,0.7141,0.0039,0.001,0.0017,-0.0126,0.01,0.01,0.01,0.015
2026-09-25T17:37:06+00:00,QQQ,2026-09-25,0,745.015,776.0,C,0.0,0.01,0.02,0.02,0,368,0.7353,0.0038,0.001,0.0016,-0.0126,0.0,0.0,0.0,0.015
2026-09-25T17:37:06+00:00,QQQ,2026-09-25,0,745.015,777.0,C,0.0,0.01,0.01,0.01,4,68,0.7564,0.0037,0.0009,0.0016,-0.0125,0.01,0.01,0.01,0.015
2026-09-25T17:37:06+00:00,QQQ,2026-09-25,0,745.015,778.0,C,0.0,0.01,0.02,0.02,4,139,0.7775,0.0036,0.0009,0.0015,-0.0124,0.02,0.02,0.02,0.015
2026-09-25T17:37:06+00:00,QQQ,2026-09-25,0,745.015,779.0,C,0.0,0.01,0.02,0.02,0,328,0.7985,0.0035,0.0008,0.0015,-0.0124,0.0,0.0,0.0,0.015
2026-09-25T17:37:06+00:00,QQQ,2026-09-25,0,745.015,780.0,C,0.0,0.01,0.01,0.01,2,1683,0.8194,0.0034,0.0008,0.0015,-0.0123,0.01,0.01,0.01,0.015
2026-09-25T17:37:06+00:00,QQQ,2026-09-25,0,745.015,781.0,C,0.0,0.01,0.01,0.01,0,264,0.8402,0.0033,0.0008,0.0014,-0.0123,0.0,0.0,0.0,0.005
2026-09-25T17:37:06+00:00,QQQ,2026-09-25,0,745.015,782.0,C,0.0,0.01,0.01,0.01,288,707,0.861,0.0032,0.0007,0.0014,-0.0122,0.01,0.01,0.01,0.005
2026-09-25T17:37:06+00:00,QQQ,2026-09-25,0,745.015,935.0,C,0.0,0.01,0.01,0.01,26,40,3.5588,0.0005,0.0,0.0002,-0.0058,0.01,0.01,0.01,0.005
2026-09-25T17:37:06+00:00,QQQ,2026-09-25,0,745.015,450.0,P,0.0,0.01,0.01,0.01,12,1311,7.673,-0.0001,0.0,0.0,-0.0015,0.01,0.01,0.01,0.005
2026-09-25T17:37:06+00:00,QQQ,2026-09-25,0,745.015,580.0,P,0.0,0.01,0.01,0.01,25,772,3.9624,-0.0005,0.0,0.0002,-0.0066,0.01,0.01,0.01,0.005
2026-09-25T17:37:06+00:00,QQQ,2026-09-25,0,745.015,600.0,P,0.0,0.01,0.01,0.01,1,4152,3.4574,-0.0006,0.0,0.0003,-0.0078,0.01,0.01,0.01,0.005
2026-09-25T17:37:06+00:00,QQQ,2026-09-25,0,745.015,605.0,P,0.0,0.01,0.01,0.01,2,1883,3.3332,-0.0007,0.0,0.0003,-0.0081,0.01,0.01,0.01,0.005
2026-09-25T17:37:06+00:00,QQQ,2026-09-25,0,745.015,620.0,P,0.0,0.01,0.01,0.01,17,2323,2.9654,-0.0008,0.0001,0.0004,-0.0092,0.01,0.01,0.01,0.005
2026-09-25T17:37:06+00:00,QQQ,2026-09-25,0,745.015,625.0,P,0.0,0.01,0.01,0.01,5,1666,2.8442,-0.0009,0.0001,0.0004,-0.0095,0.01,0.01,0.01,0.005
2026-09-25T17:37:06+00:00,QQQ,2026-09-25,0,745.015,635.0,P,0.0,0.01,0.01,0.01,20,15929,2.6038,-0.001,0.0001,0.0005,-0.0103,0.01,0.01,0.01,0.005
2026-09-25T17:37:06+00:00,QQQ,2026-09-25,0,745.015,640.0,P,0.0,0.01,0.01,0.01,6,1828,2.4846,-0.0011,0.0001,0.0005,-0.0106,0.01,0.02,0.01,0.005
2026-09-25T17:37:06+00:00,QQQ,2026-09-25,0,745.015,645.0,P,0.0,0.01,0.01,0.01,54,4195,2.3659,-0.0012,0.0001,0.0005,-0.011,0.01,0.02,0.01,0.005
2026-09-25T17:37:06+00:00,QQQ,2026-09-25,0,745.015,650.0,P,0.0,0.01,0.01,0.01,15,10661,2.2478,-0.0013,0.0001,0.0006,-0.0114,0.01,0.01,0.01,0.005
2026-09-25T17:37:06+00:00,QQQ,2026-09-25,0,745.015,660.0,P,0.0,0.01,0.01,0.01,30,4570,2.0133,-0.0015,0.0002,0.0007,-0.0123,0.01,0.01,0.01,0.005
2026-09-25T17:37:06+00:00,QQQ,2026-09-25,0,745.015,665.0,P,0.0,0.01,0.01,0.01,45,38192,1.8967,-0.0016,0.0002,0.0007,-0.0127,0.01,0.01,0.01,0.005
2026-09-25T17:37:06+00:00,QQQ,2026-09-25,0,745.015,667.0,P,0.0,0.01,0.01,0.01,10,2556,1.8502,-0.0017,0.0002,0.0007,-0.0129,0.01,0.01,0.01,0.005
2026-09-25T17:37:06+00:00,QQQ,2026-09-25,0,745.015,669.0,P,0.0,0.01,0.01,0.01,1,796,1.8038,-0.0017,0.0002,0.0008,-0.013,0.01,0.01,0.01,0.005
2026-09-25T17:37:06+00:00,QQQ,2026-09-25,0,745.015,670.0,P,0.0,0.01,0.01,0.01,39,5857,1.7806,-0.0018,0.0002,0.0008,-0.0131,0.01,0.01,0.01,0.005
2026-09-25T17:37:06+00:00,QQQ,2026-09-25,0,745.015,672.0,P,0.0,0.01,0.01,0.01,4,726,1.7342,-0.0018,0.0002,0.0008,-0.0133,0.01,0.01,0.01,0.015
2026-09-25T17:37:06+00:00,QQQ,2026-09-25,0,745.015,673.0,P,0.0,0.01,0.01,0.01,3,607,1.7111,-0.0018,0.0002,0.0008,-0.0134,0.01,0.01,0.01,0.015
2026-09-25T17:37:06+00:00,QQQ,2026-09-25,0,745.015,674.0,P,0.0,0.01,0.01,0.01,1,825,1.6879,-0.0019,0.0002,0.0008,-0.0135,0.01,0.01,0.01,0.015
2026-09-25T17:37:06+00:00,QQQ,2026-09-25,0,745.015,675.0,P,0.0,0.01,0.01,0.01,32,3161,1.6648,-0.0019,0.0002,0.0008,-0.0136,0.01,0.01,0.01,0.015
2026-09-25T17:37:06+00:00,QQQ,2026-09-25,0,745.015,677.0,P,0.0,0.01,0.01,0.01,28,772,1.6186,-0.002,0.0002,0.0009,-0.0138,0.01,0.01,0.01,0.015
2026-09-25T17:37:06+00:00,QQQ,2026-09-25,0,745.015,678.0,P,0.0,0.01,0.01,0.01,150,890,1.5955,-0.002,0.0003,0.0009,-0.0138,0.01,0.01,0.01,0.015
2026-09-25T17:37:06+00:00,QQQ,2026-09-25,0,745.015,680.0,P,0.0,0.01,0.01,0.01,76,3580,1.5494,-0.0021,0.0003,0.0009,-0.014,0.01,0.02,0.01,0.015
2026-09-25T17:37:06+00:00,QQQ,2026-09-25,0,745.015,681.0,P,0.0,0.01,0.01,0.01,154,1155,1.5264,-0.0021,0.0003,0.0009,-0.0141,0.01,0.01,0.01,0.015
2026-09-25T17:37:06+00:00,QQQ,2026-09-25,0,745.015,682.0,P,0.0,0.01,0.01,0.01,2,1046,1.5033,-0.0022,0.0003,0.001,-0.0142,0.01,0.01,0.01,0.015
2026-09-25T17:37:06+00:00,QQQ,2026-09-25,0,745.015,683.0,P,0.0,0.01,0.01,0.01,1976,3458,1.4803,-0.0022,0.0003,0.001,-0.0143,0.01,0.01,0.01,0.015
2026-09-25T17:37:06+00:00,QQQ,2026-09-25,0,745.015,685.0,P,0.0,0.01,0.01,0.01,105,2903,1.4343,-0.0023,0.0003,0.001,-0.0145,0.01,0.01,0.01,0.015
2026-09-25T17:37:06+00:00,QQQ,2026-09-25,0,745.015,686.0,P,0.0,0.01,0.01,0.01,4,2437,1.4113,-0.0024,0.0003,0.001,-0.0146,0.01,0.01,0.01,0.015
2026-09-25T17:37:06+00:00,QQQ,2026-09-25,0,745.015,687.0,P,0.0,0.01,0.01,0.01,5,2225,1.3883,-0.0024,0.0004,0.001,-0.0147,0.01,0.01,0.01,0.015
2026-09-25T17:37:06+00:00,QQQ,2026-09-25,0,745.015,688.0,P,0.0,0.01,0.01,0.01,209,1946,1.3653,-0.0024,0.0004,0.0011,-0.0148,0.01,0.01,0.01,0.015
2026-09-25T17:37:06+00:00,QQQ,2026-09-25,0,745.015,689.0,P,0.0,0.01,0.02,0.02,32,2011,1.3423,-0.0025,0.0004,0.0011,-0.0149,0.01,0.02,0.01,0.015
2026-09-25T17:37:06+00:00,QQQ,2026-09-25,0,745.015,690.0,P,0.0,0.01,0.01,0.01,72,85486,1.3193,-0.0026,0.0004,0.0011,-0.015,0.01,0.01,0.01,0.015
2026-09-25T17:37:06+00:00,QQQ,2026-09-25,0,745.015,691.0,P,0.0,0.01,0.01,0.01,6,2293,1.2963,-0.0026,0.0004,0.0011,-0.015,0.01,0.01,0.01,0.015
2026-09-25T17:37:06+00:00,QQQ,2026-09-25,0,745.015,692.0,P,0.0,0.01,0.01,0.01,6,1496,1.2734,-0.0027,0.0004,0.0012,-0.0151,0.01,0.01,0.01,0.015
2026-09-25T17:37:06+00:00,QQQ,2026-09-25,0,745.015,693.0,P,0.0,0.01,0.02,0.02,11,4215,1.2504,-0.0027,0.0004,0.0012,-0.0152,0.01,0.21,0.01,0.015
2026-09-25T17:37:06+00:00,QQQ,2026-09-25,0,745.015,694.0,P,0.0,0.01,0.01,0.01,5,2917,1.2275,-0.0028,0.0004,0.0012,-0.0153,0.01,0.01,0.01,0.015
2026-09-25T17:37:06+00:00,QQQ,2026-09-25,0,745.015,695.0,P,0.0,0.01,0.01,0.01,4,5302,1.2045,-0.0028,0.0005,0.0012,-0.0154,0.01,0.01,0.01,0.015
2026-09-25T17:37:06+00:00,QQQ,2026-09-25,0,745.015,696.0,P,0.0,0.01,0.01,0.01,6,2333,1.1816,-0.0029,0.0005,0.0012,-0.0155,0.02,0.02,0.01,0.015
2026-09-25T17:37:06+00:00,QQQ,2026-09-25,0,745.015,697.0,P,0.0,0.01,0.01,0.01,6,1476,1.1586,-0.003,0.0005,0.0013,-0.0156,0.01,0.01,0.01,0.015
2026-09-25T17:37:06+00:00,QQQ,2026-09-25,0,745.015,698.0,P,0.0,0.01,0.01,0.01,26,5285,1.1356,-0.003,0.0005,0.0013,-0.0157,0.01,0.01,0.01,0.015
2026-09-25T17:37:06+00:00,QQQ,2026-09-25,0,745.015,699.0,P,0.0,0.01,0.01,0.01,1,5876,1.1127,-0.0031,0.0005,0.0013,-0.0158,0.01,0.01,0.01,0.015
2026-09-25T17:37:06+00:00,QQQ,2026-09-25,0,745.015,700.0,P,0.0,0.01,0.01,0.01,1721,18205,1.0897,-0.0032,0.0006,0.0014,-0.0159,0.01,0.01,0.01,0.015
2026-09-25T17:37:06+00:00,QQQ,2026-09-25,0,745.015,701.0,P,0.0,0.01,0.01,0.01,4,1908,1.0668,-0.0033,0.0006,0.0014,-0.016,0.01,0.01,0.01,0.015
2026-09-25T17:37:06+00:00,QQQ,2026-09-25,0,745.015,702.0,P,0.0,0.01,0.01,0.01,4,2384,1.0438,-0.0033,0.0006,0.0014,-0.0161,0.01,0.01,0.01,0.015
2026-09-25T17:37:06+00:00,QQQ,2026-09-25,0,745.015,703.0,P,0.0,0.01,0.01,0.01,37,1702,1.0209,-0.0034,0.0006,0.0015,-0.0162,0.01,0.01,0.01,0.025
2026-09-25T17:37:06+00:00,QQQ,2026-09-25,0,745.015,704.0,P,0.0,0.01,0.01,0.01,1,3626,0.9979,-0.0035,0.0007,0.0015,-0.0163,0.01,0.01,0.01,0.025
2026-09-25T17:37:06+00:00,QQQ,2026-09-25,0,745.015,705.0,P,0.0,0.01,0.01,0.01,335,32695,0.9749,-0.0036,0.0007,0.0015,-0.0164,0.02,0.02,0.01,0.025
2026-09-25T17:37:06+00:00,QQQ,2026-09-25,0,745.015,706.0,P,0.0,0.01,0.01,0.01,12,1957,0.952,-0.0037,0.0007,0.0016,-0.0165,0.01,0.01,0.01,0.025
2026-09-25T17:37:06+00:00,QQQ,2026-09-25,0,745.015,707.0,P,0.0,0.01,0.01,0.01,28,3017,0.929,-0.0038,0.0008,0.0016,-0.0166,0.01,0.01,0.01,0.025
2026-09-25T17:37:06+00:00,QQQ,2026-09-25,0,745.015,708.0,P,0.0,0.01,0.01,0.01,54,1971,0.906,-0.0039,0.0008,0.0017,-0.0167,0.01,0.01,0.01,0.025
2026-09-25T17:37:06+00:00,QQQ,2026-09-25,0,745.015,709.0,P,0.0,0.01,0.01,0.01,101,2181,0.883,-0.004,0.0008,0.0017,-0.0168,0.01,0.03,0.01,0.025
2026-09-25T17:37:06+00:00,QQQ,2026-09-25,0,745.015,710.0,P,0.0,0.01,0.01,0.01,492,10372,0.8599,-0.0041,0.0009,0.0018,-0.0169,0.01,0.01,0.01,0.025
2026-09-25T17:37:06+00:00,QQQ,2026-09-25,0,745.015,711.0,P,0.0,0.01,0.01,0.01,104,2672,0.8369,-0.0042,0.0009,0.0018,-0.017,0.01,0.01,0.01,0.035
2026-09-25T17:37:06+00:00,QQQ,2026-09-25,0,745.015,712.0,P,0.0,0.01,0.01,0.01,313,2064,0.8139,-0.0044,0.001,0.0018,-0.0172,0.01,0.01,0.01,0.035
2026-09-25T17:37:06+00:00,QQQ,2026-09-25,0,745.015,713.0,P,0.0,0.01,0.01,0.01,290,2093,0.7908,-0.0045,0.001,0.0019,-0.0173,0.02,0.02,0.01,0.035
2026-09-25T17:37:06+00:00,QQQ,2026-09-25,0,745.015,714.0,P,0.0,0.01,0.01,0.01,1105,4859,0.7677,-0.0047,0.0011,0.002,-0.0174,0.01,0.02,0.01,0.035
2026-09-25T17:37:06+00:00,QQQ,2026-09-25,0,745.015,715.0,P,0.0,0.01,0.01,0.01,3867,9399,0.7446,-0.0048,0.0012,0.002,-0.0175,0.01,0.02,0.01,0.035
2026-09-25T17:37:06+00:00,QQQ,2026-09-25,0,745.015,716.0,P,0.0,0.01,0.01,0.01,4562,4106,0.7215,-0.005,0.0012,0.0021,-0.0176,0.02,0.02,0.01,0.045
2026-09-25T17:37:06+00:00,QQQ,2026-09-25,0,745.015,717.0,P,0.0,0.01,0.01,0.01,12073,3256,0.6983,-0.0051,0.0013,0.0021,-0.0177,0.01,0.04,0.01,0.045
2026-09-25T17:37:06+00:00,QQQ,2026-09-25,0,745.015,718.0,P,0.0,0.01,0.01,0.01,15096,13685,0.6751,-0.0053,0.0014,0.0022,-0.0178,0.01,0.03,0.01,0.045
2026-09-25T17:37:06+00:00,QQQ,2026-09-25,0,745.015,719.0,P,0.0,0.01,0.01,0.01,7411,8537,0.6519,-0.0055,0.0015,0.0023,-0.0179,0.02,0.03,0.01,0.055
2026-09-25T17:37:06+00:00,QQQ,2026-09-25,0,745.015,720.0,P,0.01,0.02,0.015,0.02,12700,11872,0.7008,-0.0057,0.0016,0.0024,-0.018,0.01,0.04,0.01,0.055
2026-09-25T17:37:06+00:00,QQQ,2026-09-25,0,745.015,721.0,P,0.01,0.02,0.015,0.02,3104,4963,0.6753,-0.006,0.0017,0.0024,-0.0181,0.01,0.03,0.01,0.065
2026-09-25T17:37:06+00:00,QQQ,2026-09-25,0,745.015,722.0,P,0.01,0.02,0.015,0.02,1811,8821,0.6498,-0.0062,0.0019,0.0026,-0.0182,0.02,0.04,0.01,0.075
2026-09-25T17:37:06+00:00,QQQ,2026-09-25,0,745.015,723.0,P,0.01,0.02,0.015,0.01,2720,2426,0.6242,-0.0064,0.002,0.0026,-0.0184,0.03,0.04,0.01,0.085
2026-09-25T17:37:06+00:00,QQQ,2026-09-25,0,745.015,724.0,P,0.01,0.02,0.015,0.01,5166,3949,0.5985,-0.0067,0.0022,0.0028,-0.0185,0.03,0.05,0.01,0.095
2026-09-25T17:37:06+00:00,QQQ,2026-09-25,0,745.015,725.0,P,0.01,0.02,0.015,0.02,11661,13949,0.5728,-0.007,0.0024,0.0029,-0.0186,0.03,0.07,0.01,0.105
2026-09-25T17:37:06+00:00,QQQ,2026-09-25,0,745.015,726.0,P,0.01,0.02,0.015,0.02,5806,4854,0.5469,-0.0074,0.0026,0.003,-0.0188,0.02,0.08,0.01,0.125
2026-09-25T17:37:06+00:00,QQQ,2026-09-25,0,745.015,727.0,P,0.01,0.02,0.015,0.01,6956,3625,0.521,-0.0078,0.0028,0.0031,-0.019,0.05,0.1,0.01,0.155
2026-09-25T17:37:06+00:00,QQQ,2026-09-25,0,745.015,728.0,P,0.01,0.02,0.015,0.01,10858,3308,0.495,-0.0082,0.0031,0.0033,-0.0192,0.02,0.12,0.01,0.185
2026-09-25T17:37:06+00:00,QQQ,2026-09-25,0,745.015,729.0,P,0.01,0.02,0.015,0.01,8110,4682,0.4689,-0.0087,0.0035,0.0035,-0.0194,0.03,0.16,0.01,0.225
2026-09-25T17:37:06+00:00,QQQ,2026-09-25,0,745.015,730.0,P,0.01,0.02,0.015,0.01,28241,18960,0.4426,-0.0093,0.0039,0.0037,-0.0198,0.05,0.2,0.01,0.275
2026-09-25T17:37:06+00:00,QQQ,2026-09-25,0,745.015,731.0,P,0.02,0.03,0.025,0.03,11737,7137,0.4437,-0.01,0.0044,0.004,-0.0203,0.06,0.26,0.01,0.345
2026-09-25T17:37:06+00:00,QQQ,2026-09-25,0,745.015,732.0,P,0.02,0.03,0.025,0.02,16469,6919,0.4159,-0.0109,0.005,0.0043,-0.021,0.07,0.33,0.01,0.425
2026-09-25T17:37:06+00:00,QQQ,2026-09-25,0,745.015,733.0,P,0.02,0.03,0.025,0.02,24422,7671,0.3878,-0.0121,0.0058,0.0047,-0.0221,0.09,0.41,0.02,0.535
2026-09-25T17:37:06+00:00,QQQ,2026-09-25,0,745.015,734.0,P,0.02,0.03,0.025,0.03,27732,7291,0.3596,-0.0136,0.0069,0.0052,-0.0237,0.11,0.53,0.02,0.665
2026-09-25T17:37:06+00:00,QQQ,2026-09-25,0,745.015,735.0,P,0.02,0.03,0.025,0.02,52635,14645,0.331,-0.0159,0.0084,0.006,-0.0263,0.16,0.69,0.02,0.825
2026-09-25T17:37:06+00:00,QQQ,2026-09-25,0,745.015,736.0,P,0.02,0.03,0.025,0.03,54910,18995,0.3023,-0.0191,0.0106,0.007,-0.0302,0.23,0.88,0.02,1.025
2026-09-25T17:37:06+00:00,QQQ,2026-09-25,0,745.015,737.0,P,0.03,0.04,0.035,0.03,69116,4892,0.2875,-0.0239,0.0138,0.0084,-0.0362,0.33,1.12,0.03,1.265
2026-09-25T17:37:06+00:00,QQQ,2026-09-25,0,745.015,738.0,P,0.04,0.05,0.045,0.04,100061,6418,0.2679,-0.0311,0.0185,0.0105,-0.0456,0.51,1.42,0.04,1.545
2026-09-25T17:37:06+00:00,QQQ,2026-09-25,0,745.015,739.0,P,0.05,0.06,0.055,0.05,124673,4617,0.2446,-0.0423,0.0257,0.0135,-0.0601,0.66,1.79,0.05,1.875
2026-09-25T17:37:06+00:00,QQQ,2026-09-25,0,745.015,740.0,P,0.07,0.08,0.075,0.07,244023,9175,0.2247,-0.0599,0.0366,0.0177,-0.0834,0.9,2.24,0.07,2.265
2026-09-25T17:37:06+00:00,QQQ,2026-09-25,0,745.015,741.0,P,0.11,0.12,0.115,0.11,266652,3830,0.2088,-0.0887,0.0536,0.0236,-0.1228,1.21,2.78,0.11,2.705
2026-09-25T17:37:06+00:00,QQQ,2026-09-25,0,745.015,742.0,P,0.18,0.19,0.185,0.18,239892,2155,0.194,-0.1372,0.079,0.032,-0.1936,1.61,3.38,0.18,3.2
2026-09-25T17:37:06+00:00,QQQ,2026-09-25,0,745.015,743.0,P,0.32,0.33,0.325,0.33,223256,2163,0.1845,-0.2178,0.1129,0.0422,-0.3255,2.07,4.06,0.3,3.765
2026-09-25T17:37:06+00:00,QQQ,2026-09-25,0,745.015,744.0,P,0.57,0.58,0.575,0.57,243625,1690,0.1785,-0.3396,0.1471,0.052,-0.5636,2.53,4.83,0.5,4.385
2026-09-25T17:37:06+00:00,QQQ,2026-09-25,0,745.015,745.0,P,0.96,0.97,0.965,0.96,124883,4711,0.1734,-0.4952,0.1643,0.0564,-0.9569,3.13,5.67,0.82,5.05
2026-09-25T17:37:06+00:00,QQQ,2026-09-25,0,745.015,746.0,P,1.54,1.55,1.545,1.55,36210,1592,0.1721,-0.6558,0.1521,0.0522,-0.5562,4.0,6.5,1.35,5.785
2026-09-25T17:37:06+00:00,QQQ,2026-09-25,0,745.015,747.0,P,2.25,2.3,2.275,2.27,12098,1426,0.1766,-0.7882,0.1177,0.0417,-0.2954,5.3,7.35,1.97,6.57
2026-09-25T17:37:06+00:00,QQQ,2026-09-25,0,745.015,748.0,P,3.09,3.17,3.13,3.1,3741,960,0.181,-0.8779,0.0795,0.0297,-0.1532,6.27,8.36,2.66,7.41
2026-09-25T17:37:06+00:00,QQQ,2026-09-25,0,745.015,749.0,P,4.0,4.16,4.08,4.0,2330,484,0.2011,-0.9308,0.0498,0.0199,-0.0812,5.75,8.95,3.44,8.22
2026-09-25T17:37:06+00:00,QQQ,2026-09-25,0,745.015,750.0,P,4.7,5.13,4.915,5.1,1169,1729,0.0,-0.9596,0.0306,0.0132,-0.046,7.01,10.31,4.36,9.185
2026-09-25T17:37:06+00:00,QQQ,2026-09-25,0,745.015,751.0,P,5.67,6.56,6.115,6.52,544,87,0.2933,-0.9746,0.0195,0.0091,-0.0289,8.73,11.35,5.38,9.97
2026-09-25T17:37:06+00:00,QQQ,2026-09-25,0,745.015,752.0,P,6.66,7.15,6.905,7.0,172,19,0.0,-0.9823,0.0132,0.0067,-0.0208,9.85,12.2,6.34,10.94
2026-09-25T17:37:06+00:00,QQQ,2026-09-25,0,745.015,753.0,P,7.65,8.15,7.9,7.8,187,3,0.0,-0.9863,0.0098,0.0054,-0.017,10.9,11.27,7.38,11.9
2026-09-25T17:37:06+00:00,QQQ,2026-09-25,0,745.015,754.0,P,8.65,9.54,9.095,8.97,81,0,0.3886,-0.9885,0.0077,0.0046,-0.0152,12.14,14.33,8.16,12.885
2026-09-25T17:37:06+00:00,QQQ,2026-09-25,0,745.015,755.0,P,9.64,10.15,9.895,9.75,256,8,0.0,-0.9898,0.0064,0.0041,-0.0145,12.33,15.01,9.5,14.01
2026-09-25T17:37:06+00:00,QQQ,2026-09-25,0,745.015,756.0,P,10.64,11.14,10.89,11.0,84,27,0.0,-0.9907,0.0054,0.0038,-0.0141,12.74,15.45,10.35,14.905
2026-09-25T17:37:06+00:00,QQQ,2026-09-25,0,745.015,757.0,P,11.64,12.54,12.09,12.43,26,0,0.485,-0.9914,0.0047,0.0035,-0.0139,13.19,16.29,12.13,15.875
2026-09-25T17:37:06+00:00,QQQ,2026-09-25,0,745.015,758.0,P,12.65,13.53,13.09,13.4,25,1,0.5173,-0.992,0.0041,0.0033,-0.0138,14.22,14.87,12.58,16.96
2026-09-25T17:37:06+00:00,QQQ,2026-09-25,0,745.015,759.0,P,13.64,14.53,14.085,14.4,55,3,0.5449,-0.9924,0.0037,0.0031,-0.0137,18.46,18.46,13.35,17.88
2026-09-25T17:37:06+00:00,QQQ,2026-09-25,0,745.015,760.0,P,14.64,15.54,15.09,15.39,95,4,0.581,-0.9929,0.0033,0.003,-0.0136,17.3,17.3,14.62,18.885
2026-09-25T17:37:06+00:00,QQQ,2026-09-25,0,745.015,761.0,P,15.64,16.54,16.09,16.0,16,0,0.6123,-0.9933,0.003,0.0028,-0.0136,16.17,17.14,15.92,19.87
2026-09-25T17:37:06+00:00,QQQ,2026-09-25,0,745.015,762.0,P,16.63,18.03,17.33,17.13,40,0,0.8056,-0.9936,0.0027,0.0027,-0.0135,19.28,20.13,16.95,20.86
2026-09-25T17:37:06+00:00,QQQ,2026-09-25,0,745.015,763.0,P,17.63,19.15,18.39,18.16,11,0,0.8724,-0.9939,0.0024,0.0026,-0.0134,19.86,19.86,17.98,21.875
2026-09-25T17:37:06+00:00,QQQ,2026-09-25,0,745.015,764.0,P,18.63,20.63,19.63,18.75,10,0,1.0175,-0.9942,0.0022,0.0024,-0.0134,22.85,23.21,18.75,22.8
2026-09-25T17:37:06+00:00,QQQ,2026-09-25,0,745.015,765.0,P,19.65,21.61,20.63,19.75,5,0,1.0561,-0.9944,0.002,0.0023,-0.0133,23.61,23.61,19.75,23.805
2026-09-25T17:37:06+00:00,QQQ,2026-09-25,0,745.015,766.0,P,20.63,22.62,21.625,20.1,28,0,1.0922,-0.9947,0.0019,0.0022,-0.0132,23.31,25.78,20.1,24.77
2026-09-25T17:37:06+00:00,QQQ,2026-09-25,0,745.015,767.0,P,21.01,23.52,22.265,23.79,45,20,0.941,-0.9949,0.0018,0.0022,-0.0132,24.73,27.07,23.79,25.755
2026-09-25T17:37:06+00:00,QQQ,2026-09-25,0,745.015,768.0,P,21.95,24.63,23.29,24.46,27,0,0.9908,-0.9951,0.0016,0.0021,-0.0131,25.68,27.77,24.46,26.76
2026-09-25T17:37:06+00:00,QQQ,2026-09-25,0,745.015,769.0,P,23.01,25.62,24.315,25.86,46,0,1.0405,-0.9952,0.0015,0.002,-0.013,24.8,28.01,24.39,27.865
2026-09-25T17:37:06+00:00,QQQ,2026-09-25,0,745.015,770.0,P,24.04,26.63,25.335,26.43,53,0,1.0869,-0.9954,0.0014,0.0019,-0.013,28.91,28.94,26.02,28.865
2026-09-25T17:37:06+00:00,QQQ,2026-09-25,0,745.015,771.0,P,25.02,27.62,26.32,27.75,36,0,1.1108,-0.9956,0.0013,0.0019,-0.0129,30.0,31.55,27.42,29.755
2026-09-25T17:37:06+00:00,QQQ,2026-09-25,0,745.015,772.0,P,25.3,28.64,26.97,32.38,12,0,0.0,-0.9957,0.0012,0.0018,-0.0128,29.88,32.38,29.81,30.8
2026-09-25T17:37:06+00:00,QQQ,2026-09-25,0,745.015,773.0,P,27.12,29.63,28.375,33.37,14,0,1.2131,-0.9959,0.0012,0.0018,-0.0128,28.22,33.37,28.22,31.755
2026-09-25T17:37:06+00:00,QQQ,2026-09-25,0,745.015,774.0,P,27.54,30.63,29.085,30.74,22,0,0.9915,-0.996,0.0011,0.0017,-0.0127,29.03,32.07,29.03,32.91
2026-09-25T17:37:06+00:00,QQQ,2026-09-25,0,745.015,775.0,P,28.95,31.63,30.29,31.81,81,0,1.2205,-0.9961,0.001,0.0017,-0.0126,30.2,35.14,30.03,33.755
2026-09-25T17:37:06+00:00,QQQ,2026-09-25,0,745.015,776.0,P,30.12,32.63,31.375,31.99,92,0,1.3128,-0.9962,0.001,0.0016,-0.0126,32.62,36.13,30.26,34.79
2026-09-25T17:37:06+00:00,QQQ,2026-09-25,0,745.015,777.0,P,30.29,33.64,31.965,33.18,24,0,0.0,-0.9963,0.0009,0.0016,-0.0125,34.69,35.53,33.18,35.87
2026-09-25T17:37:06+00:00,QQQ,2026-09-25,0,745.015,778.0,P,31.39,34.64,33.015,34.8,16,0,0.9632,-0.9964,0.0009,0.0015,-0.0124,34.64,37.4,34.61,36.785
2026-09-25T17:37:06+00:00,QQQ,2026-09-25,0,745.015,779.0,P,33.15,35.63,34.39,35.68,22,0,1.4211,-0.9965,0.0008,0.0015,-0.0124,35.57,38.39,35.54,38.2
2026-09-25T17:37:06+00:00,QQQ,2026-09-25,0,745.015,780.0,P,33.26,36.64,34.95,36.79,40,0,0.0,-0.9966,0.0008,0.0015,-0.0123,37.87,40.18,36.79,39.03
2026-09-25T17:37:06+00:00,QQQ,2026-09-25,0,745.015,781.0,P,35.14,37.62,36.38,37.63,46,0,1.4788,-0.9967,0.0008,0.0014,-0.0123,38.8,41.17,37.63,40.285
2026-09-25T17:37:06+00:00,QQQ,2026-09-25,0,745.015,782.0,P,35.96,38.64,37.3,40.3,8,0,1.4491,-0.9968,0.0007,0.0014,-0.0122,40.59,40.63,40.27,41.09
2026-09-25T17:37:06+00:00,QQQ,2026-09-25,0,745.015,785.0,P,38.92,41.63,40.275,41.07,18,0,1.5196,-0.997,0.0006,0.0013,-0.012,42.95,42.95,40.2,44.205
2026-09-25T17:37:06+00:00,QQQ,2026-09-25,0,745.015,790.0,P,43.32,46.63,44.975,47.64,5,4,0.0,-0.9973,0.0005,0.0012,-0.0117,45.3,47.71,45.3,48.84
2026-09-25T17:37:06+00:00,QQQ,2026-09-25,0,745.015,805.0,P,59.76,61.62,60.69,60.81,1,0,2.4556,-0.998,0.0003,0.0009,-0.0109,60.81,60.81,60.81,64.24
2026-09-25T17:52:07+00:00,QQQ,2026-09-25,0,744.78,450.0,C,293.84,294.87,294.355,294.03,49,0,0.0,0.9999,0.0,0.0,-0.0012,293.6,294.93,293.44,290.915
2026-09-25T17:52:07+00:00,QQQ,2026-09-25,0,744.78,455.0,C,289.51,289.82,289.665,290.07,4,0,0.0,0.9999,0.0,0.0,-0.0013,290.06,290.07,290.06,285.94
2026-09-25T17:52:07+00:00,QQQ,2026-09-25,0,744.78,510.0,C,233.75,236.07,234.91,232.09,1,5,8.0325,0.9998,0.0,0.0001,-0.0026,232.09,232.09,232.09,231.115
2026-09-25T17:52:07+00:00,QQQ,2026-09-25,0,744.78,575.0,C,168.08,171.54,169.81,170.37,1,0,4.9074,0.9996,0.0,0.0002,-0.0051,170.37,170.37,170.37,165.915
2026-09-25T17:52:07+00:00,QQQ,2026-09-25,0,744.78,600.0,C,143.74,145.97,144.855,141.06,12,16,4.5502,0.9995,0.0,0.0002,-0.0064,142.9,142.9,141.06,141.055
2026-09-25T17:52:07+00:00,QQQ,2026-09-25,0,744.78,610.0,C,133.35,136.47,134.91,134.77,2,14,4.5025,0.9994,0.0,0.0003,-0.0069,131.85,134.77,131.85,131.06
2026-09-25T17:52:07+00:00,QQQ,2026-09-25,0,744.78,620.0,C,123.37,125.98,124.675,122.41,10,32,0.0,0.9993,0.0001,0.0003,-0.0075,123.0,123.0,121.33,121.26
2026-09-25T17:52:07+00:00,QQQ,2026-09-25,0,744.78,635.0,C,108.37,111.51,109.94,109.31,2,1,3.7815,0.9991,0.0001,0.0004,-0.0085,109.38,109.38,109.31,106.385
2026-09-25T17:52:07+00:00,QQQ,2026-09-25,0,744.78,640.0,C,103.26,106.49,104.875,104.76,1,5,3.3948,0.9991,0.0001,0.0004,-0.0088,104.76,104.76,104.76,101.165
2026-09-25T17:52:07+00:00,QQQ,2026-09-25,0,744.78,650.0,C,93.37,95.38,94.375,94.62,17,42,0.0,0.9989,0.0001,0.0005,-0.0095,94.3,94.76,94.16,91.05
2026-09-25T17:52:07+00:00,QQQ,2026-09-25,0,744.78,655.0,C,88.7,90.4,89.55,90.07,3,40,0.0,0.9988,0.0001,0.0005,-0.0098,89.4,90.07,89.37,85.85
2026-09-25T17:52:07+00:00,QQQ,2026-09-25,0,744.78,665.0,C,78.08,81.58,79.83,79.56,50,51,2.4337,0.9986,0.0002,0.0006,-0.0105,79.56,79.56,79.56,75.76
2026-09-25T17:52:07+00:00,QQQ,2026-09-25,0,744.78,667.0,C,76.38,79.53,77.955,73.32,1,3,2.7692,0.9986,0.0002,0.0006,-0.0107,73.32,73.32,73.32,73.855
2026-09-25T17:52:07+00:00,QQQ,2026-09-25,0,744.78,671.0,C,72.34,75.01,73.675,74.38,1,36,0.0,0.9985,0.0002,0.0007,-0.011,74.38,74.38,74.38,70.095
2026-09-25T17:52:07+00:00,QQQ,2026-09-25,0,744.78,675.0,C,68.36,70.93,69.645,68.02,62,47,0.0,0.9984,0.0002,0.0007,-0.0113,67.56,68.02,65.32,66.13
2026-09-25T17:52:07+00:00,QQQ,2026-09-25,0,744.78,676.0,C,67.36,70.04,68.7,68.43,2,1,0.0,0.9983,0.0002,0.0007,-0.0114,68.43,68.43,68.43,65.25
2026-09-25T17:52:07+00:00,QQQ,2026-09-25,0,744.78,677.0,C,66.37,69.53,67.95,66.43,16,16,2.4319,0.9983,0.0002,0.0007,-0.0114,63.81,66.43,63.81,64.1
2026-09-25T17:52:07+00:00,QQQ,2026-09-25,0,744.78,679.0,C,65.45,67.5,66.475,61.33,1,4,2.9847,0.9982,0.0002,0.0008,-0.0116,61.33,61.33,61.33,62.535
2026-09-25T17:52:07+00:00,QQQ,2026-09-25,0,744.78,680.0,C,64.46,66.46,65.46,63.6,1,15,2.9335,0.9982,0.0002,0.0008,-0.0117,63.6,63.6,63.6,61.205
2026-09-25T17:52:07+00:00,QQQ,2026-09-25,0,744.78,681.0,C,63.48,65.58,64.53,61.51,2,6,2.9509,0.9982,0.0002,0.0008,-0.0117,61.4,61.51,61.4,60.26
2026-09-25T17:52:07+00:00,QQQ,2026-09-25,0,744.78,682.0,C,62.53,64.51,63.52,60.56,1,5,2.9039,0.9981,0.0003,0.0008,-0.0118,60.56,60.56,60.56,59.255
2026-09-25T17:52:07+00:00,QQQ,2026-09-25,0,744.78,684.0,C,60.16,62.56,61.36,58.35,28,8,2.6951,0.998,0.0003,0.0008,-0.012,60.83,61.33,57.57,57.11
2026-09-25T17:52:07+00:00,QQQ,2026-09-25,0,744.78,685.0,C,59.48,60.97,60.225,60.29,5,40,2.5313,0.998,0.0003,0.0008,-0.012,59.81,60.29,56.15,56.1
2026-09-25T17:52:07+00:00,QQQ,2026-09-25,0,744.78,687.0,C,57.5,59.02,58.26,54.11,1,12,2.4918,0.9979,0.0003,0.0009,-0.0122,54.11,54.11,54.11,54.11
2026-09-25T17:52:07+00:00,QQQ,2026-09-25,0,744.78,688.0,C,56.34,57.97,57.155,54.08,27,5,2.3494,0.9979,0.0003,0.0009,-0.0123,56.81,56.81,53.85,53.11
2026-09-25T17:52:07+00:00,QQQ,2026-09-25,0,744.78,689.0,C,55.45,57.53,56.49,53.13,2,46,2.6069,0.9978,0.0003,0.0009,-0.0124,52.11,53.13,52.11,52.11
2026-09-25T17:52:07+00:00,QQQ,2026-09-25,0,744.78,690.0,C,54.47,56.53,55.5,51.65,41,164,2.575,0.9978,0.0003,0.0009,-0.0125,52.43,52.43,50.05,51.11
2026-09-25T17:52:07+00:00,QQQ,2026-09-25,0,744.78,691.0,C,53.47,55.01,54.24,54.37,5,48,2.325,0.9978,0.0004,0.001,-0.0125,52.55,54.42,52.55,50.1
2026-09-25T17:52:07+00:00,QQQ,2026-09-25,0,744.78,692.0,C,51.75,54.03,52.89,53.12,3,22,1.8261,0.9977,0.0004,0.001,-0.0126,48.46,53.12,48.46,48.93
2026-09-25T17:52:07+00:00,QQQ,2026-09-25,0,744.78,694.0,C,49.38,52.07,50.725,51.37,1,29,0.0,0.9976,0.0004,0.001,-0.0128,51.37,51.37,51.37,47.11
2026-09-25T17:52:07+00:00,QQQ,2026-09-25,0,744.78,695.0,C,48.38,51.54,49.96,47.96,38,225,1.8594,0.9975,0.0004,0.001,-0.0129,47.58,47.96,46.21,46.11
2026-09-25T17:52:07+00:00,QQQ,2026-09-25,0,744.78,697.0,C,46.36,49.54,47.95,43.8,7,84,1.7778,0.9974,0.0004,0.0011,-0.013,43.91,44.85,43.8,44.27
2026-09-25T17:52:07+00:00,QQQ,2026-09-25,0,744.78,698.0,C,45.35,48.54,46.945,46.41,1,80,1.7371,0.9974,0.0005,0.0011,-0.0131,46.41,46.41,46.41,43.11
2026-09-25T17:52:07+00:00,QQQ,2026-09-25,0,744.78,699.0,C,44.38,47.01,45.695,44.1,14,114,0.0,0.9973,0.0005,0.0011,-0.0132,45.83,46.24,44.1,42.265
2026-09-25T17:52:07+00:00,QQQ,2026-09-25,0,744.78,700.0,C,44.47,46.32,45.395,45.16,177,969,2.1088,0.9972,0.0005,0.0012,-0.0133,42.0,45.16,40.0,41.15
2026-09-25T17:52:07+00:00,QQQ,2026-09-25,0,744.78,701.0,C,42.45,45.52,43.985,43.14,9,57,1.6951,0.9972,0.0005,0.0012,-0.0134,42.29,43.14,39.38,40.27
2026-09-25T17:52:07+00:00,QQQ,2026-09-25,0,744.78,702.0,C,41.81,44.06,42.935,42.2,4,309,1.5905,0.9971,0.0006,0.0012,-0.0135,38.9,42.2,38.9,39.265
2026-09-25T17:52:07+00:00,QQQ,2026-09-25,0,744.78,703.0,C,40.81,42.38,41.595,42.15,5,192,0.0,0.997,0.0006,0.0012,-0.0136,40.98,42.15,40.1,38.265
2026-09-25T17:52:07+00:00,QQQ,2026-09-25,0,744.78,704.0,C,40.46,41.42,40.94,41.05,26,330,1.5325,0.997,0.0006,0.0013,-0.0136,39.3,41.05,39.29,37.205
2026-09-25T17:52:07+00:00,QQQ,2026-09-25,0,744.78,705.0,C,39.44,40.29,39.865,40.36,15,1128,1.3683,0.9969,0.0006,0.0013,-0.0137,38.98,40.36,36.78,36.36
2026-09-25T17:52:07+00:00,QQQ,2026-09-25,0,744.78,706.0,C,38.45,39.38,38.915,38.42,8,382,1.4291,0.9968,0.0007,0.0013,-0.0138,35.04,39.16,34.84,35.17
2026-09-25T17:52:07+00:00,QQQ,2026-09-25,0,744.78,707.0,C,37.4,39.06,38.23,38.12,90,399,1.7201,0.9967,0.0007,0.0014,-0.0139,36.87,38.27,33.68,34.155
2026-09-25T17:52:07+00:00,QQQ,2026-09-25,0,744.78,708.0,C,35.81,38.54,37.175,36.66,110,486,1.6398,0.9966,0.0007,0.0014,-0.014,35.86,36.66,31.5,33.185
2026-09-25T17:52:07+00:00,QQQ,2026-09-25,0,744.78,709.0,C,34.08,37.09,35.585,31.93,92,475,0.0,0.9965,0.0008,0.0014,-0.0141,34.58,35.95,31.58,32.36
2026-09-25T17:52:07+00:00,QQQ,2026-09-25,0,744.78,710.0,C,34.47,35.83,35.15,34.88,158,2041,1.5456,0.9964,0.0008,0.0015,-0.0142,33.83,35.09,29.99,31.365
2026-09-25T17:52:07+00:00,QQQ,2026-09-25,0,744.78,711.0,C,33.43,33.85,33.64,34.08,27,1740,0.0,0.9963,0.0008,0.0015,-0.0142,32.71,34.27,31.0,30.185
2026-09-25T17:52:07+00:00,QQQ,2026-09-25,0,744.78,712.0,C,32.56,34.45,33.505,32.35,34,1393,1.6992,0.9962,0.0009,0.0016,-0.0143,30.8,33.85,27.94,29.29
2026-09-25T17:52:07+00:00,QQQ,2026-09-25,0,744.78,713.0,C,31.48,33.54,32.51,32.02,49,388,1.6609,0.9961,0.001,0.0016,-0.0144,31.08,33.4,29.1,28.175
2026-09-25T17:52:07+00:00,QQQ,2026-09-25,0,744.78,714.0,C,30.48,31.35,30.915,30.85,55,433,1.1688,0.9959,0.001,0.0017,-0.0145,29.85,31.95,26.72,27.3
2026-09-25T17:52:07+00:00,QQQ,2026-09-25,0,744.78,715.0,C,29.48,30.3,29.89,30.16,163,2764,1.1004,0.9958,0.0011,0.0017,-0.0146,27.38,30.29,25.53,26.375
2026-09-25T17:52:07+00:00,QQQ,2026-09-25,0,744.78,716.0,C,28.55,29.33,28.94,29.09,230,899,1.1339,0.9957,0.0011,0.0018,-0.0147,26.37,29.66,23.77,25.2
2026-09-25T17:52:07+00:00,QQQ,2026-09-25,0,744.78,717.0,C,27.55,28.49,28.02,27.91,95,1275,1.1813,0.9955,0.0012,0.0018,-0.0148,25.38,28.23,23.65,24.345
2026-09-25T17:52:07+00:00,QQQ,2026-09-25,0,744.78,718.0,C,26.48,27.32,26.9,26.73,412,2117,1.0175,0.9954,0.0013,0.0019,-0.0149,24.15,27.31,22.85,23.305
2026-09-25T17:52:07+00:00,QQQ,2026-09-25,0,744.78,719.0,C,25.52,26.37,25.945,26.23,153,2166,1.038,0.9952,0.0014,0.0019,-0.015,23.86,26.58,21.72,22.335
2026-09-25T17:52:07+00:00,QQQ,2026-09-25,0,744.78,720.0,C,24.52,24.87,24.695,24.85,334,4506,0.0,0.995,0.0015,0.002,-0.0151,23.8,25.79,20.05,21.345
2026-09-25T17:52:07+00:00,QQQ,2026-09-25,0,744.78,721.0,C,23.48,24.37,23.925,23.98,182,1521,0.9483,0.9948,0.0016,0.0021,-0.0152,22.91,24.61,19.22,20.33
2026-09-25T17:52:07+00:00,QQQ,2026-09-25,0,744.78,722.0,C,22.56,23.38,22.97,23.12,123,1603,0.9591,0.9946,0.0017,0.0022,-0.0153,20.23,23.56,18.01,19.4
2026-09-25T17:52:07+00:00,QQQ,2026-09-25,0,744.78,723.0,C,21.54,22.31,21.925,22.11,178,1475,0.8805,0.9944,0.0018,0.0023,-0.0154,18.87,22.25,17.65,18.41
2026-09-25T17:52:07+00:00,QQQ,2026-09-25,0,744.78,724.0,C,20.51,21.38,20.945,21.28,250,1444,0.866,0.9941,0.002,0.0024,-0.0155,18.9,21.46,17.06,17.38
2026-09-25T17:52:07+00:00,QQQ,2026-09-25,0,744.78,725.0,C,19.71,19.82,19.765,19.79,573,3340,0.0,0.9938,0.0022,0.0024,-0.0156,17.18,20.66,14.98,16.38
2026-09-25T17:52:07+00:00,QQQ,2026-09-25,0,744.78,726.0,C,18.52,18.85,18.685,18.79,378,2231,0.0,0.9935,0.0024,0.0026,-0.0157,16.54,19.65,13.84,15.465
2026-09-25T17:52:07+00:00,QQQ,2026-09-25,0,744.78,727.0,C,17.67,17.83,17.75,17.8,269,1527,0.0,0.9932,0.0026,0.0027,-0.0158,15.02,18.46,13.71,14.495
2026-09-25T17:52:07+00:00,QQQ,2026-09-25,0,744.78,728.0,C,16.49,16.83,16.66,16.78,368,2229,0.0,0.9928,0.0029,0.0028,-0.016,14.37,17.77,12.82,13.5
2026-09-25T17:52:07+00:00,QQQ,2026-09-25,0,744.78,729.0,C,15.5,16.12,15.81,15.9,303,6541,0.5255,0.9924,0.0032,0.003,-0.0162,13.6,16.33,11.5,12.54
2026-09-25T17:52:07+00:00,QQQ,2026-09-25,0,744.78,730.0,C,14.61,14.83,14.72,14.73,799,5327,0.0,0.9918,0.0036,0.0032,-0.0164,13.43,15.52,9.91,11.5
2026-09-25T17:52:07+00:00,QQQ,2026-09-25,0,744.78,731.0,C,13.49,13.91,13.7,14.2,433,2062,0.0,0.9912,0.004,0.0034,-0.0168,12.55,14.82,9.19,10.59
2026-09-25T17:52:07+00:00,QQQ,2026-09-25,0,744.78,732.0,C,12.54,12.83,12.685,13.0,495,1757,0.0,0.9904,0.0046,0.0037,-0.0174,10.5,13.58,8.09,9.62
2026-09-25T17:52:07+00:00,QQQ,2026-09-25,0,744.78,733.0,C,11.49,12.39,11.94,12.0,992,1220,0.5409,0.9894,0.0054,0.004,-0.0183,9.9,12.66,7.13,8.795
2026-09-25T17:52:07+00:00,QQQ,2026-09-25,0,744.78,734.0,C,10.5,11.39,10.945,11.02,2372,3797,0.5072,0.988,0.0065,0.0045,-0.0197,8.3,11.44,6.24,7.875
2026-09-25T17:52:07+00:00,QQQ,2026-09-25,0,744.78,735.0,C,9.49,9.88,9.685,10.02,5238,8526,0.0,0.9859,0.008,0.0052,-0.022,7.16,10.75,5.43,7.03
2026-09-25T17:52:07+00:00,QQQ,2026-09-25,0,744.78,736.0,C,8.5,8.92,8.71,9.13,2297,4244,0.0,0.9827,0.0102,0.0062,-0.0257,6.73,9.86,4.59,6.225
2026-09-25T17:52:07+00:00,QQQ,2026-09-25,0,744.78,737.0,C,7.51,7.85,7.68,7.9,3056,3792,0.0,0.9779,0.0135,0.0076,-0.0316,5.66,8.84,3.83,5.46
2026-09-25T17:52:07+00:00,QQQ,2026-09-25,0,744.78,738.0,C,6.74,6.85,6.795,6.7,5900,3576,0.2,0.9703,0.0187,0.0097,-0.0413,5.07,8.0,3.11,4.735
2026-09-25T17:52:07+00:00,QQQ,2026-09-25,0,744.78,739.0,C,5.76,5.87,5.815,5.72,11752,5477,0.2153,0.9582,0.0266,0.0128,-0.0568,4.22,7.0,2.46,4.07
2026-09-25T17:52:07+00:00,QQQ,2026-09-25,0,744.78,740.0,C,4.78,4.89,4.835,4.83,42741,9097,0.2113,0.9387,0.039,0.0172,-0.0822,3.58,6.0,1.85,3.455
2026-09-25T17:52:07+00:00,QQQ,2026-09-25,0,744.78,741.0,C,3.82,3.94,3.88,3.82,93570,7953,0.1954,0.9064,0.0581,0.0236,-0.1258,2.92,5.13,1.29,2.9
2026-09-25T17:52:07+00:00,QQQ,2026-09-25,0,744.78,742.0,C,2.94,3.02,2.98,2.98,197174,6533,0.1973,0.8519,0.0866,0.0322,-0.2046,2.16,4.21,0.84,2.405
2026-09-25T17:52:07+00:00,QQQ,2026-09-25,0,744.78,743.0,C,2.13,2.15,2.14,2.14,273166,5419,0.1848,0.762,0.1235,0.0425,-0.3511,1.73,3.35,0.53,1.965
2026-09-25T17:52:07+00:00,QQQ,2026-09-25,0,744.78,744.0,C,1.4,1.41,1.405,1.39,366521,6129,0.1767,0.6285,0.1581,0.0514,-0.6143,1.18,2.56,0.31,1.585
2026-09-25T17:52:07+00:00,QQQ,2026-09-25,0,744.78,745.0,C,0.82,0.83,0.825,0.82,468029,13975,0.1721,0.4631,0.1703,0.0538,-0.8257,0.9,1.9,0.19,1.255
2026-09-25T17:52:07+00:00,QQQ,2026-09-25,0,744.78,746.0,C,0.43,0.44,0.435,0.44,336944,14457,0.172,0.3012,0.1493,0.0476,-0.4461,0.68,1.38,0.12,0.995
2026-09-25T17:52:07+00:00,QQQ,2026-09-25,0,744.78,747.0,C,0.21,0.22,0.215,0.22,189270,4485,0.1726,0.1772,0.1087,0.0361,-0.2283,0.4,0.96,0.08,0.775
2026-09-25T17:52:07+00:00,QQQ,2026-09-25,0,744.78,748.0,C,0.1,0.11,0.105,0.1,128046,8907,0.1792,0.0995,0.07,0.0248,-0.1172,0.26,0.64,0.04,0.605
2026-09-25T17:52:07+00:00,QQQ,2026-09-25,0,744.78,749.0,C,0.05,0.06,0.055,0.06,74484,5760,0.1901,0.0565,0.0429,0.0164,-0.0635,0.17,0.44,0.04,0.475
2026-09-25T17:52:07+00:00,QQQ,2026-09-25,0,744.78,750.0,C,0.03,0.04,0.035,0.04,77011,20833,0.2074,0.0338,0.0264,0.011,-0.0375,0.11,0.32,0.03,0.365
2026-09-25T17:52:07+00:00,QQQ,2026-09-25,0,744.78,751.0,C,0.02,0.03,0.025,0.02,29390,3438,0.2272,0.022,0.0171,0.0077,-0.0247,0.07,0.24,0.02,0.285
2026-09-25T17:52:07+00:00,QQQ,2026-09-25,0,744.78,752.0,C,0.01,0.02,0.015,0.01,22331,4770,0.2396,0.0157,0.0118,0.0058,-0.0184,0.06,0.18,0.01,0.225
2026-09-25T17:52:07+00:00,QQQ,2026-09-25,0,744.78,753.0,C,0.01,0.02,0.015,0.01,30509,4891,0.2679,0.0124,0.0088,0.0047,-0.0152,0.05,0.13,0.01,0.175
2026-09-25T17:52:07+00:00,QQQ,2026-09-25,0,744.78,754.0,C,0.01,0.02,0.015,0.01,13122,12655,0.2958,0.0104,0.007,0.0041,-0.0138,0.09,0.1,0.01,0.145
2026-09-25T17:52:07+00:00,QQQ,2026-09-25,0,744.78,755.0,C,0.01,0.02,0.015,0.01,8087,21605,0.3234,0.0093,0.0058,0.0036,-0.0131,0.01,0.08,0.01,0.115
2026-09-25T17:52:07+00:00,QQQ,2026-09-25,0,744.78,756.0,C,0.01,0.02,0.015,0.02,6264,5483,0.3507,0.0084,0.0049,0.0033,-0.0127,0.04,0.06,0.01,0.095
2026-09-25T17:52:07+00:00,QQQ,2026-09-25,0,744.78,757.0,C,0.0,0.01,0.01,0.01,3102,2957,0.3342,0.0078,0.0043,0.0031,-0.0125,0.01,0.05,0.01,0.085
2026-09-25T17:52:07+00:00,QQQ,2026-09-25,0,744.78,758.0,C,0.0,0.01,0.01,0.01,5180,3008,0.3585,0.0073,0.0038,0.0029,-0.0124,0.03,0.04,0.01,0.065
2026-09-25T17:52:07+00:00,QQQ,2026-09-25,0,744.78,759.0,C,0.0,0.01,0.01,0.01,919,988,0.3826,0.0068,0.0034,0.0027,-0.0123,0.01,0.04,0.01,0.055
2026-09-25T17:52:07+00:00,QQQ,2026-09-25,0,744.78,760.0,C,0.0,0.01,0.01,0.01,4553,9228,0.4065,0.0065,0.003,0.0026,-0.0123,0.03,0.04,0.01,0.055
2026-09-25T17:52:07+00:00,QQQ,2026-09-25,0,744.78,761.0,C,0.0,0.01,0.01,0.01,3033,1234,0.4302,0.0061,0.0027,0.0025,-0.0122,0.02,0.03,0.01,0.045
2026-09-25T17:52:07+00:00,QQQ,2026-09-25,0,744.78,762.0,C,0.0,0.01,0.01,0.01,338,1142,0.4538,0.0058,0.0025,0.0024,-0.0121,0.02,0.03,0.01,0.045
2026-09-25T17:52:07+00:00,QQQ,2026-09-25,0,744.78,763.0,C,0.0,0.01,0.01,0.01,643,935,0.4773,0.0055,0.0022,0.0022,-0.0121,0.02,0.02,0.01,0.035
2026-09-25T17:52:07+00:00,QQQ,2026-09-25,0,744.78,764.0,C,0.0,0.01,0.01,0.01,1011,2707,0.5006,0.0053,0.002,0.0021,-0.012,0.01,0.02,0.01,0.035
2026-09-25T17:52:07+00:00,QQQ,2026-09-25,0,744.78,765.0,C,0.0,0.01,0.01,0.01,898,5206,0.5238,0.0051,0.0019,0.0021,-0.0119,0.02,0.02,0.01,0.025
2026-09-25T17:52:07+00:00,QQQ,2026-09-25,0,744.78,766.0,C,0.0,0.01,0.01,0.01,1207,487,0.5468,0.0048,0.0017,0.002,-0.0119,0.02,0.02,0.01,0.025
2026-09-25T17:52:07+00:00,QQQ,2026-09-25,0,744.78,767.0,C,0.0,0.01,0.01,0.01,351,171,0.5698,0.0047,0.0016,0.0019,-0.0118,0.01,0.02,0.01,0.025
2026-09-25T17:52:07+00:00,QQQ,2026-09-25,0,744.78,768.0,C,0.0,0.01,0.01,0.01,17,706,0.5927,0.0045,0.0015,0.0018,-0.0118,0.01,0.02,0.01,0.025
2026-09-25T17:52:07+00:00,QQQ,2026-09-25,0,744.78,769.0,C,0.0,0.01,0.01,0.01,5,711,0.6154,0.0043,0.0014,0.0018,-0.0117,0.01,0.01,0.01,0.025
2026-09-25T17:52:07+00:00,QQQ,2026-09-25,0,744.78,770.0,C,0.0,0.01,0.01,0.01,302,7792,0.638,0.0042,0.0013,0.0017,-0.0116,0.02,0.02,0.01,0.015
2026-09-25T17:52:07+00:00,QQQ,2026-09-25,0,744.78,771.0,C,0.0,0.01,0.01,0.01,40,90,0.6606,0.004,0.0012,0.0017,-0.0116,0.01,0.02,0.01,0.015
2026-09-25T17:52:07+00:00,QQQ,2026-09-25,0,744.78,772.0,C,0.0,0.01,0.02,0.02,0,62,0.683,0.0039,0.0012,0.0016,-0.0115,0.0,0.0,0.0,0.015
2026-09-25T17:52:07+00:00,QQQ,2026-09-25,0,744.78,773.0,C,0.0,0.01,0.02,0.02,0,1061,0.7054,0.0038,0.0011,0.0016,-0.0115,0.0,0.0,0.0,0.015
2026-09-25T17:52:07+00:00,QQQ,2026-09-25,0,744.78,774.0,C,0.0,0.01,0.02,0.02,0,1312,0.7276,0.0036,0.001,0.0015,-0.0114,0.0,0.0,0.0,0.015
2026-09-25T17:52:07+00:00,QQQ,2026-09-25,0,744.78,775.0,C,0.0,0.01,0.01,0.01,2,1926,0.7498,0.0035,0.001,0.0015,-0.0114,0.01,0.01,0.01,0.015
2026-09-25T17:52:07+00:00,QQQ,2026-09-25,0,744.78,776.0,C,0.0,0.01,0.02,0.02,0,368,0.7719,0.0034,0.0009,0.0014,-0.0113,0.0,0.0,0.0,0.015
2026-09-25T17:52:07+00:00,QQQ,2026-09-25,0,744.78,777.0,C,0.0,0.01,0.01,0.01,4,68,0.7939,0.0033,0.0009,0.0014,-0.0112,0.01,0.01,0.01,0.015
2026-09-25T17:52:07+00:00,QQQ,2026-09-25,0,744.78,778.0,C,0.0,0.01,0.01,0.01,254,139,0.8158,0.0032,0.0008,0.0014,-0.0112,0.02,0.02,0.01,0.015
2026-09-25T17:52:07+00:00,QQQ,2026-09-25,0,744.78,779.0,C,0.0,0.01,0.02,0.02,0,328,0.8377,0.0032,0.0008,0.0013,-0.0111,0.0,0.0,0.0,0.015
2026-09-25T17:52:07+00:00,QQQ,2026-09-25,0,744.78,780.0,C,0.0,0.01,0.01,0.01,2,1683,0.8594,0.0031,0.0008,0.0013,-0.0111,0.01,0.01,0.01,0.015
2026-09-25T17:52:07+00:00,QQQ,2026-09-25,0,744.78,781.0,C,0.0,0.01,0.01,0.01,0,264,0.8811,0.003,0.0007,0.0012,-0.011,0.0,0.0,0.0,0.005
2026-09-25T17:52:07+00:00,QQQ,2026-09-25,0,744.78,782.0,C,0.0,0.01,0.01,0.01,288,707,0.9028,0.0029,0.0007,0.0012,-0.011,0.01,0.01,0.01,0.005
2026-09-25T17:52:07+00:00,QQQ,2026-09-25,0,744.78,935.0,C,0.0,0.01,0.01,0.01,26,40,3.7132,0.0004,0.0,0.0002,-0.0052,0.01,0.01,0.01,0.005
2026-09-25T17:52:07+00:00,QQQ,2026-09-25,0,744.78,450.0,P,0.0,0.01,0.01,0.01,12,1311,7.9908,-0.0001,0.0,0.0,-0.0012,0.01,0.01,0.01,0.005
2026-09-25T17:52:07+00:00,QQQ,2026-09-25,0,744.78,580.0,P,0.0,0.01,0.01,0.01,25,772,4.124,-0.0004,0.0,0.0002,-0.0054,0.01,0.01,0.01,0.005
2026-09-25T17:52:07+00:00,QQQ,2026-09-25,0,744.78,600.0,P,0.0,0.01,0.01,0.01,1,4152,3.5977,-0.0005,0.0,0.0002,-0.0064,0.01,0.01,0.01,0.005
2026-09-25T17:52:07+00:00,QQQ,2026-09-25,0,744.78,605.0,P,0.0,0.01,0.01,0.01,2,1883,3.4683,-0.0006,0.0,0.0003,-0.0067,0.01,0.01,0.01,0.005
2026-09-25T17:52:07+00:00,QQQ,2026-09-25,0,744.78,620.0,P,0.0,0.01,0.01,0.01,17,2323,3.0849,-0.0007,0.0001,0.0003,-0.0075,0.01,0.01,0.01,0.005
2026-09-25T17:52:07+00:00,QQQ,2026-09-25,0,744.78,625.0,P,0.0,0.01,0.01,0.01,5,1666,2.9586,-0.0007,0.0001,0.0003,-0.0078,0.01,0.01,0.01,0.005
2026-09-25T17:52:07+00:00,QQQ,2026-09-25,0,744.78,635.0,P,0.0,0.01,0.01,0.01,20,15929,2.7081,-0.0009,0.0001,0.0004,-0.0085,0.01,0.01,0.01,0.005
2026-09-25T17:52:07+00:00,QQQ,2026-09-25,0,744.78,640.0,P,0.0,0.01,0.01,0.01,6,1828,2.5839,-0.0009,0.0001,0.0004,-0.0088,0.01,0.02,0.01,0.005
2026-09-25T17:52:07+00:00,QQQ,2026-09-25,0,744.78,645.0,P,0.0,0.01,0.01,0.01,54,4195,2.4602,-0.001,0.0001,0.0004,-0.0091,0.01,0.02,0.01,0.005
2026-09-25T17:52:07+00:00,QQQ,2026-09-25,0,744.78,650.0,P,0.0,0.01,0.01,0.01,15,10661,2.3372,-0.0011,0.0001,0.0005,-0.0095,0.01,0.01,0.01,0.005
2026-09-25T17:52:07+00:00,QQQ,2026-09-25,0,744.78,660.0,P,0.0,0.01,0.01,0.01,30,4570,2.0927,-0.0013,0.0001,0.0006,-0.0102,0.01,0.01,0.01,0.005
2026-09-25T17:52:07+00:00,QQQ,2026-09-25,0,744.78,665.0,P,0.0,0.01,0.01,0.01,45,38192,1.9712,-0.0014,0.0002,0.0006,-0.0105,0.01,0.01,0.01,0.005
2026-09-25T17:52:07+00:00,QQQ,2026-09-25,0,744.78,667.0,P,0.0,0.01,0.01,0.01,10,2556,1.9227,-0.0014,0.0002,0.0006,-0.0107,0.01,0.01,0.01,0.005
2026-09-25T17:52:07+00:00,QQQ,2026-09-25,0,744.78,669.0,P,0.0,0.01,0.01,0.01,1,796,1.8743,-0.0015,0.0002,0.0006,-0.0108,0.01,0.01,0.01,0.005
2026-09-25T17:52:07+00:00,QQQ,2026-09-25,0,744.78,670.0,P,0.0,0.01,0.01,0.01,39,5857,1.8501,-0.0015,0.0002,0.0006,-0.0109,0.01,0.01,0.01,0.005
2026-09-25T17:52:07+00:00,QQQ,2026-09-25,0,744.78,671.0,P,0.0,0.01,0.01,0.01,1,1479,1.826,-0.0015,0.0002,0.0007,-0.011,0.01,0.01,0.01,0.005
2026-09-25T17:52:07+00:00,QQQ,2026-09-25,0,744.78,672.0,P,0.0,0.01,0.01,0.01,4,726,1.8018,-0.0016,0.0002,0.0007,-0.0111,0.01,0.01,0.01,0.015
2026-09-25T17:52:07+00:00,QQQ,2026-09-25,0,744.78,673.0,P,0.0,0.01,0.01,0.01,3,607,1.7777,-0.0016,0.0002,0.0007,-0.0111,0.01,0.01,0.01,0.015
2026-09-25T17:52:07+00:00,QQQ,2026-09-25,0,744.78,674.0,P,0.0,0.01,0.01,0.01,1,825,1.7536,-0.0016,0.0002,0.0007,-0.0112,0.01,0.01,0.01,0.015
2026-09-25T17:52:07+00:00,QQQ,2026-09-25,0,744.78,675.0,P,0.0,0.01,0.01,0.01,51,3161,1.7295,-0.0016,0.0002,0.0007,-0.0113,0.01,0.01,0.01,0.015
2026-09-25T17:52:07+00:00,QQQ,2026-09-25,0,744.78,677.0,P,0.0,0.01,0.01,0.01,28,772,1.6814,-0.0017,0.0002,0.0007,-0.0114,0.01,0.01,0.01,0.015
2026-09-25T17:52:07+00:00,QQQ,2026-09-25,0,744.78,678.0,P,0.0,0.01,0.01,0.01,150,890,1.6573,-0.0017,0.0002,0.0008,-0.0115,0.01,0.01,0.01,0.015
2026-09-25T17:52:07+00:00,QQQ,2026-09-25,0,744.78,680.0,P,0.0,0.01,0.01,0.01,76,3580,1.6092,-0.0018,0.0002,0.0008,-0.0117,0.01,0.02,0.01,0.015
2026-09-25T17:52:07+00:00,QQQ,2026-09-25,0,744.78,681.0,P,0.0,0.01,0.01,0.01,154,1155,1.5852,-0.0018,0.0002,0.0008,-0.0117,0.01,0.01,0.01,0.015
2026-09-25T17:52:07+00:00,QQQ,2026-09-25,0,744.78,682.0,P,0.0,0.01,0.01,0.01,2,1046,1.5612,-0.0019,0.0003,0.0008,-0.0118,0.01,0.01,0.01,0.015
2026-09-25T17:52:07+00:00,QQQ,2026-09-25,0,744.78,683.0,P,0.0,0.01,0.01,0.01,1976,3458,1.5372,-0.0019,0.0003,0.0008,-0.0119,0.01,0.01,0.01,0.015
2026-09-25T17:52:07+00:00,QQQ,2026-09-25,0,744.78,685.0,P,0.0,0.01,0.04,0.04,124,2903,1.4892,-0.002,0.0003,0.0008,-0.012,0.01,0.04,0.01,0.015
2026-09-25T17:52:07+00:00,QQQ,2026-09-25,0,744.78,686.0,P,0.0,0.01,0.01,0.01,4,2437,1.4652,-0.002,0.0003,0.0009,-0.0121,0.01,0.01,0.01,0.015
2026-09-25T17:52:07+00:00,QQQ,2026-09-25,0,744.78,687.0,P,0.0,0.01,0.01,0.01,5,2225,1.4412,-0.0021,0.0003,0.0009,-0.0122,0.01,0.01,0.01,0.015
2026-09-25T17:52:07+00:00,QQQ,2026-09-25,0,744.78,688.0,P,0.0,0.01,0.01,0.01,209,1946,1.4173,-0.0021,0.0003,0.0009,-0.0123,0.01,0.01,0.01,0.015
2026-09-25T17:52:07+00:00,QQQ,2026-09-25,0,744.78,689.0,P,0.0,0.01,0.02,0.02,32,2011,1.3933,-0.0022,0.0003,0.0009,-0.0124,0.01,0.02,0.01,0.015
2026-09-25T17:52:07+00:00,QQQ,2026-09-25,0,744.78,690.0,P,0.0,0.01,0.01,0.01,73,85486,1.3694,-0.0022,0.0003,0.0009,-0.0125,0.01,0.01,0.01,0.015
2026-09-25T17:52:07+00:00,QQQ,2026-09-25,0,744.78,691.0,P,0.0,0.01,0.01,0.01,6,2293,1.3454,-0.0022,0.0004,0.001,-0.0125,0.01,0.01,0.01,0.015
2026-09-25T17:52:07+00:00,QQQ,2026-09-25,0,744.78,692.0,P,0.0,0.01,0.01,0.01,7,1496,1.3215,-0.0023,0.0004,0.001,-0.0126,0.01,0.01,0.01,0.015
2026-09-25T17:52:07+00:00,QQQ,2026-09-25,0,744.78,693.0,P,0.0,0.01,0.02,0.02,11,4215,1.2976,-0.0024,0.0004,0.001,-0.0127,0.01,0.21,0.01,0.015
2026-09-25T17:52:07+00:00,QQQ,2026-09-25,0,744.78,694.0,P,0.0,0.01,0.01,0.01,5,2917,1.2736,-0.0024,0.0004,0.001,-0.0128,0.01,0.01,0.01,0.015
2026-09-25T17:52:07+00:00,QQQ,2026-09-25,0,744.78,695.0,P,0.0,0.01,0.01,0.01,4,5302,1.2497,-0.0025,0.0004,0.001,-0.0129,0.01,0.01,0.01,0.015
2026-09-25T17:52:07+00:00,QQQ,2026-09-25,0,744.78,696.0,P,0.0,0.01,0.01,0.01,10,2333,1.2258,-0.0025,0.0004,0.001,-0.013,0.02,0.02,0.01,0.015
2026-09-25T17:52:07+00:00,QQQ,2026-09-25,0,744.78,697.0,P,0.0,0.01,0.01,0.01,6,1476,1.2019,-0.0026,0.0004,0.0011,-0.013,0.01,0.01,0.01,0.015
2026-09-25T17:52:07+00:00,QQQ,2026-09-25,0,744.78,698.0,P,0.0,0.01,0.01,0.01,26,5285,1.1779,-0.0026,0.0005,0.0011,-0.0131,0.01,0.01,0.01,0.015
2026-09-25T17:52:07+00:00,QQQ,2026-09-25,0,744.78,699.0,P,0.0,0.01,0.01,0.01,1,5876,1.154,-0.0027,0.0005,0.0011,-0.0132,0.01,0.01,0.01,0.015
2026-09-25T17:52:07+00:00,QQQ,2026-09-25,0,744.78,700.0,P,0.0,0.01,0.01,0.01,1722,18205,1.1301,-0.0028,0.0005,0.0012,-0.0133,0.01,0.01,0.01,0.015
2026-09-25T17:52:07+00:00,QQQ,2026-09-25,0,744.78,701.0,P,0.0,0.01,0.01,0.01,5,1908,1.1062,-0.0028,0.0005,0.0012,-0.0134,0.01,0.01,0.01,0.015
2026-09-25T17:52:07+00:00,QQQ,2026-09-25,0,744.78,702.0,P,0.0,0.01,0.01,0.01,4,2384,1.0822,-0.0029,0.0006,0.0012,-0.0135,0.01,0.01,0.01,0.015
2026-09-25T17:52:07+00:00,QQQ,2026-09-25,0,744.78,703.0,P,0.0,0.01,0.01,0.01,37,1702,1.0583,-0.003,0.0006,0.0012,-0.0136,0.01,0.01,0.01,0.025
2026-09-25T17:52:07+00:00,QQQ,2026-09-25,0,744.78,704.0,P,0.0,0.01,0.01,0.01,1,3626,1.0343,-0.0031,0.0006,0.0013,-0.0136,0.01,0.01,0.01,0.025
2026-09-25T17:52:07+00:00,QQQ,2026-09-25,0,744.78,705.0,P,0.0,0.01,0.01,0.01,335,32695,1.0104,-0.0031,0.0006,0.0013,-0.0137,0.02,0.02,0.01,0.025
2026-09-25T17:52:07+00:00,QQQ,2026-09-25,0,744.78,706.0,P,0.0,0.01,0.01,0.01,12,1957,0.9864,-0.0032,0.0007,0.0013,-0.0138,0.01,0.01,0.01,0.025
2026-09-25T17:52:07+00:00,QQQ,2026-09-25,0,744.78,707.0,P,0.0,0.01,0.01,0.01,28,3017,0.9625,-0.0033,0.0007,0.0014,-0.0139,0.01,0.01,0.01,0.025
2026-09-25T17:52:07+00:00,QQQ,2026-09-25,0,744.78,708.0,P,0.0,0.01,0.01,0.01,54,1971,0.9385,-0.0034,0.0007,0.0014,-0.014,0.01,0.01,0.01,0.025
2026-09-25T17:52:07+00:00,QQQ,2026-09-25,0,744.78,709.0,P,0.0,0.01,0.01,0.01,101,2181,0.9145,-0.0035,0.0008,0.0014,-0.0141,0.01,0.03,0.01,0.025
2026-09-25T17:52:07+00:00,QQQ,2026-09-25,0,744.78,710.0,P,0.0,0.01,0.01,0.01,492,10372,0.8905,-0.0036,0.0008,0.0015,-0.0142,0.01,0.01,0.01,0.025
2026-09-25T17:52:07+00:00,QQQ,2026-09-25,0,744.78,711.0,P,0.0,0.01,0.01,0.01,104,2672,0.8665,-0.0037,0.0008,0.0015,-0.0142,0.01,0.01,0.01,0.035
2026-09-25T17:52:07+00:00,QQQ,2026-09-25,0,744.78,712.0,P,0.0,0.01,0.01,0.01,315,2064,0.8425,-0.0038,0.0009,0.0016,-0.0143,0.01,0.01,0.01,0.035
2026-09-25T17:52:07+00:00,QQQ,2026-09-25,0,744.78,713.0,P,0.0,0.01,0.01,0.01,290,2093,0.8184,-0.0039,0.001,0.0016,-0.0144,0.02,0.02,0.01,0.035
2026-09-25T17:52:07+00:00,QQQ,2026-09-25,0,744.78,714.0,P,0.0,0.01,0.01,0.01,1105,4859,0.7944,-0.0041,0.001,0.0017,-0.0145,0.01,0.02,0.01,0.035
2026-09-25T17:52:07+00:00,QQQ,2026-09-25,0,744.78,715.0,P,0.0,0.01,0.01,0.01,3868,9399,0.7703,-0.0042,0.0011,0.0017,-0.0146,0.01,0.02,0.01,0.035
2026-09-25T17:52:07+00:00,QQQ,2026-09-25,0,744.78,716.0,P,0.0,0.01,0.01,0.01,4562,4106,0.7461,-0.0043,0.0011,0.0018,-0.0147,0.02,0.02,0.01,0.045
2026-09-25T17:52:07+00:00,QQQ,2026-09-25,0,744.78,717.0,P,0.0,0.01,0.01,0.01,12073,3256,0.722,-0.0045,0.0012,0.0018,-0.0148,0.01,0.04,0.01,0.045
2026-09-25T17:52:07+00:00,QQQ,2026-09-25,0,744.78,718.0,P,0.0,0.01,0.01,0.01,15117,13685,0.6978,-0.0046,0.0013,0.0019,-0.0149,0.01,0.03,0.01,0.045
2026-09-25T17:52:07+00:00,QQQ,2026-09-25,0,744.78,719.0,P,0.0,0.01,0.01,0.01,7455,8537,0.6736,-0.0048,0.0014,0.0019,-0.015,0.02,0.03,0.01,0.055
2026-09-25T17:52:07+00:00,QQQ,2026-09-25,0,744.78,720.0,P,0.01,0.02,0.015,0.02,12725,11872,0.724,-0.005,0.0015,0.002,-0.0151,0.01,0.04,0.01,0.055
2026-09-25T17:52:07+00:00,QQQ,2026-09-25,0,744.78,721.0,P,0.01,0.02,0.015,0.01,3110,4963,0.6974,-0.0052,0.0016,0.0021,-0.0152,0.01,0.03,0.01,0.065
2026-09-25T17:52:07+00:00,QQQ,2026-09-25,0,744.78,722.0,P,0.01,0.02,0.015,0.02,1811,8821,0.6708,-0.0054,0.0017,0.0022,-0.0153,0.02,0.04,0.01,0.075
2026-09-25T17:52:07+00:00,QQQ,2026-09-25,0,744.78,723.0,P,0.01,0.02,0.015,0.01,2877,2426,0.6441,-0.0056,0.0018,0.0023,-0.0154,0.03,0.04,0.01,0.085
2026-09-25T17:52:07+00:00,QQQ,2026-09-25,0,744.78,724.0,P,0.01,0.02,0.015,0.02,5306,3949,0.6173,-0.0059,0.002,0.0024,-0.0155,0.03,0.05,0.01,0.095
2026-09-25T17:52:07+00:00,QQQ,2026-09-25,0,744.78,725.0,P,0.01,0.02,0.015,0.01,11803,13949,0.5904,-0.0062,0.0022,0.0024,-0.0156,0.03,0.07,0.01,0.105
2026-09-25T17:52:07+00:00,QQQ,2026-09-25,0,744.78,726.0,P,0.01,0.02,0.015,0.02,5973,4854,0.5635,-0.0065,0.0024,0.0026,-0.0157,0.02,0.08,0.01,0.125
2026-09-25T17:52:07+00:00,QQQ,2026-09-25,0,744.78,727.0,P,0.01,0.02,0.015,0.02,7059,3625,0.5364,-0.0068,0.0026,0.0027,-0.0158,0.05,0.1,0.01,0.155
2026-09-25T17:52:07+00:00,QQQ,2026-09-25,0,744.78,728.0,P,0.01,0.02,0.015,0.01,10914,3308,0.5093,-0.0072,0.0029,0.0028,-0.016,0.02,0.12,0.01,0.185
2026-09-25T17:52:07+00:00,QQQ,2026-09-25,0,744.78,729.0,P,0.01,0.02,0.015,0.02,8275,4682,0.482,-0.0076,0.0032,0.003,-0.0162,0.03,0.16,0.01,0.225
2026-09-25T17:52:07+00:00,QQQ,2026-09-25,0,744.78,730.0,P,0.01,0.02,0.015,0.01,28405,18960,0.4547,-0.0081,0.0036,0.0032,-0.0164,0.05,0.2,0.01,0.275
2026-09-25T17:52:07+00:00,QQQ,2026-09-25,0,744.78,731.0,P,0.01,0.02,0.015,0.01,12059,7137,0.4272,-0.0088,0.004,0.0034,-0.0168,0.06,0.26,0.01,0.345
2026-09-25T17:52:07+00:00,QQQ,2026-09-25,0,744.78,732.0,P,0.01,0.02,0.015,0.01,16625,6919,0.3995,-0.0096,0.0046,0.0037,-0.0174,0.07,0.33,0.01,0.425
2026-09-25T17:52:07+00:00,QQQ,2026-09-25,0,744.78,733.0,P,0.01,0.02,0.015,0.01,24905,7671,0.3717,-0.0106,0.0054,0.004,-0.0183,0.09,0.41,0.01,0.535
2026-09-25T17:52:07+00:00,QQQ,2026-09-25,0,744.78,734.0,P,0.01,0.02,0.015,0.02,28088,7291,0.3437,-0.012,0.0065,0.0045,-0.0197,0.11,0.53,0.01,0.665
2026-09-25T17:52:07+00:00,QQQ,2026-09-25,0,744.78,735.0,P,0.02,0.03,0.025,0.02,53217,14645,0.3378,-0.0141,0.008,0.0052,-0.022,0.16,0.69,0.01,0.825
2026-09-25T17:52:07+00:00,QQQ,2026-09-25,0,744.78,736.0,P,0.02,0.03,0.025,0.03,55489,18995,0.3077,-0.0173,0.0102,0.0062,-0.0257,0.23,0.88,0.02,1.025
2026-09-25T17:52:07+00:00,QQQ,2026-09-25,0,744.78,737.0,P,0.02,0.03,0.025,0.03,69661,4892,0.2773,-0.0221,0.0135,0.0076,-0.0316,0.33,1.12,0.02,1.265
2026-09-25T17:52:07+00:00,QQQ,2026-09-25,0,744.78,738.0,P,0.03,0.04,0.035,0.04,101001,6418,0.2599,-0.0297,0.0187,0.0097,-0.0413,0.51,1.42,0.03,1.545
2026-09-25T17:52:07+00:00,QQQ,2026-09-25,0,744.78,739.0,P,0.05,0.06,0.055,0.05,125371,4617,0.2465,-0.0418,0.0266,0.0128,-0.0568,0.66,1.79,0.04,1.875
2026-09-25T17:52:07+00:00,QQQ,2026-09-25,0,744.78,740.0,P,0.08,0.09,0.085,0.09,248190,9175,0.2313,-0.0613,0.039,0.0172,-0.0822,0.9,2.24,0.06,2.265
2026-09-25T17:52:07+00:00,QQQ,2026-09-25,0,744.78,741.0,P,0.12,0.13,0.125,0.13,269057,3830,0.2121,-0.0936,0.0581,0.0236,-0.1258,1.21,2.78,0.08,2.705
2026-09-25T17:52:07+00:00,QQQ,2026-09-25,0,744.78,742.0,P,0.2,0.21,0.205,0.22,244455,2155,0.2005,-0.1481,0.0866,0.0322,-0.2046,1.61,3.38,0.15,3.2
2026-09-25T17:52:07+00:00,QQQ,2026-09-25,0,744.78,743.0,P,0.35,0.36,0.355,0.35,231497,2163,0.1883,-0.238,0.1235,0.0425,-0.3511,2.07,4.06,0.26,3.765
2026-09-25T17:52:07+00:00,QQQ,2026-09-25,0,744.78,744.0,P,0.61,0.62,0.615,0.61,257632,1690,0.1786,-0.3715,0.1581,0.0514,-0.6143,2.53,4.83,0.45,4.385
2026-09-25T17:52:07+00:00,QQQ,2026-09-25,0,744.78,745.0,P,1.03,1.04,1.035,1.03,138621,4711,0.174,-0.5369,0.1703,0.0538,-0.8257,3.13,5.67,0.8,5.05
2026-09-25T17:52:07+00:00,QQQ,2026-09-25,0,744.78,746.0,P,1.64,1.65,1.645,1.64,41213,1592,0.1741,-0.6988,0.1493,0.0476,-0.4461,4.0,6.5,1.32,5.785
2026-09-25T17:52:07+00:00,QQQ,2026-09-25,0,744.78,747.0,P,2.41,2.48,2.445,2.48,13071,1426,0.1811,-0.8228,0.1087,0.0361,-0.2283,5.3,7.35,1.97,6.57
2026-09-25T17:52:07+00:00,QQQ,2026-09-25,0,744.78,748.0,P,3.3,3.5,3.4,3.33,4123,960,0.212,-0.9005,0.07,0.0248,-0.1172,6.27,8.36,2.66,7.41
2026-09-25T17:52:07+00:00,QQQ,2026-09-25,0,744.78,749.0,P,4.25,4.35,4.3,4.3,2343,484,0.2115,-0.9435,0.0429,0.0164,-0.0635,5.75,8.95,3.44,8.22
2026-09-25T17:52:07+00:00,QQQ,2026-09-25,0,744.78,750.0,P,4.93,5.57,5.25,5.32,1254,1729,0.2021,-0.9662,0.0264,0.011,-0.0375,7.01,10.31,4.36,9.185
2026-09-25T17:52:07+00:00,QQQ,2026-09-25,0,744.78,751.0,P,5.92,6.55,6.235,6.0,569,87,0.2108,-0.978,0.0171,0.0077,-0.0247,8.73,11.35,5.38,9.97
2026-09-25T17:52:07+00:00,QQQ,2026-09-25,0,744.78,752.0,P,6.75,7.54,7.145,7.38,174,19,0.0,-0.9843,0.0118,0.0058,-0.0184,9.85,12.2,6.34,10.94
2026-09-25T17:52:07+00:00,QQQ,2026-09-25,0,744.78,753.0,P,8.2,8.41,8.305,8.27,191,3,0.3605,-0.9876,0.0088,0.0047,-0.0152,10.9,11.27,7.38,11.9
2026-09-25T17:52:07+00:00,QQQ,2026-09-25,0,744.78,754.0,P,8.65,9.54,9.095,8.97,81,0,0.0,-0.9896,0.007,0.0041,-0.0138,12.14,14.33,8.16,12.885
2026-09-25T17:52:07+00:00,QQQ,2026-09-25,0,744.78,755.0,P,9.65,10.53,10.09,9.95,260,8,0.0,-0.9907,0.0058,0.0036,-0.0131,12.33,15.01,9.5,14.01
2026-09-25T17:52:07+00:00,QQQ,2026-09-25,0,744.78,756.0,P,10.64,11.54,11.09,11.0,84,27,0.0,-0.9916,0.0049,0.0033,-0.0127,12.74,15.45,10.35,14.905
2026-09-25T17:52:07+00:00,QQQ,2026-09-25,0,744.78,757.0,P,11.64,12.54,12.09,12.43,26,0,0.0,-0.9922,0.0043,0.0031,-0.0125,13.19,16.29,12.13,15.875
2026-09-25T17:52:07+00:00,QQQ,2026-09-25,0,744.78,758.0,P,12.65,13.53,13.09,13.4,25,1,0.0,-0.9927,0.0038,0.0029,-0.0124,14.22,14.87,12.58,16.96
2026-09-25T17:52:07+00:00,QQQ,2026-09-25,0,744.78,759.0,P,13.64,14.53,14.085,14.4,55,3,0.0,-0.9932,0.0034,0.0027,-0.0123,18.46,18.46,13.35,17.88
2026-09-25T17:52:07+00:00,QQQ,2026-09-25,0,744.78,760.0,P,14.64,15.54,15.09,15.39,95,4,0.0,-0.9935,0.003,0.0026,-0.0123,17.3,17.3,14.62,18.885
2026-09-25T17:52:07+00:00,QQQ,2026-09-25,0,744.78,761.0,P,15.64,16.54,16.09,16.0,16,0,0.0,-0.9939,0.0027,0.0025,-0.0122,16.17,17.14,15.92,19.87
2026-09-25T17:52:07+00:00,QQQ,2026-09-25,0,744.78,762.0,P,17.13,18.03,17.58,17.22,53,0,0.8517,-0.9942,0.0025,0.0024,-0.0121,19.28,20.13,16.63,20.86
2026-09-25T17:52:07+00:00,QQQ,2026-09-25,0,744.78,763.0,P,17.63,18.55,18.09,18.33,13,0,0.0,-0.9945,0.0022,0.0022,-0.0121,19.86,19.86,17.98,21.875
2026-09-25T17:52:07+00:00,QQQ,2026-09-25,0,744.78,764.0,P,18.63,20.63,19.63,18.75,10,0,0.9538,-0.9947,0.002,0.0021,-0.012,22.85,23.21,18.75,22.8
2026-09-25T17:52:07+00:00,QQQ,2026-09-25,0,744.78,765.0,P,20.19,21.58,20.885,20.35,7,0,1.1194,-0.9949,0.0019,0.0021,-0.0119,23.61,23.61,19.75,23.805
2026-09-25T17:52:07+00:00,QQQ,2026-09-25,0,744.78,766.0,P,20.63,22.62,21.625,20.1,28,0,1.0253,-0.9952,0.0017,0.002,-0.0119,23.31,25.78,20.1,24.77
2026-09-25T17:52:07+00:00,QQQ,2026-09-25,0,744.78,767.0,P,21.01,23.52,22.265,23.79,45,20,0.7275,-0.9953,0.0016,0.0019,-0.0118,24.73,27.07,23.79,25.755
2026-09-25T17:52:07+00:00,QQQ,2026-09-25,0,744.78,768.0,P,21.47,24.63,23.05,24.46,27,0,0.0,-0.9955,0.0015,0.0018,-0.0118,25.68,27.77,24.46,26.76
2026-09-25T17:52:07+00:00,QQQ,2026-09-25,0,744.78,769.0,P,23.0,25.62,24.31,25.86,46,0,0.8637,-0.9957,0.0014,0.0018,-0.0117,24.8,28.01,24.39,27.865
2026-09-25T17:52:07+00:00,QQQ,2026-09-25,0,744.78,770.0,P,24.04,26.63,25.335,26.43,53,0,0.9279,-0.9958,0.0013,0.0017,-0.0116,28.91,28.94,26.02,28.865
2026-09-25T17:52:07+00:00,QQQ,2026-09-25,0,744.78,771.0,P,24.47,27.79,26.13,27.75,36,0,0.0,-0.996,0.0012,0.0017,-0.0116,30.0,31.55,27.42,29.755
2026-09-25T17:52:07+00:00,QQQ,2026-09-25,0,744.78,772.0,P,25.5,28.66,27.08,32.38,12,0,0.0,-0.9961,0.0012,0.0016,-0.0115,29.88,32.38,29.81,30.8
2026-09-25T17:52:07+00:00,QQQ,2026-09-25,0,744.78,773.0,P,27.03,29.63,28.33,33.37,14,0,1.0111,-0.9962,0.0011,0.0016,-0.0115,28.22,33.37,28.22,31.755
2026-09-25T17:52:07+00:00,QQQ,2026-09-25,0,744.78,774.0,P,27.54,30.63,29.085,30.74,22,0,0.0,-0.9964,0.001,0.0015,-0.0114,29.03,32.07,29.03,32.91
2026-09-25T17:52:07+00:00,QQQ,2026-09-25,0,744.78,775.0,P,28.94,31.65,30.295,31.81,81,0,1.0122,-0.9965,0.001,0.0015,-0.0114,30.2,35.14,30.03,33.755
2026-09-25T17:52:07+00:00,QQQ,2026-09-25,0,744.78,776.0,P,30.12,32.63,31.375,31.99,92,0,1.1598,-0.9966,0.0009,0.0014,-0.0113,32.62,36.13,30.26,34.79
2026-09-25T17:52:07+00:00,QQQ,2026-09-25,0,744.78,777.0,P,30.5,33.65,32.075,33.18,24,0,0.0,-0.9967,0.0009,0.0014,-0.0112,34.69,35.53,33.18,35.87
2026-09-25T17:52:07+00:00,QQQ,2026-09-25,0,744.78,778.0,P,31.55,34.65,33.1,34.8,16,0,0.0,-0.9968,0.0008,0.0014,-0.0112,34.64,37.4,34.61,36.785
2026-09-25T17:52:07+00:00,QQQ,2026-09-25,0,744.78,779.0,P,33.15,35.63,34.39,35.68,22,0,1.269,-0.9968,0.0008,0.0013,-0.0111,35.57,38.39,35.54,38.2
2026-09-25T17:52:07+00:00,QQQ,2026-09-25,0,744.78,780.0,P,33.46,36.79,35.125,36.79,40,0,0.0,-0.9969,0.0008,0.0013,-0.0111,37.87,40.18,36.79,39.03
2026-09-25T17:52:07+00:00,QQQ,2026-09-25,0,744.78,781.0,P,35.14,37.62,36.38,37.63,46,0,1.3165,-0.997,0.0007,0.0012,-0.011,38.8,41.17,37.63,40.285
2026-09-25T17:52:07+00:00,QQQ,2026-09-25,0,744.78,782.0,P,35.95,38.65,37.3,40.3,8,0,1.2166,-0.9971,0.0007,0.0012,-0.011,40.59,40.63,40.27,41.09
2026-09-25T17:52:07+00:00,QQQ,2026-09-25,0,744.78,785.0,P,38.89,41.65,40.27,41.07,18,0,1.2226,-0.9973,0.0006,0.0011,-0.0108,42.95,42.95,40.2,44.205
2026-09-25T17:52:07+00:00,QQQ,2026-09-25,0,744.78,790.0,P,43.46,46.64,45.05,47.64,5,4,0.0,-0.9976,0.0005,0.001,-0.0105,45.3,47.71,45.3,48.84
2026-09-25T17:52:07+00:00,QQQ,2026-09-25,0,744.78,805.0,P,60.0,61.6,60.8,60.81,1,0,2.4658,-0.9982,0.0003,0.0008,-0.0098,60.81,60.81,60.81,64.24
2026-09-25T18:07:05+00:00,QQQ,2026-09-25,0,745.12,450.0,C,294.93,295.21,295.07,294.03,49,0,0.0,1.0,0.0,0.0,-0.0011,293.6,294.93,293.44,290.915
2026-09-25T18:07:05+00:00,QQQ,2026-09-25,0,745.12,455.0,C,289.94,290.21,290.075,290.07,4,0,0.0,0.9999,0.0,0.0,-0.0012,290.06,290.07,290.06,285.94
2026-09-25T18:07:05+00:00,QQQ,2026-09-25,0,745.12,510.0,C,233.73,236.08,234.905,232.09,1,5,0.0,0.9999,0.0,0.0001,-0.0024,232.09,232.09,232.09,231.115
2026-09-25T18:07:05+00:00,QQQ,2026-09-25,0,745.12,575.0,C,168.27,171.71,169.99,170.37,1,0,0.0,0.9997,0.0,0.0001,-0.0047,170.37,170.37,170.37,165.915
2026-09-25T18:07:05+00:00,QQQ,2026-09-25,0,745.12,595.0,C,148.89,150.84,149.865,149.9,3,2,0.0,0.9996,0.0,0.0002,-0.0056,149.95,149.95,149.87,146.025
2026-09-25T18:07:05+00:00,QQQ,2026-09-25,0,745.12,600.0,C,143.28,146.71,144.995,144.96,15,16,0.0,0.9995,0.0,0.0002,-0.0059,142.9,145.01,141.06,141.055
2026-09-25T18:07:05+00:00,QQQ,2026-09-25,0,745.12,610.0,C,133.34,136.49,134.915,134.77,2,14,0.0,0.9994,0.0,0.0002,-0.0064,131.85,134.77,131.85,131.06
2026-09-25T18:07:05+00:00,QQQ,2026-09-25,0,745.12,620.0,C,123.27,126.69,124.98,122.41,10,32,0.0,0.9994,0.0,0.0003,-0.007,123.0,123.0,121.33,121.26
2026-09-25T18:07:05+00:00,QQQ,2026-09-25,0,745.12,635.0,C,108.27,111.41,109.84,109.31,2,1,0.0,0.9992,0.0001,0.0003,-0.0078,109.38,109.38,109.31,106.385
2026-09-25T18:07:05+00:00,QQQ,2026-09-25,0,745.12,640.0,C,103.26,106.49,104.875,104.76,1,5,0.0,0.9991,0.0001,0.0004,-0.0081,104.76,104.76,104.76,101.165
2026-09-25T18:07:05+00:00,QQQ,2026-09-25,0,745.12,650.0,C,93.37,96.08,94.725,94.62,17,42,0.0,0.999,0.0001,0.0004,-0.0087,94.3,94.76,94.16,91.05
2026-09-25T18:07:05+00:00,QQQ,2026-09-25,0,745.12,655.0,C,88.67,91.22,89.945,90.07,3,40,0.0,0.9989,0.0001,0.0005,-0.0091,89.4,90.07,89.37,85.85
2026-09-25T18:07:05+00:00,QQQ,2026-09-25,0,745.12,665.0,C,78.26,81.45,79.855,79.56,50,51,0.0,0.9987,0.0001,0.0005,-0.0097,79.56,79.56,79.56,75.76
2026-09-25T18:07:05+00:00,QQQ,2026-09-25,0,745.12,667.0,C,76.37,79.41,77.89,73.32,1,3,0.0,0.9987,0.0002,0.0006,-0.0098,73.32,73.32,73.32,73.855
2026-09-25T18:07:05+00:00,QQQ,2026-09-25,0,745.12,671.0,C,72.25,75.72,73.985,74.38,1,36,0.0,0.9986,0.0002,0.0006,-0.0101,74.38,74.38,74.38,70.095
2026-09-25T18:07:05+00:00,QQQ,2026-09-25,0,745.12,675.0,C,68.27,71.65,69.96,68.02,62,47,0.0,0.9985,0.0002,0.0006,-0.0104,67.56,68.02,65.32,66.13
2026-09-25T18:07:05+00:00,QQQ,2026-09-25,0,745.12,676.0,C,67.27,70.07,68.67,68.43,2,1,0.0,0.9984,0.0002,0.0006,-0.0105,68.43,68.43,68.43,65.25
2026-09-25T18:07:05+00:00,QQQ,2026-09-25,0,745.12,677.0,C,66.27,69.41,67.84,66.43,16,16,0.0,0.9984,0.0002,0.0006,-0.0105,63.81,66.43,63.81,64.1
2026-09-25T18:07:05+00:00,QQQ,2026-09-25,0,745.12,679.0,C,66.01,67.71,66.86,61.33,1,4,3.1404,0.9984,0.0002,0.0007,-0.0107,61.33,61.33,61.33,62.535
2026-09-25T18:07:05+00:00,QQQ,2026-09-25,0,745.12,680.0,C,65.02,66.71,65.865,63.6,1,15,3.1041,0.9983,0.0002,0.0007,-0.0108,63.6,63.6,63.6,61.205
2026-09-25T18:07:05+00:00,QQQ,2026-09-25,0,745.12,681.0,C,64.02,65.4,64.71,61.51,2,6,2.923,0.9983,0.0002,0.0007,-0.0108,61.4,61.51,61.4,60.26
2026-09-25T18:07:05+00:00,QQQ,2026-09-25,0,745.12,682.0,C,63.04,64.67,63.855,60.56,1,5,3.0143,0.9983,0.0002,0.0007,-0.0109,60.56,60.56,60.56,59.255
2026-09-25T18:07:05+00:00,QQQ,2026-09-25,0,745.12,684.0,C,61.02,62.38,61.7,58.35,28,8,2.7954,0.9982,0.0003,0.0007,-0.0111,60.83,61.33,57.57,57.11
2026-09-25T18:07:05+00:00,QQQ,2026-09-25,0,745.12,685.0,C,60.03,61.64,60.835,59.51,6,40,2.8758,0.9982,0.0003,0.0008,-0.0111,59.81,60.29,56.15,56.1
2026-09-25T18:07:05+00:00,QQQ,2026-09-25,0,745.12,687.0,C,58.01,59.05,58.53,54.11,1,12,2.5024,0.9981,0.0003,0.0008,-0.0113,54.11,54.11,54.11,54.11
2026-09-25T18:07:05+00:00,QQQ,2026-09-25,0,745.12,688.0,C,57.02,57.96,57.49,57.29,28,5,2.4052,0.998,0.0003,0.0008,-0.0113,56.81,57.29,53.85,53.11
2026-09-25T18:07:05+00:00,QQQ,2026-09-25,0,745.12,689.0,C,56.03,57.52,56.775,53.13,2,46,2.6642,0.998,0.0003,0.0008,-0.0114,52.11,53.13,52.11,52.11
2026-09-25T18:07:05+00:00,QQQ,2026-09-25,0,745.12,690.0,C,55.01,56.4,55.705,51.65,41,164,2.5637,0.998,0.0003,0.0008,-0.0115,52.43,52.43,50.05,51.11
2026-09-25T18:07:05+00:00,QQQ,2026-09-25,0,745.12,691.0,C,54.03,55.6,54.815,54.37,5,48,2.6163,0.9979,0.0003,0.0008,-0.0116,52.55,54.42,52.55,50.1
2026-09-25T18:07:05+00:00,QQQ,2026-09-25,0,745.12,692.0,C,51.97,53.79,52.88,53.12,3,22,0.0,0.9979,0.0004,0.0009,-0.0116,48.46,53.12,48.46,48.93
2026-09-25T18:07:05+00:00,QQQ,2026-09-25,0,745.12,694.0,C,49.27,52.1,50.685,51.37,1,29,0.0,0.9978,0.0004,0.0009,-0.0118,51.37,51.37,51.37,47.11
2026-09-25T18:07:05+00:00,QQQ,2026-09-25,0,745.12,695.0,C,48.27,51.72,49.995,47.96,38,225,0.0,0.9977,0.0004,0.0009,-0.0119,47.58,47.96,46.21,46.11
2026-09-25T18:07:05+00:00,QQQ,2026-09-25,0,745.12,697.0,C,46.26,49.56,47.91,43.8,7,84,0.0,0.9976,0.0004,0.001,-0.012,43.91,44.85,43.8,44.27
2026-09-25T18:07:05+00:00,QQQ,2026-09-25,0,745.12,698.0,C,45.31,48.41,46.86,46.41,1,80,0.0,0.9976,0.0004,0.001,-0.0121,46.41,46.41,46.41,43.11
2026-09-25T18:07:05+00:00,QQQ,2026-09-25,0,745.12,699.0,C,44.38,47.72,46.05,44.1,14,114,0.0,0.9975,0.0005,0.001,-0.0122,45.83,46.24,44.1,42.265
2026-09-25T18:07:05+00:00,QQQ,2026-09-25,0,745.12,700.0,C,44.38,46.52,45.45,45.34,183,969,1.9282,0.9974,0.0005,0.001,-0.0123,42.0,45.34,40.0,41.15
2026-09-25T18:07:05+00:00,QQQ,2026-09-25,0,745.12,701.0,C,42.26,45.45,43.855,43.14,9,57,0.0,0.9974,0.0005,0.001,-0.0123,42.29,43.14,39.38,40.27
2026-09-25T18:07:05+00:00,QQQ,2026-09-25,0,745.12,702.0,C,41.27,43.85,42.56,42.2,4,309,0.0,0.9973,0.0005,0.0011,-0.0124,38.9,42.2,38.9,39.265
2026-09-25T18:07:05+00:00,QQQ,2026-09-25,0,745.12,703.0,C,40.81,43.08,41.945,42.15,5,192,0.0,0.9972,0.0005,0.0011,-0.0125,40.98,42.15,40.1,38.265
2026-09-25T18:07:05+00:00,QQQ,2026-09-25,0,745.12,704.0,C,39.62,42.61,41.115,41.05,26,330,0.0,0.9972,0.0006,0.0011,-0.0126,39.3,41.05,39.29,37.205
2026-09-25T18:07:05+00:00,QQQ,2026-09-25,0,745.12,705.0,C,39.7,40.66,40.18,39.99,16,1128,1.2146,0.9971,0.0006,0.0012,-0.0127,38.98,40.36,36.78,36.36
2026-09-25T18:07:05+00:00,QQQ,2026-09-25,0,745.12,706.0,C,38.38,40.72,39.55,38.42,8,382,1.8022,0.997,0.0006,0.0012,-0.0127,35.04,39.16,34.84,35.17
2026-09-25T18:07:05+00:00,QQQ,2026-09-25,0,745.12,707.0,C,37.6,39.08,38.34,38.12,90,399,1.5405,0.9969,0.0006,0.0012,-0.0128,36.87,38.27,33.68,34.155
2026-09-25T18:07:05+00:00,QQQ,2026-09-25,0,745.12,708.0,C,35.81,38.54,37.175,36.66,110,486,1.0975,0.9968,0.0007,0.0012,-0.0129,35.86,36.66,31.5,33.185
2026-09-25T18:07:05+00:00,QQQ,2026-09-25,0,745.12,709.0,C,34.27,37.63,35.95,31.93,92,475,0.0,0.9968,0.0007,0.0013,-0.013,34.58,35.95,31.58,32.36
2026-09-25T18:07:05+00:00,QQQ,2026-09-25,0,745.12,710.0,C,34.4,35.21,34.805,35.13,167,2041,0.0,0.9967,0.0008,0.0013,-0.0131,33.83,35.14,29.99,31.365
2026-09-25T18:07:05+00:00,QQQ,2026-09-25,0,745.12,711.0,C,34.05,34.21,34.13,34.12,28,1740,0.0,0.9966,0.0008,0.0014,-0.0132,32.71,34.27,31.0,30.185
2026-09-25T18:07:05+00:00,QQQ,2026-09-25,0,745.12,712.0,C,33.04,34.58,33.81,32.35,34,1393,1.7485,0.9965,0.0008,0.0014,-0.0132,30.8,33.85,27.94,29.29
2026-09-25T18:07:05+00:00,QQQ,2026-09-25,0,745.12,713.0,C,32.04,33.55,32.795,32.2,65,388,1.6974,0.9964,0.0009,0.0014,-0.0133,31.08,33.4,29.1,28.175
2026-09-25T18:07:05+00:00,QQQ,2026-09-25,0,745.12,714.0,C,31.05,31.29,31.17,30.85,55,433,0.8958,0.9962,0.0009,0.0015,-0.0134,29.85,31.95,26.72,27.3
2026-09-25T18:07:05+00:00,QQQ,2026-09-25,0,745.12,715.0,C,30.04,30.67,30.355,30.14,176,2764,1.2757,0.9961,0.001,0.0015,-0.0135,27.38,30.29,25.53,26.375
2026-09-25T18:07:05+00:00,QQQ,2026-09-25,0,745.12,716.0,C,28.98,29.67,29.325,29.09,230,899,1.2051,0.996,0.0011,0.0016,-0.0136,26.37,29.66,23.77,25.2
2026-09-25T18:07:05+00:00,QQQ,2026-09-25,0,745.12,717.0,C,28.03,28.2,28.115,28.12,105,1275,0.0,0.9958,0.0011,0.0016,-0.0136,25.38,28.23,23.65,24.345
2026-09-25T18:07:05+00:00,QQQ,2026-09-25,0,745.12,718.0,C,27.02,27.26,27.14,26.73,412,2117,0.0,0.9957,0.0012,0.0017,-0.0137,24.15,27.31,22.85,23.305
2026-09-25T18:07:05+00:00,QQQ,2026-09-25,0,745.12,719.0,C,26.02,26.29,26.155,25.81,155,2166,0.0,0.9955,0.0013,0.0017,-0.0138,23.86,26.58,21.72,22.335
2026-09-25T18:07:05+00:00,QQQ,2026-09-25,0,745.12,720.0,C,25.05,25.21,25.13,25.02,342,4506,0.0,0.9954,0.0014,0.0018,-0.0139,23.8,25.79,20.05,21.345
2026-09-25T18:07:05+00:00,QQQ,2026-09-25,0,745.12,721.0,C,24.03,24.25,24.14,23.79,191,1521,0.0,0.9952,0.0015,0.0019,-0.014,22.91,24.61,19.22,20.33
2026-09-25T18:07:05+00:00,QQQ,2026-09-25,0,745.12,722.0,C,23.02,23.22,23.12,23.12,123,1603,0.0,0.995,0.0016,0.0019,-0.0141,20.23,23.56,18.01,19.4
2026-09-25T18:07:05+00:00,QQQ,2026-09-25,0,745.12,723.0,C,22.04,22.22,22.13,21.83,179,1475,0.0,0.9948,0.0017,0.002,-0.0142,18.87,22.25,17.65,18.41
2026-09-25T18:07:05+00:00,QQQ,2026-09-25,0,745.12,724.0,C,21.05,21.21,21.13,21.08,286,1444,0.0,0.9946,0.0018,0.0021,-0.0143,18.9,21.46,17.06,17.38
2026-09-25T18:07:05+00:00,QQQ,2026-09-25,0,745.12,725.0,C,20.06,20.18,20.12,20.13,575,3340,0.0,0.9943,0.002,0.0022,-0.0144,17.18,20.66,14.98,16.38
2026-09-25T18:07:05+00:00,QQQ,2026-09-25,0,745.12,726.0,C,19.04,19.21,19.125,18.87,380,2231,0.0,0.994,0.0022,0.0023,-0.0144,16.54,19.65,13.84,15.465
2026-09-25T18:07:05+00:00,QQQ,2026-09-25,0,745.12,727.0,C,18.04,18.22,18.13,17.92,272,1527,0.0,0.9937,0.0024,0.0024,-0.0146,15.02,18.46,13.71,14.495
2026-09-25T18:07:05+00:00,QQQ,2026-09-25,0,745.12,728.0,C,17.06,17.2,17.13,17.11,377,2229,0.0,0.9934,0.0026,0.0025,-0.0147,14.37,17.77,12.82,13.5
2026-09-25T18:07:05+00:00,QQQ,2026-09-25,0,745.12,729.0,C,16.04,16.25,16.145,15.94,316,6541,0.0,0.993,0.0029,0.0026,-0.0148,13.6,16.33,11.5,12.54
2026-09-25T18:07:05+00:00,QQQ,2026-09-25,0,745.12,730.0,C,15.02,15.22,15.12,14.75,816,5327,0.0,0.9926,0.0032,0.0028,-0.015,13.43,15.52,9.91,11.5
2026-09-25T18:07:05+00:00,QQQ,2026-09-25,0,745.12,731.0,C,14.06,14.22,14.14,13.82,450,2062,0.0,0.9921,0.0037,0.003,-0.0152,12.55,14.82,9.19,10.59
2026-09-25T18:07:05+00:00,QQQ,2026-09-25,0,745.12,732.0,C,12.97,13.18,13.075,13.21,505,1757,0.0,0.9915,0.0042,0.0032,-0.0154,10.5,13.58,8.09,9.62
2026-09-25T18:07:05+00:00,QQQ,2026-09-25,0,745.12,733.0,C,12.02,12.28,12.15,11.65,995,1220,0.0,0.9907,0.0048,0.0034,-0.0159,9.9,12.66,7.13,8.795
2026-09-25T18:07:05+00:00,QQQ,2026-09-25,0,745.12,734.0,C,11.06,11.37,11.215,11.2,2393,3797,0.4453,0.9897,0.0056,0.0038,-0.0167,8.3,11.44,6.24,7.875
2026-09-25T18:07:05+00:00,QQQ,2026-09-25,0,745.12,735.0,C,10.06,10.23,10.145,10.2,5255,8526,0.0,0.9883,0.0068,0.0042,-0.0179,7.16,10.75,5.43,7.03
2026-09-25T18:07:05+00:00,QQQ,2026-09-25,0,745.12,736.0,C,9.06,9.21,9.135,9.15,2309,4244,0.0,0.9862,0.0084,0.0049,-0.02,6.73,9.86,4.59,6.225
2026-09-25T18:07:05+00:00,QQQ,2026-09-25,0,745.12,737.0,C,8.05,8.21,8.13,8.2,3075,3792,0.0,0.9829,0.0109,0.0059,-0.0236,5.66,8.84,3.83,5.46
2026-09-25T18:07:05+00:00,QQQ,2026-09-25,0,745.12,738.0,C,7.07,7.2,7.135,7.12,6121,3576,0.0,0.9776,0.0148,0.0074,-0.0297,5.07,8.0,3.11,4.735
2026-09-25T18:07:05+00:00,QQQ,2026-09-25,0,745.12,739.0,C,6.08,6.2,6.14,6.15,11790,5477,0.0,0.9689,0.0211,0.0097,-0.0398,4.22,7.0,2.46,4.07
2026-09-25T18:07:05+00:00,QQQ,2026-09-25,0,745.12,740.0,C,5.09,5.23,5.16,5.24,43022,9097,0.0,0.9548,0.0311,0.013,-0.0566,3.58,6.0,1.85,3.455
2026-09-25T18:07:05+00:00,QQQ,2026-09-25,0,745.12,741.0,C,4.12,4.25,4.185,4.2,93658,7953,0.1707,0.9314,0.047,0.018,-0.0848,2.92,5.13,1.29,2.9
2026-09-25T18:07:05+00:00,QQQ,2026-09-25,0,745.12,742.0,C,3.23,3.3,3.265,3.3,197536,6533,0.1832,0.8913,0.0725,0.0251,-0.1346,2.16,4.21,0.84,2.405
2026-09-25T18:07:05+00:00,QQQ,2026-09-25,0,745.12,743.0,C,2.32,2.39,2.355,2.37,274768,5419,0.1763,0.8207,0.1109,0.0347,-0.2296,1.73,3.35,0.53,1.965
2026-09-25T18:07:05+00:00,QQQ,2026-09-25,0,745.12,744.0,C,1.53,1.56,1.545,1.56,372806,6129,0.1672,0.7016,0.1576,0.0453,-0.4167,1.18,2.56,0.31,1.585
2026-09-25T18:07:05+00:00,QQQ,2026-09-25,0,745.12,745.0,C,0.89,0.9,0.895,0.88,489866,13975,0.161,0.5308,0.1888,0.0516,-0.7631,0.9,1.9,0.19,1.255
2026-09-25T18:07:05+00:00,QQQ,2026-09-25,0,745.12,746.0,C,0.46,0.47,0.465,0.47,350076,14457,0.1601,0.3441,0.1766,0.0479,-0.479,0.68,1.38,0.12,0.995
2026-09-25T18:07:05+00:00,QQQ,2026-09-25,0,745.12,747.0,C,0.22,0.23,0.225,0.23,199480,4485,0.166,0.1952,0.1292,0.0366,-0.2308,0.4,0.96,0.08,0.775
2026-09-25T18:07:05+00:00,QQQ,2026-09-25,0,745.12,748.0,C,0.11,0.12,0.115,0.12,130456,8907,0.1752,0.1047,0.0804,0.0246,-0.1126,0.26,0.64,0.04,0.605
2026-09-25T18:07:05+00:00,QQQ,2026-09-25,0,745.12,749.0,C,0.05,0.06,0.055,0.06,75335,5760,0.1844,0.0576,0.0475,0.0159,-0.0594,0.17,0.44,0.04,0.475
2026-09-25T18:07:05+00:00,QQQ,2026-09-25,0,745.12,750.0,C,0.03,0.04,0.035,0.04,77569,20833,0.2038,0.0338,0.0285,0.0105,-0.0348,0.11,0.32,0.03,0.365
2026-09-25T18:07:05+00:00,QQQ,2026-09-25,0,745.12,751.0,C,0.02,0.03,0.025,0.03,31037,3438,0.2253,0.0218,0.0181,0.0073,-0.0229,0.07,0.24,0.02,0.285
2026-09-25T18:07:05+00:00,QQQ,2026-09-25,0,745.12,752.0,C,0.01,0.02,0.015,0.01,22609,4770,0.2391,0.0156,0.0124,0.0055,-0.0172,0.06,0.18,0.01,0.225
2026-09-25T18:07:05+00:00,QQQ,2026-09-25,0,745.12,753.0,C,0.01,0.02,0.015,0.01,30587,4891,0.2689,0.0124,0.0092,0.0045,-0.0146,0.05,0.13,0.01,0.175
2026-09-25T18:07:05+00:00,QQQ,2026-09-25,0,745.12,754.0,C,0.01,0.02,0.015,0.01,13130,12655,0.2982,0.0106,0.0074,0.0039,-0.0134,0.09,0.1,0.01,0.145
2026-09-25T18:07:05+00:00,QQQ,2026-09-25,0,745.12,755.0,C,0.01,0.02,0.015,0.01,8110,21605,0.3272,0.0094,0.0061,0.0035,-0.0129,0.01,0.08,0.01,0.115
2026-09-25T18:07:05+00:00,QQQ,2026-09-25,0,745.12,756.0,C,0.01,0.02,0.015,0.01,6275,5483,0.3559,0.0086,0.0052,0.0032,-0.0126,0.04,0.06,0.01,0.095
2026-09-25T18:07:05+00:00,QQQ,2026-09-25,0,745.12,757.0,C,0.0,0.01,0.01,0.01,3716,2957,0.3398,0.008,0.0045,0.003,-0.0125,0.01,0.05,0.01,0.085
2026-09-25T18:07:05+00:00,QQQ,2026-09-25,0,745.12,758.0,C,0.0,0.01,0.01,0.01,5182,3008,0.3652,0.0074,0.0039,0.0028,-0.0124,0.03,0.04,0.01,0.065
2026-09-25T18:07:05+00:00,QQQ,2026-09-25,0,745.12,759.0,C,0.0,0.01,0.01,0.01,919,988,0.3905,0.007,0.0035,0.0027,-0.0123,0.01,0.04,0.01,0.055
2026-09-25T18:07:05+00:00,QQQ,2026-09-25,0,745.12,760.0,C,0.0,0.01,0.01,0.01,4553,9228,0.4155,0.0066,0.0031,0.0025,-0.0123,0.03,0.04,0.01,0.055
2026-09-25T18:07:05+00:00,QQQ,2026-09-25,0,745.12,761.0,C,0.0,0.01,0.01,0.01,3033,1234,0.4404,0.0062,0.0028,0.0024,-0.0122,0.02,0.03,0.01,0.045
2026-09-25T18:07:05+00:00,QQQ,2026-09-25,0,745.12,762.0,C,0.0,0.01,0.01,0.01,338,1142,0.4651,0.0059,0.0025,0.0023,-0.0121,0.02,0.03,0.01,0.045
2026-09-25T18:07:05+00:00,QQQ,2026-09-25,0,745.12,763.0,C,0.0,0.01,0.01,0.01,643,935,0.4897,0.0056,0.0023,0.0022,-0.0121,0.02,0.02,0.01,0.035
2026-09-25T18:07:05+00:00,QQQ,2026-09-25,0,745.12,764.0,C,0.0,0.01,0.01,0.01,1011,2707,0.5141,0.0054,0.0021,0.0021,-0.012,0.01,0.02,0.01,0.035
2026-09-25T18:07:05+00:00,QQQ,2026-09-25,0,745.12,765.0,C,0.0,0.01,0.01,0.01,898,5206,0.5384,0.0051,0.002,0.002,-0.0119,0.02,0.02,0.01,0.025
2026-09-25T18:07:05+00:00,QQQ,2026-09-25,0,745.12,766.0,C,0.0,0.01,0.01,0.01,1207,487,0.5626,0.0049,0.0018,0.0019,-0.0119,0.02,0.02,0.01,0.025
2026-09-25T18:07:05+00:00,QQQ,2026-09-25,0,745.12,767.0,C,0.0,0.01,0.01,0.01,351,171,0.5867,0.0047,0.0017,0.0018,-0.0118,0.01,0.02,0.01,0.025
2026-09-25T18:07:05+00:00,QQQ,2026-09-25,0,745.12,768.0,C,0.0,0.01,0.01,0.01,17,706,0.6106,0.0045,0.0015,0.0018,-0.0118,0.01,0.02,0.01,0.025
2026-09-25T18:07:05+00:00,QQQ,2026-09-25,0,745.12,769.0,C,0.0,0.01,0.01,0.01,5,711,0.6344,0.0044,0.0014,0.0017,-0.0117,0.01,0.01,0.01,0.025
2026-09-25T18:07:05+00:00,QQQ,2026-09-25,0,745.12,770.0,C,0.0,0.01,0.01,0.01,302,7792,0.6581,0.0042,0.0013,0.0016,-0.0116,0.02,0.02,0.01,0.015
2026-09-25T18:07:05+00:00,QQQ,2026-09-25,0,745.12,771.0,C,0.0,0.01,0.01,0.01,40,90,0.6817,0.0041,0.0013,0.0016,-0.0116,0.01,0.02,0.01,0.015
2026-09-25T18:07:05+00:00,QQQ,2026-09-25,0,745.12,772.0,C,0.0,0.01,0.02,0.02,0,62,0.7052,0.0039,0.0012,0.0016,-0.0115,0.0,0.0,0.0,0.015
2026-09-25T18:07:05+00:00,QQQ,2026-09-25,0,745.12,773.0,C,0.0,0.01,0.02,0.02,0,1061,0.7286,0.0038,0.0011,0.0015,-0.0115,0.0,0.0,0.0,0.015
2026-09-25T18:07:05+00:00,QQQ,2026-09-25,0,745.12,774.0,C,0.0,0.01,0.02,0.02,0,1312,0.752,0.0037,0.001,0.0015,-0.0114,0.0,0.0,0.0,0.015
2026-09-25T18:07:05+00:00,QQQ,2026-09-25,0,745.12,775.0,C,0.0,0.01,0.01,0.01,2,1926,0.7752,0.0036,0.001,0.0014,-0.0114,0.01,0.01,0.01,0.015
2026-09-25T18:07:05+00:00,QQQ,2026-09-25,0,745.12,776.0,C,0.0,0.01,0.02,0.02,0,368,0.7983,0.0035,0.0009,0.0014,-0.0113,0.0,0.0,0.0,0.015
2026-09-25T18:07:05+00:00,QQQ,2026-09-25,0,745.12,777.0,C,0.0,0.01,0.01,0.01,4,68,0.8213,0.0034,0.0009,0.0013,-0.0113,0.01,0.01,0.01,0.015
2026-09-25T18:07:05+00:00,QQQ,2026-09-25,0,745.12,778.0,C,0.0,0.01,0.01,0.01,254,139,0.8443,0.0033,0.0008,0.0013,-0.0112,0.02,0.02,0.01,0.015
2026-09-25T18:07:05+00:00,QQQ,2026-09-25,0,745.12,779.0,C,0.0,0.01,0.02,0.02,0,328,0.8672,0.0032,0.0008,0.0013,-0.0112,0.0,0.0,0.0,0.015
2026-09-25T18:07:05+00:00,QQQ,2026-09-25,0,745.12,780.0,C,0.0,0.01,0.01,0.01,2,1683,0.89,0.0031,0.0008,0.0012,-0.0111,0.01,0.01,0.01,0.015
2026-09-25T18:07:05+00:00,QQQ,2026-09-25,0,745.12,781.0,C,0.0,0.01,0.01,0.01,0,264,0.9127,0.003,0.0007,0.0012,-0.011,0.0,0.0,0.0,0.005
2026-09-25T18:07:05+00:00,QQQ,2026-09-25,0,745.12,782.0,C,0.0,0.01,0.01,0.01,288,707,0.9353,0.003,0.0007,0.0012,-0.011,0.01,0.01,0.01,0.005
2026-09-25T18:07:05+00:00,QQQ,2026-09-25,0,745.12,935.0,C,0.0,0.01,0.01,0.01,26,40,3.8765,0.0004,0.0,0.0002,-0.0053,0.01,0.01,0.01,0.005
2026-09-25T18:07:05+00:00,QQQ,2026-09-25,0,745.12,450.0,P,0.0,0.01,0.01,0.01,12,1311,8.3669,0.0,0.0,0.0,-0.0011,0.01,0.01,0.01,0.005
2026-09-25T18:07:05+00:00,QQQ,2026-09-25,0,745.12,580.0,P,0.0,0.01,0.01,0.01,25,772,4.3222,-0.0004,0.0,0.0002,-0.005,0.01,0.01,0.01,0.005
2026-09-25T18:07:05+00:00,QQQ,2026-09-25,0,745.12,600.0,P,0.0,0.01,0.01,0.01,1,4152,3.7717,-0.0005,0.0,0.0002,-0.0059,0.01,0.01,0.01,0.005
2026-09-25T18:07:05+00:00,QQQ,2026-09-25,0,745.12,605.0,P,0.0,0.01,0.01,0.01,2,1883,3.6364,-0.0005,0.0,0.0002,-0.0062,0.01,0.01,0.01,0.005
2026-09-25T18:07:05+00:00,QQQ,2026-09-25,0,745.12,620.0,P,0.0,0.01,0.01,0.01,17,2323,3.2354,-0.0006,0.0,0.0003,-0.007,0.01,0.01,0.01,0.005
2026-09-25T18:07:05+00:00,QQQ,2026-09-25,0,745.12,625.0,P,0.0,0.01,0.01,0.01,5,1666,3.1033,-0.0007,0.0001,0.0003,-0.0072,0.01,0.01,0.01,0.005
2026-09-25T18:07:05+00:00,QQQ,2026-09-25,0,745.12,635.0,P,0.0,0.01,0.01,0.01,20,15929,2.8413,-0.0008,0.0001,0.0003,-0.0078,0.01,0.01,0.01,0.005
2026-09-25T18:07:05+00:00,QQQ,2026-09-25,0,745.12,640.0,P,0.0,0.01,0.01,0.01,6,1828,2.7113,-0.0009,0.0001,0.0004,-0.0081,0.01,0.02,0.01,0.005
2026-09-25T18:07:05+00:00,QQQ,2026-09-25,0,745.12,645.0,P,0.0,0.01,0.01,0.01,54,4195,2.582,-0.0009,0.0001,0.0004,-0.0084,0.01,0.02,0.01,0.005
2026-09-25T18:07:05+00:00,QQQ,2026-09-25,0,745.12,650.0,P,0.0,0.01,0.01,0.01,15,10661,2.4533,-0.001,0.0001,0.0004,-0.0087,0.01,0.01,0.01,0.005
2026-09-25T18:07:05+00:00,QQQ,2026-09-25,0,745.12,660.0,P,0.0,0.01,0.01,0.01,30,4570,2.1976,-0.0012,0.0001,0.0005,-0.0094,0.01,0.01,0.01,0.005
2026-09-25T18:07:05+00:00,QQQ,2026-09-25,0,745.12,665.0,P,0.0,0.01,0.01,0.01,45,38192,2.0706,-0.0013,0.0001,0.0005,-0.0097,0.01,0.01,0.01,0.005
2026-09-25T18:07:05+00:00,QQQ,2026-09-25,0,745.12,667.0,P,0.0,0.01,0.01,0.01,10,2556,2.0199,-0.0013,0.0002,0.0006,-0.0098,0.01,0.01,0.01,0.005
2026-09-25T18:07:05+00:00,QQQ,2026-09-25,0,745.12,669.0,P,0.0,0.01,0.01,0.01,1,796,1.9693,-0.0014,0.0002,0.0006,-0.01,0.01,0.01,0.01,0.005
2026-09-25T18:07:05+00:00,QQQ,2026-09-25,0,745.12,670.0,P,0.0,0.01,0.01,0.01,39,5857,1.944,-0.0014,0.0002,0.0006,-0.01,0.01,0.01,0.01,0.005
2026-09-25T18:07:05+00:00,QQQ,2026-09-25,0,745.12,671.0,P,0.0,0.01,0.01,0.01,1,1479,1.9187,-0.0014,0.0002,0.0006,-0.0101,0.01,0.01,0.01,0.005
2026-09-25T18:07:05+00:00,QQQ,2026-09-25,0,745.12,672.0,P,0.0,0.01,0.01,0.01,4,726,1.8935,-0.0014,0.0002,0.0006,-0.0102,0.01,0.01,0.01,0.015
2026-09-25T18:07:05+00:00,QQQ,2026-09-25,0,745.12,673.0,P,0.0,0.01,0.01,0.01,3,607,1.8682,-0.0015,0.0002,0.0006,-0.0103,0.01,0.01,0.01,0.015
2026-09-25T18:07:05+00:00,QQQ,2026-09-25,0,745.12,674.0,P,0.0,0.01,0.01,0.01,1,825,1.843,-0.0015,0.0002,0.0006,-0.0103,0.01,0.01,0.01,0.015
2026-09-25T18:07:05+00:00,QQQ,2026-09-25,0,745.12,675.0,P,0.0,0.01,0.01,0.01,51,3161,1.8178,-0.0015,0.0002,0.0006,-0.0104,0.01,0.01,0.01,0.015
2026-09-25T18:07:05+00:00,QQQ,2026-09-25,0,745.12,677.0,P,0.0,0.01,0.01,0.01,28,772,1.7675,-0.0016,0.0002,0.0006,-0.0105,0.01,0.01,0.01,0.015
2026-09-25T18:07:05+00:00,QQQ,2026-09-25,0,745.12,678.0,P,0.0,0.01,0.01,0.01,150,890,1.7423,-0.0016,0.0002,0.0007,-0.0106,0.01,0.01,0.01,0.015
2026-09-25T18:07:05+00:00,QQQ,2026-09-25,0,745.12,680.0,P,0.0,0.01,0.01,0.01,76,3580,1.692,-0.0017,0.0002,0.0007,-0.0108,0.01,0.02,0.01,0.015
2026-09-25T18:07:05+00:00,QQQ,2026-09-25,0,745.12,681.0,P,0.0,0.01,0.01,0.01,154,1155,1.6669,-0.0017,0.0002,0.0007,-0.0108,0.01,0.01,0.01,0.015
2026-09-25T18:07:05+00:00,QQQ,2026-09-25,0,745.12,682.0,P,0.0,0.01,0.01,0.01,2,1046,1.6418,-0.0017,0.0002,0.0007,-0.0109,0.01,0.01,0.01,0.015
2026-09-25T18:07:05+00:00,QQQ,2026-09-25,0,745.12,683.0,P,0.0,0.01,0.01,0.01,1976,3458,1.6167,-0.0018,0.0002,0.0007,-0.011,0.01,0.01,0.01,0.015
2026-09-25T18:07:05+00:00,QQQ,2026-09-25,0,745.12,685.0,P,0.0,0.01,0.04,0.04,124,2903,1.5665,-0.0018,0.0003,0.0008,-0.0111,0.01,0.04,0.01,0.015
2026-09-25T18:07:05+00:00,QQQ,2026-09-25,0,745.12,686.0,P,0.0,0.01,0.01,0.01,4,2437,1.5415,-0.0019,0.0003,0.0008,-0.0112,0.01,0.01,0.01,0.015
2026-09-25T18:07:05+00:00,QQQ,2026-09-25,0,745.12,687.0,P,0.0,0.01,0.01,0.01,5,2225,1.5164,-0.0019,0.0003,0.0008,-0.0113,0.01,0.01,0.01,0.015
2026-09-25T18:07:05+00:00,QQQ,2026-09-25,0,745.12,688.0,P,0.0,0.01,0.01,0.01,210,1946,1.4914,-0.002,0.0003,0.0008,-0.0113,0.01,0.01,0.01,0.015
2026-09-25T18:07:05+00:00,QQQ,2026-09-25,0,745.12,689.0,P,0.0,0.01,0.01,0.01,33,2011,1.4663,-0.002,0.0003,0.0008,-0.0114,0.01,0.02,0.01,0.015
2026-09-25T18:07:05+00:00,QQQ,2026-09-25,0,745.12,690.0,P,0.0,0.01,0.01,0.01,73,85486,1.4413,-0.002,0.0003,0.0008,-0.0115,0.01,0.01,0.01,0.015
2026-09-25T18:07:05+00:00,QQQ,2026-09-25,0,745.12,691.0,P,0.0,0.01,0.01,0.01,6,2293,1.4162,-0.0021,0.0003,0.0008,-0.0116,0.01,0.01,0.01,0.015
2026-09-25T18:07:05+00:00,QQQ,2026-09-25,0,745.12,692.0,P,0.0,0.01,0.01,0.01,7,1496,1.3912,-0.0021,0.0004,0.0009,-0.0116,0.01,0.01,0.01,0.015
2026-09-25T18:07:05+00:00,QQQ,2026-09-25,0,745.12,693.0,P,0.0,0.01,0.02,0.02,11,4215,1.3662,-0.0022,0.0004,0.0009,-0.0117,0.01,0.21,0.01,0.015
2026-09-25T18:07:05+00:00,QQQ,2026-09-25,0,745.12,694.0,P,0.0,0.01,0.01,0.01,5,2917,1.3412,-0.0022,0.0004,0.0009,-0.0118,0.01,0.01,0.01,0.015
2026-09-25T18:07:05+00:00,QQQ,2026-09-25,0,745.12,695.0,P,0.0,0.01,0.01,0.01,5,5302,1.3161,-0.0023,0.0004,0.0009,-0.0119,0.01,0.01,0.01,0.015
2026-09-25T18:07:05+00:00,QQQ,2026-09-25,0,745.12,696.0,P,0.0,0.01,0.01,0.01,10,2333,1.2911,-0.0023,0.0004,0.0009,-0.012,0.02,0.02,0.01,0.015
2026-09-25T18:07:05+00:00,QQQ,2026-09-25,0,745.12,697.0,P,0.0,0.01,0.01,0.01,6,1476,1.2661,-0.0024,0.0004,0.001,-0.012,0.01,0.01,0.01,0.015
2026-09-25T18:07:05+00:00,QQQ,2026-09-25,0,745.12,698.0,P,0.0,0.01,0.01,0.01,26,5285,1.2411,-0.0024,0.0004,0.001,-0.0121,0.01,0.01,0.01,0.015
2026-09-25T18:07:05+00:00,QQQ,2026-09-25,0,745.12,699.0,P,0.0,0.01,0.01,0.01,1,5876,1.2161,-0.0025,0.0005,0.001,-0.0122,0.01,0.01,0.01,0.015
2026-09-25T18:07:05+00:00,QQQ,2026-09-25,0,745.12,700.0,P,0.0,0.01,0.01,0.01,1722,18205,1.191,-0.0026,0.0005,0.001,-0.0123,0.01,0.01,0.01,0.015
2026-09-25T18:07:05+00:00,QQQ,2026-09-25,0,745.12,701.0,P,0.0,0.01,0.01,0.01,5,1908,1.166,-0.0026,0.0005,0.001,-0.0123,0.01,0.01,0.01,0.015
2026-09-25T18:07:05+00:00,QQQ,2026-09-25,0,745.12,702.0,P,0.0,0.01,0.01,0.01,5,2384,1.141,-0.0027,0.0005,0.0011,-0.0124,0.01,0.01,0.01,0.015
2026-09-25T18:07:05+00:00,QQQ,2026-09-25,0,745.12,703.0,P,0.0,0.01,0.01,0.01,37,1702,1.116,-0.0028,0.0005,0.0011,-0.0125,0.01,0.01,0.01,0.025
2026-09-25T18:07:05+00:00,QQQ,2026-09-25,0,745.12,704.0,P,0.0,0.01,0.01,0.01,1,3626,1.091,-0.0028,0.0006,0.0011,-0.0126,0.01,0.01,0.01,0.025
2026-09-25T18:07:05+00:00,QQQ,2026-09-25,0,745.12,705.0,P,0.0,0.01,0.01,0.01,338,32695,1.0659,-0.0029,0.0006,0.0012,-0.0127,0.02,0.02,0.01,0.025
2026-09-25T18:07:05+00:00,QQQ,2026-09-25,0,745.12,706.0,P,0.0,0.01,0.01,0.01,12,1957,1.0409,-0.003,0.0006,0.0012,-0.0127,0.01,0.01,0.01,0.025
2026-09-25T18:07:05+00:00,QQQ,2026-09-25,0,745.12,707.0,P,0.0,0.01,0.01,0.01,28,3017,1.0158,-0.0031,0.0006,0.0012,-0.0128,0.01,0.01,0.01,0.025
2026-09-25T18:07:05+00:00,QQQ,2026-09-25,0,745.12,708.0,P,0.0,0.01,0.01,0.01,55,1971,0.9908,-0.0032,0.0007,0.0012,-0.0129,0.01,0.01,0.01,0.025
2026-09-25T18:07:05+00:00,QQQ,2026-09-25,0,745.12,709.0,P,0.0,0.01,0.01,0.01,108,2181,0.9657,-0.0032,0.0007,0.0013,-0.013,0.01,0.03,0.01,0.025
2026-09-25T18:07:05+00:00,QQQ,2026-09-25,0,745.12,710.0,P,0.0,0.01,0.01,0.01,493,10372,0.9406,-0.0033,0.0008,0.0013,-0.0131,0.01,0.01,0.01,0.025
2026-09-25T18:07:05+00:00,QQQ,2026-09-25,0,745.12,711.0,P,0.0,0.01,0.01,0.01,104,2672,0.9155,-0.0034,0.0008,0.0014,-0.0132,0.01,0.01,0.01,0.035
2026-09-25T18:07:05+00:00,QQQ,2026-09-25,0,745.12,712.0,P,0.0,0.01,0.01,0.01,315,2064,0.8904,-0.0035,0.0008,0.0014,-0.0132,0.01,0.01,0.01,0.035
2026-09-25T18:07:05+00:00,QQQ,2026-09-25,0,745.12,713.0,P,0.0,0.01,0.01,0.01,290,2093,0.8653,-0.0036,0.0009,0.0014,-0.0133,0.02,0.02,0.01,0.035
2026-09-25T18:07:05+00:00,QQQ,2026-09-25,0,745.12,714.0,P,0.0,0.01,0.01,0.01,1105,4859,0.8401,-0.0038,0.0009,0.0015,-0.0134,0.01,0.02,0.01,0.035
2026-09-25T18:07:05+00:00,QQQ,2026-09-25,0,745.12,715.0,P,0.0,0.01,0.01,0.01,3872,9399,0.8149,-0.0039,0.001,0.0015,-0.0135,0.01,0.02,0.01,0.035
2026-09-25T18:07:05+00:00,QQQ,2026-09-25,0,745.12,716.0,P,0.0,0.01,0.01,0.01,4562,4106,0.7897,-0.004,0.0011,0.0016,-0.0136,0.02,0.02,0.01,0.045
2026-09-25T18:07:05+00:00,QQQ,2026-09-25,0,745.12,717.0,P,0.0,0.01,0.01,0.01,12084,3256,0.7645,-0.0042,0.0011,0.0016,-0.0136,0.01,0.04,0.01,0.045
2026-09-25T18:07:05+00:00,QQQ,2026-09-25,0,745.12,718.0,P,0.0,0.01,0.01,0.01,15117,13685,0.7392,-0.0043,0.0012,0.0017,-0.0137,0.01,0.03,0.01,0.045
2026-09-25T18:07:05+00:00,QQQ,2026-09-25,0,745.12,719.0,P,0.0,0.01,0.01,0.01,7580,8537,0.7139,-0.0045,0.0013,0.0017,-0.0138,0.02,0.03,0.01,0.055
2026-09-25T18:07:05+00:00,QQQ,2026-09-25,0,745.12,720.0,P,0.01,0.02,0.015,0.02,12854,11872,0.7676,-0.0046,0.0014,0.0018,-0.0139,0.01,0.04,0.01,0.055
2026-09-25T18:07:05+00:00,QQQ,2026-09-25,0,745.12,721.0,P,0.01,0.02,0.015,0.01,3110,4963,0.7398,-0.0048,0.0015,0.0019,-0.014,0.01,0.03,0.01,0.065
2026-09-25T18:07:05+00:00,QQQ,2026-09-25,0,745.12,722.0,P,0.01,0.02,0.015,0.02,1811,8821,0.712,-0.005,0.0016,0.0019,-0.0141,0.02,0.04,0.01,0.075
2026-09-25T18:07:05+00:00,QQQ,2026-09-25,0,745.12,723.0,P,0.01,0.02,0.015,0.01,2887,2426,0.6841,-0.0052,0.0017,0.002,-0.0142,0.03,0.04,0.01,0.085
2026-09-25T18:07:05+00:00,QQQ,2026-09-25,0,745.12,724.0,P,0.01,0.02,0.015,0.01,5414,3949,0.6561,-0.0054,0.0018,0.0021,-0.0143,0.03,0.05,0.01,0.095
2026-09-25T18:07:05+00:00,QQQ,2026-09-25,0,745.12,725.0,P,0.01,0.02,0.015,0.01,11877,13949,0.628,-0.0057,0.002,0.0022,-0.0144,0.03,0.07,0.01,0.105
2026-09-25T18:07:05+00:00,QQQ,2026-09-25,0,745.12,726.0,P,0.01,0.02,0.015,0.01,6034,4854,0.5999,-0.006,0.0022,0.0023,-0.0144,0.02,0.08,0.01,0.125
2026-09-25T18:07:05+00:00,QQQ,2026-09-25,0,745.12,727.0,P,0.01,0.02,0.015,0.01,7084,3625,0.5716,-0.0063,0.0024,0.0024,-0.0146,0.05,0.1,0.01,0.155
2026-09-25T18:07:05+00:00,QQQ,2026-09-25,0,745.12,728.0,P,0.01,0.02,0.015,0.02,10920,3308,0.5433,-0.0066,0.0026,0.0025,-0.0147,0.02,0.12,0.01,0.185
2026-09-25T18:07:05+00:00,QQQ,2026-09-25,0,745.12,729.0,P,0.01,0.02,0.015,0.01,8385,4682,0.5148,-0.007,0.0029,0.0026,-0.0148,0.03,0.16,0.01,0.225
2026-09-25T18:07:05+00:00,QQQ,2026-09-25,0,745.12,730.0,P,0.01,0.02,0.015,0.02,28604,18960,0.4863,-0.0074,0.0032,0.0028,-0.015,0.05,0.2,0.01,0.275
2026-09-25T18:07:05+00:00,QQQ,2026-09-25,0,745.12,731.0,P,0.01,0.02,0.015,0.01,12084,7137,0.4576,-0.0079,0.0037,0.003,-0.0152,0.06,0.26,0.01,0.345
2026-09-25T18:07:05+00:00,QQQ,2026-09-25,0,745.12,732.0,P,0.01,0.02,0.015,0.02,16775,6919,0.4287,-0.0085,0.0042,0.0032,-0.0154,0.07,0.33,0.01,0.425
2026-09-25T18:07:05+00:00,QQQ,2026-09-25,0,745.12,733.0,P,0.01,0.02,0.015,0.01,24917,7671,0.3997,-0.0093,0.0048,0.0034,-0.0159,0.09,0.41,0.01,0.535
2026-09-25T18:07:05+00:00,QQQ,2026-09-25,0,745.12,734.0,P,0.01,0.02,0.015,0.02,29121,7291,0.3705,-0.0103,0.0056,0.0038,-0.0167,0.11,0.53,0.01,0.665
2026-09-25T18:07:05+00:00,QQQ,2026-09-25,0,745.12,735.0,P,0.01,0.02,0.015,0.02,54931,14645,0.341,-0.0117,0.0068,0.0042,-0.0179,0.16,0.69,0.01,0.825
2026-09-25T18:07:05+00:00,QQQ,2026-09-25,0,745.12,736.0,P,0.02,0.03,0.025,0.02,55588,18995,0.3337,-0.0138,0.0084,0.0049,-0.02,0.23,0.88,0.02,1.025
2026-09-25T18:07:05+00:00,QQQ,2026-09-25,0,745.12,737.0,P,0.02,0.03,0.025,0.02,69931,4892,0.3021,-0.0171,0.0109,0.0059,-0.0236,0.33,1.12,0.02,1.265
2026-09-25T18:07:05+00:00,QQQ,2026-09-25,0,745.12,738.0,P,0.03,0.04,0.035,0.04,102315,6418,0.2846,-0.0224,0.0148,0.0074,-0.0297,0.51,1.42,0.03,1.545
2026-09-25T18:07:05+00:00,QQQ,2026-09-25,0,745.12,739.0,P,0.04,0.05,0.045,0.05,125931,4617,0.2618,-0.0311,0.0211,0.0097,-0.0398,0.66,1.79,0.04,1.875
2026-09-25T18:07:05+00:00,QQQ,2026-09-25,0,745.12,740.0,P,0.05,0.06,0.055,0.05,250527,9175,0.235,-0.0452,0.0311,0.013,-0.0566,0.9,2.24,0.05,2.265
2026-09-25T18:07:05+00:00,QQQ,2026-09-25,0,745.12,741.0,P,0.08,0.09,0.085,0.08,270379,3830,0.2171,-0.0686,0.047,0.018,-0.0848,1.21,2.78,0.08,2.705
2026-09-25T18:07:05+00:00,QQQ,2026-09-25,0,745.12,742.0,P,0.13,0.14,0.135,0.14,247531,2155,0.1986,-0.1087,0.0725,0.0251,-0.1346,1.61,3.38,0.13,3.2
2026-09-25T18:07:05+00:00,QQQ,2026-09-25,0,745.12,743.0,P,0.23,0.24,0.235,0.24,236892,2163,0.1838,-0.1793,0.1109,0.0347,-0.2296,2.07,4.06,0.23,3.765
2026-09-25T18:07:05+00:00,QQQ,2026-09-25,0,745.12,744.0,P,0.42,0.43,0.425,0.43,274456,1690,0.1717,-0.2984,0.1576,0.0453,-0.4167,2.53,4.83,0.41,4.385
2026-09-25T18:07:05+00:00,QQQ,2026-09-25,0,745.12,745.0,P,0.77,0.78,0.775,0.77,153530,4711,0.1649,-0.4692,0.1888,0.0516,-0.7631,3.13,5.67,0.75,5.05
2026-09-25T18:07:05+00:00,QQQ,2026-09-25,0,745.12,746.0,P,1.34,1.35,1.345,1.33,45201,1592,0.1622,-0.6559,0.1766,0.0479,-0.479,4.0,6.5,1.3,5.785
2026-09-25T18:07:05+00:00,QQQ,2026-09-25,0,745.12,747.0,P,2.1,2.14,2.12,2.11,13973,1426,0.1702,-0.8048,0.1292,0.0366,-0.2308,5.3,7.35,1.97,6.57
2026-09-25T18:07:05+00:00,QQQ,2026-09-25,0,745.12,748.0,P,2.96,3.02,2.99,2.94,4551,960,0.1872,-0.8953,0.0804,0.0246,-0.1126,6.27,8.36,2.66,7.41
2026-09-25T18:07:05+00:00,QQQ,2026-09-25,0,745.12,749.0,P,3.89,4.03,3.96,3.97,2405,484,0.2209,-0.9424,0.0475,0.0159,-0.0594,5.75,8.95,3.44,8.22
2026-09-25T18:07:05+00:00,QQQ,2026-09-25,0,745.12,750.0,P,4.75,5.3,5.025,5.29,1265,1729,0.2934,-0.9662,0.0285,0.0105,-0.0348,7.01,10.31,4.36,9.185
2026-09-25T18:07:05+00:00,QQQ,2026-09-25,0,745.12,751.0,P,5.74,6.07,5.905,6.0,569,87,0.2662,-0.9782,0.0181,0.0073,-0.0229,8.73,11.35,5.38,9.97
2026-09-25T18:07:05+00:00,QQQ,2026-09-25,0,745.12,752.0,P,6.73,7.3,7.015,7.13,176,19,0.3736,-0.9844,0.0124,0.0055,-0.0172,9.85,12.2,6.34,10.94
2026-09-25T18:07:05+00:00,QQQ,2026-09-25,0,745.12,753.0,P,7.73,8.3,8.015,8.0,195,3,0.4142,-0.9876,0.0092,0.0045,-0.0146,10.9,11.27,7.38,11.9
2026-09-25T18:07:05+00:00,QQQ,2026-09-25,0,745.12,754.0,P,8.65,9.59,9.12,8.97,81,0,0.5086,-0.9894,0.0074,0.0039,-0.0134,12.14,14.33,8.16,12.885
2026-09-25T18:07:05+00:00,QQQ,2026-09-25,0,745.12,755.0,P,9.65,10.59,10.12,9.95,260,8,0.5505,-0.9906,0.0061,0.0035,-0.0129,12.33,15.01,9.5,14.01
2026-09-25T18:07:05+00:00,QQQ,2026-09-25,0,745.12,756.0,P,10.64,11.59,11.115,11.0,84,27,0.5892,-0.9914,0.0052,0.0032,-0.0126,12.74,15.45,10.35,14.905
2026-09-25T18:07:05+00:00,QQQ,2026-09-25,0,745.12,757.0,P,11.64,12.59,12.115,12.43,26,0,0.6297,-0.992,0.0045,0.003,-0.0125,13.19,16.29,12.13,15.875
2026-09-25T18:07:05+00:00,QQQ,2026-09-25,0,745.12,758.0,P,12.65,13.59,13.12,13.4,25,1,0.6724,-0.9926,0.0039,0.0028,-0.0124,14.22,14.87,12.58,16.96
2026-09-25T18:07:05+00:00,QQQ,2026-09-25,0,745.12,759.0,P,13.64,14.59,14.115,14.4,55,3,0.709,-0.993,0.0035,0.0027,-0.0123,18.46,18.46,13.35,17.88
2026-09-25T18:07:05+00:00,QQQ,2026-09-25,0,745.12,760.0,P,14.64,15.59,15.115,15.39,95,4,0.7479,-0.9934,0.0031,0.0025,-0.0123,17.3,17.3,14.62,18.885
2026-09-25T18:07:05+00:00,QQQ,2026-09-25,0,745.12,761.0,P,14.94,16.62,15.78,16.0,16,0,0.0,-0.9938,0.0028,0.0024,-0.0122,16.17,17.14,15.92,19.87
2026-09-25T18:07:05+00:00,QQQ,2026-09-25,0,745.12,762.0,P,16.71,17.6,17.155,17.35,58,0,0.8494,-0.9941,0.0025,0.0023,-0.0121,19.28,20.13,16.63,20.86
2026-09-25T18:07:05+00:00,QQQ,2026-09-25,0,745.12,763.0,P,17.61,18.59,18.1,18.33,13,0,0.8521,-0.9944,0.0023,0.0022,-0.0121,19.86,19.86,17.98,21.875
2026-09-25T18:07:05+00:00,QQQ,2026-09-25,0,745.12,764.0,P,18.61,19.8,19.205,18.81,20,0,0.9565,-0.9946,0.0021,0.0021,-0.012,22.85,23.21,18.75,22.8
2026-09-25T18:07:05+00:00,QQQ,2026-09-25,0,745.12,765.0,P,19.74,20.29,20.015,20.2,9,0,0.8575,-0.9949,0.002,0.002,-0.0119,23.61,23.61,19.75,23.805
2026-09-25T18:07:05+00:00,QQQ,2026-09-25,0,745.12,766.0,P,20.74,21.29,21.015,20.76,36,0,0.892,-0.9951,0.0018,0.0019,-0.0119,23.31,25.78,20.1,24.77
2026-09-25T18:07:05+00:00,QQQ,2026-09-25,0,745.12,767.0,P,20.45,22.29,21.37,22.08,49,20,0.0,-0.9953,0.0017,0.0018,-0.0118,24.73,27.07,22.08,25.755
2026-09-25T18:07:05+00:00,QQQ,2026-09-25,0,745.12,768.0,P,21.47,22.98,22.225,22.9,33,0,0.0,-0.9955,0.0015,0.0018,-0.0118,25.68,27.77,22.9,26.76
2026-09-25T18:07:05+00:00,QQQ,2026-09-25,0,745.12,769.0,P,22.35,25.62,23.985,25.86,46,0,0.9623,-0.9956,0.0014,0.0017,-0.0117,24.8,28.01,24.39,27.865
2026-09-25T18:07:05+00:00,QQQ,2026-09-25,0,745.12,770.0,P,24.02,26.65,25.335,26.43,53,0,1.2643,-0.9958,0.0013,0.0016,-0.0116,28.91,28.94,26.02,28.865
2026-09-25T18:07:05+00:00,QQQ,2026-09-25,0,745.12,771.0,P,24.35,27.73,26.04,27.75,36,0,1.0863,-0.9959,0.0013,0.0016,-0.0116,30.0,31.55,27.42,29.755
2026-09-25T18:07:05+00:00,QQQ,2026-09-25,0,745.12,772.0,P,25.28,28.69,26.985,32.38,12,0,1.0601,-0.9961,0.0012,0.0016,-0.0115,29.88,32.38,29.81,30.8
2026-09-25T18:07:05+00:00,QQQ,2026-09-25,0,745.12,773.0,P,27.0,29.67,28.335,33.37,14,0,1.3786,-0.9962,0.0011,0.0015,-0.0115,28.22,33.37,28.22,31.755
2026-09-25T18:07:05+00:00,QQQ,2026-09-25,0,745.12,774.0,P,27.54,30.73,29.135,30.74,22,0,1.2741,-0.9963,0.001,0.0015,-0.0114,29.03,32.07,29.03,32.91
2026-09-25T18:07:05+00:00,QQQ,2026-09-25,0,745.12,775.0,P,28.93,31.73,30.33,31.81,81,0,1.4504,-0.9964,0.001,0.0014,-0.0114,30.2,35.14,30.03,33.755
2026-09-25T18:07:05+00:00,QQQ,2026-09-25,0,745.12,776.0,P,30.1,32.73,31.415,31.99,92,0,1.5403,-0.9965,0.0009,0.0014,-0.0113,32.62,36.13,30.26,34.79
2026-09-25T18:07:05+00:00,QQQ,2026-09-25,0,745.12,777.0,P,30.46,33.68,32.07,33.18,24,0,1.3171,-0.9966,0.0009,0.0013,-0.0113,34.69,35.53,33.18,35.87
2026-09-25T18:07:05+00:00,QQQ,2026-09-25,0,745.12,778.0,P,31.28,34.65,32.965,34.8,16,0,1.2222,-0.9967,0.0008,0.0013,-0.0112,34.64,37.4,34.61,36.785
2026-09-25T18:07:05+00:00,QQQ,2026-09-25,0,745.12,779.0,P,33.14,35.72,34.43,35.68,22,0,1.662,-0.9968,0.0008,0.0013,-0.0112,35.57,38.39,35.54,38.2
2026-09-25T18:07:05+00:00,QQQ,2026-09-25,0,745.12,780.0,P,33.28,36.74,35.01,36.79,40,0,1.3464,-0.9969,0.0008,0.0012,-0.0111,37.87,40.18,36.79,39.03
2026-09-25T18:07:05+00:00,QQQ,2026-09-25,0,745.12,781.0,P,34.28,37.63,35.955,37.63,46,0,1.2975,-0.997,0.0007,0.0012,-0.011,38.8,41.17,37.63,40.285
2026-09-25T18:07:05+00:00,QQQ,2026-09-25,0,745.12,782.0,P,35.28,38.74,37.01,40.3,8,0,1.4092,-0.997,0.0007,0.0012,-0.011,40.59,40.63,40.27,41.09
2026-09-25T18:07:05+00:00,QQQ,2026-09-25,0,745.12,785.0,P,38.85,41.73,40.29,41.07,18,0,1.7816,-0.9973,0.0006,0.0011,-0.0108,42.95,42.95,40.2,44.205
2026-09-25T18:07:05+00:00,QQQ,2026-09-25,0,745.12,790.0,P,43.62,46.65,45.135,47.64,5,4,1.8097,-0.9976,0.0005,0.001,-0.0106,45.3,47.71,45.3,48.84
2026-09-25T18:07:05+00:00,QQQ,2026-09-25,0,745.12,805.0,P,59.75,60.29,60.02,59.99,20,0,2.1135,-0.9982,0.0003,0.0008,-0.0098,60.81,60.81,59.96,64.24
2026-09-25T18:22:07+00:00,QQQ,2026-09-25,0,744.82,450.0,C,294.79,295.16,294.975,294.03,49,0,0.0,1.0,0.0,0.0,-0.0011,293.6,294.93,293.44,290.915
2026-09-25T18:22:07+00:00,QQQ,2026-09-25,0,744.82,455.0,C,289.79,290.16,289.975,290.07,4,0,0.0,0.9999,0.0,0.0,-0.0012,290.06,290.07,290.06,285.94
2026-09-25T18:22:07+00:00,QQQ,2026-09-25,0,744.82,510.0,C,233.73,236.08,234.905,232.09,1,5,8.2365,0.9999,0.0,0.0001,-0.0024,232.09,232.09,232.09,231.115
2026-09-25T18:22:07+00:00,QQQ,2026-09-25,0,744.82,535.0,C,208.25,211.45,209.85,209.85,1,0,6.2017,0.9998,0.0,0.0001,-0.0031,209.85,209.85,209.85,205.94
2026-09-25T18:22:07+00:00,QQQ,2026-09-25,0,744.82,540.0,C,203.26,206.51,204.885,204.91,1,2,6.8421,0.9998,0.0,0.0001,-0.0033,204.91,204.91,204.91,201.125
2026-09-25T18:22:07+00:00,QQQ,2026-09-25,0,744.82,565.0,C,178.29,181.59,179.94,179.95,27,1,6.4453,0.9997,0.0,0.0001,-0.0042,179.96,179.96,179.75,175.905
2026-09-25T18:22:07+00:00,QQQ,2026-09-25,0,744.82,570.0,C,173.63,176.44,175.035,175.02,27,0,6.7515,0.9997,0.0,0.0001,-0.0044,175.03,175.03,174.82,170.965
2026-09-25T18:22:07+00:00,QQQ,2026-09-25,0,744.82,575.0,C,168.27,171.52,169.895,170.37,1,0,5.7117,0.9997,0.0,0.0001,-0.0046,170.37,170.37,170.37,165.915
2026-09-25T18:22:07+00:00,QQQ,2026-09-25,0,744.82,580.0,C,163.36,166.47,164.915,164.92,2,4,5.7122,0.9996,0.0,0.0001,-0.0049,164.92,164.92,164.92,160.895
2026-09-25T18:22:07+00:00,QQQ,2026-09-25,0,744.82,585.0,C,158.35,161.5,159.925,159.99,2,1,5.6067,0.9996,0.0,0.0002,-0.0051,159.99,159.99,159.99,156.025
2026-09-25T18:22:07+00:00,QQQ,2026-09-25,0,744.82,595.0,C,148.89,150.84,149.865,149.86,4,2,4.6601,0.9996,0.0,0.0002,-0.0055,149.95,149.95,149.86,146.025
2026-09-25T18:22:07+00:00,QQQ,2026-09-25,0,744.82,600.0,C,143.28,146.46,144.87,144.87,16,16,4.5745,0.9995,0.0,0.0002,-0.0058,142.9,145.01,141.06,141.055
2026-09-25T18:22:07+00:00,QQQ,2026-09-25,0,744.82,610.0,C,133.34,136.49,134.915,134.77,2,14,4.6571,0.9994,0.0,0.0002,-0.0063,131.85,134.77,131.85,131.06
2026-09-25T18:22:07+00:00,QQQ,2026-09-25,0,744.82,620.0,C,123.27,126.46,124.865,122.41,10,32,3.8687,0.9994,0.0,0.0003,-0.0068,123.0,123.0,121.33,121.26
2026-09-25T18:22:07+00:00,QQQ,2026-09-25,0,744.82,635.0,C,108.27,111.41,109.84,109.31,2,1,0.0,0.9992,0.0001,0.0003,-0.0076,109.38,109.38,109.31,106.385
2026-09-25T18:22:07+00:00,QQQ,2026-09-25,0,744.82,640.0,C,103.26,106.49,104.875,104.76,1,5,3.3572,0.9992,0.0001,0.0003,-0.0079,104.76,104.76,104.76,101.165
2026-09-25T18:22:07+00:00,QQQ,2026-09-25,0,744.82,650.0,C,93.37,96.08,94.725,94.62,17,42,0.0,0.999,0.0001,0.0004,-0.0085,94.3,94.76,94.16,91.05
2026-09-25T18:22:07+00:00,QQQ,2026-09-25,0,744.82,655.0,C,88.67,91.22,89.945,90.07,3,40,3.2608,0.9989,0.0001,0.0004,-0.0088,89.4,90.07,89.37,85.85
2026-09-25T18:22:07+00:00,QQQ,2026-09-25,0,744.82,665.0,C,78.26,81.45,79.855,79.56,50,51,2.377,0.9987,0.0001,0.0005,-0.0095,79.56,79.56,79.56,75.76
2026-09-25T18:22:07+00:00,QQQ,2026-09-25,0,744.82,667.0,C,76.37,79.41,77.89,73.32,1,3,2.6138,0.9987,0.0002,0.0005,-0.0096,73.32,73.32,73.32,73.855
2026-09-25T18:22:07+00:00,QQQ,2026-09-25,0,744.82,671.0,C,72.25,75.46,73.855,74.38,1,36,2.2042,0.9986,0.0002,0.0006,-0.0099,74.38,74.38,74.38,70.095
2026-09-25T18:22:07+00:00,QQQ,2026-09-25,0,744.82,675.0,C,68.27,71.46,69.865,68.02,62,47,2.1938,0.9985,0.0002,0.0006,-0.0101,67.56,68.02,65.32,66.13
2026-09-25T18:22:07+00:00,QQQ,2026-09-25,0,744.82,676.0,C,67.27,70.07,68.67,68.43,2,1,0.0,0.9985,0.0002,0.0006,-0.0102,68.43,68.43,68.43,65.25
2026-09-25T18:22:07+00:00,QQQ,2026-09-25,0,744.82,677.0,C,66.27,69.41,67.84,66.43,16,16,0.0,0.9984,0.0002,0.0006,-0.0103,63.81,66.43,63.81,64.1
2026-09-25T18:22:07+00:00,QQQ,2026-09-25,0,744.82,679.0,C,65.72,67.5,66.61,61.33,1,4,3.3504,0.9984,0.0002,0.0006,-0.0104,61.33,61.33,61.33,62.535
2026-09-25T18:22:07+00:00,QQQ,2026-09-25,0,744.82,680.0,C,64.79,66.5,65.645,63.6,1,15,3.3367,0.9984,0.0002,0.0006,-0.0105,63.6,63.6,63.6,61.205
2026-09-25T18:22:07+00:00,QQQ,2026-09-25,0,744.82,681.0,C,63.79,65.38,64.585,61.51,2,6,3.2426,0.9983,0.0002,0.0007,-0.0105,61.4,61.51,61.4,60.26
2026-09-25T18:22:07+00:00,QQQ,2026-09-25,0,744.82,682.0,C,62.71,64.47,63.59,60.56,1,5,3.2037,0.9983,0.0002,0.0007,-0.0106,60.56,60.56,60.56,59.255
2026-09-25T18:22:07+00:00,QQQ,2026-09-25,0,744.82,684.0,C,60.79,62.37,61.58,58.35,28,8,3.1089,0.9982,0.0003,0.0007,-0.0107,60.83,61.33,57.57,57.11
2026-09-25T18:22:07+00:00,QQQ,2026-09-25,0,744.82,685.0,C,59.79,61.48,60.635,59.51,6,40,3.1106,0.9982,0.0003,0.0007,-0.0108,59.81,60.29,56.15,56.1
2026-09-25T18:22:07+00:00,QQQ,2026-09-25,0,744.82,687.0,C,57.79,59.05,58.42,54.11,1,12,2.8402,0.9981,0.0003,0.0007,-0.011,54.11,54.11,54.11,54.11
2026-09-25T18:22:07+00:00,QQQ,2026-09-25,0,744.82,688.0,C,56.79,57.94,57.365,57.29,28,5,2.7462,0.9981,0.0003,0.0008,-0.011,56.81,57.29,53.85,53.11
2026-09-25T18:22:07+00:00,QQQ,2026-09-25,0,744.82,689.0,C,55.77,57.47,56.62,53.13,2,46,2.9243,0.998,0.0003,0.0008,-0.0111,52.11,53.13,52.11,52.11
2026-09-25T18:22:07+00:00,QQQ,2026-09-25,0,744.82,690.0,C,54.79,56.39,55.59,51.65,41,164,2.8574,0.998,0.0003,0.0008,-0.0112,52.43,52.43,50.05,51.11
2026-09-25T18:22:07+00:00,QQQ,2026-09-25,0,744.82,691.0,C,53.77,55.47,54.62,54.37,5,48,2.8369,0.9979,0.0003,0.0008,-0.0112,52.55,54.42,52.55,50.1
2026-09-25T18:22:07+00:00,QQQ,2026-09-25,0,744.82,692.0,C,51.97,53.79,52.88,53.12,3,22,1.7744,0.9979,0.0003,0.0008,-0.0113,48.46,53.12,48.46,48.93
2026-09-25T18:22:07+00:00,QQQ,2026-09-25,0,744.82,694.0,C,49.27,52.11,50.69,51.37,1,29,0.0,0.9978,0.0004,0.0008,-0.0115,51.37,51.37,51.37,47.11
2026-09-25T18:22:07+00:00,QQQ,2026-09-25,0,744.82,695.0,C,48.27,51.46,49.865,47.96,38,225,1.5971,0.9978,0.0004,0.0009,-0.0115,47.58,47.96,46.21,46.11
2026-09-25T18:22:07+00:00,QQQ,2026-09-25,0,744.82,697.0,C,46.26,49.46,47.86,43.8,7,84,1.5024,0.9976,0.0004,0.0009,-0.0117,43.91,44.85,43.8,44.27
2026-09-25T18:22:07+00:00,QQQ,2026-09-25,0,744.82,698.0,C,45.31,48.42,46.865,46.87,2,80,1.5076,0.9976,0.0004,0.0009,-0.0118,46.41,46.87,46.41,43.11
2026-09-25T18:22:07+00:00,QQQ,2026-09-25,0,744.82,699.0,C,44.38,47.52,45.95,44.1,14,114,1.7689,0.9975,0.0004,0.0009,-0.0118,45.83,46.24,44.1,42.265
2026-09-25T18:22:07+00:00,QQQ,2026-09-25,0,744.82,700.0,C,44.37,46.5,45.435,45.34,183,969,2.3054,0.9975,0.0005,0.001,-0.0119,42.0,45.34,40.0,41.15
2026-09-25T18:22:07+00:00,QQQ,2026-09-25,0,744.82,701.0,C,42.26,45.45,43.855,43.91,10,57,1.3456,0.9974,0.0005,0.001,-0.012,42.29,43.91,39.38,40.27
2026-09-25T18:22:07+00:00,QQQ,2026-09-25,0,744.82,702.0,C,41.27,43.85,42.56,42.76,5,309,0.0,0.9974,0.0005,0.001,-0.0121,38.9,42.76,38.9,39.265
2026-09-25T18:22:07+00:00,QQQ,2026-09-25,0,744.82,703.0,C,40.81,43.08,41.945,42.15,5,192,1.6201,0.9973,0.0005,0.001,-0.0121,40.98,42.15,40.1,38.265
2026-09-25T18:22:07+00:00,QQQ,2026-09-25,0,744.82,704.0,C,40.61,41.16,40.885,40.93,96,330,1.4203,0.9972,0.0006,0.0011,-0.0122,39.3,41.07,39.29,37.205
2026-09-25T18:22:07+00:00,QQQ,2026-09-25,0,744.82,705.0,C,39.53,40.63,40.08,39.99,16,1128,1.7627,0.9971,0.0006,0.0011,-0.0123,38.98,40.36,36.78,36.36
2026-09-25T18:22:07+00:00,QQQ,2026-09-25,0,744.82,706.0,C,38.38,40.5,39.44,38.42,8,382,2.0523,0.9971,0.0006,0.0011,-0.0124,35.04,39.16,34.84,35.17
2026-09-25T18:22:07+00:00,QQQ,2026-09-25,0,744.82,707.0,C,37.52,39.08,38.3,38.12,90,399,1.9019,0.997,0.0006,0.0011,-0.0124,36.87,38.27,33.68,34.155
2026-09-25T18:22:07+00:00,QQQ,2026-09-25,0,744.82,708.0,C,35.81,38.54,37.175,36.66,110,486,1.7497,0.9969,0.0007,0.0012,-0.0125,35.86,36.66,31.5,33.185
2026-09-25T18:22:07+00:00,QQQ,2026-09-25,0,744.82,709.0,C,34.27,37.47,35.87,31.93,92,475,1.2027,0.9968,0.0007,0.0012,-0.0126,34.58,35.95,31.58,32.36
2026-09-25T18:22:07+00:00,QQQ,2026-09-25,0,744.82,710.0,C,34.4,35.1,34.75,35.03,171,2041,0.0,0.9967,0.0008,0.0012,-0.0127,33.83,35.14,29.99,31.365
2026-09-25T18:22:07+00:00,QQQ,2026-09-25,0,744.82,711.0,C,33.79,34.11,33.95,34.12,28,1740,1.3524,0.9966,0.0008,0.0013,-0.0128,32.71,34.27,31.0,30.185
2026-09-25T18:22:07+00:00,QQQ,2026-09-25,0,744.82,712.0,C,32.79,34.51,33.65,32.87,35,1393,1.9206,0.9965,0.0008,0.0013,-0.0128,30.8,33.85,27.94,29.29
2026-09-25T18:22:07+00:00,QQQ,2026-09-25,0,744.82,713.0,C,31.79,33.49,32.64,32.05,68,388,1.8691,0.9964,0.0009,0.0013,-0.0129,31.08,33.4,29.1,28.175
2026-09-25T18:22:07+00:00,QQQ,2026-09-25,0,744.82,714.0,C,30.79,31.26,31.025,30.85,55,433,1.3549,0.9963,0.0009,0.0014,-0.013,29.85,31.95,26.72,27.3
2026-09-25T18:22:07+00:00,QQQ,2026-09-25,0,744.82,715.0,C,29.79,29.92,29.855,29.9,178,2764,0.9431,0.9962,0.001,0.0014,-0.0131,27.38,30.29,25.53,26.375
2026-09-25T18:22:07+00:00,QQQ,2026-09-25,0,744.82,716.0,C,28.8,29.67,29.235,29.09,230,899,1.4757,0.996,0.0011,0.0015,-0.0132,26.37,29.66,23.77,25.2
2026-09-25T18:22:07+00:00,QQQ,2026-09-25,0,744.82,717.0,C,27.8,28.19,27.995,27.98,106,1275,1.2054,0.9959,0.0011,0.0015,-0.0132,25.38,28.23,23.65,24.345
2026-09-25T18:22:07+00:00,QQQ,2026-09-25,0,744.82,718.0,C,26.79,27.26,27.025,26.73,412,2117,1.2043,0.9958,0.0012,0.0016,-0.0133,24.15,27.31,22.85,23.305
2026-09-25T18:22:07+00:00,QQQ,2026-09-25,0,744.82,719.0,C,25.76,26.22,25.99,25.99,157,2166,1.1251,0.9956,0.0013,0.0016,-0.0134,23.86,26.58,21.72,22.335
2026-09-25T18:22:07+00:00,QQQ,2026-09-25,0,744.82,720.0,C,24.79,25.04,24.915,24.93,350,4506,0.9759,0.9954,0.0014,0.0017,-0.0135,23.8,25.79,20.05,21.345
2026-09-25T18:22:07+00:00,QQQ,2026-09-25,0,744.82,721.0,C,23.79,24.17,23.98,23.82,192,1521,1.0386,0.9952,0.0015,0.0017,-0.0136,22.91,24.61,19.22,20.33
2026-09-25T18:22:07+00:00,QQQ,2026-09-25,0,744.82,722.0,C,22.79,23.09,22.94,22.95,128,1603,0.948,0.995,0.0016,0.0018,-0.0137,20.23,23.56,18.01,19.4
2026-09-25T18:22:07+00:00,QQQ,2026-09-25,0,744.82,723.0,C,21.78,22.14,21.96,21.83,179,1475,0.9397,0.9948,0.0017,0.0019,-0.0138,18.87,22.25,17.65,18.41
2026-09-25T18:22:07+00:00,QQQ,2026-09-25,0,744.82,724.0,C,20.8,21.21,21.005,21.11,288,1444,0.9544,0.9946,0.0019,0.002,-0.0138,18.9,21.46,17.06,17.38
2026-09-25T18:22:07+00:00,QQQ,2026-09-25,0,744.82,725.0,C,19.8,19.88,19.84,19.88,582,3340,0.0,0.9944,0.002,0.002,-0.0139,17.18,20.66,14.98,16.38
2026-09-25T18:22:07+00:00,QQQ,2026-09-25,0,744.82,726.0,C,18.8,19.12,18.96,18.87,380,2231,0.8293,0.9941,0.0022,0.0021,-0.014,16.54,19.65,13.84,15.465
2026-09-25T18:22:07+00:00,QQQ,2026-09-25,0,744.82,727.0,C,17.8,18.17,17.985,18.04,273,1527,0.8192,0.9938,0.0024,0.0022,-0.0141,15.02,18.46,13.71,14.495
2026-09-25T18:22:07+00:00,QQQ,2026-09-25,0,744.82,728.0,C,16.8,17.06,16.93,16.94,394,2229,0.7188,0.9935,0.0027,0.0024,-0.0142,14.37,17.77,12.82,13.5
2026-09-25T18:22:07+00:00,QQQ,2026-09-25,0,744.82,729.0,C,15.8,16.17,15.985,15.99,338,6541,0.7424,0.9931,0.003,0.0025,-0.0143,13.6,16.33,11.5,12.54
2026-09-25T18:22:07+00:00,QQQ,2026-09-25,0,744.82,730.0,C,14.78,14.97,14.875,15.06,832,5327,0.5591,0.9927,0.0033,0.0026,-0.0144,13.43,15.52,9.91,11.5
2026-09-25T18:22:07+00:00,QQQ,2026-09-25,0,744.82,731.0,C,13.8,14.15,13.975,14.07,451,2062,0.6555,0.9922,0.0037,0.0028,-0.0146,12.55,14.82,9.19,10.59
2026-09-25T18:22:07+00:00,QQQ,2026-09-25,0,744.82,732.0,C,12.81,12.9,12.855,13.07,507,1757,0.4411,0.9916,0.0042,0.003,-0.0148,10.5,13.58,8.09,9.62
2026-09-25T18:22:07+00:00,QQQ,2026-09-25,0,744.82,733.0,C,11.81,12.09,11.95,12.08,1008,1220,0.5549,0.9909,0.0049,0.0032,-0.0152,9.9,12.66,7.13,8.795
2026-09-25T18:22:07+00:00,QQQ,2026-09-25,0,744.82,734.0,C,10.81,11.17,10.99,10.98,2414,3797,0.549,0.9899,0.0057,0.0035,-0.0158,8.3,11.44,6.24,7.875
2026-09-25T18:22:07+00:00,QQQ,2026-09-25,0,744.82,735.0,C,9.81,10.12,9.965,10.04,5259,8526,0.4894,0.9886,0.0069,0.0039,-0.0168,7.16,10.75,5.43,7.03
2026-09-25T18:22:07+00:00,QQQ,2026-09-25,0,744.82,736.0,C,8.82,9.16,8.99,8.83,2317,4244,0.4668,0.9866,0.0085,0.0045,-0.0185,6.73,9.86,4.59,6.225
2026-09-25T18:22:07+00:00,QQQ,2026-09-25,0,744.82,737.0,C,7.81,7.94,7.875,7.95,3095,3792,0.3231,0.9835,0.0111,0.0054,-0.0216,5.66,8.84,3.83,5.46
2026-09-25T18:22:07+00:00,QQQ,2026-09-25,0,744.82,738.0,C,6.81,6.9,6.855,6.83,6128,3576,0.2537,0.9783,0.0152,0.0068,-0.0272,5.07,8.0,3.11,4.735
2026-09-25T18:22:07+00:00,QQQ,2026-09-25,0,744.82,739.0,C,5.82,5.92,5.87,5.86,11843,5477,0.2458,0.9695,0.022,0.0091,-0.0367,4.22,7.0,2.46,4.07
2026-09-25T18:22:07+00:00,QQQ,2026-09-25,0,744.82,740.0,C,4.84,4.92,4.88,4.89,43114,9097,0.221,0.9549,0.0331,0.0124,-0.053,3.58,6.0,1.85,3.455
2026-09-25T18:22:07+00:00,QQQ,2026-09-25,0,744.82,741.0,C,3.87,3.94,3.905,3.9,93722,7953,0.2053,0.9302,0.0514,0.0174,-0.0804,2.92,5.13,1.29,2.9
2026-09-25T18:22:07+00:00,QQQ,2026-09-25,0,744.82,742.0,C,2.92,2.99,2.955,3.08,197784,6533,0.1849,0.8871,0.0814,0.0245,-0.129,2.16,4.21,0.84,2.405
2026-09-25T18:22:07+00:00,QQQ,2026-09-25,0,744.82,743.0,C,2.04,2.09,2.065,2.03,275801,5419,0.1706,0.8076,0.1288,0.0344,-0.2259,1.73,3.35,0.53,1.965
2026-09-25T18:22:07+00:00,QQQ,2026-09-25,0,744.82,744.0,C,1.25,1.27,1.26,1.26,377446,6129,0.1596,0.6665,0.1856,0.0451,-0.4324,1.18,2.56,0.31,1.585
2026-09-25T18:22:07+00:00,QQQ,2026-09-25,0,744.82,745.0,C,0.66,0.67,0.665,0.67,505911,13975,0.1509,0.4666,0.2111,0.049,-0.6746,0.9,1.9,0.19,1.255
2026-09-25T18:22:07+00:00,QQQ,2026-09-25,0,744.82,746.0,C,0.3,0.31,0.305,0.31,359827,14457,0.1516,0.2712,0.1746,0.0413,-0.3152,0.68,1.38,0.12,0.995
2026-09-25T18:22:07+00:00,QQQ,2026-09-25,0,744.82,747.0,C,0.14,0.15,0.145,0.14,204219,4485,0.163,0.141,0.1117,0.0286,-0.1439,0.4,0.96,0.08,0.775
2026-09-25T18:22:07+00:00,QQQ,2026-09-25,0,744.82,748.0,C,0.07,0.08,0.075,0.07,134256,8907,0.1787,0.074,0.0643,0.0183,-0.0716,0.26,0.64,0.04,0.605
2026-09-25T18:22:07+00:00,QQQ,2026-09-25,0,744.82,749.0,C,0.04,0.05,0.045,0.05,76616,5760,0.1985,0.0414,0.0371,0.0118,-0.0398,0.17,0.44,0.04,0.475
2026-09-25T18:22:07+00:00,QQQ,2026-09-25,0,744.82,750.0,C,0.02,0.03,0.025,0.03,79288,20833,0.2136,0.0251,0.0224,0.0079,-0.0246,0.11,0.32,0.02,0.365
2026-09-25T18:22:07+00:00,QQQ,2026-09-25,0,744.82,751.0,C,0.02,0.03,0.025,0.02,31162,3438,0.2477,0.017,0.0146,0.0057,-0.0174,0.07,0.24,0.02,0.285
2026-09-25T18:22:07+00:00,QQQ,2026-09-25,0,744.82,752.0,C,0.01,0.02,0.015,0.01,22774,4770,0.2615,0.0129,0.0104,0.0045,-0.0141,0.06,0.18,0.01,0.225
2026-09-25T18:22:07+00:00,QQQ,2026-09-25,0,744.82,753.0,C,0.01,0.02,0.015,0.01,30698,4891,0.2927,0.0108,0.0081,0.0038,-0.0127,0.05,0.13,0.01,0.175
2026-09-25T18:22:07+00:00,QQQ,2026-09-25,0,744.82,754.0,C,0.01,0.02,0.015,0.01,13242,12655,0.3234,0.0095,0.0066,0.0034,-0.0121,0.09,0.1,0.01,0.145
2026-09-25T18:22:07+00:00,QQQ,2026-09-25,0,744.82,755.0,C,0.0,0.01,0.01,0.01,8363,21605,0.3118,0.0086,0.0055,0.0031,-0.0119,0.01,0.08,0.01,0.115
2026-09-25T18:22:07+00:00,QQQ,2026-09-25,0,744.82,756.0,C,0.01,0.02,0.015,0.01,6282,5483,0.3838,0.008,0.0048,0.0029,-0.0118,0.04,0.06,0.01,0.095
2026-09-25T18:22:07+00:00,QQQ,2026-09-25,0,744.82,757.0,C,0.0,0.01,0.01,0.01,3730,2957,0.3659,0.0074,0.0042,0.0027,-0.0117,0.01,0.05,0.01,0.085
2026-09-25T18:22:07+00:00,QQQ,2026-09-25,0,744.82,758.0,C,0.0,0.01,0.01,0.01,5182,3008,0.3926,0.0069,0.0036,0.0025,-0.0116,0.03,0.04,0.01,0.065
2026-09-25T18:22:07+00:00,QQQ,2026-09-25,0,744.82,759.0,C,0.0,0.01,0.01,0.01,919,988,0.419,0.0065,0.0032,0.0024,-0.0116,0.01,0.04,0.01,0.055
2026-09-25T18:22:07+00:00,QQQ,2026-09-25,0,744.82,760.0,C,0.0,0.01,0.01,0.01,4553,9228,0.4453,0.0062,0.0029,0.0022,-0.0115,0.03,0.04,0.01,0.055
2026-09-25T18:22:07+00:00,QQQ,2026-09-25,0,744.82,761.0,C,0.0,0.01,0.01,0.01,3033,1234,0.4714,0.0058,0.0026,0.0021,-0.0114,0.02,0.03,0.01,0.045
2026-09-25T18:22:07+00:00,QQQ,2026-09-25,0,744.82,762.0,C,0.0,0.01,0.01,0.01,338,1142,0.4978,0.0055,0.0024,0.002,-0.0114,0.02,0.03,0.01,0.045
2026-09-25T18:22:07+00:00,QQQ,2026-09-25,0,744.82,763.0,C,0.0,0.01,0.01,0.01,643,935,0.5236,0.0053,0.0022,0.0019,-0.0113,0.02,0.02,0.01,0.035
2026-09-25T18:22:07+00:00,QQQ,2026-09-25,0,744.82,764.0,C,0.0,0.01,0.01,0.01,1011,2707,0.5492,0.005,0.002,0.0019,-0.0113,0.01,0.02,0.01,0.035
2026-09-25T18:22:07+00:00,QQQ,2026-09-25,0,744.82,765.0,C,0.0,0.01,0.01,0.01,898,5206,0.5747,0.0048,0.0018,0.0018,-0.0112,0.02,0.02,0.01,0.025
2026-09-25T18:22:07+00:00,QQQ,2026-09-25,0,744.82,766.0,C,0.0,0.01,0.01,0.01,1207,487,0.6001,0.0046,0.0017,0.0017,-0.0112,0.02,0.02,0.01,0.025
2026-09-25T18:22:07+00:00,QQQ,2026-09-25,0,744.82,767.0,C,0.0,0.01,0.01,0.01,351,171,0.6253,0.0044,0.0016,0.0016,-0.0111,0.01,0.02,0.01,0.025
2026-09-25T18:22:07+00:00,QQQ,2026-09-25,0,744.82,768.0,C,0.0,0.01,0.01,0.01,17,706,0.6504,0.0043,0.0014,0.0016,-0.0111,0.01,0.02,0.01,0.025
2026-09-25T18:22:07+00:00,QQQ,2026-09-25,0,744.82,769.0,C,0.0,0.01,0.01,0.01,5,711,0.6754,0.0041,0.0014,0.0015,-0.011,0.01,0.01,0.01,0.025
2026-09-25T18:22:07+00:00,QQQ,2026-09-25,0,744.82,770.0,C,0.0,0.01,0.01,0.01,302,7792,0.7003,0.004,0.0013,0.0015,-0.0109,0.02,0.02,0.01,0.015
2026-09-25T18:22:07+00:00,QQQ,2026-09-25,0,744.82,771.0,C,0.0,0.01,0.01,0.01,40,90,0.725,0.0038,0.0012,0.0014,-0.0109,0.01,0.02,0.01,0.015
2026-09-25T18:22:07+00:00,QQQ,2026-09-25,0,744.82,772.0,C,0.0,0.01,0.02,0.02,0,62,0.7497,0.0037,0.0011,0.0014,-0.0108,0.0,0.0,0.0,0.015
2026-09-25T18:22:07+00:00,QQQ,2026-09-25,0,744.82,773.0,C,0.0,0.01,0.02,0.02,0,1061,0.7743,0.0036,0.001,0.0014,-0.0108,0.0,0.0,0.0,0.015
2026-09-25T18:22:07+00:00,QQQ,2026-09-25,0,744.82,774.0,C,0.0,0.01,0.02,0.02,0,1312,0.7988,0.0035,0.001,0.0013,-0.0107,0.0,0.0,0.0,0.015
2026-09-25T18:22:07+00:00,QQQ,2026-09-25,0,744.82,775.0,C,0.0,0.01,0.01,0.01,2,1926,0.8231,0.0034,0.0009,0.0013,-0.0107,0.01,0.01,0.01,0.015
2026-09-25T18:22:07+00:00,QQQ,2026-09-25,0,744.82,776.0,C,0.0,0.01,0.02,0.02,0,368,0.8474,0.0033,0.0009,0.0012,-0.0106,0.0,0.0,0.0,0.015
2026-09-25T18:22:07+00:00,QQQ,2026-09-25,0,744.82,777.0,C,0.0,0.01,0.01,0.01,4,68,0.8716,0.0032,0.0008,0.0012,-0.0106,0.01,0.01,0.01,0.015
2026-09-25T18:22:07+00:00,QQQ,2026-09-25,0,744.82,778.0,C,0.0,0.01,0.01,0.01,254,139,0.8957,0.0031,0.0008,0.0012,-0.0105,0.02,0.02,0.01,0.015
2026-09-25T18:22:07+00:00,QQQ,2026-09-25,0,744.82,779.0,C,0.0,0.01,0.02,0.02,0,328,0.9197,0.003,0.0008,0.0011,-0.0105,0.0,0.0,0.0,0.015
2026-09-25T18:22:07+00:00,QQQ,2026-09-25,0,744.82,780.0,C,0.0,0.01,0.01,0.01,2,1683,0.9436,0.0029,0.0007,0.0011,-0.0104,0.01,0.01,0.01,0.015
2026-09-25T18:22:07+00:00,QQQ,2026-09-25,0,744.82,781.0,C,0.0,0.01,0.01,0.01,0,264,0.9675,0.0028,0.0007,0.0011,-0.0104,0.0,0.0,0.0,0.005
2026-09-25T18:22:07+00:00,QQQ,2026-09-25,0,744.82,782.0,C,0.0,0.01,0.01,0.01,288,707,0.9912,0.0028,0.0006,0.0011,-0.0103,0.01,0.01,0.01,0.005
2026-09-25T18:22:07+00:00,QQQ,2026-09-25,0,744.82,935.0,C,0.0,0.01,0.01,0.01,26,40,4.0817,0.0004,0.0,0.0002,-0.005,0.01,0.01,0.01,0.005
2026-09-25T18:22:07+00:00,QQQ,2026-09-25,0,744.82,450.0,P,0.0,0.01,0.01,0.01,12,1311,0.0,0.0,0.0,0.0,-0.0011,0.01,0.01,0.01,0.005
2026-09-25T18:22:07+00:00,QQQ,2026-09-25,0,744.82,580.0,P,0.0,0.01,0.01,0.01,25,772,4.5357,-0.0004,0.0,0.0001,-0.0049,0.01,0.01,0.01,0.005
2026-09-25T18:22:07+00:00,QQQ,2026-09-25,0,744.82,600.0,P,0.0,0.01,0.01,0.01,1,4152,3.9571,-0.0005,0.0,0.0002,-0.0058,0.01,0.01,0.01,0.005
2026-09-25T18:22:07+00:00,QQQ,2026-09-25,0,744.82,605.0,P,0.0,0.01,0.01,0.01,2,1883,3.8148,-0.0005,0.0,0.0002,-0.006,0.01,0.01,0.01,0.005
2026-09-25T18:22:07+00:00,QQQ,2026-09-25,0,744.82,620.0,P,0.0,0.01,0.01,0.01,17,2323,3.3933,-0.0006,0.0,0.0003,-0.0068,0.01,0.01,0.01,0.005
2026-09-25T18:22:07+00:00,QQQ,2026-09-25,0,744.82,625.0,P,0.0,0.01,0.01,0.01,5,1666,3.2544,-0.0007,0.0001,0.0003,-0.0071,0.01,0.01,0.01,0.005
2026-09-25T18:22:07+00:00,QQQ,2026-09-25,0,744.82,635.0,P,0.0,0.01,0.01,0.01,20,15929,2.979,-0.0008,0.0001,0.0003,-0.0076,0.01,0.01,0.01,0.005
2026-09-25T18:22:07+00:00,QQQ,2026-09-25,0,744.82,640.0,P,0.0,0.01,0.01,0.01,6,1828,2.8424,-0.0008,0.0001,0.0003,-0.0079,0.01,0.02,0.01,0.005
2026-09-25T18:22:07+00:00,QQQ,2026-09-25,0,744.82,645.0,P,0.0,0.01,0.01,0.01,54,4195,2.7064,-0.0009,0.0001,0.0004,-0.0082,0.01,0.02,0.01,0.005
2026-09-25T18:22:07+00:00,QQQ,2026-09-25,0,744.82,650.0,P,0.0,0.01,0.01,0.01,15,10661,2.5711,-0.001,0.0001,0.0004,-0.0085,0.01,0.01,0.01,0.005
2026-09-25T18:22:07+00:00,QQQ,2026-09-25,0,744.82,660.0,P,0.0,0.01,0.01,0.01,30,4570,2.3023,-0.0012,0.0001,0.0005,-0.0091,0.01,0.01,0.01,0.005
2026-09-25T18:22:07+00:00,QQQ,2026-09-25,0,744.82,665.0,P,0.0,0.01,0.01,0.01,45,38192,2.1688,-0.0013,0.0001,0.0005,-0.0095,0.01,0.01,0.01,0.005
2026-09-25T18:22:07+00:00,QQQ,2026-09-25,0,744.82,667.0,P,0.0,0.01,0.01,0.01,10,2556,2.1155,-0.0013,0.0002,0.0005,-0.0096,0.01,0.01,0.01,0.005
2026-09-25T18:22:07+00:00,QQQ,2026-09-25,0,744.82,668.0,P,0.0,0.01,0.01,0.01,5,2421,2.0888,-0.0013,0.0002,0.0005,-0.0097,0.01,0.01,0.01,0.005
2026-09-25T18:22:07+00:00,QQQ,2026-09-25,0,744.82,669.0,P,0.0,0.01,0.01,0.01,1,796,2.0622,-0.0014,0.0002,0.0005,-0.0097,0.01,0.01,0.01,0.005
2026-09-25T18:22:07+00:00,QQQ,2026-09-25,0,744.82,670.0,P,0.0,0.01,0.01,0.01,39,5857,2.0357,-0.0014,0.0002,0.0005,-0.0098,0.01,0.01,0.01,0.005
2026-09-25T18:22:07+00:00,QQQ,2026-09-25,0,744.82,671.0,P,0.0,0.01,0.01,0.01,1,1479,2.0091,-0.0014,0.0002,0.0006,-0.0099,0.01,0.01,0.01,0.005
2026-09-25T18:22:07+00:00,QQQ,2026-09-25,0,744.82,672.0,P,0.0,0.01,0.01,0.01,4,726,1.9826,-0.0014,0.0002,0.0006,-0.0099,0.01,0.01,0.01,0.015
2026-09-25T18:22:07+00:00,QQQ,2026-09-25,0,744.82,673.0,P,0.0,0.01,0.01,0.01,3,607,1.956,-0.0014,0.0002,0.0006,-0.01,0.01,0.01,0.01,0.015
2026-09-25T18:22:07+00:00,QQQ,2026-09-25,0,744.82,674.0,P,0.0,0.01,0.01,0.01,1,825,1.9295,-0.0015,0.0002,0.0006,-0.0101,0.01,0.01,0.01,0.015
2026-09-25T18:22:07+00:00,QQQ,2026-09-25,0,744.82,675.0,P,0.0,0.01,0.01,0.01,51,3161,1.903,-0.0015,0.0002,0.0006,-0.0101,0.01,0.01,0.01,0.015
2026-09-25T18:22:07+00:00,QQQ,2026-09-25,0,744.82,677.0,P,0.0,0.01,0.01,0.01,28,772,1.8501,-0.0016,0.0002,0.0006,-0.0103,0.01,0.01,0.01,0.015
2026-09-25T18:22:07+00:00,QQQ,2026-09-25,0,744.82,678.0,P,0.0,0.01,0.01,0.01,150,890,1.8236,-0.0016,0.0002,0.0006,-0.0103,0.01,0.01,0.01,0.015
2026-09-25T18:22:07+00:00,QQQ,2026-09-25,0,744.82,680.0,P,0.0,0.01,0.01,0.01,77,3580,1.7708,-0.0016,0.0002,0.0006,-0.0105,0.01,0.02,0.01,0.015
2026-09-25T18:22:07+00:00,QQQ,2026-09-25,0,744.82,681.0,P,0.0,0.01,0.01,0.01,154,1155,1.7444,-0.0017,0.0002,0.0007,-0.0105,0.01,0.01,0.01,0.015
2026-09-25T18:22:07+00:00,QQQ,2026-09-25,0,744.82,682.0,P,0.0,0.01,0.01,0.01,2,1046,1.718,-0.0017,0.0002,0.0007,-0.0106,0.01,0.01,0.01,0.015
2026-09-25T18:22:07+00:00,QQQ,2026-09-25,0,744.82,683.0,P,0.0,0.01,0.01,0.01,1976,3458,1.6916,-0.0018,0.0002,0.0007,-0.0107,0.01,0.01,0.01,0.015
2026-09-25T18:22:07+00:00,QQQ,2026-09-25,0,744.82,685.0,P,0.0,0.01,0.04,0.04,124,2903,1.6388,-0.0018,0.0003,0.0007,-0.0108,0.01,0.04,0.01,0.015
2026-09-25T18:22:07+00:00,QQQ,2026-09-25,0,744.82,686.0,P,0.0,0.01,0.01,0.01,4,2437,1.6125,-0.0018,0.0003,0.0007,-0.0109,0.01,0.01,0.01,0.015
2026-09-25T18:22:07+00:00,QQQ,2026-09-25,0,744.82,687.0,P,0.0,0.01,0.01,0.01,5,2225,1.5861,-0.0019,0.0003,0.0007,-0.011,0.01,0.01,0.01,0.015
2026-09-25T18:22:07+00:00,QQQ,2026-09-25,0,744.82,688.0,P,0.0,0.01,0.01,0.01,210,1946,1.5598,-0.0019,0.0003,0.0008,-0.011,0.01,0.01,0.01,0.015
2026-09-25T18:22:07+00:00,QQQ,2026-09-25,0,744.82,689.0,P,0.0,0.01,0.01,0.01,33,2011,1.5334,-0.002,0.0003,0.0008,-0.0111,0.01,0.02,0.01,0.015
2026-09-25T18:22:07+00:00,QQQ,2026-09-25,0,744.82,690.0,P,0.0,0.01,0.01,0.01,73,85486,1.5071,-0.002,0.0003,0.0008,-0.0112,0.01,0.01,0.01,0.015
2026-09-25T18:22:07+00:00,QQQ,2026-09-25,0,744.82,691.0,P,0.0,0.01,0.01,0.01,6,2293,1.4808,-0.0021,0.0003,0.0008,-0.0112,0.01,0.01,0.01,0.015
2026-09-25T18:22:07+00:00,QQQ,2026-09-25,0,744.82,692.0,P,0.0,0.01,0.01,0.01,7,1496,1.4545,-0.0021,0.0003,0.0008,-0.0113,0.01,0.01,0.01,0.015
2026-09-25T18:22:07+00:00,QQQ,2026-09-25,0,744.82,693.0,P,0.0,0.01,0.02,0.02,11,4215,1.4282,-0.0022,0.0004,0.0008,-0.0114,0.01,0.21,0.01,0.015
2026-09-25T18:22:07+00:00,QQQ,2026-09-25,0,744.82,694.0,P,0.0,0.01,0.01,0.01,5,2917,1.4018,-0.0022,0.0004,0.0008,-0.0115,0.01,0.01,0.01,0.015
2026-09-25T18:22:07+00:00,QQQ,2026-09-25,0,744.82,695.0,P,0.0,0.01,0.01,0.01,7,5302,1.3755,-0.0022,0.0004,0.0009,-0.0115,0.01,0.01,0.01,0.015
2026-09-25T18:22:07+00:00,QQQ,2026-09-25,0,744.82,696.0,P,0.0,0.01,0.01,0.01,10,2333,1.3492,-0.0023,0.0004,0.0009,-0.0116,0.02,0.02,0.01,0.015
2026-09-25T18:22:07+00:00,QQQ,2026-09-25,0,744.82,697.0,P,0.0,0.01,0.01,0.01,6,1476,1.3229,-0.0024,0.0004,0.0009,-0.0117,0.01,0.01,0.01,0.015
2026-09-25T18:22:07+00:00,QQQ,2026-09-25,0,744.82,698.0,P,0.0,0.01,0.01,0.01,26,5285,1.2966,-0.0024,0.0004,0.0009,-0.0118,0.01,0.01,0.01,0.015
2026-09-25T18:22:07+00:00,QQQ,2026-09-25,0,744.82,699.0,P,0.0,0.01,0.01,0.01,1,5876,1.2703,-0.0025,0.0004,0.0009,-0.0118,0.01,0.01,0.01,0.015
2026-09-25T18:22:07+00:00,QQQ,2026-09-25,0,744.82,700.0,P,0.0,0.01,0.01,0.01,1722,18205,1.244,-0.0025,0.0005,0.001,-0.0119,0.01,0.01,0.01,0.015
2026-09-25T18:22:07+00:00,QQQ,2026-09-25,0,744.82,701.0,P,0.0,0.01,0.01,0.01,5,1908,1.2177,-0.0026,0.0005,0.001,-0.012,0.01,0.01,0.01,0.015
2026-09-25T18:22:07+00:00,QQQ,2026-09-25,0,744.82,702.0,P,0.0,0.01,0.01,0.01,5,2384,1.1914,-0.0026,0.0005,0.001,-0.0121,0.01,0.01,0.01,0.015
2026-09-25T18:22:07+00:00,QQQ,2026-09-25,0,744.82,703.0,P,0.0,0.01,0.01,0.01,37,1702,1.1651,-0.0027,0.0005,0.001,-0.0121,0.01,0.01,0.01,0.025
2026-09-25T18:22:07+00:00,QQQ,2026-09-25,0,744.82,704.0,P,0.0,0.01,0.01,0.01,1,3626,1.1388,-0.0028,0.0006,0.0011,-0.0122,0.01,0.01,0.01,0.025
2026-09-25T18:22:07+00:00,QQQ,2026-09-25,0,744.82,705.0,P,0.0,0.01,0.01,0.01,338,32695,1.1124,-0.0029,0.0006,0.0011,-0.0123,0.02,0.02,0.01,0.025
2026-09-25T18:22:07+00:00,QQQ,2026-09-25,0,744.82,706.0,P,0.0,0.01,0.01,0.01,13,1957,1.0861,-0.0029,0.0006,0.0011,-0.0124,0.01,0.01,0.01,0.025
2026-09-25T18:22:07+00:00,QQQ,2026-09-25,0,744.82,707.0,P,0.0,0.01,0.01,0.01,28,3017,1.0597,-0.003,0.0006,0.0011,-0.0124,0.01,0.01,0.01,0.025
2026-09-25T18:22:07+00:00,QQQ,2026-09-25,0,744.82,708.0,P,0.0,0.01,0.01,0.01,56,1971,1.0334,-0.0031,0.0007,0.0012,-0.0125,0.01,0.01,0.01,0.025
2026-09-25T18:22:07+00:00,QQQ,2026-09-25,0,744.82,709.0,P,0.0,0.01,0.01,0.01,108,2181,1.007,-0.0032,0.0007,0.0012,-0.0126,0.01,0.03,0.01,0.025
2026-09-25T18:22:07+00:00,QQQ,2026-09-25,0,744.82,710.0,P,0.0,0.01,0.01,0.01,493,10372,0.9806,-0.0033,0.0008,0.0012,-0.0127,0.01,0.01,0.01,0.025
2026-09-25T18:22:07+00:00,QQQ,2026-09-25,0,744.82,711.0,P,0.0,0.01,0.01,0.01,104,2672,0.9542,-0.0034,0.0008,0.0013,-0.0128,0.01,0.01,0.01,0.035
2026-09-25T18:22:07+00:00,QQQ,2026-09-25,0,744.82,712.0,P,0.0,0.01,0.01,0.01,315,2064,0.9278,-0.0035,0.0008,0.0013,-0.0128,0.01,0.01,0.01,0.035
2026-09-25T18:22:07+00:00,QQQ,2026-09-25,0,744.82,713.0,P,0.0,0.01,0.01,0.01,330,2093,0.9014,-0.0036,0.0009,0.0013,-0.0129,0.02,0.02,0.01,0.035
2026-09-25T18:22:07+00:00,QQQ,2026-09-25,0,744.82,714.0,P,0.0,0.01,0.01,0.01,1170,4859,0.8749,-0.0037,0.0009,0.0014,-0.013,0.01,0.02,0.01,0.035
2026-09-25T18:22:07+00:00,QQQ,2026-09-25,0,744.82,715.0,P,0.0,0.01,0.01,0.01,3917,9399,0.8484,-0.0038,0.001,0.0014,-0.0131,0.01,0.02,0.01,0.035
2026-09-25T18:22:07+00:00,QQQ,2026-09-25,0,744.82,716.0,P,0.0,0.01,0.01,0.01,4563,4106,0.8219,-0.004,0.0011,0.0015,-0.0132,0.02,0.02,0.01,0.045
2026-09-25T18:22:07+00:00,QQQ,2026-09-25,0,744.82,717.0,P,0.0,0.01,0.01,0.01,12084,3256,0.7954,-0.0041,0.0011,0.0015,-0.0132,0.01,0.04,0.01,0.045
2026-09-25T18:22:07+00:00,QQQ,2026-09-25,0,744.82,718.0,P,0.0,0.01,0.01,0.01,15117,13685,0.7688,-0.0042,0.0012,0.0016,-0.0133,0.01,0.03,0.01,0.045
2026-09-25T18:22:07+00:00,QQQ,2026-09-25,0,744.82,719.0,P,0.0,0.01,0.01,0.01,7597,8537,0.7422,-0.0044,0.0013,0.0016,-0.0134,0.02,0.03,0.01,0.055
2026-09-25T18:22:07+00:00,QQQ,2026-09-25,0,744.82,720.0,P,0.01,0.02,0.015,0.01,12983,11872,0.7978,-0.0046,0.0014,0.0017,-0.0135,0.01,0.04,0.01,0.055
2026-09-25T18:22:07+00:00,QQQ,2026-09-25,0,744.82,721.0,P,0.0,0.01,0.01,0.01,3435,4963,0.6888,-0.0048,0.0015,0.0017,-0.0136,0.01,0.03,0.01,0.065
2026-09-25T18:22:07+00:00,QQQ,2026-09-25,0,744.82,722.0,P,0.0,0.01,0.01,0.01,2151,8821,0.662,-0.005,0.0016,0.0018,-0.0137,0.02,0.04,0.01,0.075
2026-09-25T18:22:07+00:00,QQQ,2026-09-25,0,744.82,723.0,P,0.01,0.02,0.015,0.01,3006,2426,0.7099,-0.0052,0.0017,0.0019,-0.0138,0.03,0.04,0.01,0.085
2026-09-25T18:22:07+00:00,QQQ,2026-09-25,0,744.82,724.0,P,0.01,0.02,0.015,0.02,5623,3949,0.6804,-0.0054,0.0019,0.002,-0.0138,0.03,0.05,0.01,0.095
2026-09-25T18:22:07+00:00,QQQ,2026-09-25,0,744.82,725.0,P,0.01,0.02,0.015,0.01,11991,13949,0.6509,-0.0056,0.002,0.002,-0.0139,0.03,0.07,0.01,0.105
2026-09-25T18:22:07+00:00,QQQ,2026-09-25,0,744.82,726.0,P,0.01,0.02,0.015,0.01,6275,4854,0.6213,-0.0059,0.0022,0.0021,-0.014,0.02,0.08,0.01,0.125
2026-09-25T18:22:07+00:00,QQQ,2026-09-25,0,744.82,727.0,P,0.01,0.02,0.015,0.01,7106,3625,0.5916,-0.0062,0.0024,0.0022,-0.0141,0.05,0.1,0.01,0.155
2026-09-25T18:22:07+00:00,QQQ,2026-09-25,0,744.82,728.0,P,0.01,0.02,0.015,0.01,10939,3308,0.5617,-0.0065,0.0027,0.0024,-0.0142,0.02,0.12,0.01,0.185
2026-09-25T18:22:07+00:00,QQQ,2026-09-25,0,744.82,729.0,P,0.01,0.02,0.015,0.01,8561,4682,0.5318,-0.0069,0.003,0.0025,-0.0143,0.03,0.16,0.01,0.225
2026-09-25T18:22:07+00:00,QQQ,2026-09-25,0,744.82,730.0,P,0.01,0.02,0.015,0.01,28780,18960,0.5017,-0.0073,0.0033,0.0026,-0.0144,0.05,0.2,0.01,0.275
2026-09-25T18:22:07+00:00,QQQ,2026-09-25,0,744.82,731.0,P,0.01,0.02,0.015,0.01,12225,7137,0.4715,-0.0078,0.0037,0.0028,-0.0146,0.06,0.26,0.01,0.345
2026-09-25T18:22:07+00:00,QQQ,2026-09-25,0,744.82,732.0,P,0.01,0.02,0.015,0.01,16823,6919,0.4411,-0.0084,0.0042,0.003,-0.0148,0.07,0.33,0.01,0.425
2026-09-25T18:22:07+00:00,QQQ,2026-09-25,0,744.82,733.0,P,0.01,0.02,0.015,0.01,25035,7671,0.4105,-0.0091,0.0049,0.0032,-0.0152,0.09,0.41,0.01,0.535
2026-09-25T18:22:07+00:00,QQQ,2026-09-25,0,744.82,734.0,P,0.01,0.02,0.015,0.02,29209,7291,0.3797,-0.0101,0.0057,0.0035,-0.0158,0.11,0.53,0.01,0.665
2026-09-25T18:22:07+00:00,QQQ,2026-09-25,0,744.82,735.0,P,0.01,0.02,0.015,0.02,55120,14645,0.3487,-0.0114,0.0069,0.0039,-0.0168,0.16,0.69,0.01,0.825
2026-09-25T18:22:07+00:00,QQQ,2026-09-25,0,744.82,736.0,P,0.02,0.03,0.025,0.03,55819,18995,0.3403,-0.0134,0.0085,0.0045,-0.0185,0.23,0.88,0.02,1.025
2026-09-25T18:22:07+00:00,QQQ,2026-09-25,0,744.82,737.0,P,0.02,0.03,0.025,0.03,70053,4892,0.3069,-0.0165,0.0111,0.0054,-0.0216,0.33,1.12,0.02,1.265
2026-09-25T18:22:07+00:00,QQQ,2026-09-25,0,744.82,738.0,P,0.03,0.04,0.035,0.04,102467,6418,0.2879,-0.0217,0.0152,0.0068,-0.0272,0.51,1.42,0.03,1.545
2026-09-25T18:22:07+00:00,QQQ,2026-09-25,0,744.82,739.0,P,0.03,0.04,0.035,0.03,126707,4617,0.2522,-0.0305,0.022,0.0091,-0.0367,0.66,1.79,0.03,1.875
2026-09-25T18:22:07+00:00,QQQ,2026-09-25,0,744.82,740.0,P,0.05,0.06,0.055,0.05,253548,9175,0.2346,-0.0451,0.0331,0.0124,-0.053,0.9,2.24,0.05,2.265
2026-09-25T18:22:07+00:00,QQQ,2026-09-25,0,744.82,741.0,P,0.07,0.08,0.075,0.07,273905,3830,0.2085,-0.0698,0.0514,0.0174,-0.0804,1.21,2.78,0.07,2.705
2026-09-25T18:22:07+00:00,QQQ,2026-09-25,0,744.82,742.0,P,0.12,0.13,0.125,0.12,252235,2155,0.1892,-0.1129,0.0814,0.0245,-0.129,1.61,3.38,0.12,3.2
2026-09-25T18:22:07+00:00,QQQ,2026-09-25,0,744.82,743.0,P,0.22,0.23,0.225,0.22,240909,2163,0.1721,-0.1924,0.1288,0.0344,-0.2259,2.07,4.06,0.2,3.765
2026-09-25T18:22:07+00:00,QQQ,2026-09-25,0,744.82,744.0,P,0.42,0.43,0.425,0.43,285736,1690,0.1596,-0.3335,0.1856,0.0451,-0.4324,2.53,4.83,0.38,4.385
2026-09-25T18:22:07+00:00,QQQ,2026-09-25,0,744.82,745.0,P,0.82,0.83,0.825,0.82,166750,4711,0.1509,-0.5334,0.2111,0.049,-0.6746,3.13,5.67,0.72,5.05
2026-09-25T18:22:07+00:00,QQQ,2026-09-25,0,744.82,746.0,P,1.46,1.49,1.475,1.45,48336,1592,0.1528,-0.7288,0.1746,0.0413,-0.3152,4.0,6.5,1.29,5.785
2026-09-25T18:22:07+00:00,QQQ,2026-09-25,0,744.82,747.0,P,2.28,2.34,2.31,2.28,14377,1426,0.1647,-0.859,0.1117,0.0286,-0.1439,5.3,7.35,1.97,6.57
2026-09-25T18:22:07+00:00,QQQ,2026-09-25,0,744.82,748.0,P,3.18,3.29,3.235,3.23,4661,960,0.1787,-0.926,0.0643,0.0183,-0.0716,6.27,8.36,2.66,7.41
2026-09-25T18:22:07+00:00,QQQ,2026-09-25,0,744.82,749.0,P,4.13,4.26,4.195,3.97,2441,484,0.1894,-0.9586,0.0371,0.0118,-0.0398,5.75,8.95,3.44,8.22
2026-09-25T18:22:07+00:00,QQQ,2026-09-25,0,744.82,750.0,P,5.15,5.22,5.185,5.05,1272,1729,0.2136,-0.9749,0.0224,0.0079,-0.0246,7.01,10.31,4.36,9.185
2026-09-25T18:22:07+00:00,QQQ,2026-09-25,0,744.82,751.0,P,5.86,6.5,6.18,6.32,585,87,0.2395,-0.983,0.0146,0.0057,-0.0174,8.73,11.35,5.38,9.97
2026-09-25T18:22:07+00:00,QQQ,2026-09-25,0,744.82,752.0,P,6.74,7.23,6.985,7.21,181,19,0.0,-0.9871,0.0104,0.0045,-0.0141,9.85,12.2,6.34,10.94
2026-09-25T18:22:07+00:00,QQQ,2026-09-25,0,744.82,753.0,P,7.93,8.3,8.115,8.0,211,3,0.0,-0.9892,0.0081,0.0038,-0.0127,10.9,11.27,7.38,11.9
2026-09-25T18:22:07+00:00,QQQ,2026-09-25,0,744.82,754.0,P,8.65,9.59,9.12,8.97,81,0,0.0,-0.9905,0.0066,0.0034,-0.0121,12.14,14.33,8.16,12.885
2026-09-25T18:22:07+00:00,QQQ,2026-09-25,0,744.82,755.0,P,9.65,10.59,10.12,9.95,260,8,0.0,-0.9914,0.0055,0.0031,-0.0119,12.33,15.01,9.5,14.01
2026-09-25T18:22:07+00:00,QQQ,2026-09-25,0,744.82,756.0,P,10.64,11.59,11.115,11.0,84,27,0.0,-0.992,0.0048,0.0029,-0.0118,12.74,15.45,10.35,14.905
2026-09-25T18:22:07+00:00,QQQ,2026-09-25,0,744.82,757.0,P,11.64,12.59,12.115,12.43,26,0,0.0,-0.9926,0.0042,0.0027,-0.0117,13.19,16.29,12.13,15.875
2026-09-25T18:22:07+00:00,QQQ,2026-09-25,0,744.82,758.0,P,12.65,13.59,13.12,13.4,25,1,0.0,-0.9931,0.0036,0.0025,-0.0116,14.22,14.87,12.58,16.96
2026-09-25T18:22:07+00:00,QQQ,2026-09-25,0,744.82,759.0,P,13.64,14.59,14.115,14.4,55,3,0.0,-0.9935,0.0032,0.0024,-0.0116,18.46,18.46,13.35,17.88
2026-09-25T18:22:07+00:00,QQQ,2026-09-25,0,744.82,760.0,P,14.64,15.59,15.115,15.39,95,4,0.0,-0.9938,0.0029,0.0022,-0.0115,17.3,17.3,14.62,18.885
2026-09-25T18:22:07+00:00,QQQ,2026-09-25,0,744.82,761.0,P,14.94,16.62,15.78,16.0,16,0,0.0,-0.9942,0.0026,0.0021,-0.0114,16.17,17.14,15.92,19.87
2026-09-25T18:22:07+00:00,QQQ,2026-09-25,0,744.82,762.0,P,16.71,17.6,17.155,17.35,58,0,0.0,-0.9945,0.0024,0.002,-0.0114,19.28,20.13,16.63,20.86
2026-09-25T18:22:07+00:00,QQQ,2026-09-25,0,744.82,763.0,P,17.61,18.59,18.1,18.33,13,0,0.0,-0.9947,0.0022,0.0019,-0.0113,19.86,19.86,17.98,21.875
2026-09-25T18:22:07+00:00,QQQ,2026-09-25,0,744.82,764.0,P,18.61,19.8,19.205,18.81,20,0,0.7052,-0.995,0.002,0.0019,-0.0113,22.85,23.21,18.75,22.8
2026-09-25T18:22:07+00:00,QQQ,2026-09-25,0,744.82,765.0,P,19.74,20.49,20.115,20.2,9,0,0.0,-0.9952,0.0018,0.0018,-0.0112,23.61,23.61,19.75,23.805
2026-09-25T18:22:07+00:00,QQQ,2026-09-25,0,744.82,766.0,P,20.74,21.49,21.115,20.76,36,0,0.0,-0.9954,0.0017,0.0017,-0.0112,23.31,25.78,20.1,24.77
2026-09-25T18:22:07+00:00,QQQ,2026-09-25,0,744.82,767.0,P,20.46,22.49,21.475,22.08,49,20,0.0,-0.9956,0.0016,0.0016,-0.0111,24.73,27.07,22.08,25.755
2026-09-25T18:22:07+00:00,QQQ,2026-09-25,0,744.82,768.0,P,21.5,23.49,22.495,22.9,33,0,0.0,-0.9957,0.0014,0.0016,-0.011,25.68,27.77,22.9,26.76
2026-09-25T18:22:07+00:00,QQQ,2026-09-25,0,744.82,769.0,P,22.54,25.62,24.08,23.96,60,0,0.0,-0.9959,0.0014,0.0015,-0.011,24.8,28.01,23.85,27.865
2026-09-25T18:22:07+00:00,QQQ,2026-09-25,0,744.82,770.0,P,24.02,26.65,25.335,26.43,53,0,1.0919,-0.996,0.0013,0.0015,-0.0109,28.91,28.94,26.02,28.865
2026-09-25T18:22:07+00:00,QQQ,2026-09-25,0,744.82,771.0,P,24.54,27.73,26.135,27.75,36,0,0.0,-0.9962,0.0012,0.0014,-0.0109,30.0,31.55,27.42,29.755
2026-09-25T18:22:07+00:00,QQQ,2026-09-25,0,744.82,772.0,P,25.48,28.69,27.085,32.38,12,0,0.0,-0.9963,0.0011,0.0014,-0.0108,29.88,32.38,29.81,30.8
2026-09-25T18:22:07+00:00,QQQ,2026-09-25,0,744.82,773.0,P,27.0,29.67,28.335,33.37,14,0,1.1962,-0.9964,0.001,0.0014,-0.0108,28.22,33.37,28.22,31.755
2026-09-25T18:22:07+00:00,QQQ,2026-09-25,0,744.82,774.0,P,27.54,30.73,29.135,30.74,22,0,0.0,-0.9965,0.001,0.0013,-0.0107,29.03,32.07,29.03,32.91
2026-09-25T18:22:07+00:00,QQQ,2026-09-25,0,744.82,775.0,P,28.93,31.73,30.33,31.81,81,0,1.2586,-0.9966,0.0009,0.0013,-0.0107,30.2,35.14,30.03,33.755
2026-09-25T18:22:07+00:00,QQQ,2026-09-25,0,744.82,776.0,P,30.1,32.73,31.415,31.99,92,0,1.3865,-0.9967,0.0009,0.0012,-0.0106,32.62,36.13,30.26,34.79
2026-09-25T18:22:07+00:00,QQQ,2026-09-25,0,744.82,777.0,P,30.5,33.68,32.09,33.18,24,0,0.0,-0.9968,0.0008,0.0012,-0.0106,34.69,35.53,33.18,35.87
2026-09-25T18:22:07+00:00,QQQ,2026-09-25,0,744.82,778.0,P,31.48,34.65,33.065,34.8,16,0,0.0,-0.9969,0.0008,0.0012,-0.0105,34.64,37.4,34.61,36.785
2026-09-25T18:22:07+00:00,QQQ,2026-09-25,0,744.82,779.0,P,33.14,35.72,34.43,35.68,22,0,1.5076,-0.997,0.0008,0.0011,-0.0105,35.57,38.39,35.54,38.2
2026-09-25T18:22:07+00:00,QQQ,2026-09-25,0,744.82,780.0,P,33.47,36.74,35.105,36.79,40,0,0.0,-0.9971,0.0007,0.0011,-0.0104,37.87,40.18,36.79,39.03
2026-09-25T18:22:07+00:00,QQQ,2026-09-25,0,744.82,781.0,P,34.48,37.63,36.055,37.63,46,0,0.0,-0.9972,0.0007,0.0011,-0.0104,38.8,41.17,37.63,40.285
2026-09-25T18:22:07+00:00,QQQ,2026-09-25,0,744.82,782.0,P,35.48,38.74,37.11,40.3,8,0,0.0,-0.9972,0.0006,0.0011,-0.0103,40.59,40.63,40.27,41.09
2026-09-25T18:22:07+00:00,QQQ,2026-09-25,0,744.82,785.0,P,38.85,41.73,40.29,41.07,18,0,1.5265,-0.9974,0.0006,0.001,-0.0102,42.95,42.95,40.2,44.205
2026-09-25T18:22:07+00:00,QQQ,2026-09-25,0,744.82,790.0,P,43.62,46.65,45.135,47.64,5,4,0.0,-0.9977,0.0005,0.0009,-0.0099,45.3,47.71,45.3,48.84
2026-09-25T18:22:07+00:00,QQQ,2026-09-25,0,744.82,805.0,P,59.87,60.48,60.175,59.99,20,0,1.6712,-0.9983,0.0003,0.0007,-0.0092,60.81,60.81,59.96,64.24
