ts_utc,sym,expiry,dte,spot,strike,cp,bid,ask,mid,last,volume,open_interest,iv,delta,gamma,vega,theta,day_open,day_high,day_low,prev_close
2026-09-30T13:00:13+00:00,QQQ,2026-09-30,0,740.73,500.0,C,236.52,240.08,238.3,235.0,2,3,0.0,1.0,0.0,0.0,0.0,235.0,235.0,235.0,238.05
2026-09-30T13:00:13+00:00,QQQ,2026-09-30,0,740.73,505.0,C,231.5,235.08,233.29,232.2,8,8,0.0,1.0,0.0,0.0,0.0,232.2,232.2,232.2,232.855
2026-09-30T13:00:13+00:00,QQQ,2026-09-30,0,740.73,525.0,C,211.52,215.08,213.3,212.99,28,28,0.0,0.9999,0.0,0.0001,0.0,212.99,212.99,212.99,213.02
2026-09-30T13:00:13+00:00,QQQ,2026-09-30,0,740.73,580.0,C,156.51,160.09,158.3,156.66,2,12,0.0,0.9999,0.0,0.0001,0.0,156.66,156.66,156.66,158.02
2026-09-30T13:00:13+00:00,QQQ,2026-09-30,0,740.73,600.0,C,136.53,140.1,138.315,138.16,11,63,0.0,0.9998,0.0,0.0002,0.0,136.37,138.16,136.37,138.085
2026-09-30T13:00:13+00:00,QQQ,2026-09-30,0,740.73,605.0,C,131.53,135.1,133.315,132.27,2,48,0.0,0.9998,0.0,0.0002,0.0,132.27,132.27,132.27,133.035
2026-09-30T13:00:13+00:00,QQQ,2026-09-30,0,740.73,610.0,C,126.53,130.1,128.315,126.77,2,116,0.0,0.9998,0.0,0.0002,0.0,126.77,126.77,126.77,128.03
2026-09-30T13:00:13+00:00,QQQ,2026-09-30,0,740.73,620.0,C,116.53,120.1,118.315,118.0,6,134,0.0,0.9998,0.0,0.0003,0.0,116.82,118.0,116.82,118.01
2026-09-30T13:00:13+00:00,QQQ,2026-09-30,0,740.73,625.0,C,111.52,115.1,113.31,112.84,1,73,0.0,0.9997,0.0,0.0004,0.0,112.84,112.84,112.84,113.015
2026-09-30T13:00:13+00:00,QQQ,2026-09-30,0,740.73,630.0,C,106.54,110.1,108.32,108.4,8,296,0.0,0.9997,0.0,0.0004,0.0,106.38,109.46,106.38,108.065
2026-09-30T13:00:13+00:00,QQQ,2026-09-30,0,740.73,635.0,C,101.54,105.09,103.315,103.0,1,311,0.0,0.9996,0.0,0.0005,0.0,103.0,103.0,103.0,103.045
2026-09-30T13:00:13+00:00,QQQ,2026-09-30,0,740.73,645.0,C,91.54,95.11,93.325,93.0,20,89,0.0,0.9995,0.0,0.0006,0.0,93.0,93.0,93.0,93.045
2026-09-30T13:00:13+00:00,QQQ,2026-09-30,0,740.73,650.0,C,86.54,90.11,88.325,88.23,90,773,0.0,0.9994,0.0001,0.0007,0.0,88.52,89.37,87.97,87.9
2026-09-30T13:00:13+00:00,QQQ,2026-09-30,0,740.73,651.0,C,85.54,89.11,87.325,85.58,2,3,0.0,0.9994,0.0001,0.0008,0.0,85.58,85.58,85.58,87.05
2026-09-30T13:00:13+00:00,QQQ,2026-09-30,0,740.73,655.0,C,81.55,85.11,83.33,80.84,1,218,0.0,0.9994,0.0001,0.0009,0.0,80.84,80.84,80.84,83.08
2026-09-30T13:00:13+00:00,QQQ,2026-09-30,0,740.73,658.0,C,78.55,82.11,80.33,78.57,1,4,0.0,0.9993,0.0001,0.001,0.0,78.57,78.57,78.57,80.05
2026-09-30T13:00:13+00:00,QQQ,2026-09-30,0,740.73,660.0,C,76.55,80.0,78.275,77.19,6,1329,0.0,0.9992,0.0001,0.001,0.0,79.84,80.33,77.15,77.875
2026-09-30T13:00:13+00:00,QQQ,2026-09-30,0,740.73,662.0,C,74.55,78.12,76.335,76.55,56,58,0.6131,0.9992,0.0001,0.0011,0.0,76.55,76.55,76.55,76.05
2026-09-30T13:00:13+00:00,QQQ,2026-09-30,0,740.73,667.0,C,69.55,73.12,71.335,70.3,3,7,0.5583,0.999,0.0001,0.0014,0.0,70.3,70.3,70.3,71.05
2026-09-30T13:00:13+00:00,QQQ,2026-09-30,0,740.73,670.0,C,66.55,70.14,68.345,69.96,3,306,0.631,0.9988,0.0002,0.0015,0.0,69.96,69.96,69.96,68.055
2026-09-30T13:00:13+00:00,QQQ,2026-09-30,0,740.73,675.0,C,61.15,65.19,63.17,63.4,4,401,0.0,0.9986,0.0002,0.0019,-0.0007,64.96,64.96,63.4,63.06
2026-09-30T13:00:13+00:00,QQQ,2026-09-30,0,740.73,680.0,C,56.17,60.11,58.14,58.6,8,684,0.0,0.9982,0.0003,0.0023,-0.0031,59.0,59.0,58.6,57.905
2026-09-30T13:00:13+00:00,QQQ,2026-09-30,0,740.73,685.0,C,51.18,55.48,53.33,53.46,4,432,0.0,0.9977,0.0004,0.0029,-0.0061,53.96,53.96,53.46,53.06
2026-09-30T13:00:13+00:00,QQQ,2026-09-30,0,740.73,690.0,C,46.2,50.48,48.34,46.73,43,2878,0.0,0.997,0.0005,0.0037,-0.0098,48.35,49.24,46.73,47.915
2026-09-30T13:00:13+00:00,QQQ,2026-09-30,0,740.73,692.0,C,44.26,48.35,46.305,46.36,1,61,0.0,0.9966,0.0006,0.0041,-0.0116,46.36,46.36,46.36,46.065
2026-09-30T13:00:13+00:00,QQQ,2026-09-30,0,740.73,695.0,C,41.56,45.13,43.345,42.6,9,192,0.3974,0.9959,0.0007,0.0048,-0.0148,41.93,43.73,41.93,43.055
2026-09-30T13:00:13+00:00,QQQ,2026-09-30,0,740.73,696.0,C,40.56,44.13,42.345,41.51,4,55,0.3882,0.9957,0.0008,0.0051,-0.0159,41.51,41.51,41.51,42.095
2026-09-30T13:00:13+00:00,QQQ,2026-09-30,0,740.73,699.0,C,37.56,41.13,39.345,39.14,1,104,0.3608,0.9948,0.0009,0.0061,-0.0199,39.14,39.14,39.14,39.095
2026-09-30T13:00:13+00:00,QQQ,2026-09-30,0,740.73,700.0,C,36.56,40.13,38.345,38.44,66,2608,0.3516,0.9944,0.001,0.0064,-0.0214,38.49,39.1,35.27,37.895
2026-09-30T13:00:13+00:00,QQQ,2026-09-30,0,740.73,701.0,C,35.56,39.13,37.345,35.43,8,281,0.3425,0.9941,0.0011,0.0068,-0.023,36.28,37.54,35.43,36.875
2026-09-30T13:00:13+00:00,QQQ,2026-09-30,0,740.73,702.0,C,34.94,38.06,36.5,36.36,1,190,0.4845,0.9936,0.0012,0.0072,-0.0247,36.36,36.36,36.36,35.885
2026-09-30T13:00:13+00:00,QQQ,2026-09-30,0,740.73,703.0,C,33.94,37.05,35.495,35.18,4,158,0.4705,0.9932,0.0013,0.0077,-0.0265,35.15,35.57,35.15,34.89
2026-09-30T13:00:13+00:00,QQQ,2026-09-30,0,740.73,704.0,C,32.94,36.05,34.495,33.88,0,358,0.4589,0.9927,0.0014,0.0082,-0.0285,0.0,0.0,0.0,33.89
2026-09-30T13:00:13+00:00,QQQ,2026-09-30,0,740.73,705.0,C,31.95,35.08,33.515,31.53,10,1394,0.4473,0.9922,0.0015,0.0087,-0.0306,33.79,34.6,31.53,32.89
2026-09-30T13:00:13+00:00,QQQ,2026-09-30,0,740.73,706.0,C,30.96,34.06,32.51,30.82,2,401,0.4378,0.9916,0.0016,0.0093,-0.033,30.84,30.84,30.82,31.88
2026-09-30T13:00:13+00:00,QQQ,2026-09-30,0,740.73,707.0,C,29.96,33.07,31.515,30.36,5,297,0.424,0.9909,0.0018,0.01,-0.0354,30.69,30.69,30.12,30.895
2026-09-30T13:00:13+00:00,QQQ,2026-09-30,0,740.73,708.0,C,28.97,32.06,30.515,29.53,5,520,0.4144,0.9902,0.002,0.0106,-0.0382,30.56,30.56,29.0,29.885
2026-09-30T13:00:13+00:00,QQQ,2026-09-30,0,740.73,709.0,C,27.97,31.02,29.495,28.33,3,343,0.4005,0.9894,0.0021,0.0114,-0.0411,27.83,28.33,27.83,28.9
2026-09-30T13:00:13+00:00,QQQ,2026-09-30,0,740.73,710.0,C,26.98,30.05,28.515,28.45,73,3549,0.3888,0.9885,0.0023,0.0122,-0.0444,27.77,30.02,26.15,27.9
2026-09-30T13:00:13+00:00,QQQ,2026-09-30,0,740.73,711.0,C,25.99,29.04,27.515,25.8,14,435,0.3809,0.9876,0.0026,0.0131,-0.048,26.74,28.87,25.8,26.905
2026-09-30T13:00:13+00:00,QQQ,2026-09-30,0,740.73,712.0,C,25.0,28.04,26.52,26.95,12,373,0.3671,0.9864,0.0028,0.0141,-0.052,25.23,27.83,24.21,25.895
2026-09-30T13:00:13+00:00,QQQ,2026-09-30,0,740.73,713.0,C,24.01,27.03,25.52,22.95,50,413,0.3571,0.9852,0.0031,0.0153,-0.0566,26.4,26.4,22.95,24.91
2026-09-30T13:00:13+00:00,QQQ,2026-09-30,0,740.73,714.0,C,23.02,26.01,24.515,23.31,62,666,0.3451,0.9837,0.0035,0.0166,-0.0617,23.32,25.66,21.88,23.975
2026-09-30T13:00:13+00:00,QQQ,2026-09-30,0,740.73,715.0,C,22.03,25.02,23.525,22.66,10131,3048,0.0,0.9821,0.0039,0.018,-0.0677,23.14,24.57,21.83,23.08
2026-09-30T13:00:13+00:00,QQQ,2026-09-30,0,740.73,716.0,C,21.05,24.02,22.535,20.71,15,3407,0.3244,0.9801,0.0043,0.0196,-0.0746,21.81,24.27,20.41,22.1
2026-09-30T13:00:13+00:00,QQQ,2026-09-30,0,740.73,717.0,C,20.15,22.98,21.565,21.93,49,847,0.3272,0.9779,0.0049,0.0215,-0.0828,20.29,22.87,19.94,21.005
2026-09-30T13:00:13+00:00,QQQ,2026-09-30,0,740.73,718.0,C,20.06,21.19,20.625,20.21,67,487,0.3299,0.9752,0.0055,0.0237,-0.0926,20.23,21.78,18.11,20.115
2026-09-30T13:00:13+00:00,QQQ,2026-09-30,0,740.73,719.0,C,19.07,20.97,20.02,18.1,29,737,0.3888,0.9719,0.0062,0.0262,-0.1046,21.73,21.73,17.29,19.13
2026-09-30T13:00:13+00:00,QQQ,2026-09-30,0,740.73,720.0,C,17.21,18.86,18.035,18.55,140,8914,0.0,0.968,0.0071,0.0292,-0.1192,20.94,20.94,16.42,18.07
2026-09-30T13:00:13+00:00,QQQ,2026-09-30,0,740.73,721.0,C,16.23,19.0,17.615,17.57,13226,5762,0.2879,0.9632,0.0082,0.0326,-0.1372,20.01,20.01,15.43,17.185
2026-09-30T13:00:13+00:00,QQQ,2026-09-30,0,740.73,722.0,C,15.3,17.26,16.28,16.24,130,720,0.0,0.9574,0.0094,0.0366,-0.1596,18.83,18.83,15.56,16.22
2026-09-30T13:00:13+00:00,QQQ,2026-09-30,0,740.73,723.0,C,14.29,16.11,15.2,15.77,279,977,0.0,0.9504,0.0108,0.0414,-0.1876,15.44,17.27,13.3,15.225
2026-09-30T13:00:13+00:00,QQQ,2026-09-30,0,740.73,724.0,C,14.31,15.02,14.665,13.79,49,508,0.2574,0.9418,0.0126,0.0468,-0.2226,13.89,16.06,12.45,13.975
2026-09-30T13:00:13+00:00,QQQ,2026-09-30,0,740.73,725.0,C,13.41,14.07,13.74,13.91,375,10563,0.2562,0.9314,0.0145,0.0531,-0.2662,13.42,15.36,11.47,13.345
2026-09-30T13:00:13+00:00,QQQ,2026-09-30,0,740.73,726.0,C,12.44,13.13,12.785,12.23,35119,9021,0.2484,0.9188,0.0168,0.0602,-0.3205,13.84,14.41,10.42,12.4
2026-09-30T13:00:13+00:00,QQQ,2026-09-30,0,740.73,727.0,C,11.52,12.27,11.895,11.82,5152,2754,0.2485,0.9038,0.0194,0.068,-0.3879,11.4,13.48,9.53,11.53
2026-09-30T13:00:13+00:00,QQQ,2026-09-30,0,740.73,728.0,C,10.61,11.29,10.95,10.85,133,1270,0.2395,0.886,0.0222,0.0767,-0.4709,12.41,12.41,8.87,10.325
2026-09-30T13:00:13+00:00,QQQ,2026-09-30,0,740.73,729.0,C,9.77,10.25,10.01,10.03,368,290,0.2301,0.865,0.0254,0.086,-0.5724,12.53,12.53,8.08,9.46
2026-09-30T13:00:13+00:00,QQQ,2026-09-30,0,740.73,730.0,C,8.94,9.1,9.02,9.05,1278,10170,0.2143,0.8407,0.0287,0.0958,-0.6959,11.06,11.06,7.2,8.62
2026-09-30T13:00:13+00:00,QQQ,2026-09-30,0,740.73,731.0,C,8.09,8.26,8.175,8.2,234,424,0.2125,0.8128,0.0322,0.1059,-0.8446,9.48,10.0,6.56,7.81
2026-09-30T13:00:13+00:00,QQQ,2026-09-30,0,740.73,732.0,C,7.3,7.44,7.37,7.49,842,1890,0.2116,0.7812,0.0358,0.1158,-1.0223,8.74,9.03,5.8,7.03
2026-09-30T13:00:13+00:00,QQQ,2026-09-30,0,740.73,733.0,C,6.55,6.68,6.615,6.67,1351,956,0.212,0.7458,0.0393,0.1255,-1.2328,8.25,8.25,5.0,6.29
2026-09-30T13:00:13+00:00,QQQ,2026-09-30,0,740.73,734.0,C,5.8,5.93,5.865,5.85,1752,824,0.2098,0.7067,0.0426,0.1344,-1.4799,8.6,8.6,4.4,5.59
2026-09-30T13:00:13+00:00,QQQ,2026-09-30,0,740.73,735.0,C,5.13,5.21,5.17,5.25,17069,7104,0.2094,0.6641,0.0457,0.1421,-1.7676,7.27,7.27,3.81,4.925
2026-09-30T13:00:13+00:00,QQQ,2026-09-30,0,740.73,736.0,C,4.48,4.55,4.515,4.54,16284,1866,0.2067,0.6184,0.0482,0.1484,-2.0992,6.28,6.44,3.29,4.3
2026-09-30T13:00:13+00:00,QQQ,2026-09-30,0,740.73,737.0,C,3.87,3.92,3.895,3.9,38847,2440,0.2046,0.57,0.0501,0.1527,-2.4714,5.72,5.9,2.81,3.715
2026-09-30T13:00:13+00:00,QQQ,2026-09-30,0,740.73,738.0,C,3.3,3.35,3.325,3.35,44656,5060,0.2023,0.5197,0.0513,0.1548,-2.7713,5.15,5.27,2.4,3.175
2026-09-30T13:00:13+00:00,QQQ,2026-09-30,0,740.73,739.0,C,2.78,2.83,2.805,2.77,41402,6076,0.2004,0.4682,0.0517,0.1545,-2.6742,4.6,4.6,2.01,2.685
2026-09-30T13:00:13+00:00,QQQ,2026-09-30,0,740.73,740.0,C,2.31,2.34,2.325,2.32,61907,15422,0.1987,0.4165,0.0511,0.1517,-2.2742,3.99,4.06,1.69,2.25
2026-09-30T13:00:13+00:00,QQQ,2026-09-30,0,740.73,741.0,C,1.88,1.92,1.9,1.9,25629,4935,0.1962,0.3656,0.0496,0.1465,-1.8712,3.45,3.47,1.4,1.865
2026-09-30T13:00:13+00:00,QQQ,2026-09-30,0,740.73,742.0,C,1.51,1.55,1.53,1.53,24416,4132,0.1938,0.3167,0.0472,0.139,-1.521,3.05,3.05,1.16,1.525
2026-09-30T13:00:13+00:00,QQQ,2026-09-30,0,740.73,743.0,C,1.18,1.22,1.2,1.22,14925,3942,0.1911,0.2706,0.044,0.1295,-1.2227,2.5,2.61,0.94,1.235
2026-09-30T13:00:13+00:00,QQQ,2026-09-30,0,740.73,744.0,C,0.91,0.94,0.925,0.94,14188,3321,0.1879,0.2282,0.0403,0.1187,-0.9724,2.15,2.15,0.76,0.995
2026-09-30T13:00:13+00:00,QQQ,2026-09-30,0,740.73,745.0,C,0.68,0.7,0.69,0.7,31178,20384,0.184,0.19,0.0362,0.107,-0.7655,1.82,1.9,0.62,0.795
2026-09-30T13:00:13+00:00,QQQ,2026-09-30,0,740.73,746.0,C,0.51,0.52,0.515,0.51,14780,5012,0.1815,0.1562,0.032,0.0949,-0.5967,1.5,1.5,0.5,0.625
2026-09-30T13:00:13+00:00,QQQ,2026-09-30,0,740.73,747.0,C,0.37,0.38,0.375,0.39,15061,16000,0.1808,0.1268,0.0277,0.0828,-0.4604,1.25,1.32,0.39,0.495
2026-09-30T13:00:13+00:00,QQQ,2026-09-30,0,740.73,748.0,C,0.27,0.29,0.28,0.27,16704,10519,0.1803,0.1017,0.0237,0.0712,-0.3518,0.9,0.94,0.27,0.385
2026-09-30T13:00:13+00:00,QQQ,2026-09-30,0,740.73,749.0,C,0.19,0.21,0.2,0.21,6155,2125,0.1812,0.0806,0.0199,0.0604,-0.2662,0.94,0.94,0.21,0.305
2026-09-30T13:00:13+00:00,QQQ,2026-09-30,0,740.73,750.0,C,0.15,0.16,0.155,0.16,19750,15156,0.183,0.0632,0.0164,0.0504,-0.1995,0.7,0.7,0.15,0.235
2026-09-30T13:00:13+00:00,QQQ,2026-09-30,0,740.73,751.0,C,0.11,0.12,0.115,0.12,4628,1898,0.1828,0.0489,0.0134,0.0415,-0.148,0.57,0.57,0.12,0.185
2026-09-30T13:00:13+00:00,QQQ,2026-09-30,0,740.73,752.0,C,0.08,0.09,0.085,0.09,3844,9075,0.1858,0.0375,0.0108,0.0338,-0.1089,0.44,0.44,0.09,0.145
2026-09-30T13:00:13+00:00,QQQ,2026-09-30,0,740.73,753.0,C,0.06,0.07,0.065,0.08,2244,1367,0.1885,0.0285,0.0086,0.0271,-0.0795,0.39,0.39,0.08,0.115
2026-09-30T13:00:13+00:00,QQQ,2026-09-30,0,740.73,754.0,C,0.04,0.06,0.05,0.06,1686,1137,0.1914,0.0214,0.0067,0.0216,-0.0576,0.29,0.29,0.05,0.085
2026-09-30T13:00:13+00:00,QQQ,2026-09-30,0,740.73,755.0,C,0.04,0.05,0.045,0.05,4390,5147,0.1986,0.016,0.0052,0.017,-0.0416,0.23,0.23,0.04,0.075
2026-09-30T13:00:13+00:00,QQQ,2026-09-30,0,740.73,756.0,C,0.03,0.04,0.035,0.04,1379,1385,0.2016,0.0119,0.004,0.0133,-0.03,0.19,0.19,0.03,0.055
2026-09-30T13:00:13+00:00,QQQ,2026-09-30,0,740.73,757.0,C,0.02,0.03,0.025,0.03,3004,1778,0.2024,0.0088,0.0031,0.0104,-0.0216,0.15,0.15,0.02,0.045
2026-09-30T13:00:13+00:00,QQQ,2026-09-30,0,740.73,758.0,C,0.02,0.03,0.025,0.03,2076,1916,0.2116,0.0067,0.0024,0.0082,-0.016,0.12,0.12,0.01,0.035
2026-09-30T13:00:13+00:00,QQQ,2026-09-30,0,740.73,759.0,C,0.01,0.03,0.02,0.03,1192,1929,0.2151,0.005,0.0018,0.0064,-0.0117,0.07,0.07,0.02,0.035
2026-09-30T13:00:13+00:00,QQQ,2026-09-30,0,740.73,760.0,C,0.01,0.02,0.015,0.02,1763,13435,0.2169,0.0038,0.0014,0.005,-0.0086,0.07,0.07,0.02,0.025
2026-09-30T13:00:13+00:00,QQQ,2026-09-30,0,740.73,761.0,C,0.01,0.02,0.015,0.02,467,1789,0.2258,0.0028,0.0011,0.0038,-0.0063,0.07,0.07,0.01,0.025
2026-09-30T13:00:13+00:00,QQQ,2026-09-30,0,740.73,762.0,C,0.01,0.02,0.015,0.03,2888,3437,0.2344,0.0022,0.0008,0.0031,-0.0049,0.03,0.04,0.01,0.015
2026-09-30T13:00:13+00:00,QQQ,2026-09-30,0,740.73,763.0,C,0.01,0.02,0.015,0.02,339,732,0.243,0.0017,0.0007,0.0025,-0.0038,0.03,0.05,0.01,0.015
2026-09-30T13:00:13+00:00,QQQ,2026-09-30,0,740.73,764.0,C,0.01,0.02,0.015,0.01,376,1058,0.2516,0.0014,0.0005,0.002,-0.003,0.02,0.03,0.01,0.015
2026-09-30T13:00:13+00:00,QQQ,2026-09-30,0,740.73,765.0,C,0.01,0.02,0.015,0.01,1034,8345,0.2602,0.0011,0.0004,0.0017,-0.0024,0.02,0.04,0.01,0.015
2026-09-30T13:00:13+00:00,QQQ,2026-09-30,0,740.73,766.0,C,0.01,0.02,0.015,0.01,94,731,0.2687,0.0009,0.0004,0.0014,-0.002,0.03,0.03,0.01,0.005
2026-09-30T13:00:13+00:00,QQQ,2026-09-30,0,740.73,767.0,C,0.01,0.02,0.015,0.01,149,1092,0.2772,0.0008,0.0003,0.0012,-0.0017,0.01,0.02,0.01,0.005
2026-09-30T13:00:13+00:00,QQQ,2026-09-30,0,740.73,768.0,C,0.01,0.02,0.015,0.01,1232,896,0.2857,0.0006,0.0002,0.001,-0.0014,0.03,0.03,0.01,0.005
2026-09-30T13:00:13+00:00,QQQ,2026-09-30,0,740.73,769.0,C,0.01,0.02,0.015,0.01,1635,1544,0.2941,0.0005,0.0002,0.0009,-0.0012,0.01,0.02,0.01,0.005
2026-09-30T13:00:13+00:00,QQQ,2026-09-30,0,740.73,770.0,C,0.0,0.02,0.01,0.01,560,4874,0.2905,0.0005,0.0002,0.0008,-0.001,0.02,0.03,0.01,0.005
2026-09-30T13:00:13+00:00,QQQ,2026-09-30,0,740.73,771.0,C,0.0,0.02,0.01,0.01,360,554,0.2985,0.0004,0.0001,0.0007,-0.0009,0.03,0.03,0.01,0.005
2026-09-30T13:00:13+00:00,QQQ,2026-09-30,0,740.73,772.0,C,0.0,0.02,0.01,0.01,2,3929,0.3065,0.0003,0.0001,0.0006,-0.0008,0.01,0.01,0.01,0.005
2026-09-30T13:00:13+00:00,QQQ,2026-09-30,0,740.73,773.0,C,0.0,0.02,0.01,0.01,532,607,0.3146,0.0003,0.0001,0.0005,-0.0007,0.01,0.02,0.01,0.005
2026-09-30T13:00:13+00:00,QQQ,2026-09-30,0,740.73,774.0,C,0.0,0.02,0.01,0.01,503,576,0.3225,0.0003,0.0001,0.0004,-0.0006,0.01,0.01,0.01,0.005
2026-09-30T13:00:13+00:00,QQQ,2026-09-30,0,740.73,775.0,C,0.0,0.02,0.01,0.01,155,1608,0.3305,0.0002,0.0001,0.0004,-0.0005,0.01,0.02,0.01,0.005
2026-09-30T13:00:13+00:00,QQQ,2026-09-30,0,740.73,776.0,C,0.0,0.02,0.01,0.01,3,617,0.3384,0.0002,0.0001,0.0004,-0.0005,0.02,0.02,0.01,0.005
2026-09-30T13:00:13+00:00,QQQ,2026-09-30,0,740.73,777.0,C,0.0,0.02,0.01,0.01,11,575,0.3463,0.0002,0.0001,0.0003,-0.0004,0.01,0.01,0.01,0.005
2026-09-30T13:00:13+00:00,QQQ,2026-09-30,0,740.73,778.0,C,0.0,0.02,0.01,0.01,3,413,0.3542,0.0001,0.0001,0.0003,-0.0004,0.01,0.01,0.01,0.005
2026-09-30T13:00:13+00:00,QQQ,2026-09-30,0,740.73,780.0,C,0.0,0.01,0.01,0.01,373,2111,0.3478,0.0001,0.0,0.0002,-0.0003,0.01,0.01,0.01,0.005
2026-09-30T13:00:13+00:00,QQQ,2026-09-30,0,740.73,781.0,C,0.0,0.02,0.01,0.01,240,231,0.3777,0.0001,0.0,0.0002,-0.0003,0.01,0.02,0.01,0.005
2026-09-30T13:00:13+00:00,QQQ,2026-09-30,0,740.73,782.0,C,0.0,0.02,0.01,0.01,544,633,0.3855,0.0001,0.0,0.0002,-0.0002,0.01,0.02,0.01,0.005
2026-09-30T13:00:13+00:00,QQQ,2026-09-30,0,740.73,784.0,C,0.0,0.02,0.01,0.01,49,149,0.401,0.0001,0.0,0.0001,-0.0002,0.01,0.01,0.01,0.005
2026-09-30T13:00:13+00:00,QQQ,2026-09-30,0,740.73,785.0,C,0.0,0.02,0.01,0.01,6,1170,0.4087,0.0001,0.0,0.0001,-0.0002,0.01,0.01,0.01,0.005
2026-09-30T13:00:13+00:00,QQQ,2026-09-30,0,740.73,787.0,C,0.0,0.02,0.01,0.01,50,136,0.424,0.0,0.0,0.0001,-0.0001,0.01,0.01,0.01,0.005
2026-09-30T13:00:13+00:00,QQQ,2026-09-30,0,740.73,788.0,C,0.0,0.02,0.01,0.01,3,144,0.4316,0.0,0.0,0.0001,-0.0001,0.01,0.01,0.01,0.005
2026-09-30T13:00:13+00:00,QQQ,2026-09-30,0,740.73,799.0,C,0.0,0.01,0.01,0.01,7,285,0.4852,0.0,0.0,0.0,0.0,0.01,0.01,0.01,0.005
2026-09-30T13:00:13+00:00,QQQ,2026-09-30,0,740.73,800.0,C,0.0,0.01,0.01,0.01,103,4905,0.4922,0.0,0.0,0.0,0.0,0.01,0.02,0.01,0.005
2026-09-30T13:00:13+00:00,QQQ,2026-09-30,0,740.73,802.0,C,0.0,0.01,0.01,0.01,67,220,0.5064,0.0,0.0,0.0,0.0,0.01,0.01,0.01,0.005
2026-09-30T13:00:13+00:00,QQQ,2026-09-30,0,740.73,803.0,C,0.0,0.01,0.01,0.01,81,203,0.5134,0.0,0.0,0.0,0.0,0.01,0.01,0.01,0.005
2026-09-30T13:00:13+00:00,QQQ,2026-09-30,0,740.73,885.0,C,0.0,0.01,0.01,0.01,21,499,1.0416,0.0,0.0,0.0,0.0,0.01,0.01,0.01,0.005
2026-09-30T13:00:13+00:00,QQQ,2026-09-30,0,740.73,890.0,C,0.0,0.01,0.01,0.01,2,216,1.0714,0.0,0.0,0.0,0.0,0.01,0.01,0.01,0.005
2026-09-30T13:00:13+00:00,QQQ,2026-09-30,0,740.73,520.0,P,0.0,0.01,0.01,0.01,1,18126,1.9607,0.0,0.0,0.0001,-0.0005,0.01,0.01,0.01,0.005
2026-09-30T13:00:13+00:00,QQQ,2026-09-30,0,740.73,560.0,P,0.0,0.01,0.01,0.01,2,657,1.5678,-0.0001,0.0,0.0001,-0.0007,0.01,0.01,0.01,0.005
2026-09-30T13:00:13+00:00,QQQ,2026-09-30,0,740.73,565.0,P,0.0,0.01,0.01,0.01,1,2617,1.5204,-0.0001,0.0,0.0001,-0.0008,0.01,0.01,0.01,0.005
2026-09-30T13:00:13+00:00,QQQ,2026-09-30,0,740.73,575.0,P,0.0,0.01,0.01,0.01,1,5887,1.4266,-0.0001,0.0,0.0001,-0.0009,0.01,0.01,0.01,0.005
2026-09-30T13:00:13+00:00,QQQ,2026-09-30,0,740.73,580.0,P,0.0,0.01,0.01,0.01,18,1327,1.3802,-0.0001,0.0,0.0001,-0.0009,0.01,0.01,0.01,0.005
2026-09-30T13:00:13+00:00,QQQ,2026-09-30,0,740.73,585.0,P,0.0,0.01,0.01,0.01,103,1036,1.3342,-0.0001,0.0,0.0001,-0.001,0.02,0.02,0.01,0.005
2026-09-30T13:00:13+00:00,QQQ,2026-09-30,0,740.73,590.0,P,0.0,0.01,0.01,0.01,150,1297,1.2884,-0.0001,0.0,0.0002,-0.0011,0.02,0.02,0.01,0.005
2026-09-30T13:00:13+00:00,QQQ,2026-09-30,0,740.73,595.0,P,0.0,0.02,0.01,0.01,996,1452,1.3094,-0.0001,0.0,0.0002,-0.0012,0.01,0.02,0.01,0.01
2026-09-30T13:00:13+00:00,QQQ,2026-09-30,0,740.73,600.0,P,0.0,0.01,0.01,0.01,12,16060,1.1978,-0.0001,0.0,0.0002,-0.0013,0.01,0.01,0.01,0.005
2026-09-30T13:00:13+00:00,QQQ,2026-09-30,0,740.73,605.0,P,0.0,0.01,0.01,0.01,10439,11802,1.153,-0.0001,0.0,0.0002,-0.0014,0.01,0.02,0.01,0.005
2026-09-30T13:00:13+00:00,QQQ,2026-09-30,0,740.73,610.0,P,0.0,0.02,0.01,0.01,672,5289,1.1685,-0.0002,0.0,0.0002,-0.0015,0.01,0.02,0.01,0.01
2026-09-30T13:00:13+00:00,QQQ,2026-09-30,0,740.73,615.0,P,0.0,0.02,0.01,0.01,705,1347,1.1221,-0.0002,0.0,0.0003,-0.0017,0.01,0.02,0.01,0.01
2026-09-30T13:00:13+00:00,QQQ,2026-09-30,0,740.73,620.0,P,0.0,0.01,0.01,0.01,973,3086,1.0201,-0.0002,0.0,0.0003,-0.0018,0.02,0.02,0.01,0.015
2026-09-30T13:00:13+00:00,QQQ,2026-09-30,0,740.73,625.0,P,0.0,0.01,0.01,0.01,154,2186,0.9762,-0.0002,0.0,0.0004,-0.002,0.02,0.02,0.01,0.015
2026-09-30T13:00:13+00:00,QQQ,2026-09-30,0,740.73,630.0,P,0.0,0.02,0.02,0.02,380,1992,0.9844,-0.0003,0.0,0.0004,-0.0023,0.02,0.02,0.01,0.015
2026-09-30T13:00:13+00:00,QQQ,2026-09-30,0,740.73,635.0,P,0.0,0.02,0.01,0.01,132,1395,0.939,-0.0003,0.0,0.0005,-0.0026,0.01,0.03,0.01,0.015
2026-09-30T13:00:13+00:00,QQQ,2026-09-30,0,740.73,640.0,P,0.0,0.02,0.01,0.01,27,7664,0.8938,-0.0004,0.0,0.0005,-0.0029,0.02,0.02,0.01,0.015
2026-09-30T13:00:13+00:00,QQQ,2026-09-30,0,740.73,645.0,P,0.0,0.02,0.01,0.01,53,1611,0.8488,-0.0004,0.0,0.0006,-0.0033,0.01,0.01,0.01,0.015
2026-09-30T13:00:13+00:00,QQQ,2026-09-30,0,740.73,650.0,P,0.0,0.01,0.02,0.02,492,24622,0.7606,-0.0005,0.0001,0.0007,-0.0038,0.01,0.02,0.01,0.015
2026-09-30T13:00:13+00:00,QQQ,2026-09-30,0,740.73,651.0,P,0.0,0.02,0.02,0.02,507,875,0.795,-0.0006,0.0001,0.0008,-0.0039,0.02,0.03,0.01,0.015
2026-09-30T13:00:13+00:00,QQQ,2026-09-30,0,740.73,652.0,P,0.0,0.02,0.01,0.01,180,196,0.7861,-0.0006,0.0001,0.0008,-0.004,0.01,0.02,0.01,0.015
2026-09-30T13:00:13+00:00,QQQ,2026-09-30,0,740.73,653.0,P,0.0,0.02,0.01,0.01,198,146,0.7771,-0.0006,0.0001,0.0008,-0.0041,0.02,0.03,0.01,0.015
2026-09-30T13:00:13+00:00,QQQ,2026-09-30,0,740.73,654.0,P,0.0,0.02,0.01,0.01,295,326,0.7682,-0.0006,0.0001,0.0008,-0.0042,0.01,0.04,0.01,0.015
2026-09-30T13:00:13+00:00,QQQ,2026-09-30,0,740.73,655.0,P,0.0,0.02,0.02,0.02,496,1965,0.7593,-0.0006,0.0001,0.0009,-0.0043,0.02,0.03,0.01,0.015
2026-09-30T13:00:13+00:00,QQQ,2026-09-30,0,740.73,656.0,P,0.0,0.02,0.01,0.01,672,373,0.7504,-0.0007,0.0001,0.0009,-0.0045,0.01,0.03,0.01,0.015
2026-09-30T13:00:13+00:00,QQQ,2026-09-30,0,740.73,657.0,P,0.0,0.02,0.02,0.02,582,449,0.7415,-0.0007,0.0001,0.0009,-0.0046,0.02,0.03,0.01,0.015
2026-09-30T13:00:13+00:00,QQQ,2026-09-30,0,740.73,658.0,P,0.0,0.02,0.03,0.03,300,277,0.7326,-0.0007,0.0001,0.001,-0.0048,0.01,0.03,0.01,0.015
2026-09-30T13:00:13+00:00,QQQ,2026-09-30,0,740.73,659.0,P,0.0,0.02,0.01,0.01,272,177,0.7237,-0.0007,0.0001,0.001,-0.0049,0.02,0.03,0.01,0.015
2026-09-30T13:00:13+00:00,QQQ,2026-09-30,0,740.73,660.0,P,0.01,0.02,0.015,0.01,818,8777,0.7407,-0.0008,0.0001,0.001,-0.005,0.02,0.02,0.01,0.015
2026-09-30T13:00:13+00:00,QQQ,2026-09-30,0,740.73,661.0,P,0.01,0.02,0.015,0.02,738,713,0.7316,-0.0008,0.0001,0.0011,-0.0052,0.01,0.03,0.01,0.015
2026-09-30T13:00:13+00:00,QQQ,2026-09-30,0,740.73,662.0,P,0.01,0.02,0.015,0.02,81,195,0.7224,-0.0008,0.0001,0.0011,-0.0054,0.02,0.03,0.02,0.015
2026-09-30T13:00:13+00:00,QQQ,2026-09-30,0,740.73,663.0,P,0.01,0.02,0.015,0.01,2,673,0.7133,-0.0009,0.0001,0.0012,-0.0056,0.02,0.02,0.01,0.015
2026-09-30T13:00:13+00:00,QQQ,2026-09-30,0,740.73,664.0,P,0.01,0.02,0.015,0.02,1122,3247,0.7042,-0.0009,0.0001,0.0012,-0.0057,0.02,0.03,0.01,0.015
2026-09-30T13:00:13+00:00,QQQ,2026-09-30,0,740.73,665.0,P,0.01,0.02,0.015,0.01,339,5142,0.695,-0.0009,0.0001,0.0012,-0.0059,0.01,0.03,0.01,0.015
2026-09-30T13:00:13+00:00,QQQ,2026-09-30,0,740.73,666.0,P,0.01,0.02,0.015,0.02,10,5017,0.6859,-0.001,0.0001,0.0013,-0.0061,0.02,0.02,0.02,0.015
2026-09-30T13:00:13+00:00,QQQ,2026-09-30,0,740.73,667.0,P,0.01,0.02,0.015,0.02,52,1282,0.6768,-0.001,0.0001,0.0014,-0.0063,0.03,0.03,0.02,0.015
2026-09-30T13:00:13+00:00,QQQ,2026-09-30,0,740.73,668.0,P,0.01,0.02,0.015,0.02,29,452,0.6677,-0.001,0.0001,0.0014,-0.0066,0.02,0.03,0.02,0.015
2026-09-30T13:00:13+00:00,QQQ,2026-09-30,0,740.73,669.0,P,0.01,0.02,0.015,0.02,155,548,0.6586,-0.0011,0.0001,0.0015,-0.0068,0.02,0.03,0.02,0.015
2026-09-30T13:00:13+00:00,QQQ,2026-09-30,0,740.73,670.0,P,0.01,0.02,0.015,0.01,533,3918,0.6494,-0.0011,0.0002,0.0015,-0.007,0.03,0.03,0.01,0.015
2026-09-30T13:00:13+00:00,QQQ,2026-09-30,0,740.73,671.0,P,0.01,0.02,0.015,0.02,464,512,0.6404,-0.0012,0.0002,0.0016,-0.0073,0.02,0.02,0.01,0.015
2026-09-30T13:00:13+00:00,QQQ,2026-09-30,0,740.73,672.0,P,0.01,0.02,0.015,0.01,70,250,0.6312,-0.0012,0.0002,0.0016,-0.0076,0.02,0.02,0.01,0.015
2026-09-30T13:00:13+00:00,QQQ,2026-09-30,0,740.73,673.0,P,0.01,0.02,0.015,0.02,130,222,0.6222,-0.0013,0.0002,0.0017,-0.0078,0.02,0.02,0.01,0.015
2026-09-30T13:00:13+00:00,QQQ,2026-09-30,0,740.73,674.0,P,0.01,0.02,0.015,0.02,31,177,0.613,-0.0014,0.0002,0.0018,-0.0081,0.02,0.02,0.02,0.015
2026-09-30T13:00:13+00:00,QQQ,2026-09-30,0,740.73,675.0,P,0.01,0.02,0.015,0.03,2578,11012,0.604,-0.0014,0.0002,0.0019,-0.0084,0.02,0.03,0.01,0.015
2026-09-30T13:00:13+00:00,QQQ,2026-09-30,0,740.73,676.0,P,0.01,0.02,0.015,0.01,754,22079,0.5949,-0.0015,0.0002,0.0019,-0.0088,0.02,0.03,0.01,0.015
2026-09-30T13:00:13+00:00,QQQ,2026-09-30,0,740.73,677.0,P,0.01,0.02,0.015,0.02,475,1206,0.5858,-0.0016,0.0002,0.002,-0.0091,0.02,0.03,0.01,0.02
2026-09-30T13:00:13+00:00,QQQ,2026-09-30,0,740.73,678.0,P,0.01,0.02,0.015,0.02,108,203,0.5767,-0.0016,0.0002,0.0021,-0.0094,0.02,0.03,0.01,0.02
2026-09-30T13:00:13+00:00,QQQ,2026-09-30,0,740.73,679.0,P,0.01,0.02,0.015,0.02,1224,865,0.5676,-0.0017,0.0003,0.0022,-0.0098,0.02,0.03,0.01,0.02
2026-09-30T13:00:13+00:00,QQQ,2026-09-30,0,740.73,680.0,P,0.01,0.02,0.015,0.03,2008,16282,0.5586,-0.0018,0.0003,0.0023,-0.0102,0.01,0.03,0.01,0.02
2026-09-30T13:00:13+00:00,QQQ,2026-09-30,0,740.73,681.0,P,0.01,0.02,0.015,0.03,51,14388,0.5495,-0.0019,0.0003,0.0024,-0.0106,0.01,0.03,0.01,0.02
2026-09-30T13:00:13+00:00,QQQ,2026-09-30,0,740.73,682.0,P,0.01,0.02,0.015,0.03,35,2041,0.5404,-0.002,0.0003,0.0025,-0.0111,0.01,0.03,0.01,0.02
2026-09-30T13:00:13+00:00,QQQ,2026-09-30,0,740.73,683.0,P,0.01,0.02,0.015,0.02,218,730,0.5313,-0.0021,0.0003,0.0026,-0.0116,0.02,0.02,0.01,0.02
2026-09-30T13:00:13+00:00,QQQ,2026-09-30,0,740.73,684.0,P,0.01,0.02,0.015,0.02,54,403,0.5223,-0.0022,0.0003,0.0028,-0.0121,0.03,0.03,0.02,0.02
2026-09-30T13:00:13+00:00,QQQ,2026-09-30,0,740.73,685.0,P,0.01,0.02,0.015,0.01,132,9111,0.5132,-0.0023,0.0004,0.0029,-0.0126,0.02,0.03,0.01,0.02
2026-09-30T13:00:13+00:00,QQQ,2026-09-30,0,740.73,686.0,P,0.01,0.02,0.015,0.02,112,392,0.5041,-0.0024,0.0004,0.0031,-0.0132,0.03,0.03,0.02,0.025
2026-09-30T13:00:13+00:00,QQQ,2026-09-30,0,740.73,687.0,P,0.01,0.02,0.015,0.02,136,14676,0.495,-0.0026,0.0004,0.0032,-0.0138,0.02,0.03,0.01,0.025
2026-09-30T13:00:13+00:00,QQQ,2026-09-30,0,740.73,688.0,P,0.01,0.02,0.015,0.02,100,795,0.486,-0.0027,0.0004,0.0034,-0.0144,0.02,0.02,0.02,0.025
2026-09-30T13:00:13+00:00,QQQ,2026-09-30,0,740.73,689.0,P,0.01,0.02,0.015,0.02,89,224,0.4769,-0.0029,0.0005,0.0035,-0.015,0.02,0.03,0.02,0.025
2026-09-30T13:00:13+00:00,QQQ,2026-09-30,0,740.73,690.0,P,0.01,0.02,0.015,0.01,774,24724,0.4678,-0.003,0.0005,0.0037,-0.0158,0.03,0.04,0.01,0.025
2026-09-30T13:00:13+00:00,QQQ,2026-09-30,0,740.73,691.0,P,0.01,0.02,0.015,0.02,78,790,0.4588,-0.0032,0.0005,0.0039,-0.0165,0.02,0.03,0.02,0.025
2026-09-30T13:00:13+00:00,QQQ,2026-09-30,0,740.73,692.0,P,0.01,0.03,0.02,0.01,378,646,0.4628,-0.0034,0.0006,0.0041,-0.0173,0.03,0.04,0.01,0.025
2026-09-30T13:00:13+00:00,QQQ,2026-09-30,0,740.73,693.0,P,0.01,0.03,0.02,0.02,297,770,0.4535,-0.0036,0.0006,0.0044,-0.0182,0.03,0.04,0.02,0.025
2026-09-30T13:00:13+00:00,QQQ,2026-09-30,0,740.73,694.0,P,0.01,0.02,0.015,0.02,129,788,0.4315,-0.0038,0.0007,0.0046,-0.0191,0.02,0.03,0.01,0.025
2026-09-30T13:00:13+00:00,QQQ,2026-09-30,0,740.73,695.0,P,0.01,0.03,0.02,0.03,172,18640,0.4349,-0.004,0.0007,0.0048,-0.0201,0.03,0.05,0.02,0.025
2026-09-30T13:00:13+00:00,QQQ,2026-09-30,0,740.73,696.0,P,0.01,0.03,0.02,0.02,21,2911,0.4256,-0.0043,0.0008,0.0051,-0.0211,0.04,0.04,0.02,0.025
2026-09-30T13:00:13+00:00,QQQ,2026-09-30,0,740.73,697.0,P,0.01,0.03,0.02,0.03,21,485,0.4163,-0.0046,0.0008,0.0054,-0.0222,0.03,0.04,0.03,0.025
2026-09-30T13:00:13+00:00,QQQ,2026-09-30,0,740.73,698.0,P,0.01,0.03,0.02,0.02,374,1252,0.407,-0.0049,0.0009,0.0057,-0.0234,0.05,0.06,0.02,0.025
2026-09-30T13:00:13+00:00,QQQ,2026-09-30,0,740.73,699.0,P,0.01,0.03,0.02,0.02,1150,1677,0.3976,-0.0052,0.0009,0.0061,-0.0247,0.04,0.05,0.02,0.025
2026-09-30T13:00:13+00:00,QQQ,2026-09-30,0,740.73,700.0,P,0.02,0.03,0.025,0.02,1290,23840,0.3977,-0.0056,0.001,0.0064,-0.0261,0.05,0.05,0.01,0.025
2026-09-30T13:00:13+00:00,QQQ,2026-09-30,0,740.73,701.0,P,0.01,0.03,0.02,0.03,422,1133,0.379,-0.0059,0.0011,0.0068,-0.0275,0.04,0.06,0.02,0.035
2026-09-30T13:00:13+00:00,QQQ,2026-09-30,0,740.73,702.0,P,0.02,0.03,0.025,0.03,955,988,0.3787,-0.0063,0.0012,0.0072,-0.0291,0.04,0.06,0.02,0.035
2026-09-30T13:00:13+00:00,QQQ,2026-09-30,0,740.73,703.0,P,0.01,0.03,0.02,0.04,1707,874,0.3603,-0.0068,0.0013,0.0077,-0.0308,0.06,0.06,0.03,0.035
2026-09-30T13:00:13+00:00,QQQ,2026-09-30,0,740.73,704.0,P,0.01,0.02,0.015,0.01,368,833,0.3509,-0.0073,0.0014,0.0082,-0.0327,0.06,0.07,0.01,0.035
2026-09-30T13:00:13+00:00,QQQ,2026-09-30,0,740.73,705.0,P,0.01,0.03,0.02,0.03,1034,22528,0.3415,-0.0078,0.0015,0.0087,-0.0347,0.06,0.07,0.03,0.035
2026-09-30T13:00:13+00:00,QQQ,2026-09-30,0,740.73,706.0,P,0.01,0.03,0.02,0.03,964,1360,0.3322,-0.0084,0.0016,0.0093,-0.0369,0.06,0.08,0.03,0.045
2026-09-30T13:00:13+00:00,QQQ,2026-09-30,0,740.73,707.0,P,0.02,0.03,0.025,0.03,1017,2276,0.3309,-0.0091,0.0018,0.01,-0.0393,0.06,0.08,0.02,0.045
2026-09-30T13:00:13+00:00,QQQ,2026-09-30,0,740.73,708.0,P,0.02,0.03,0.025,0.03,2668,1105,0.3213,-0.0098,0.002,0.0106,-0.0419,0.07,0.09,0.03,0.045
2026-09-30T13:00:13+00:00,QQQ,2026-09-30,0,740.73,709.0,P,0.02,0.03,0.025,0.02,670,2238,0.3116,-0.0106,0.0021,0.0114,-0.0447,0.07,0.1,0.02,0.055
2026-09-30T13:00:13+00:00,QQQ,2026-09-30,0,740.73,710.0,P,0.02,0.03,0.025,0.02,4208,10223,0.302,-0.0114,0.0023,0.0122,-0.0479,0.09,0.11,0.02,0.055
2026-09-30T13:00:13+00:00,QQQ,2026-09-30,0,740.73,711.0,P,0.02,0.03,0.025,0.03,1374,2537,0.3044,-0.0124,0.0026,0.0131,-0.0514,0.09,0.12,0.03,0.055
2026-09-30T13:00:13+00:00,QQQ,2026-09-30,0,740.73,712.0,P,0.03,0.04,0.035,0.04,1970,2625,0.2944,-0.0136,0.0028,0.0141,-0.0552,0.1,0.14,0.03,0.065
2026-09-30T13:00:13+00:00,QQQ,2026-09-30,0,740.73,713.0,P,0.03,0.04,0.035,0.04,1224,1520,0.2844,-0.0148,0.0031,0.0153,-0.0597,0.11,0.16,0.04,0.065
2026-09-30T13:00:13+00:00,QQQ,2026-09-30,0,740.73,714.0,P,0.03,0.05,0.04,0.05,1489,2772,0.2791,-0.0162,0.0035,0.0166,-0.0647,0.12,0.18,0.05,0.075
2026-09-30T13:00:13+00:00,QQQ,2026-09-30,0,740.73,715.0,P,0.04,0.05,0.045,0.05,3528,10549,0.2731,-0.0179,0.0039,0.018,-0.0705,0.13,0.21,0.05,0.085
2026-09-30T13:00:13+00:00,QQQ,2026-09-30,0,740.73,716.0,P,0.04,0.06,0.05,0.05,1297,4371,0.2665,-0.0198,0.0043,0.0196,-0.0774,0.13,0.24,0.05,0.095
2026-09-30T13:00:13+00:00,QQQ,2026-09-30,0,740.73,717.0,P,0.05,0.06,0.055,0.06,5786,3333,0.2594,-0.0221,0.0049,0.0215,-0.0854,0.14,0.26,0.06,0.105
2026-09-30T13:00:13+00:00,QQQ,2026-09-30,0,740.73,718.0,P,0.06,0.07,0.065,0.07,2753,4091,0.2549,-0.0248,0.0055,0.0237,-0.0951,0.17,0.3,0.07,0.125
2026-09-30T13:00:13+00:00,QQQ,2026-09-30,0,740.73,719.0,P,0.07,0.08,0.075,0.1,4307,2320,0.2493,-0.0281,0.0062,0.0262,-0.1069,0.18,0.36,0.09,0.135
2026-09-30T13:00:13+00:00,QQQ,2026-09-30,0,740.73,720.0,P,0.08,0.09,0.085,0.1,30030,45414,0.243,-0.032,0.0071,0.0292,-0.1214,0.22,0.41,0.1,0.155
2026-09-30T13:00:13+00:00,QQQ,2026-09-30,0,740.73,721.0,P,0.09,0.11,0.1,0.1,5310,3072,0.2379,-0.0367,0.0082,0.0326,-0.1393,0.24,0.46,0.1,0.185
2026-09-30T13:00:13+00:00,QQQ,2026-09-30,0,740.73,722.0,P,0.11,0.13,0.12,0.12,6465,3269,0.2352,-0.0425,0.0094,0.0366,-0.1616,0.28,0.54,0.12,0.225
2026-09-30T13:00:13+00:00,QQQ,2026-09-30,0,740.73,723.0,P,0.14,0.15,0.145,0.14,6949,4071,0.2294,-0.0496,0.0108,0.0414,-0.1895,0.3,0.6,0.14,0.265
2026-09-30T13:00:13+00:00,QQQ,2026-09-30,0,740.73,724.0,P,0.17,0.18,0.175,0.17,7285,2907,0.2252,-0.0582,0.0126,0.0468,-0.2243,0.38,0.71,0.17,0.315
2026-09-30T13:00:13+00:00,QQQ,2026-09-30,0,740.73,725.0,P,0.21,0.22,0.215,0.21,13863,9083,0.2195,-0.0686,0.0145,0.0531,-0.2678,0.47,0.82,0.21,0.385
2026-09-30T13:00:13+00:00,QQQ,2026-09-30,0,740.73,726.0,P,0.25,0.28,0.265,0.26,8214,4682,0.2185,-0.0812,0.0168,0.0602,-0.322,0.46,0.95,0.26,0.455
2026-09-30T13:00:13+00:00,QQQ,2026-09-30,0,740.73,727.0,P,0.32,0.34,0.33,0.34,14788,8135,0.2159,-0.0962,0.0194,0.068,-0.3892,0.57,1.13,0.33,0.555
2026-09-30T13:00:13+00:00,QQQ,2026-09-30,0,740.73,728.0,P,0.42,0.43,0.425,0.43,11655,4151,0.2156,-0.114,0.0222,0.0767,-0.4721,0.7,1.28,0.43,0.665
2026-09-30T13:00:13+00:00,QQQ,2026-09-30,0,740.73,729.0,P,0.51,0.54,0.525,0.53,8521,2276,0.2131,-0.135,0.0254,0.086,-0.5736,0.82,1.45,0.53,0.805
2026-09-30T13:00:13+00:00,QQQ,2026-09-30,0,740.73,730.0,P,0.66,0.67,0.665,0.67,89859,67863,0.2128,-0.1593,0.0287,0.0958,-0.6969,0.9,1.71,0.66,0.965
2026-09-30T13:00:13+00:00,QQQ,2026-09-30,0,740.73,731.0,P,0.81,0.84,0.825,0.84,16840,3284,0.2122,-0.1872,0.0322,0.1059,-0.8455,1.01,1.98,0.83,1.155
2026-09-30T13:00:13+00:00,QQQ,2026-09-30,0,740.73,732.0,P,1.01,1.04,1.025,1.04,17950,5436,0.2118,-0.2188,0.0358,0.1158,-1.0231,1.19,2.27,1.02,1.375
2026-09-30T13:00:13+00:00,QQQ,2026-09-30,0,740.73,733.0,P,1.25,1.27,1.26,1.27,19703,3172,0.211,-0.2542,0.0393,0.1255,-1.2335,1.48,2.62,1.24,1.635
2026-09-30T13:00:13+00:00,QQQ,2026-09-30,0,740.73,734.0,P,1.5,1.54,1.52,1.53,23994,4392,0.21,-0.2933,0.0426,0.1344,-1.4805,1.69,3.03,1.47,1.925
2026-09-30T13:00:13+00:00,QQQ,2026-09-30,0,740.73,735.0,P,1.8,1.83,1.815,1.83,49929,11383,0.2081,-0.3359,0.0457,0.1421,-1.768,1.98,3.45,1.72,2.255
2026-09-30T13:00:13+00:00,QQQ,2026-09-30,0,740.73,736.0,P,2.14,2.16,2.15,2.15,90454,60352,0.2061,-0.3816,0.0482,0.1484,-2.0996,2.21,3.92,2.0,2.625
2026-09-30T13:00:13+00:00,QQQ,2026-09-30,0,740.73,737.0,P,2.53,2.58,2.555,2.54,44466,9085,0.2047,-0.43,0.0502,0.1527,-2.4717,2.48,4.46,2.3,3.045
2026-09-30T13:00:13+00:00,QQQ,2026-09-30,0,740.73,738.0,P,2.95,3.0,2.975,2.95,36488,4259,0.2025,-0.4804,0.0514,0.1548,-2.7715,2.93,5.01,2.66,3.51
2026-09-30T13:00:13+00:00,QQQ,2026-09-30,0,740.73,739.0,P,3.43,3.48,3.455,3.43,21853,3360,0.2002,-0.532,0.0518,0.1545,-2.6744,3.27,5.66,3.03,4.02
2026-09-30T13:00:13+00:00,QQQ,2026-09-30,0,740.73,740.0,P,3.96,4.01,3.985,3.95,14719,3598,0.1982,-0.5839,0.0513,0.1516,-2.2746,3.61,6.31,3.48,4.58
2026-09-30T13:00:13+00:00,QQQ,2026-09-30,0,740.73,741.0,P,4.52,4.6,4.56,4.54,3188,1156,0.1966,-0.635,0.0498,0.1463,-1.872,4.16,7.0,4.0,5.2
2026-09-30T13:00:13+00:00,QQQ,2026-09-30,0,740.73,742.0,P,5.13,5.22,5.175,5.34,2904,1950,0.1936,-0.6843,0.0476,0.1388,-1.5224,4.72,7.7,4.52,5.87
2026-09-30T13:00:13+00:00,QQQ,2026-09-30,0,740.73,743.0,P,5.77,5.91,5.84,6.07,648,795,0.1891,-0.7308,0.0446,0.1292,-1.2252,5.29,8.2,5.1,6.585
2026-09-30T13:00:13+00:00,QQQ,2026-09-30,0,740.73,744.0,P,6.49,6.64,6.565,6.73,552,711,0.186,-0.7739,0.041,0.1179,-0.9767,5.85,9.2,5.8,7.335
2026-09-30T13:00:13+00:00,QQQ,2026-09-30,0,740.73,745.0,P,7.26,7.41,7.335,7.47,489,1673,0.1824,-0.8129,0.037,0.1056,-0.7721,6.82,9.9,6.41,8.135
2026-09-30T13:00:13+00:00,QQQ,2026-09-30,0,740.73,746.0,P,7.96,8.22,8.09,8.24,316,679,0.1712,-0.8474,0.0328,0.0936,-0.606,7.29,10.68,7.23,8.8
2026-09-30T13:00:13+00:00,QQQ,2026-09-30,0,740.73,747.0,P,8.66,9.53,9.095,9.39,1613,1637,0.1872,-0.8776,0.0285,0.0808,-0.4739,9.6,11.64,8.02,9.79
2026-09-30T13:00:13+00:00,QQQ,2026-09-30,0,740.73,748.0,P,9.69,10.22,9.955,9.97,655,492,0.1804,-0.9034,0.0244,0.0679,-0.37,10.45,12.56,8.83,10.715
2026-09-30T13:00:13+00:00,QQQ,2026-09-30,0,740.73,749.0,P,10.67,11.2,10.935,11.08,144,90,0.1902,-0.9251,0.0204,0.0568,-0.2894,9.68,13.49,9.68,11.485
2026-09-30T13:00:13+00:00,QQQ,2026-09-30,0,740.73,750.0,P,11.54,12.15,11.845,11.9,590,594,0.1826,-0.943,0.0168,0.0468,-0.228,11.08,14.45,10.45,12.505
2026-09-30T13:00:13+00:00,QQQ,2026-09-30,0,740.73,751.0,P,12.57,12.94,12.755,12.79,82,42,0.1554,-0.9574,0.0135,0.0366,-0.183,13.16,15.63,11.71,13.545
2026-09-30T13:00:13+00:00,QQQ,2026-09-30,0,740.73,752.0,P,12.72,15.55,14.135,13.85,91,29,0.2658,-0.9688,0.0106,0.0288,-0.1498,14.1,16.57,12.61,14.58
2026-09-30T13:00:13+00:00,QQQ,2026-09-30,0,740.73,753.0,P,13.68,16.23,14.955,14.71,29,16,0.2467,-0.9776,0.0082,0.0225,-0.1257,13.7,16.04,13.29,15.56
2026-09-30T13:00:13+00:00,QQQ,2026-09-30,0,740.73,754.0,P,14.7,17.23,15.965,13.96,13,0,0.2617,-0.9842,0.0062,0.0162,-0.1096,16.07,16.46,13.96,16.465
2026-09-30T13:00:13+00:00,QQQ,2026-09-30,0,740.73,755.0,P,15.71,18.53,17.12,17.36,170,4,0.3048,-0.989,0.0046,0.0122,-0.0983,16.55,19.0,15.47,17.51
2026-09-30T13:00:13+00:00,QQQ,2026-09-30,0,740.73,756.0,P,17.05,19.19,18.12,18.16,64,14,0.3012,-0.9926,0.0033,0.009,-0.0906,18.34,19.81,17.67,17.745
2026-09-30T13:00:13+00:00,QQQ,2026-09-30,0,740.73,757.0,P,17.69,20.27,18.98,19.04,16,1,0.303,-0.9949,0.0023,0.0061,-0.0859,19.16,19.95,18.96,18.795
2026-09-30T13:00:13+00:00,QQQ,2026-09-30,0,740.73,758.0,P,19.04,21.52,20.28,20.15,4,0,0.3757,-0.9966,0.0016,0.0045,-0.0827,20.79,21.0,20.15,19.775
2026-09-30T13:00:13+00:00,QQQ,2026-09-30,0,740.73,759.0,P,19.7,22.52,21.11,20.94,4,0,0.356,-0.9977,0.0012,0.003,-0.0807,22.02,22.02,20.94,20.745
2026-09-30T13:00:13+00:00,QQQ,2026-09-30,0,740.73,760.0,P,20.7,23.25,21.975,22.8,82,30,0.3387,-0.9985,0.0008,0.0022,-0.0795,19.97,24.52,19.03,22.57
2026-09-30T13:00:13+00:00,QQQ,2026-09-30,0,740.73,761.0,P,21.71,24.24,22.975,22.6,8,0,0.3508,-0.999,0.0006,0.0015,-0.0787,24.05,24.19,22.6,22.755
2026-09-30T13:00:13+00:00,QQQ,2026-09-30,0,740.73,762.0,P,22.71,25.24,23.975,24.93,10,2,0.3629,-0.9993,0.0004,0.0011,-0.0782,24.93,24.93,24.93,23.76
2026-09-30T13:00:13+00:00,QQQ,2026-09-30,0,740.73,763.0,P,23.72,26.23,24.975,26.52,0,0,0.3748,-0.9995,0.0003,0.0008,-0.0779,0.0,0.0,0.0,24.755
2026-09-30T13:00:13+00:00,QQQ,2026-09-30,0,740.73,764.0,P,24.72,27.23,25.975,27.45,3,0,0.3866,-0.9996,0.0002,0.0006,-0.0777,26.48,28.28,26.48,25.76
2026-09-30T13:00:13+00:00,QQQ,2026-09-30,0,740.73,765.0,P,25.72,28.22,26.97,28.43,2,1,0.397,-0.9997,0.0001,0.0004,-0.0776,29.22,29.22,28.43,26.755
2026-09-30T13:00:13+00:00,QQQ,2026-09-30,0,740.73,766.0,P,26.72,29.22,27.97,32.8,0,0,0.4087,-0.9998,0.0001,0.0003,-0.0775,0.0,0.0,0.0,27.75
2026-09-30T13:00:13+00:00,QQQ,2026-09-30,0,740.73,767.0,P,27.69,30.89,29.29,29.12,2,0,0.4885,-0.9998,0.0001,0.0002,-0.0774,29.12,29.12,29.12,28.78
2026-09-30T13:00:13+00:00,QQQ,2026-09-30,0,740.73,768.0,P,28.7,31.89,30.295,26.2,0,0,0.5023,-0.9999,0.0001,0.0002,-0.0774,0.0,0.0,0.0,30.6
2026-09-30T13:00:13+00:00,QQQ,2026-09-30,0,740.73,769.0,P,29.69,32.89,31.29,80.8,0,0,0.514,-0.9999,0.0,0.0002,-0.0774,0.0,0.0,0.0,30.785
2026-09-30T13:00:13+00:00,QQQ,2026-09-30,0,740.73,770.0,P,30.69,33.21,31.95,31.01,66,0,0.4483,-0.9999,0.0,0.0001,-0.0773,32.67,32.78,31.01,31.8
2026-09-30T13:00:13+00:00,QQQ,2026-09-30,0,740.73,771.0,P,31.7,34.89,33.295,26.2,0,0,0.5401,-0.9999,0.0,0.0001,-0.0773,0.0,0.0,0.0,32.78
2026-09-30T13:00:13+00:00,QQQ,2026-09-30,0,740.73,772.0,P,32.7,35.89,34.295,26.52,0,0,0.5526,-1.0,0.0,0.0001,-0.0773,0.0,0.0,0.0,33.78
2026-09-30T13:00:13+00:00,QQQ,2026-09-30,0,740.73,773.0,P,33.7,36.89,35.295,37.09,0,0,0.565,-1.0,0.0,0.0001,-0.0773,0.0,0.0,0.0,34.78
2026-09-30T13:00:13+00:00,QQQ,2026-09-30,0,740.73,774.0,P,34.72,37.89,36.305,31.61,0,0,0.5794,-1.0,0.0,0.0001,-0.0773,0.0,0.0,0.0,35.8
2026-09-30T13:00:13+00:00,QQQ,2026-09-30,0,740.73,775.0,P,35.72,38.89,37.305,33.99,0,0,0.5917,-1.0,0.0,0.0,-0.0773,0.0,0.0,0.0,37.085
2026-09-30T13:00:13+00:00,QQQ,2026-09-30,0,740.73,776.0,P,35.74,39.6,37.67,36.22,0,0,0.0,-1.0,0.0,0.0,-0.0773,0.0,0.0,0.0,38.095
2026-09-30T13:00:13+00:00,QQQ,2026-09-30,0,740.73,777.0,P,36.92,40.62,38.77,34.5,0,0,0.4203,-1.0,0.0,0.0,-0.0773,0.0,0.0,0.0,39.085
2026-09-30T13:00:13+00:00,QQQ,2026-09-30,0,740.73,780.0,P,39.96,43.53,41.745,41.57,6,0,0.4006,-1.0,0.0,0.0,-0.0772,41.58,42.26,41.45,42.19
2026-09-30T13:00:13+00:00,QQQ,2026-09-30,0,740.73,790.0,P,49.96,53.53,51.745,53.5,5,0,0.4818,-1.0,0.0,0.0,-0.0772,53.5,53.5,53.5,52.085
2026-09-30T13:00:13+00:00,QQQ,2026-09-30,0,740.73,792.0,P,51.96,55.53,53.745,51.86,2,0,0.4978,-1.0,0.0,0.0,-0.0772,53.81,53.81,51.86,54.085
2026-09-30T14:00:10+00:00,QQQ,2026-09-30,0,741.865,600.0,C,139.88,143.13,141.505,141.56,2,63,0.0,0.9993,0.0,0.0005,-0.0085,141.56,141.56,141.56,138.085
2026-09-30T14:00:10+00:00,QQQ,2026-09-30,0,741.865,635.0,C,104.8,108.55,106.675,106.39,1,311,0.0,0.9989,0.0001,0.0008,-0.0111,106.39,106.39,106.39,103.045
2026-09-30T14:00:10+00:00,QQQ,2026-09-30,0,741.865,666.0,C,73.88,77.24,75.56,75.0,1,3,0.0,0.9982,0.0002,0.0012,-0.0137,75.0,75.0,75.0,72.055
2026-09-30T14:00:10+00:00,QQQ,2026-09-30,0,741.865,680.0,C,59.8,63.13,61.465,61.68,1,684,0.0,0.9977,0.0003,0.0015,-0.015,61.68,61.68,61.68,57.905
2026-09-30T14:00:10+00:00,QQQ,2026-09-30,0,741.865,700.0,C,40.7,43.25,41.975,41.3,25,2608,0.0,0.9964,0.0007,0.0023,-0.0172,41.61,41.61,40.8,37.895
2026-09-30T14:00:10+00:00,QQQ,2026-09-30,0,741.865,705.0,C,34.81,37.71,36.26,31.53,0,1394,0.0,0.9958,0.0009,0.0026,-0.018,0.0,0.0,0.0,32.89
2026-09-30T14:00:10+00:00,QQQ,2026-09-30,0,741.865,706.0,C,33.81,36.71,35.26,30.82,0,401,0.0,0.9957,0.0009,0.0027,-0.0182,0.0,0.0,0.0,31.88
2026-09-30T14:00:10+00:00,QQQ,2026-09-30,0,741.865,707.0,C,32.81,35.71,34.26,30.36,0,297,0.0,0.9955,0.001,0.0028,-0.0184,0.0,0.0,0.0,30.895
2026-09-30T14:00:10+00:00,QQQ,2026-09-30,0,741.865,708.0,C,31.81,34.71,33.26,29.53,0,520,0.0,0.9954,0.001,0.0029,-0.0187,0.0,0.0,0.0,29.885
2026-09-30T14:00:10+00:00,QQQ,2026-09-30,0,741.865,709.0,C,30.81,33.71,32.26,28.33,0,343,0.0,0.9952,0.0011,0.003,-0.019,0.0,0.0,0.0,28.9
2026-09-30T14:00:10+00:00,QQQ,2026-09-30,0,741.865,710.0,C,29.81,32.86,31.335,31.0,1,3549,0.0,0.995,0.0012,0.0031,-0.0193,31.0,31.0,31.0,27.9
2026-09-30T14:00:10+00:00,QQQ,2026-09-30,0,741.865,711.0,C,28.81,31.71,30.26,25.8,0,435,0.0,0.9948,0.0012,0.0032,-0.0197,0.0,0.0,0.0,26.905
2026-09-30T14:00:10+00:00,QQQ,2026-09-30,0,741.865,712.0,C,27.81,30.71,29.26,26.95,0,373,0.0,0.9945,0.0013,0.0034,-0.0202,0.0,0.0,0.0,25.895
2026-09-30T14:00:10+00:00,QQQ,2026-09-30,0,741.865,713.0,C,26.82,29.72,28.27,28.56,7,413,0.0,0.9942,0.0014,0.0035,-0.0207,29.28,29.46,28.56,24.91
2026-09-30T14:00:10+00:00,QQQ,2026-09-30,0,741.865,714.0,C,25.82,29.2,27.51,23.31,0,666,0.0,0.9939,0.0015,0.0037,-0.0214,0.0,0.0,0.0,23.975
2026-09-30T14:00:10+00:00,QQQ,2026-09-30,0,741.865,715.0,C,25.42,28.15,26.785,26.48,8,3048,0.0,0.9936,0.0017,0.0039,-0.0222,24.99,26.48,24.99,23.08
2026-09-30T14:00:10+00:00,QQQ,2026-09-30,0,741.865,716.0,C,24.5,25.92,25.21,24.91,13,3407,0.0,0.9931,0.0018,0.0041,-0.0232,24.84,26.88,24.06,22.1
2026-09-30T14:00:10+00:00,QQQ,2026-09-30,0,741.865,717.0,C,23.01,26.19,24.6,25.39,6,847,0.0,0.9926,0.002,0.0044,-0.0244,25.32,26.02,24.64,21.005
2026-09-30T14:00:10+00:00,QQQ,2026-09-30,0,741.865,718.0,C,21.97,25.2,23.585,23.82,19,487,0.0,0.992,0.0022,0.0047,-0.0259,23.66,23.82,23.66,20.115
2026-09-30T14:00:10+00:00,QQQ,2026-09-30,0,741.865,719.0,C,20.83,24.14,22.485,22.25,5,737,0.0,0.9912,0.0025,0.0051,-0.0277,22.25,22.25,22.25,19.13
2026-09-30T14:00:10+00:00,QQQ,2026-09-30,0,741.865,720.0,C,19.83,22.87,21.35,21.75,20,8914,0.0,0.9903,0.0028,0.0056,-0.03,21.46,21.75,20.87,18.07
2026-09-30T14:00:10+00:00,QQQ,2026-09-30,0,741.865,721.0,C,18.84,21.29,20.065,17.57,0,5762,0.0,0.9892,0.0031,0.0062,-0.0329,0.0,0.0,0.0,17.185
2026-09-30T14:00:10+00:00,QQQ,2026-09-30,0,741.865,722.0,C,18.59,21.21,19.9,19.43,2,720,0.0,0.9878,0.0036,0.0068,-0.0366,19.43,19.43,19.43,16.22
2026-09-30T14:00:10+00:00,QQQ,2026-09-30,0,741.865,723.0,C,16.84,18.96,17.9,15.77,0,977,0.0,0.9861,0.0042,0.0077,-0.0411,0.0,0.0,0.0,15.225
2026-09-30T14:00:10+00:00,QQQ,2026-09-30,0,741.865,724.0,C,15.99,19.2,17.595,13.79,0,508,0.0,0.984,0.0048,0.0087,-0.0469,0.0,0.0,0.0,13.975
2026-09-30T14:00:10+00:00,QQQ,2026-09-30,0,741.865,725.0,C,15.64,17.14,16.39,16.82,2,10563,0.0,0.9813,0.0057,0.0099,-0.0543,16.0,16.82,16.0,13.345
2026-09-30T14:00:10+00:00,QQQ,2026-09-30,0,741.865,726.0,C,15.28,15.97,15.625,15.33,4,9021,0.0,0.9779,0.0068,0.0114,-0.0637,16.35,16.35,15.33,12.4
2026-09-30T14:00:10+00:00,QQQ,2026-09-30,0,741.865,727.0,C,13.67,15.15,14.41,14.35,23,2754,0.0,0.9736,0.0081,0.0132,-0.0758,14.04,15.5,14.03,11.53
2026-09-30T14:00:10+00:00,QQQ,2026-09-30,0,741.865,728.0,C,11.9,14.42,13.16,13.18,6,1270,0.0,0.9681,0.0097,0.0154,-0.0914,14.23,14.23,13.18,10.325
2026-09-30T14:00:10+00:00,QQQ,2026-09-30,0,741.865,729.0,C,11.12,14.18,12.65,12.35,4,290,0.0,0.9611,0.0117,0.0181,-0.1118,12.71,13.02,12.35,9.46
2026-09-30T14:00:10+00:00,QQQ,2026-09-30,0,741.865,730.0,C,11.12,13.42,12.27,11.16,81,10170,0.2271,0.9521,0.0143,0.0214,-0.1384,9.89,12.72,9.89,8.62
2026-09-30T14:00:10+00:00,QQQ,2026-09-30,0,741.865,731.0,C,9.9,11.07,10.485,10.17,45,424,0.0,0.9407,0.0174,0.0252,-0.1735,9.4,11.91,9.2,7.81
2026-09-30T14:00:10+00:00,QQQ,2026-09-30,0,741.865,732.0,C,9.54,10.12,9.83,9.66,49,1890,0.3321,0.926,0.0211,0.0298,-0.2196,8.41,10.63,8.41,7.03
2026-09-30T14:00:10+00:00,QQQ,2026-09-30,0,741.865,733.0,C,8.47,9.16,8.815,8.49,101,956,0.3053,0.9075,0.0256,0.0351,-0.2802,7.64,9.58,7.64,6.29
2026-09-30T14:00:10+00:00,QQQ,2026-09-30,0,741.865,734.0,C,8.14,8.24,8.19,8.01,72,824,0.3111,0.8842,0.0308,0.0412,-0.3595,6.64,8.91,6.64,5.59
2026-09-30T14:00:10+00:00,QQQ,2026-09-30,0,741.865,735.0,C,7.17,7.34,7.255,7.27,204,7104,0.3001,0.8553,0.0367,0.0479,-0.4625,5.91,8.13,5.87,4.925
2026-09-30T14:00:10+00:00,QQQ,2026-09-30,0,741.865,736.0,C,6.4,6.46,6.43,6.45,398,1866,0.2954,0.82,0.0432,0.0549,-0.5954,5.15,7.36,5.0,4.3
2026-09-30T14:00:10+00:00,QQQ,2026-09-30,0,741.865,737.0,C,5.56,5.6,5.58,5.6,902,2440,0.2895,0.7778,0.05,0.0621,-0.765,4.38,6.48,4.32,3.715
2026-09-30T14:00:10+00:00,QQQ,2026-09-30,0,741.865,738.0,C,4.77,4.79,4.78,4.73,2961,5060,0.2842,0.7281,0.0568,0.0689,-0.9789,3.67,5.73,3.61,3.175
2026-09-30T14:00:10+00:00,QQQ,2026-09-30,0,741.865,739.0,C,4.02,4.03,4.025,4.0,3253,6076,0.2781,0.6711,0.063,0.0749,-1.2453,3.19,4.95,3.0,2.685
2026-09-30T14:00:10+00:00,QQQ,2026-09-30,0,741.865,740.0,C,3.32,3.33,3.325,3.33,11166,15422,0.2732,0.6075,0.0682,0.0794,-1.5724,2.58,4.26,2.46,2.25
2026-09-30T14:00:10+00:00,QQQ,2026-09-30,0,741.865,741.0,C,2.69,2.7,2.695,2.72,17223,4935,0.2695,0.5385,0.0715,0.082,-1.968,2.18,3.6,1.95,1.865
2026-09-30T14:00:10+00:00,QQQ,2026-09-30,0,741.865,742.0,C,2.13,2.14,2.135,2.12,31386,4132,0.2658,0.4662,0.0726,0.082,-1.9535,1.73,3.0,1.55,1.525
2026-09-30T14:00:10+00:00,QQQ,2026-09-30,0,741.865,743.0,C,1.64,1.65,1.645,1.66,24470,3942,0.263,0.3935,0.071,0.0795,-1.5017,1.29,2.48,1.18,1.235
2026-09-30T14:00:10+00:00,QQQ,2026-09-30,0,741.865,744.0,C,1.24,1.25,1.245,1.24,16094,3321,0.2598,0.3232,0.0669,0.0744,-1.1281,1.01,2.0,0.9,0.995
2026-09-30T14:00:10+00:00,QQQ,2026-09-30,0,741.865,745.0,C,0.91,0.92,0.915,0.91,19763,20384,0.2581,0.2584,0.0606,0.0673,-0.829,0.85,1.58,0.66,0.795
2026-09-30T14:00:10+00:00,QQQ,2026-09-30,0,741.865,746.0,C,0.65,0.66,0.655,0.66,21315,5012,0.2576,0.2014,0.0528,0.0588,-0.5975,0.57,1.23,0.47,0.625
2026-09-30T14:00:10+00:00,QQQ,2026-09-30,0,741.865,747.0,C,0.46,0.47,0.465,0.47,9690,16000,0.2585,0.1533,0.0444,0.0498,-0.4239,0.39,0.94,0.34,0.495
2026-09-30T14:00:10+00:00,QQQ,2026-09-30,0,741.865,748.0,C,0.33,0.34,0.335,0.33,17403,10519,0.2614,0.1146,0.0362,0.0411,-0.2977,0.29,0.71,0.24,0.385
2026-09-30T14:00:10+00:00,QQQ,2026-09-30,0,741.865,749.0,C,0.23,0.24,0.235,0.24,4463,2125,0.2641,0.0846,0.0287,0.0332,-0.2083,0.21,0.53,0.18,0.305
2026-09-30T14:00:10+00:00,QQQ,2026-09-30,0,741.865,750.0,C,0.16,0.17,0.165,0.17,9332,15156,0.2689,0.0621,0.0223,0.0264,-0.1462,0.15,0.4,0.12,0.235
2026-09-30T14:00:10+00:00,QQQ,2026-09-30,0,741.865,751.0,C,0.11,0.12,0.115,0.11,2464,1898,0.2707,0.0456,0.0172,0.0208,-0.1037,0.11,0.29,0.08,0.185
2026-09-30T14:00:10+00:00,QQQ,2026-09-30,0,741.865,752.0,C,0.07,0.08,0.075,0.07,2390,9075,0.2758,0.0338,0.0132,0.0164,-0.0749,0.07,0.22,0.06,0.145
2026-09-30T14:00:10+00:00,QQQ,2026-09-30,0,741.865,753.0,C,0.05,0.06,0.055,0.06,725,1367,0.2822,0.0254,0.0102,0.013,-0.0553,0.07,0.15,0.05,0.115
2026-09-30T14:00:10+00:00,QQQ,2026-09-30,0,741.865,754.0,C,0.04,0.05,0.045,0.04,1270,1137,0.2933,0.0195,0.0079,0.0104,-0.0421,0.05,0.11,0.03,0.085
2026-09-30T14:00:10+00:00,QQQ,2026-09-30,0,741.865,755.0,C,0.03,0.04,0.035,0.03,3118,5147,0.3018,0.0153,0.0063,0.0085,-0.033,0.05,0.09,0.03,0.075
2026-09-30T14:00:10+00:00,QQQ,2026-09-30,0,741.865,756.0,C,0.02,0.03,0.025,0.03,1187,1385,0.3065,0.0124,0.005,0.0071,-0.0267,0.04,0.07,0.02,0.055
2026-09-30T14:00:10+00:00,QQQ,2026-09-30,0,741.865,757.0,C,0.01,0.02,0.015,0.01,649,1778,0.3049,0.0102,0.0041,0.006,-0.0223,0.02,0.05,0.01,0.045
2026-09-30T14:00:10+00:00,QQQ,2026-09-30,0,741.865,758.0,C,0.01,0.02,0.015,0.02,1018,1916,0.322,0.0086,0.0034,0.0052,-0.0192,0.02,0.04,0.01,0.035
2026-09-30T14:00:10+00:00,QQQ,2026-09-30,0,741.865,759.0,C,0.01,0.02,0.015,0.02,837,1929,0.339,0.0075,0.0029,0.0046,-0.0169,0.02,0.03,0.01,0.035
2026-09-30T14:00:10+00:00,QQQ,2026-09-30,0,741.865,760.0,C,0.01,0.02,0.015,0.01,2193,13435,0.3559,0.0066,0.0025,0.0041,-0.0153,0.02,0.03,0.01,0.025
2026-09-30T14:00:10+00:00,QQQ,2026-09-30,0,741.865,761.0,C,0.01,0.02,0.015,0.01,1017,1789,0.3727,0.0059,0.0022,0.0037,-0.014,0.01,0.03,0.01,0.025
2026-09-30T14:00:10+00:00,QQQ,2026-09-30,0,741.865,762.0,C,0.0,0.01,0.01,0.01,3207,3437,0.348,0.0054,0.002,0.0034,-0.0131,0.01,0.02,0.01,0.015
2026-09-30T14:00:10+00:00,QQQ,2026-09-30,0,741.865,763.0,C,0.0,0.01,0.01,0.01,352,732,0.3631,0.005,0.0018,0.0032,-0.0124,0.01,0.02,0.01,0.015
2026-09-30T14:00:10+00:00,QQQ,2026-09-30,0,741.865,764.0,C,0.0,0.01,0.01,0.01,112,1058,0.3782,0.0046,0.0016,0.003,-0.0118,0.01,0.01,0.01,0.015
2026-09-30T14:00:10+00:00,QQQ,2026-09-30,0,741.865,765.0,C,0.0,0.01,0.01,0.01,66,8345,0.3932,0.0043,0.0014,0.0028,-0.0114,0.02,0.02,0.01,0.015
2026-09-30T14:00:10+00:00,QQQ,2026-09-30,0,741.865,766.0,C,0.0,0.01,0.01,0.01,35,731,0.4081,0.0041,0.0013,0.0026,-0.011,0.02,0.02,0.01,0.005
2026-09-30T14:00:10+00:00,QQQ,2026-09-30,0,741.865,767.0,C,0.0,0.01,0.01,0.01,3,1092,0.423,0.0039,0.0012,0.0025,-0.0107,0.01,0.01,0.01,0.005
2026-09-30T14:00:10+00:00,QQQ,2026-09-30,0,741.865,768.0,C,0.0,0.01,0.01,0.01,3,896,0.4377,0.0037,0.0011,0.0024,-0.0105,0.02,0.02,0.01,0.005
2026-09-30T14:00:10+00:00,QQQ,2026-09-30,0,741.865,769.0,C,0.0,0.01,0.01,0.01,0,1544,0.4525,0.0035,0.0011,0.0023,-0.0103,0.0,0.0,0.0,0.005
2026-09-30T14:00:10+00:00,QQQ,2026-09-30,0,741.865,770.0,C,0.0,0.01,0.01,0.01,105,4874,0.4671,0.0034,0.001,0.0022,-0.0102,0.01,0.01,0.01,0.005
2026-09-30T14:00:10+00:00,QQQ,2026-09-30,0,741.865,771.0,C,0.0,0.01,0.01,0.01,0,554,0.4817,0.0033,0.0009,0.0021,-0.01,0.0,0.0,0.0,0.005
2026-09-30T14:00:10+00:00,QQQ,2026-09-30,0,741.865,772.0,C,0.0,0.01,0.01,0.01,0,3929,0.4963,0.0032,0.0009,0.0021,-0.0099,0.0,0.0,0.0,0.005
2026-09-30T14:00:10+00:00,QQQ,2026-09-30,0,741.865,773.0,C,0.0,0.01,0.01,0.01,0,607,0.5108,0.003,0.0008,0.002,-0.0098,0.0,0.0,0.0,0.005
2026-09-30T14:00:10+00:00,QQQ,2026-09-30,0,741.865,774.0,C,0.0,0.01,0.01,0.01,0,576,0.5252,0.003,0.0008,0.0019,-0.0097,0.0,0.0,0.0,0.005
2026-09-30T14:00:10+00:00,QQQ,2026-09-30,0,741.865,775.0,C,0.0,0.01,0.01,0.01,0,1608,0.5396,0.0029,0.0007,0.0019,-0.0096,0.0,0.0,0.0,0.005
2026-09-30T14:00:10+00:00,QQQ,2026-09-30,0,741.865,776.0,C,0.0,0.01,0.01,0.01,0,617,0.5539,0.0028,0.0007,0.0018,-0.0096,0.0,0.0,0.0,0.005
2026-09-30T14:00:10+00:00,QQQ,2026-09-30,0,741.865,777.0,C,0.0,0.01,0.01,0.01,0,575,0.5682,0.0027,0.0007,0.0018,-0.0095,0.0,0.0,0.0,0.005
2026-09-30T14:00:10+00:00,QQQ,2026-09-30,0,741.865,778.0,C,0.0,0.01,0.01,0.01,0,413,0.5824,0.0026,0.0006,0.0017,-0.0094,0.0,0.0,0.0,0.005
2026-09-30T14:00:10+00:00,QQQ,2026-09-30,0,741.865,805.0,C,0.0,0.01,0.01,0.01,9,501,0.9515,0.0015,0.0002,0.001,-0.0081,0.01,0.01,0.01,0.005
2026-09-30T14:00:10+00:00,QQQ,2026-09-30,0,741.865,945.0,C,0.0,0.01,0.01,0.01,3,141,2.5768,0.0003,0.0,0.0002,-0.0039,0.01,0.01,0.01,0.005
2026-09-30T14:00:10+00:00,QQQ,2026-09-30,0,741.865,475.0,P,0.0,0.01,0.01,0.01,3,790,4.649,-0.0001,0.0,0.0001,-0.0024,0.01,0.01,0.01,0.005
2026-09-30T14:00:10+00:00,QQQ,2026-09-30,0,741.865,635.0,P,0.0,0.01,0.01,0.01,3,1395,1.7262,-0.0011,0.0001,0.0008,-0.0111,0.01,0.01,0.01,0.015
2026-09-30T14:00:10+00:00,QQQ,2026-09-30,0,741.865,645.0,P,0.0,0.01,0.01,0.01,5,1611,1.5638,-0.0013,0.0001,0.0009,-0.0119,0.01,0.01,0.01,0.015
2026-09-30T14:00:10+00:00,QQQ,2026-09-30,0,741.865,650.0,P,0.0,0.01,0.01,0.01,4,24622,1.4831,-0.0014,0.0001,0.0009,-0.0124,0.01,0.01,0.01,0.015
2026-09-30T14:00:10+00:00,QQQ,2026-09-30,0,741.865,660.0,P,0.0,0.01,0.01,0.01,183,8777,1.3229,-0.0016,0.0002,0.0011,-0.0132,0.01,0.01,0.01,0.015
2026-09-30T14:00:10+00:00,QQQ,2026-09-30,0,741.865,664.0,P,0.0,0.01,0.01,0.01,5,3247,1.2592,-0.0017,0.0002,0.0012,-0.0136,0.01,0.01,0.01,0.015
2026-09-30T14:00:10+00:00,QQQ,2026-09-30,0,741.865,665.0,P,0.0,0.01,0.01,0.01,8,5142,1.2433,-0.0018,0.0002,0.0012,-0.0136,0.01,0.01,0.01,0.015
2026-09-30T14:00:10+00:00,QQQ,2026-09-30,0,741.865,668.0,P,0.0,0.01,0.01,0.01,11,452,1.1957,-0.0019,0.0002,0.0012,-0.0139,0.01,0.01,0.01,0.015
2026-09-30T14:00:10+00:00,QQQ,2026-09-30,0,741.865,669.0,P,0.0,0.01,0.01,0.01,2,548,1.1798,-0.0019,0.0002,0.0012,-0.014,0.01,0.01,0.01,0.015
2026-09-30T14:00:10+00:00,QQQ,2026-09-30,0,741.865,675.0,P,0.0,0.01,0.01,0.01,5,11012,1.0848,-0.0021,0.0003,0.0014,-0.0146,0.01,0.01,0.01,0.015
2026-09-30T14:00:10+00:00,QQQ,2026-09-30,0,741.865,677.0,P,0.0,0.01,0.01,0.01,20,1206,1.0533,-0.0022,0.0003,0.0014,-0.0148,0.01,0.01,0.01,0.02
2026-09-30T14:00:10+00:00,QQQ,2026-09-30,0,741.865,678.0,P,0.0,0.01,0.01,0.01,11,203,1.0375,-0.0022,0.0003,0.0014,-0.0148,0.01,0.01,0.01,0.02
2026-09-30T14:00:10+00:00,QQQ,2026-09-30,0,741.865,680.0,P,0.0,0.01,0.01,0.01,10,16282,1.0059,-0.0023,0.0003,0.0015,-0.015,0.01,0.01,0.01,0.02
2026-09-30T14:00:10+00:00,QQQ,2026-09-30,0,741.865,681.0,P,0.0,0.01,0.01,0.01,14,14388,0.9902,-0.0024,0.0003,0.0015,-0.0151,0.01,0.01,0.01,0.02
2026-09-30T14:00:10+00:00,QQQ,2026-09-30,0,741.865,682.0,P,0.0,0.01,0.01,0.01,20,2041,0.9744,-0.0024,0.0003,0.0016,-0.0152,0.01,0.01,0.01,0.02
2026-09-30T14:00:10+00:00,QQQ,2026-09-30,0,741.865,683.0,P,0.0,0.01,0.01,0.01,4,730,0.9587,-0.0025,0.0004,0.0016,-0.0153,0.01,0.01,0.01,0.02
2026-09-30T14:00:10+00:00,QQQ,2026-09-30,0,741.865,684.0,P,0.0,0.01,0.01,0.01,5,403,0.9429,-0.0025,0.0004,0.0016,-0.0154,0.01,0.01,0.01,0.02
2026-09-30T14:00:10+00:00,QQQ,2026-09-30,0,741.865,686.0,P,0.0,0.01,0.01,0.01,1,392,0.9114,-0.0026,0.0004,0.0017,-0.0156,0.01,0.01,0.01,0.025
2026-09-30T14:00:10+00:00,QQQ,2026-09-30,0,741.865,688.0,P,0.0,0.01,0.01,0.01,2,795,0.88,-0.0027,0.0004,0.0018,-0.0158,0.01,0.01,0.01,0.025
2026-09-30T14:00:10+00:00,QQQ,2026-09-30,0,741.865,690.0,P,0.0,0.01,0.01,0.01,2,24724,0.8486,-0.0028,0.0004,0.0018,-0.016,0.01,0.01,0.01,0.025
2026-09-30T14:00:10+00:00,QQQ,2026-09-30,0,741.865,691.0,P,0.0,0.01,0.01,0.01,30,790,0.8328,-0.0029,0.0005,0.0019,-0.0161,0.01,0.01,0.01,0.025
2026-09-30T14:00:10+00:00,QQQ,2026-09-30,0,741.865,692.0,P,0.0,0.01,0.01,0.01,55,646,0.8171,-0.003,0.0005,0.0019,-0.0162,0.01,0.01,0.01,0.025
2026-09-30T14:00:10+00:00,QQQ,2026-09-30,0,741.865,693.0,P,0.0,0.01,0.01,0.01,25,770,0.8014,-0.0031,0.0005,0.0019,-0.0163,0.01,0.01,0.01,0.025
2026-09-30T14:00:10+00:00,QQQ,2026-09-30,0,741.865,695.0,P,0.0,0.01,0.01,0.01,107,18640,0.77,-0.0032,0.0006,0.002,-0.0166,0.01,0.01,0.01,0.025
2026-09-30T14:00:10+00:00,QQQ,2026-09-30,0,741.865,696.0,P,0.0,0.01,0.01,0.01,159,2911,0.7542,-0.0033,0.0006,0.0021,-0.0167,0.01,0.02,0.01,0.025
2026-09-30T14:00:10+00:00,QQQ,2026-09-30,0,741.865,697.0,P,0.0,0.01,0.01,0.01,55,485,0.7385,-0.0034,0.0006,0.0021,-0.0168,0.01,0.01,0.01,0.025
2026-09-30T14:00:10+00:00,QQQ,2026-09-30,0,741.865,698.0,P,0.0,0.01,0.01,0.01,455,1252,0.7228,-0.0034,0.0006,0.0022,-0.0169,0.01,0.01,0.01,0.025
2026-09-30T14:00:10+00:00,QQQ,2026-09-30,0,741.865,699.0,P,0.0,0.01,0.01,0.01,1561,1677,0.7071,-0.0035,0.0006,0.0022,-0.017,0.01,0.02,0.01,0.025
2026-09-30T14:00:10+00:00,QQQ,2026-09-30,0,741.865,700.0,P,0.0,0.01,0.02,0.02,1772,23840,0.6914,-0.0036,0.0007,0.0023,-0.0172,0.01,0.02,0.01,0.025
2026-09-30T14:00:10+00:00,QQQ,2026-09-30,0,741.865,701.0,P,0.0,0.01,0.01,0.01,541,1133,0.6756,-0.0037,0.0007,0.0024,-0.0173,0.02,0.02,0.01,0.035
2026-09-30T14:00:10+00:00,QQQ,2026-09-30,0,741.865,702.0,P,0.0,0.01,0.01,0.01,695,988,0.6599,-0.0038,0.0007,0.0024,-0.0175,0.01,0.02,0.01,0.035
2026-09-30T14:00:10+00:00,QQQ,2026-09-30,0,741.865,703.0,P,0.01,0.02,0.015,0.01,297,874,0.7132,-0.0039,0.0008,0.0025,-0.0176,0.02,0.02,0.01,0.035
2026-09-30T14:00:10+00:00,QQQ,2026-09-30,0,741.865,704.0,P,0.01,0.02,0.015,0.01,8,833,0.696,-0.0041,0.0008,0.0025,-0.0178,0.01,0.01,0.01,0.035
2026-09-30T14:00:10+00:00,QQQ,2026-09-30,0,741.865,705.0,P,0.01,0.02,0.015,0.01,64,22528,0.6789,-0.0042,0.0009,0.0026,-0.018,0.01,0.02,0.01,0.035
2026-09-30T14:00:10+00:00,QQQ,2026-09-30,0,741.865,706.0,P,0.01,0.02,0.015,0.02,13,1360,0.6617,-0.0043,0.0009,0.0027,-0.0182,0.02,0.02,0.02,0.045
2026-09-30T14:00:10+00:00,QQQ,2026-09-30,0,741.865,707.0,P,0.01,0.02,0.015,0.02,27,2276,0.6445,-0.0045,0.001,0.0028,-0.0184,0.01,0.02,0.01,0.045
2026-09-30T14:00:10+00:00,QQQ,2026-09-30,0,741.865,708.0,P,0.01,0.02,0.015,0.01,40,1105,0.6273,-0.0046,0.001,0.0029,-0.0187,0.02,0.02,0.01,0.045
2026-09-30T14:00:10+00:00,QQQ,2026-09-30,0,741.865,709.0,P,0.01,0.02,0.015,0.01,270,2238,0.6101,-0.0048,0.0011,0.003,-0.019,0.03,0.03,0.01,0.055
2026-09-30T14:00:10+00:00,QQQ,2026-09-30,0,741.865,710.0,P,0.01,0.02,0.015,0.01,95,10223,0.5928,-0.005,0.0012,0.0031,-0.0193,0.02,0.02,0.01,0.055
2026-09-30T14:00:10+00:00,QQQ,2026-09-30,0,741.865,711.0,P,0.01,0.02,0.015,0.01,544,2537,0.5756,-0.0052,0.0012,0.0032,-0.0197,0.02,0.03,0.01,0.055
2026-09-30T14:00:10+00:00,QQQ,2026-09-30,0,741.865,712.0,P,0.01,0.02,0.015,0.02,489,2625,0.5583,-0.0055,0.0013,0.0034,-0.0202,0.04,0.04,0.02,0.065
2026-09-30T14:00:10+00:00,QQQ,2026-09-30,0,741.865,713.0,P,0.01,0.02,0.015,0.01,62,1520,0.541,-0.0058,0.0014,0.0035,-0.0207,0.01,0.04,0.01,0.065
2026-09-30T14:00:10+00:00,QQQ,2026-09-30,0,741.865,714.0,P,0.01,0.02,0.015,0.02,456,2772,0.5236,-0.0061,0.0015,0.0037,-0.0214,0.04,0.05,0.01,0.075
2026-09-30T14:00:10+00:00,QQQ,2026-09-30,0,741.865,715.0,P,0.01,0.02,0.015,0.02,527,10549,0.5359,-0.0064,0.0017,0.0039,-0.0222,0.06,0.06,0.02,0.085
2026-09-30T14:00:10+00:00,QQQ,2026-09-30,0,741.865,716.0,P,0.02,0.03,0.025,0.03,151,4371,0.5172,-0.0069,0.0018,0.0041,-0.0232,0.04,0.04,0.02,0.095
2026-09-30T14:00:10+00:00,QQQ,2026-09-30,0,741.865,717.0,P,0.02,0.03,0.025,0.02,2420,3333,0.499,-0.0074,0.002,0.0044,-0.0244,0.05,0.05,0.02,0.105
2026-09-30T14:00:10+00:00,QQQ,2026-09-30,0,741.865,718.0,P,0.02,0.03,0.025,0.03,747,4091,0.4807,-0.008,0.0022,0.0047,-0.0259,0.05,0.06,0.02,0.125
2026-09-30T14:00:10+00:00,QQQ,2026-09-30,0,741.865,719.0,P,0.03,0.04,0.035,0.03,375,2320,0.482,-0.0088,0.0025,0.0051,-0.0277,0.07,0.07,0.03,0.135
2026-09-30T14:00:10+00:00,QQQ,2026-09-30,0,741.865,720.0,P,0.03,0.04,0.035,0.03,740,45414,0.463,-0.0097,0.0028,0.0056,-0.03,0.07,0.09,0.03,0.155
2026-09-30T14:00:10+00:00,QQQ,2026-09-30,0,741.865,721.0,P,0.03,0.04,0.035,0.04,860,3072,0.4438,-0.0108,0.0031,0.0062,-0.0329,0.08,0.09,0.03,0.185
2026-09-30T14:00:10+00:00,QQQ,2026-09-30,0,741.865,722.0,P,0.03,0.04,0.035,0.04,813,3269,0.4247,-0.0122,0.0036,0.0068,-0.0366,0.05,0.1,0.03,0.225
2026-09-30T14:00:10+00:00,QQQ,2026-09-30,0,741.865,723.0,P,0.04,0.05,0.045,0.04,647,4071,0.4196,-0.0139,0.0042,0.0077,-0.0411,0.13,0.13,0.04,0.265
2026-09-30T14:00:10+00:00,QQQ,2026-09-30,0,741.865,724.0,P,0.05,0.06,0.055,0.06,579,2907,0.4114,-0.016,0.0048,0.0087,-0.0469,0.12,0.13,0.05,0.315
2026-09-30T14:00:10+00:00,QQQ,2026-09-30,0,741.865,725.0,P,0.05,0.06,0.055,0.06,1588,9083,0.391,-0.0187,0.0057,0.0099,-0.0543,0.1,0.14,0.05,0.385
2026-09-30T14:00:10+00:00,QQQ,2026-09-30,0,741.865,726.0,P,0.06,0.07,0.065,0.07,1083,4682,0.3802,-0.0221,0.0068,0.0114,-0.0637,0.18,0.2,0.06,0.455
2026-09-30T14:00:10+00:00,QQQ,2026-09-30,0,741.865,727.0,P,0.07,0.08,0.075,0.07,1509,8135,0.3675,-0.0264,0.0081,0.0132,-0.0758,0.21,0.22,0.07,0.555
2026-09-30T14:00:10+00:00,QQQ,2026-09-30,0,741.865,728.0,P,0.09,0.1,0.095,0.1,2654,4151,0.3602,-0.0319,0.0097,0.0154,-0.0914,0.26,0.26,0.09,0.665
2026-09-30T14:00:10+00:00,QQQ,2026-09-30,0,741.865,729.0,P,0.1,0.11,0.105,0.11,1725,2276,0.3499,-0.0389,0.0117,0.0181,-0.1118,0.31,0.31,0.1,0.805
2026-09-30T14:00:10+00:00,QQQ,2026-09-30,0,741.865,730.0,P,0.13,0.14,0.135,0.13,9686,67863,0.3371,-0.0479,0.0143,0.0214,-0.1384,0.3,0.43,0.13,0.965
2026-09-30T14:00:10+00:00,QQQ,2026-09-30,0,741.865,731.0,P,0.15,0.16,0.155,0.17,3721,3284,0.3307,-0.0593,0.0174,0.0252,-0.1735,0.41,0.47,0.17,1.155
2026-09-30T14:00:10+00:00,QQQ,2026-09-30,0,741.865,732.0,P,0.2,0.21,0.205,0.21,3466,5436,0.3204,-0.074,0.0211,0.0298,-0.2196,0.53,0.58,0.2,1.375
2026-09-30T14:00:10+00:00,QQQ,2026-09-30,0,741.865,733.0,P,0.25,0.26,0.255,0.26,4711,3172,0.3129,-0.0925,0.0256,0.0351,-0.2802,0.65,0.71,0.25,1.635
2026-09-30T14:00:10+00:00,QQQ,2026-09-30,0,741.865,734.0,P,0.32,0.33,0.325,0.33,3297,4392,0.3062,-0.1158,0.0308,0.0412,-0.3595,0.79,0.94,0.33,1.925
2026-09-30T14:00:10+00:00,QQQ,2026-09-30,0,741.865,735.0,P,0.42,0.43,0.425,0.42,10662,11383,0.3013,-0.1447,0.0367,0.0479,-0.4625,1.02,1.04,0.42,2.255
2026-09-30T14:00:10+00:00,QQQ,2026-09-30,0,741.865,736.0,P,0.54,0.55,0.545,0.54,25749,60352,0.2945,-0.18,0.0432,0.0549,-0.5954,1.3,1.34,0.54,2.625
2026-09-30T14:00:10+00:00,QQQ,2026-09-30,0,741.865,737.0,P,0.69,0.7,0.695,0.68,11576,9085,0.2888,-0.2222,0.05,0.0621,-0.765,1.45,1.64,0.68,3.045
2026-09-30T14:00:10+00:00,QQQ,2026-09-30,0,741.865,738.0,P,0.89,0.9,0.895,0.89,8749,4259,0.2828,-0.2719,0.0568,0.0689,-0.9789,1.83,1.95,0.89,3.51
2026-09-30T14:00:10+00:00,QQQ,2026-09-30,0,741.865,739.0,P,1.13,1.14,1.135,1.14,10637,3360,0.2782,-0.3289,0.063,0.0749,-1.2453,2.18,2.32,1.13,4.02
2026-09-30T14:00:10+00:00,QQQ,2026-09-30,0,741.865,740.0,P,1.43,1.44,1.435,1.44,16652,3598,0.2739,-0.3925,0.0682,0.0794,-1.5724,2.61,2.77,1.44,4.58
2026-09-30T14:00:10+00:00,QQQ,2026-09-30,0,741.865,741.0,P,1.8,1.81,1.805,1.79,16539,1156,0.2702,-0.4615,0.0715,0.082,-1.968,3.04,3.21,1.79,5.2
2026-09-30T14:00:10+00:00,QQQ,2026-09-30,0,741.865,742.0,P,2.24,2.25,2.245,2.24,9448,1950,0.2658,-0.5338,0.0726,0.082,-1.9535,3.61,3.78,2.23,5.87
2026-09-30T14:00:10+00:00,QQQ,2026-09-30,0,741.865,743.0,P,2.75,2.77,2.76,2.77,2480,795,0.2618,-0.6065,0.071,0.0795,-1.5017,4.29,4.43,2.75,6.585
2026-09-30T14:00:10+00:00,QQQ,2026-09-30,0,741.865,744.0,P,3.34,3.37,3.355,3.34,963,711,0.2592,-0.6768,0.0669,0.0744,-1.1281,5.08,5.08,3.28,7.335
2026-09-30T14:00:10+00:00,QQQ,2026-09-30,0,741.865,745.0,P,4.01,4.05,4.03,4.19,483,1673,0.2566,-0.7416,0.0606,0.0673,-0.829,5.87,5.87,3.87,8.135
2026-09-30T14:00:10+00:00,QQQ,2026-09-30,0,741.865,746.0,P,4.76,4.8,4.78,4.8,349,679,0.2559,-0.7986,0.0528,0.0588,-0.5975,5.93,5.93,4.8,8.8
2026-09-30T14:00:10+00:00,QQQ,2026-09-30,0,741.865,747.0,P,5.56,5.64,5.6,5.65,101,1637,0.2576,-0.8467,0.0444,0.0498,-0.4239,7.53,7.53,5.24,9.79
2026-09-30T14:00:10+00:00,QQQ,2026-09-30,0,741.865,748.0,P,6.41,6.51,6.46,7.4,18,492,0.25,-0.8854,0.0362,0.0411,-0.2977,8.1,8.1,6.08,10.715
2026-09-30T14:00:10+00:00,QQQ,2026-09-30,0,741.865,749.0,P,7.32,8.28,7.8,7.74,13,90,0.306,-0.9154,0.0287,0.0332,-0.2083,7.08,8.26,7.08,11.485
2026-09-30T14:00:10+00:00,QQQ,2026-09-30,0,741.865,750.0,P,8.2,8.78,8.49,8.65,105,594,0.2405,-0.9379,0.0223,0.0264,-0.1462,10.0,10.0,8.04,12.505
2026-09-30T14:00:10+00:00,QQQ,2026-09-30,0,741.865,751.0,P,9.04,10.51,9.775,9.57,10,42,0.3839,-0.9544,0.0172,0.0208,-0.1037,9.84,10.04,9.57,13.545
2026-09-30T14:00:10+00:00,QQQ,2026-09-30,0,741.865,752.0,P,10.15,11.9,11.025,10.47,1,29,0.4515,-0.9662,0.0132,0.0164,-0.0749,10.47,10.47,10.47,14.58
2026-09-30T14:00:10+00:00,QQQ,2026-09-30,0,741.865,753.0,P,11.14,12.47,11.805,14.71,0,16,0.4191,-0.9746,0.0102,0.013,-0.0553,0.0,0.0,0.0,15.56
2026-09-30T14:00:10+00:00,QQQ,2026-09-30,0,741.865,754.0,P,11.77,14.24,13.005,13.96,0,0,0.5517,-0.9805,0.0079,0.0104,-0.0421,0.0,0.0,0.0,16.465
2026-09-30T14:00:10+00:00,QQQ,2026-09-30,0,741.865,755.0,P,12.47,14.45,13.46,13.67,10,4,0.4655,-0.9847,0.0063,0.0085,-0.033,13.67,13.67,13.67,17.51
2026-09-30T14:00:10+00:00,QQQ,2026-09-30,0,741.865,756.0,P,14.11,15.45,14.78,18.16,0,14,0.4894,-0.9876,0.005,0.0071,-0.0267,0.0,0.0,0.0,17.745
2026-09-30T14:00:10+00:00,QQQ,2026-09-30,0,741.865,757.0,P,15.1,17.22,16.16,19.04,0,1,0.6296,-0.9898,0.0041,0.006,-0.0223,0.0,0.0,0.0,18.795
2026-09-30T14:00:10+00:00,QQQ,2026-09-30,0,741.865,758.0,P,14.85,17.44,16.145,20.15,0,0,0.5395,-0.9914,0.0034,0.0052,-0.0192,0.0,0.0,0.0,19.775
2026-09-30T14:00:10+00:00,QQQ,2026-09-30,0,741.865,759.0,P,15.87,18.47,17.17,20.94,0,0,0.566,-0.9925,0.0029,0.0046,-0.0169,0.0,0.0,0.0,20.745
2026-09-30T14:00:10+00:00,QQQ,2026-09-30,0,741.865,760.0,P,16.96,19.43,18.195,22.8,0,30,0.581,-0.9934,0.0025,0.0041,-0.0153,0.0,0.0,0.0,22.57
2026-09-30T14:00:10+00:00,QQQ,2026-09-30,0,741.865,761.0,P,17.85,21.19,19.52,22.6,0,0,0.7282,-0.9941,0.0022,0.0037,-0.014,0.0,0.0,0.0,22.755
2026-09-30T14:00:10+00:00,QQQ,2026-09-30,0,741.865,762.0,P,20.09,21.43,20.76,24.93,0,2,0.6328,-0.9946,0.002,0.0034,-0.0131,0.0,0.0,0.0,23.76
2026-09-30T14:00:10+00:00,QQQ,2026-09-30,0,741.865,763.0,P,21.09,23.21,22.15,21.75,6,0,0.787,-0.995,0.0018,0.0032,-0.0124,22.26,23.09,21.75,24.755
2026-09-30T14:00:10+00:00,QQQ,2026-09-30,0,741.865,764.0,P,22.08,24.11,23.095,27.45,0,0,0.7944,-0.9954,0.0016,0.003,-0.0118,0.0,0.0,0.0,25.76
2026-09-30T14:00:10+00:00,QQQ,2026-09-30,0,741.865,765.0,P,22.07,25.21,23.64,28.43,0,1,0.635,-0.9957,0.0014,0.0028,-0.0114,0.0,0.0,0.0,26.755
2026-09-30T14:00:10+00:00,QQQ,2026-09-30,0,741.865,766.0,P,23.27,26.13,24.7,25.0,8,0,0.7037,-0.9959,0.0013,0.0026,-0.011,25.07,25.98,25.0,27.75
2026-09-30T14:00:10+00:00,QQQ,2026-09-30,0,741.865,767.0,P,24.27,27.13,25.7,26.11,12,0,0.7262,-0.9961,0.0012,0.0025,-0.0107,25.51,27.36,25.45,28.78
2026-09-30T14:00:10+00:00,QQQ,2026-09-30,0,741.865,768.0,P,25.27,28.13,26.7,27.48,8,0,0.7485,-0.9963,0.0011,0.0024,-0.0105,27.06,27.79,26.51,30.6
2026-09-30T14:00:10+00:00,QQQ,2026-09-30,0,741.865,769.0,P,25.73,29.13,27.43,80.8,0,0,0.7141,-0.9965,0.0011,0.0023,-0.0103,0.0,0.0,0.0,30.785
2026-09-30T14:00:10+00:00,QQQ,2026-09-30,0,741.865,770.0,P,26.85,30.13,28.49,29.13,24,0,0.6648,-0.9966,0.001,0.0022,-0.0102,27.8,29.13,27.8,31.8
2026-09-30T14:00:10+00:00,QQQ,2026-09-30,0,741.865,771.0,P,27.63,31.13,29.38,26.2,0,0,0.7347,-0.9967,0.0009,0.0021,-0.01,0.0,0.0,0.0,32.78
2026-09-30T14:00:10+00:00,QQQ,2026-09-30,0,741.865,772.0,P,28.32,32.21,30.265,26.52,0,0,0.7393,-0.9968,0.0009,0.0021,-0.0099,0.0,0.0,0.0,33.78
2026-09-30T14:00:10+00:00,QQQ,2026-09-30,0,741.865,773.0,P,29.38,33.21,31.295,37.09,0,0,0.6243,-0.997,0.0008,0.002,-0.0098,0.0,0.0,0.0,34.78
2026-09-30T14:00:10+00:00,QQQ,2026-09-30,0,741.865,774.0,P,30.45,34.13,32.29,31.61,0,0,0.7788,-0.997,0.0008,0.0019,-0.0097,0.0,0.0,0.0,35.8
2026-09-30T14:00:10+00:00,QQQ,2026-09-30,0,741.865,775.0,P,31.87,35.13,33.5,33.99,0,0,0.8448,-0.9971,0.0007,0.0019,-0.0096,0.0,0.0,0.0,37.085
2026-09-30T14:00:10+00:00,QQQ,2026-09-30,0,741.865,776.0,P,32.84,36.13,34.485,36.22,0,0,0.6957,-0.9972,0.0007,0.0018,-0.0096,0.0,0.0,0.0,38.095
2026-09-30T14:00:10+00:00,QQQ,2026-09-30,0,741.865,777.0,P,33.34,37.13,35.235,34.5,0,0,0.8374,-0.9973,0.0007,0.0018,-0.0095,0.0,0.0,0.0,39.085
2026-09-30T14:00:10+00:00,QQQ,2026-09-30,0,741.865,778.0,P,34.34,38.13,36.235,36.17,0,0,0.8568,-0.9974,0.0006,0.0017,-0.0094,0.0,0.0,0.0,40.08
2026-09-30T16:49:01+00:00,QQQ,2026-09-30,0,743.2108,510.0,C,231.88,235.17,233.525,233.48,1,0,7.4353,0.9999,0.0,0.0001,-0.0024,233.48,233.48,233.48,227.91
2026-09-30T16:49:01+00:00,QQQ,2026-09-30,0,743.2108,515.0,C,226.96,230.18,228.57,228.55,1,0,7.2276,0.9998,0.0,0.0001,-0.0026,228.55,228.55,228.55,222.955
2026-09-30T16:49:01+00:00,QQQ,2026-09-30,0,743.2108,530.0,C,211.76,215.18,213.47,214.01,4,1,6.7636,0.9998,0.0,0.0001,-0.0031,214.06,214.06,214.01,207.99
2026-09-30T16:49:01+00:00,QQQ,2026-09-30,0,743.2108,535.0,C,206.99,210.18,208.585,209.09,4,0,6.5948,0.9998,0.0,0.0001,-0.0032,209.14,209.14,209.09,202.94
2026-09-30T16:49:01+00:00,QQQ,2026-09-30,0,743.2108,600.0,C,141.96,145.18,143.57,143.97,13,63,4.4699,0.9995,0.0,0.0003,-0.0064,141.56,143.97,141.56,138.085
2026-09-30T16:49:01+00:00,QQQ,2026-09-30,0,743.2108,605.0,C,136.96,140.1,138.53,138.79,6,48,4.2219,0.9994,0.0,0.0003,-0.0067,138.68,138.79,138.57,133.035
2026-09-30T16:49:01+00:00,QQQ,2026-09-30,0,743.2108,610.0,C,131.96,135.18,133.57,133.86,6,116,4.1643,0.9994,0.0,0.0003,-0.007,133.75,133.86,133.64,128.03
2026-09-30T16:49:01+00:00,QQQ,2026-09-30,0,743.2108,615.0,C,126.76,130.18,128.47,128.0,5,106,4.0438,0.9993,0.0,0.0004,-0.0074,128.0,128.0,128.0,123.005
2026-09-30T16:49:01+00:00,QQQ,2026-09-30,0,743.2108,620.0,C,121.96,125.18,123.57,123.53,3,134,3.8617,0.9993,0.0001,0.0004,-0.0077,123.53,123.53,123.53,118.01
2026-09-30T16:49:01+00:00,QQQ,2026-09-30,0,743.2108,635.0,C,106.96,110.18,108.57,106.39,1,311,3.4126,0.9991,0.0001,0.0005,-0.0087,106.39,106.39,106.39,103.045
2026-09-30T16:49:01+00:00,QQQ,2026-09-30,0,743.2108,650.0,C,91.92,95.17,93.545,93.71,10,773,2.925,0.9989,0.0001,0.0006,-0.0099,92.95,93.71,92.95,87.9
2026-09-30T16:49:01+00:00,QQQ,2026-09-30,0,743.2108,654.0,C,87.89,91.18,89.535,89.19,2,9,2.866,0.9988,0.0001,0.0006,-0.0102,89.17,89.19,89.17,84.06
2026-09-30T16:49:01+00:00,QQQ,2026-09-30,0,743.2108,655.0,C,86.88,90.18,88.53,88.26,2,218,2.8364,0.9988,0.0001,0.0006,-0.0103,88.24,88.26,88.24,83.08
2026-09-30T16:49:01+00:00,QQQ,2026-09-30,0,743.2108,661.0,C,80.79,84.23,82.51,82.2,1,1,2.6665,0.9986,0.0001,0.0007,-0.0108,82.2,82.2,82.2,77.055
2026-09-30T16:49:01+00:00,QQQ,2026-09-30,0,743.2108,662.0,C,79.79,83.21,81.5,81.25,1,58,2.6441,0.9986,0.0002,0.0007,-0.0108,81.25,81.25,81.25,76.05
2026-09-30T16:49:01+00:00,QQQ,2026-09-30,0,743.2108,664.0,C,77.79,81.18,79.485,79.59,1,56,2.5633,0.9986,0.0002,0.0007,-0.011,79.59,79.59,79.59,74.05
2026-09-30T16:49:01+00:00,QQQ,2026-09-30,0,743.2108,665.0,C,76.93,80.18,78.555,78.12,3,713,2.5759,0.9985,0.0002,0.0007,-0.0111,78.67,78.67,78.12,72.915
2026-09-30T16:49:01+00:00,QQQ,2026-09-30,0,743.2108,666.0,C,75.96,79.18,77.57,75.0,1,3,2.4972,0.9985,0.0002,0.0008,-0.0112,75.0,75.0,75.0,72.055
2026-09-30T16:49:01+00:00,QQQ,2026-09-30,0,743.2108,672.0,C,69.96,73.18,71.57,70.99,1,66,2.3211,0.9983,0.0002,0.0008,-0.0117,70.99,70.99,70.99,66.055
2026-09-30T16:49:01+00:00,QQQ,2026-09-30,0,743.2108,673.0,C,68.79,72.18,70.485,70.04,1,52,2.278,0.9983,0.0002,0.0008,-0.0118,70.04,70.04,70.04,65.05
2026-09-30T16:49:01+00:00,QQQ,2026-09-30,0,743.2108,675.0,C,66.93,70.18,68.555,67.82,1,401,2.2126,0.9982,0.0002,0.0009,-0.012,67.82,67.82,67.82,63.06
2026-09-30T16:49:01+00:00,QQQ,2026-09-30,0,743.2108,680.0,C,61.96,65.18,63.57,63.23,2,684,2.0863,0.9981,0.0003,0.001,-0.0124,61.68,63.23,61.68,57.905
2026-09-30T16:49:01+00:00,QQQ,2026-09-30,0,743.2108,685.0,C,56.88,60.18,58.53,59.05,9,432,1.9019,0.9979,0.0003,0.0011,-0.0128,59.72,59.72,59.05,53.06
2026-09-30T16:49:01+00:00,QQQ,2026-09-30,0,743.2108,689.0,C,52.96,56.18,54.57,55.0,2,147,1.8215,0.9977,0.0004,0.0012,-0.0132,55.03,55.03,55.0,49.055
2026-09-30T16:49:01+00:00,QQQ,2026-09-30,0,743.2108,690.0,C,51.97,55.18,53.575,54.07,33,2878,1.7976,0.9976,0.0004,0.0012,-0.0133,53.13,54.1,53.13,47.915
2026-09-30T16:49:01+00:00,QQQ,2026-09-30,0,743.2108,692.0,C,49.89,53.19,51.54,51.45,1,61,1.733,0.9975,0.0004,0.0012,-0.0135,51.45,51.45,51.45,46.065
2026-09-30T16:49:01+00:00,QQQ,2026-09-30,0,743.2108,693.0,C,48.95,50.7,49.825,51.7,1,44,0.0,0.9974,0.0004,0.0012,-0.0136,51.7,51.7,51.7,45.065
2026-09-30T16:49:01+00:00,QQQ,2026-09-30,0,743.2108,698.0,C,43.95,47.18,45.565,46.09,5,60,1.5501,0.9971,0.0005,0.0014,-0.0141,43.94,47.51,43.76,40.07
2026-09-30T16:49:01+00:00,QQQ,2026-09-30,0,743.2108,699.0,C,42.95,46.19,44.57,45.3,3,104,1.5254,0.9971,0.0005,0.0014,-0.0142,45.16,45.3,45.16,39.095
2026-09-30T16:49:01+00:00,QQQ,2026-09-30,0,743.2108,700.0,C,42.01,45.18,43.595,44.36,92,2608,1.5197,0.997,0.0006,0.0015,-0.0143,41.61,44.36,40.8,37.895
2026-09-30T16:49:01+00:00,QQQ,2026-09-30,0,743.2108,702.0,C,40.14,43.19,41.665,41.91,2,190,1.5186,0.9968,0.0006,0.0015,-0.0145,41.8,41.91,41.8,35.885
2026-09-30T16:49:01+00:00,QQQ,2026-09-30,0,743.2108,703.0,C,39.14,42.21,40.675,40.99,1,158,1.4952,0.9968,0.0006,0.0016,-0.0146,40.99,40.99,40.99,34.89
2026-09-30T16:49:01+00:00,QQQ,2026-09-30,0,743.2108,704.0,C,38.17,41.19,39.68,39.4,10,358,1.4677,0.9967,0.0007,0.0016,-0.0147,39.4,39.4,39.4,33.89
2026-09-30T16:49:01+00:00,QQQ,2026-09-30,0,743.2108,705.0,C,37.04,40.19,38.615,38.5,2,1394,1.3854,0.9966,0.0007,0.0016,-0.0148,36.47,38.5,36.47,32.89
2026-09-30T16:49:01+00:00,QQQ,2026-09-30,0,743.2108,706.0,C,36.16,39.19,37.675,37.99,15,401,1.4011,0.9965,0.0007,0.0017,-0.0149,36.45,38.45,35.0,31.88
2026-09-30T16:49:01+00:00,QQQ,2026-09-30,0,743.2108,707.0,C,35.03,38.19,36.61,36.15,10,297,1.32,0.9964,0.0008,0.0018,-0.015,36.97,38.03,35.45,30.895
2026-09-30T16:49:01+00:00,QQQ,2026-09-30,0,743.2108,708.0,C,34.18,37.19,35.685,36.78,12,520,1.3452,0.9962,0.0008,0.0018,-0.0151,34.33,36.78,34.33,29.885
2026-09-30T16:49:01+00:00,QQQ,2026-09-30,0,743.2108,709.0,C,33.14,36.2,34.67,34.73,40,343,1.303,0.9961,0.0009,0.0018,-0.0152,32.8,34.73,32.8,28.9
2026-09-30T16:49:01+00:00,QQQ,2026-09-30,0,743.2108,710.0,C,32.17,35.19,33.68,33.75,52,3549,1.2782,0.996,0.0009,0.0019,-0.0154,31.0,34.15,31.0,27.9
2026-09-30T16:49:01+00:00,QQQ,2026-09-30,0,743.2108,711.0,C,31.14,34.19,32.665,32.4,34,435,1.2362,0.9959,0.001,0.002,-0.0155,31.51,32.56,31.44,26.905
2026-09-30T16:49:01+00:00,QQQ,2026-09-30,0,743.2108,712.0,C,30.14,33.2,31.67,32.09,34,373,1.2078,0.9958,0.001,0.002,-0.0156,29.62,32.84,29.62,25.895
2026-09-30T16:49:01+00:00,QQQ,2026-09-30,0,743.2108,713.0,C,29.67,32.2,30.935,30.96,20,413,1.324,0.9956,0.0011,0.0021,-0.0158,29.28,31.93,28.56,24.91
2026-09-30T16:49:01+00:00,QQQ,2026-09-30,0,743.2108,714.0,C,28.15,31.2,29.675,30.42,10,666,1.1471,0.9954,0.0012,0.0022,-0.016,29.65,30.42,29.12,23.975
2026-09-30T16:49:01+00:00,QQQ,2026-09-30,0,743.2108,715.0,C,27.4,30.2,28.8,29.42,34,3048,1.187,0.9953,0.0012,0.0022,-0.0161,24.99,29.42,24.99,23.08
2026-09-30T16:49:01+00:00,QQQ,2026-09-30,0,743.2108,716.0,C,26.14,29.2,27.67,27.51,78,3407,1.0796,0.9951,0.0013,0.0023,-0.0164,24.84,29.48,24.06,22.1
2026-09-30T16:49:01+00:00,QQQ,2026-09-30,0,743.2108,717.0,C,25.73,28.2,26.965,26.59,109,847,1.1979,0.9948,0.0014,0.0024,-0.0166,25.32,28.04,24.64,21.005
2026-09-30T16:49:01+00:00,QQQ,2026-09-30,0,743.2108,718.0,C,24.15,27.2,25.675,25.99,42,487,1.0178,0.9946,0.0015,0.0025,-0.0169,23.66,26.45,23.66,20.115
2026-09-30T16:49:01+00:00,QQQ,2026-09-30,0,743.2108,719.0,C,23.2,26.2,24.7,25.08,26,737,0.9993,0.9943,0.0016,0.0026,-0.0173,22.25,25.5,22.25,19.13
2026-09-30T16:49:01+00:00,QQQ,2026-09-30,0,743.2108,720.0,C,23.2,23.32,23.26,23.95,140,8914,0.5217,0.994,0.0018,0.0028,-0.0177,21.46,24.68,20.87,18.07
2026-09-30T16:49:01+00:00,QQQ,2026-09-30,0,743.2108,721.0,C,22.18,22.32,22.25,23.45,73,5762,0.6244,0.9936,0.002,0.0029,-0.0183,22.43,23.66,22.11,17.185
2026-09-30T16:49:01+00:00,QQQ,2026-09-30,0,743.2108,722.0,C,21.18,21.32,21.25,22.16,6,720,0.5406,0.9932,0.0022,0.0031,-0.0191,19.43,22.16,19.43,16.22
2026-09-30T16:49:01+00:00,QQQ,2026-09-30,0,743.2108,723.0,C,20.19,20.32,20.255,20.34,42,977,0.5176,0.9926,0.0024,0.0034,-0.0201,18.03,21.19,17.97,15.225
2026-09-30T16:49:01+00:00,QQQ,2026-09-30,0,743.2108,724.0,C,19.19,19.33,19.26,20.32,12,508,0.4946,0.9919,0.0027,0.0036,-0.0214,17.01,20.32,17.01,13.975
2026-09-30T16:49:01+00:00,QQQ,2026-09-30,0,743.2108,725.0,C,18.21,18.32,18.265,19.47,43,10563,0.4501,0.991,0.0031,0.004,-0.023,16.0,19.47,16.0,13.345
2026-09-30T16:49:01+00:00,QQQ,2026-09-30,0,743.2108,726.0,C,17.21,17.33,17.27,17.6,51,9021,0.4642,0.9899,0.0036,0.0044,-0.0253,16.35,18.56,15.33,12.4
2026-09-30T16:49:01+00:00,QQQ,2026-09-30,0,743.2108,727.0,C,16.22,16.33,16.275,17.15,34,2754,0.4402,0.9885,0.0041,0.005,-0.0282,14.04,17.15,13.91,11.53
2026-09-30T16:49:01+00:00,QQQ,2026-09-30,0,743.2108,728.0,C,15.22,15.33,15.275,15.72,36,1270,0.4162,0.9867,0.0049,0.0056,-0.0321,14.23,16.6,13.18,10.325
2026-09-30T16:49:01+00:00,QQQ,2026-09-30,0,743.2108,729.0,C,14.22,14.34,14.28,14.54,51,290,0.4226,0.9842,0.0059,0.0065,-0.0373,12.71,15.69,11.93,9.46
2026-09-30T16:49:01+00:00,QQQ,2026-09-30,0,743.2108,730.0,C,13.23,13.34,13.285,14.03,563,10170,0.4247,0.9811,0.0071,0.0076,-0.0442,9.89,15.03,9.89,8.62
2026-09-30T16:49:01+00:00,QQQ,2026-09-30,0,743.2108,731.0,C,12.22,12.36,12.29,13.1,139,424,0.3851,0.9769,0.0088,0.009,-0.0534,9.4,13.85,9.2,7.81
2026-09-30T16:49:01+00:00,QQQ,2026-09-30,0,743.2108,732.0,C,11.25,11.37,11.31,12.33,251,1890,0.3698,0.9714,0.0109,0.0107,-0.0655,8.41,13.04,8.41,7.03
2026-09-30T16:49:01+00:00,QQQ,2026-09-30,0,743.2108,733.0,C,10.25,10.39,10.32,10.96,216,956,0.3607,0.9642,0.0136,0.0129,-0.0817,7.64,11.87,7.64,6.29
2026-09-30T16:49:01+00:00,QQQ,2026-09-30,0,743.2108,734.0,C,9.29,9.41,9.35,9.93,356,824,0.3428,0.9546,0.0172,0.0156,-0.1036,6.64,10.89,6.64,5.59
2026-09-30T16:49:01+00:00,QQQ,2026-09-30,0,743.2108,735.0,C,8.3,8.43,8.365,8.44,1908,7104,0.3341,0.9416,0.0218,0.019,-0.1334,5.91,10.0,5.87,4.925
2026-09-30T16:49:01+00:00,QQQ,2026-09-30,0,743.2108,736.0,C,7.34,7.47,7.405,7.67,1233,1866,0.3215,0.9243,0.0278,0.0232,-0.1745,5.15,9.1,5.0,4.3
2026-09-30T16:49:01+00:00,QQQ,2026-09-30,0,743.2108,737.0,C,6.41,6.53,6.47,6.48,2368,2440,0.311,0.9009,0.0353,0.0282,-0.2319,4.38,8.2,4.32,3.715
2026-09-30T16:49:01+00:00,QQQ,2026-09-30,0,743.2108,738.0,C,5.51,5.59,5.55,5.63,7842,5060,0.3057,0.8694,0.0446,0.0342,-0.3126,3.67,7.22,3.61,3.175
2026-09-30T16:49:01+00:00,QQQ,2026-09-30,0,743.2108,739.0,C,4.64,4.69,4.665,4.66,9712,6076,0.295,0.8276,0.0556,0.0409,-0.4265,3.19,6.36,3.0,2.685
2026-09-30T16:49:01+00:00,QQQ,2026-09-30,0,743.2108,740.0,C,3.83,3.87,3.85,3.82,31214,15422,0.2863,0.7733,0.0677,0.048,-0.5861,2.58,5.45,2.46,2.25
2026-09-30T16:49:01+00:00,QQQ,2026-09-30,0,743.2108,741.0,C,3.06,3.09,3.075,3.08,46186,4935,0.2776,0.7052,0.0798,0.0547,-0.8068,2.18,4.61,1.95,1.865
2026-09-30T16:49:01+00:00,QQQ,2026-09-30,0,743.2108,742.0,C,2.38,2.39,2.385,2.39,110096,4132,0.27,0.6236,0.09,0.06,-1.1053,1.73,3.8,1.55,1.525
2026-09-30T16:49:01+00:00,QQQ,2026-09-30,0,743.2108,743.0,C,1.79,1.8,1.795,1.78,148134,3942,0.2643,0.5315,0.0962,0.0627,-1.4974,1.29,3.06,1.18,1.235
2026-09-30T16:49:01+00:00,QQQ,2026-09-30,0,743.2108,744.0,C,1.29,1.3,1.295,1.28,213411,3321,0.2629,0.4345,0.0965,0.0621,-1.3094,1.01,2.44,0.9,0.995
2026-09-30T16:49:01+00:00,QQQ,2026-09-30,0,743.2108,745.0,C,0.9,0.91,0.905,0.91,235207,20384,0.259,0.3399,0.0905,0.058,-0.9132,0.85,1.9,0.66,0.795
2026-09-30T16:49:01+00:00,QQQ,2026-09-30,0,743.2108,746.0,C,0.6,0.61,0.605,0.61,147636,5012,0.2582,0.2548,0.0793,0.0511,-0.6179,0.57,1.45,0.47,0.625
2026-09-30T16:49:01+00:00,QQQ,2026-09-30,0,743.2108,747.0,C,0.4,0.41,0.405,0.41,88461,16000,0.26,0.1843,0.0654,0.0427,-0.4089,0.39,1.08,0.34,0.495
2026-09-30T16:49:01+00:00,QQQ,2026-09-30,0,743.2108,748.0,C,0.26,0.27,0.265,0.26,81858,10519,0.2614,0.1298,0.0511,0.0341,-0.2678,0.29,0.79,0.24,0.385
2026-09-30T16:49:01+00:00,QQQ,2026-09-30,0,743.2108,749.0,C,0.17,0.18,0.175,0.17,30656,2125,0.2674,0.0903,0.0386,0.0265,-0.1759,0.21,0.57,0.17,0.305
2026-09-30T16:49:01+00:00,QQQ,2026-09-30,0,743.2108,750.0,C,0.11,0.12,0.115,0.11,46588,15156,0.2739,0.0628,0.0285,0.0203,-0.1174,0.15,0.4,0.11,0.235
2026-09-30T16:49:01+00:00,QQQ,2026-09-30,0,743.2108,751.0,C,0.08,0.09,0.085,0.08,15462,1898,0.2873,0.0442,0.0209,0.0155,-0.0805,0.11,0.29,0.07,0.185
2026-09-30T16:49:01+00:00,QQQ,2026-09-30,0,743.2108,752.0,C,0.05,0.06,0.055,0.06,18822,9075,0.2931,0.0319,0.0154,0.0119,-0.0572,0.07,0.22,0.05,0.145
2026-09-30T16:49:01+00:00,QQQ,2026-09-30,0,743.2108,753.0,C,0.04,0.05,0.045,0.04,5068,1367,0.3103,0.0237,0.0115,0.0094,-0.0425,0.07,0.15,0.04,0.115
2026-09-30T16:49:01+00:00,QQQ,2026-09-30,0,743.2108,754.0,C,0.03,0.04,0.035,0.04,6852,1137,0.3242,0.0183,0.0088,0.0075,-0.033,0.05,0.11,0.03,0.085
2026-09-30T16:49:01+00:00,QQQ,2026-09-30,0,743.2108,755.0,C,0.02,0.03,0.025,0.02,7107,5147,0.3336,0.0146,0.007,0.0062,-0.0269,0.05,0.09,0.02,0.075
2026-09-30T16:49:01+00:00,QQQ,2026-09-30,0,743.2108,756.0,C,0.02,0.03,0.025,0.02,3769,1385,0.3579,0.0122,0.0057,0.0053,-0.023,0.04,0.07,0.02,0.055
2026-09-30T16:49:01+00:00,QQQ,2026-09-30,0,743.2108,757.0,C,0.01,0.02,0.015,0.01,4485,1778,0.3582,0.0105,0.0047,0.0046,-0.0204,0.02,0.05,0.01,0.045
2026-09-30T16:49:01+00:00,QQQ,2026-09-30,0,743.2108,758.0,C,0.01,0.02,0.015,0.02,4228,1916,0.381,0.0092,0.004,0.0042,-0.0186,0.02,0.04,0.01,0.035
2026-09-30T16:49:01+00:00,QQQ,2026-09-30,0,743.2108,759.0,C,0.01,0.02,0.015,0.01,1276,1929,0.4035,0.0084,0.0035,0.0038,-0.0175,0.02,0.03,0.01,0.035
2026-09-30T16:49:01+00:00,QQQ,2026-09-30,0,743.2108,760.0,C,0.01,0.02,0.015,0.02,4899,13435,0.4259,0.0077,0.0031,0.0035,-0.0167,0.02,0.03,0.01,0.025
2026-09-30T16:49:01+00:00,QQQ,2026-09-30,0,743.2108,761.0,C,0.0,0.01,0.01,0.01,2895,1789,0.3994,0.0072,0.0028,0.0033,-0.0162,0.01,0.04,0.01,0.025
2026-09-30T16:49:01+00:00,QQQ,2026-09-30,0,743.2108,762.0,C,0.0,0.01,0.01,0.01,5558,3437,0.4195,0.0068,0.0025,0.0031,-0.0158,0.01,0.02,0.01,0.015
2026-09-30T16:49:01+00:00,QQQ,2026-09-30,0,743.2108,763.0,C,0.0,0.01,0.01,0.01,459,732,0.4395,0.0064,0.0023,0.003,-0.0156,0.01,0.03,0.01,0.015
2026-09-30T16:49:01+00:00,QQQ,2026-09-30,0,743.2108,764.0,C,0.0,0.01,0.01,0.01,359,1058,0.4594,0.0061,0.0021,0.0028,-0.0154,0.01,0.02,0.01,0.015
2026-09-30T16:49:01+00:00,QQQ,2026-09-30,0,743.2108,765.0,C,0.0,0.01,0.01,0.01,929,8345,0.4792,0.0058,0.002,0.0027,-0.0152,0.02,0.02,0.01,0.015
2026-09-30T16:49:01+00:00,QQQ,2026-09-30,0,743.2108,766.0,C,0.0,0.01,0.01,0.01,37,731,0.4989,0.0056,0.0018,0.0026,-0.0151,0.02,0.02,0.01,0.005
2026-09-30T16:49:01+00:00,QQQ,2026-09-30,0,743.2108,767.0,C,0.0,0.01,0.01,0.01,109,1092,0.5185,0.0054,0.0017,0.0025,-0.015,0.01,0.01,0.01,0.005
2026-09-30T16:49:01+00:00,QQQ,2026-09-30,0,743.2108,768.0,C,0.0,0.01,0.01,0.01,3,896,0.538,0.0052,0.0016,0.0024,-0.0149,0.02,0.02,0.01,0.005
2026-09-30T16:49:01+00:00,QQQ,2026-09-30,0,743.2108,769.0,C,0.0,0.01,0.01,0.01,4,1544,0.5574,0.005,0.0015,0.0024,-0.0148,0.01,0.01,0.01,0.005
2026-09-30T16:49:01+00:00,QQQ,2026-09-30,0,743.2108,770.0,C,0.0,0.01,0.01,0.01,174,4874,0.5767,0.0048,0.0014,0.0023,-0.0147,0.01,0.01,0.01,0.005
2026-09-30T16:49:01+00:00,QQQ,2026-09-30,0,743.2108,771.0,C,0.0,0.01,0.01,0.01,0,554,0.596,0.0047,0.0013,0.0022,-0.0146,0.0,0.0,0.0,0.005
2026-09-30T16:49:01+00:00,QQQ,2026-09-30,0,743.2108,772.0,C,0.0,0.01,0.01,0.01,0,3929,0.6152,0.0045,0.0012,0.0021,-0.0146,0.0,0.0,0.0,0.005
2026-09-30T16:49:01+00:00,QQQ,2026-09-30,0,743.2108,773.0,C,0.0,0.01,0.01,0.01,0,607,0.6343,0.0044,0.0012,0.0021,-0.0145,0.0,0.0,0.0,0.005
2026-09-30T16:49:01+00:00,QQQ,2026-09-30,0,743.2108,774.0,C,0.0,0.01,0.01,0.01,0,576,0.6533,0.0042,0.0011,0.002,-0.0144,0.0,0.0,0.0,0.005
2026-09-30T16:49:01+00:00,QQQ,2026-09-30,0,743.2108,775.0,C,0.0,0.01,0.01,0.01,0,1608,0.6722,0.0041,0.001,0.002,-0.0143,0.0,0.0,0.0,0.005
2026-09-30T16:49:01+00:00,QQQ,2026-09-30,0,743.2108,776.0,C,0.0,0.01,0.01,0.01,5,617,0.6911,0.004,0.001,0.0019,-0.0143,0.01,0.01,0.01,0.005
2026-09-30T16:49:01+00:00,QQQ,2026-09-30,0,743.2108,777.0,C,0.0,0.01,0.01,0.01,0,575,0.7099,0.0039,0.0009,0.0019,-0.0142,0.0,0.0,0.0,0.005
2026-09-30T16:49:01+00:00,QQQ,2026-09-30,0,743.2108,778.0,C,0.0,0.01,0.01,0.01,0,413,0.7287,0.0038,0.0009,0.0018,-0.0141,0.0,0.0,0.0,0.005
2026-09-30T16:49:01+00:00,QQQ,2026-09-30,0,743.2108,779.0,C,0.0,0.01,0.02,0.02,0,569,0.7474,0.0037,0.0008,0.0018,-0.014,0.0,0.0,0.0,0.005
2026-09-30T16:49:01+00:00,QQQ,2026-09-30,0,743.2108,780.0,C,0.0,0.01,0.01,0.01,0,2111,0.766,0.0036,0.0008,0.0017,-0.014,0.0,0.0,0.0,0.005
2026-09-30T16:49:01+00:00,QQQ,2026-09-30,0,743.2108,785.0,C,0.0,0.01,0.01,0.01,1,1170,0.8582,0.0032,0.0006,0.0015,-0.0136,0.01,0.01,0.01,0.005
2026-09-30T16:49:01+00:00,QQQ,2026-09-30,0,743.2108,805.0,C,0.0,0.01,0.01,0.01,9,501,1.2141,0.0022,0.0003,0.0011,-0.0123,0.01,0.01,0.01,0.005
2026-09-30T16:49:01+00:00,QQQ,2026-09-30,0,743.2108,895.0,C,0.0,0.01,0.01,0.01,33,129,2.6426,0.0007,0.0001,0.0004,-0.0078,0.01,0.01,0.01,0.005
2026-09-30T16:49:01+00:00,QQQ,2026-09-30,0,743.2108,945.0,C,0.0,0.01,0.01,0.01,25,141,3.3486,0.0005,0.0,0.0002,-0.006,0.01,0.01,0.01,0.005
2026-09-30T16:49:01+00:00,QQQ,2026-09-30,0,743.2108,475.0,P,0.0,0.01,0.01,0.01,25,790,6.1296,-0.0001,0.0,0.0,-0.0015,0.01,0.01,0.01,0.005
2026-09-30T16:49:01+00:00,QQQ,2026-09-30,0,743.2108,595.0,P,0.0,0.01,0.01,0.01,2,1452,3.1722,-0.0005,0.0,0.0003,-0.0061,0.01,0.01,0.01,0.01
2026-09-30T16:49:01+00:00,QQQ,2026-09-30,0,743.2108,615.0,P,0.0,0.01,0.01,0.01,225,1347,2.7293,-0.0007,0.0,0.0004,-0.0074,0.01,0.01,0.01,0.01
2026-09-30T16:49:01+00:00,QQQ,2026-09-30,0,743.2108,630.0,P,0.0,0.01,0.01,0.01,15,1992,2.404,-0.0008,0.0001,0.0004,-0.0084,0.01,0.01,0.01,0.015
2026-09-30T16:49:01+00:00,QQQ,2026-09-30,0,743.2108,635.0,P,0.0,0.01,0.01,0.01,4,1395,2.2968,-0.0009,0.0001,0.0005,-0.0087,0.01,0.01,0.01,0.015
2026-09-30T16:49:01+00:00,QQQ,2026-09-30,0,743.2108,640.0,P,0.0,0.01,0.01,0.01,12,7664,2.1901,-0.001,0.0001,0.0005,-0.0091,0.01,0.01,0.01,0.015
2026-09-30T16:49:01+00:00,QQQ,2026-09-30,0,743.2108,645.0,P,0.0,0.01,0.02,0.02,6,1611,2.0839,-0.001,0.0001,0.0005,-0.0095,0.01,0.02,0.01,0.015
2026-09-30T16:49:01+00:00,QQQ,2026-09-30,0,743.2108,650.0,P,0.0,0.01,0.01,0.01,4,24622,1.9782,-0.0011,0.0001,0.0006,-0.0099,0.01,0.01,0.01,0.015
2026-09-30T16:49:01+00:00,QQQ,2026-09-30,0,743.2108,653.0,P,0.0,0.01,0.01,0.01,10,146,1.9151,-0.0012,0.0001,0.0006,-0.0101,0.01,0.01,0.01,0.015
2026-09-30T16:49:01+00:00,QQQ,2026-09-30,0,743.2108,655.0,P,0.0,0.01,0.01,0.01,6,1965,1.8731,-0.0012,0.0001,0.0006,-0.0103,0.01,0.01,0.01,0.015
2026-09-30T16:49:01+00:00,QQQ,2026-09-30,0,743.2108,657.0,P,0.0,0.01,0.01,0.01,1,449,1.8311,-0.0013,0.0001,0.0006,-0.0104,0.01,0.01,0.01,0.015
2026-09-30T16:49:01+00:00,QQQ,2026-09-30,0,743.2108,660.0,P,0.0,0.01,0.01,0.01,183,8777,1.7683,-0.0013,0.0001,0.0007,-0.0107,0.01,0.01,0.01,0.015
2026-09-30T16:49:01+00:00,QQQ,2026-09-30,0,743.2108,664.0,P,0.0,0.01,0.01,0.01,5,3247,1.6848,-0.0014,0.0002,0.0007,-0.011,0.01,0.01,0.01,0.015
2026-09-30T16:49:01+00:00,QQQ,2026-09-30,0,743.2108,665.0,P,0.0,0.01,0.01,0.01,8,5142,1.664,-0.0015,0.0002,0.0007,-0.0111,0.01,0.01,0.01,0.015
2026-09-30T16:49:01+00:00,QQQ,2026-09-30,0,743.2108,668.0,P,0.0,0.01,0.01,0.01,11,452,1.6016,-0.0015,0.0002,0.0008,-0.0113,0.01,0.01,0.01,0.015
2026-09-30T16:49:01+00:00,QQQ,2026-09-30,0,743.2108,669.0,P,0.0,0.01,0.01,0.01,4,548,1.5808,-0.0016,0.0002,0.0008,-0.0114,0.01,0.01,0.01,0.015
2026-09-30T16:49:01+00:00,QQQ,2026-09-30,0,743.2108,670.0,P,0.0,0.01,0.01,0.01,15,3918,1.56,-0.0016,0.0002,0.0008,-0.0115,0.01,0.01,0.01,0.015
2026-09-30T16:49:01+00:00,QQQ,2026-09-30,0,743.2108,675.0,P,0.0,0.01,0.01,0.01,17,11012,1.4564,-0.0018,0.0002,0.0009,-0.012,0.01,0.01,0.01,0.015
2026-09-30T16:49:01+00:00,QQQ,2026-09-30,0,743.2108,677.0,P,0.0,0.01,0.01,0.01,20,1206,1.415,-0.0018,0.0002,0.0009,-0.0121,0.01,0.01,0.01,0.02
2026-09-30T16:49:01+00:00,QQQ,2026-09-30,0,743.2108,678.0,P,0.0,0.01,0.01,0.01,11,203,1.3944,-0.0019,0.0002,0.0009,-0.0122,0.01,0.01,0.01,0.02
2026-09-30T16:49:01+00:00,QQQ,2026-09-30,0,743.2108,679.0,P,0.0,0.01,0.01,0.01,1,865,1.3737,-0.0019,0.0003,0.001,-0.0123,0.01,0.01,0.01,0.02
2026-09-30T16:49:01+00:00,QQQ,2026-09-30,0,743.2108,680.0,P,0.0,0.01,0.01,0.01,27,16282,1.3531,-0.0019,0.0003,0.001,-0.0124,0.01,0.01,0.01,0.02
2026-09-30T16:49:01+00:00,QQQ,2026-09-30,0,743.2108,681.0,P,0.0,0.01,0.01,0.01,22,14388,1.3324,-0.002,0.0003,0.001,-0.0125,0.01,0.01,0.01,0.02
2026-09-30T16:49:01+00:00,QQQ,2026-09-30,0,743.2108,682.0,P,0.0,0.01,0.01,0.01,20,2041,1.3118,-0.002,0.0003,0.001,-0.0126,0.01,0.01,0.01,0.02
2026-09-30T16:49:01+00:00,QQQ,2026-09-30,0,743.2108,683.0,P,0.0,0.01,0.01,0.01,9,730,1.2912,-0.002,0.0003,0.001,-0.0127,0.01,0.01,0.01,0.02
2026-09-30T16:49:01+00:00,QQQ,2026-09-30,0,743.2108,684.0,P,0.0,0.01,0.01,0.01,5,403,1.2706,-0.0021,0.0003,0.001,-0.0128,0.01,0.01,0.01,0.02
2026-09-30T16:49:01+00:00,QQQ,2026-09-30,0,743.2108,685.0,P,0.0,0.01,0.01,0.01,17,9111,1.2499,-0.0021,0.0003,0.0011,-0.0128,0.01,0.01,0.01,0.02
2026-09-30T16:49:01+00:00,QQQ,2026-09-30,0,743.2108,686.0,P,0.0,0.01,0.01,0.01,1,392,1.2293,-0.0022,0.0003,0.0011,-0.0129,0.01,0.01,0.01,0.025
2026-09-30T16:49:01+00:00,QQQ,2026-09-30,0,743.2108,687.0,P,0.0,0.01,0.01,0.01,1,14676,1.2087,-0.0022,0.0003,0.0011,-0.013,0.01,0.01,0.01,0.025
2026-09-30T16:49:01+00:00,QQQ,2026-09-30,0,743.2108,688.0,P,0.0,0.01,0.01,0.01,2,795,1.1882,-0.0023,0.0004,0.0011,-0.0131,0.01,0.01,0.01,0.025
2026-09-30T16:49:01+00:00,QQQ,2026-09-30,0,743.2108,690.0,P,0.0,0.01,0.01,0.01,31,24724,1.147,-0.0024,0.0004,0.0012,-0.0133,0.01,0.01,0.01,0.025
2026-09-30T16:49:01+00:00,QQQ,2026-09-30,0,743.2108,691.0,P,0.0,0.01,0.01,0.01,30,790,1.1264,-0.0024,0.0004,0.0012,-0.0134,0.01,0.01,0.01,0.025
2026-09-30T16:49:01+00:00,QQQ,2026-09-30,0,743.2108,692.0,P,0.0,0.01,0.01,0.01,55,646,1.1058,-0.0025,0.0004,0.0012,-0.0135,0.01,0.01,0.01,0.025
2026-09-30T16:49:01+00:00,QQQ,2026-09-30,0,743.2108,693.0,P,0.0,0.01,0.01,0.01,25,770,1.0853,-0.0026,0.0004,0.0012,-0.0136,0.01,0.01,0.01,0.025
2026-09-30T16:49:01+00:00,QQQ,2026-09-30,0,743.2108,695.0,P,0.0,0.01,0.01,0.01,190,18640,1.0441,-0.0027,0.0005,0.0013,-0.0138,0.01,0.01,0.01,0.025
2026-09-30T16:49:01+00:00,QQQ,2026-09-30,0,743.2108,696.0,P,0.0,0.01,0.01,0.01,160,2911,1.0236,-0.0027,0.0005,0.0013,-0.0139,0.01,0.02,0.01,0.025
2026-09-30T16:49:01+00:00,QQQ,2026-09-30,0,743.2108,697.0,P,0.0,0.01,0.01,0.01,55,485,1.003,-0.0028,0.0005,0.0014,-0.014,0.01,0.01,0.01,0.025
2026-09-30T16:49:01+00:00,QQQ,2026-09-30,0,743.2108,698.0,P,0.0,0.01,0.01,0.01,469,1252,0.9824,-0.0029,0.0005,0.0014,-0.0141,0.01,0.01,0.01,0.025
2026-09-30T16:49:01+00:00,QQQ,2026-09-30,0,743.2108,699.0,P,0.0,0.01,0.01,0.01,1676,1677,0.9618,-0.0029,0.0005,0.0014,-0.0142,0.01,0.02,0.01,0.025
2026-09-30T16:49:01+00:00,QQQ,2026-09-30,0,743.2108,700.0,P,0.0,0.01,0.01,0.01,4054,23840,0.9413,-0.003,0.0006,0.0015,-0.0143,0.01,0.02,0.01,0.025
2026-09-30T16:49:01+00:00,QQQ,2026-09-30,0,743.2108,701.0,P,0.0,0.01,0.01,0.01,5401,1133,0.9207,-0.0031,0.0006,0.0015,-0.0144,0.02,0.02,0.01,0.035
2026-09-30T16:49:01+00:00,QQQ,2026-09-30,0,743.2108,702.0,P,0.0,0.01,0.01,0.01,6670,988,0.9001,-0.0032,0.0006,0.0015,-0.0145,0.01,0.02,0.01,0.035
2026-09-30T16:49:01+00:00,QQQ,2026-09-30,0,743.2108,703.0,P,0.0,0.01,0.01,0.01,6686,874,0.8795,-0.0032,0.0006,0.0016,-0.0146,0.02,0.02,0.01,0.035
2026-09-30T16:49:01+00:00,QQQ,2026-09-30,0,743.2108,704.0,P,0.0,0.01,0.02,0.02,10099,833,0.859,-0.0033,0.0007,0.0016,-0.0147,0.01,0.02,0.01,0.035
2026-09-30T16:49:01+00:00,QQQ,2026-09-30,0,743.2108,705.0,P,0.01,0.02,0.015,0.01,2720,22528,0.9283,-0.0034,0.0007,0.0016,-0.0148,0.01,0.02,0.01,0.035
2026-09-30T16:49:01+00:00,QQQ,2026-09-30,0,743.2108,706.0,P,0.01,0.02,0.015,0.01,319,1360,0.9058,-0.0035,0.0007,0.0017,-0.0149,0.02,0.02,0.01,0.045
2026-09-30T16:49:01+00:00,QQQ,2026-09-30,0,743.2108,707.0,P,0.01,0.02,0.015,0.01,215,2276,0.8834,-0.0036,0.0008,0.0018,-0.015,0.01,0.02,0.01,0.045
2026-09-30T16:49:01+00:00,QQQ,2026-09-30,0,743.2108,708.0,P,0.01,0.02,0.015,0.02,125,1105,0.8609,-0.0038,0.0008,0.0018,-0.0151,0.02,0.02,0.01,0.045
2026-09-30T16:49:01+00:00,QQQ,2026-09-30,0,743.2108,709.0,P,0.01,0.02,0.015,0.01,437,2238,0.8384,-0.0039,0.0009,0.0018,-0.0152,0.03,0.03,0.01,0.055
2026-09-30T16:49:01+00:00,QQQ,2026-09-30,0,743.2108,710.0,P,0.01,0.02,0.015,0.01,474,10223,0.8158,-0.004,0.0009,0.0019,-0.0154,0.02,0.02,0.01,0.055
2026-09-30T16:49:01+00:00,QQQ,2026-09-30,0,743.2108,711.0,P,0.01,0.02,0.015,0.01,920,2537,0.7933,-0.0041,0.001,0.002,-0.0155,0.02,0.03,0.01,0.055
2026-09-30T16:49:01+00:00,QQQ,2026-09-30,0,743.2108,712.0,P,0.01,0.02,0.015,0.02,1403,2625,0.7707,-0.0042,0.001,0.002,-0.0156,0.04,0.04,0.01,0.065
2026-09-30T16:49:01+00:00,QQQ,2026-09-30,0,743.2108,713.0,P,0.01,0.02,0.015,0.02,439,1520,0.7481,-0.0044,0.0011,0.0021,-0.0158,0.01,0.04,0.01,0.065
2026-09-30T16:49:01+00:00,QQQ,2026-09-30,0,743.2108,714.0,P,0.01,0.02,0.015,0.02,905,2772,0.7255,-0.0046,0.0012,0.0022,-0.016,0.04,0.05,0.01,0.075
2026-09-30T16:49:01+00:00,QQQ,2026-09-30,0,743.2108,715.0,P,0.01,0.02,0.015,0.01,995,10549,0.7028,-0.0047,0.0012,0.0022,-0.0161,0.06,0.06,0.01,0.085
2026-09-30T16:49:01+00:00,QQQ,2026-09-30,0,743.2108,716.0,P,0.01,0.02,0.015,0.01,919,4371,0.6801,-0.0049,0.0013,0.0023,-0.0164,0.04,0.04,0.01,0.095
2026-09-30T16:49:01+00:00,QQQ,2026-09-30,0,743.2108,717.0,P,0.01,0.02,0.015,0.02,3237,3333,0.6574,-0.0052,0.0014,0.0024,-0.0166,0.05,0.05,0.01,0.105
2026-09-30T16:49:01+00:00,QQQ,2026-09-30,0,743.2108,718.0,P,0.01,0.02,0.015,0.01,1708,4091,0.6346,-0.0054,0.0015,0.0025,-0.0169,0.05,0.06,0.01,0.125
2026-09-30T16:49:01+00:00,QQQ,2026-09-30,0,743.2108,719.0,P,0.01,0.02,0.015,0.01,1769,2320,0.6118,-0.0057,0.0016,0.0026,-0.0173,0.07,0.07,0.01,0.135
2026-09-30T16:49:01+00:00,QQQ,2026-09-30,0,743.2108,720.0,P,0.01,0.02,0.015,0.02,2433,45414,0.5889,-0.006,0.0018,0.0028,-0.0177,0.07,0.09,0.01,0.155
2026-09-30T16:49:01+00:00,QQQ,2026-09-30,0,743.2108,721.0,P,0.01,0.02,0.015,0.01,1714,3072,0.5659,-0.0064,0.002,0.0029,-0.0183,0.08,0.09,0.01,0.185
2026-09-30T16:49:01+00:00,QQQ,2026-09-30,0,743.2108,722.0,P,0.01,0.02,0.015,0.02,2240,3269,0.543,-0.0068,0.0022,0.0031,-0.0191,0.05,0.1,0.01,0.225
2026-09-30T16:49:01+00:00,QQQ,2026-09-30,0,743.2108,723.0,P,0.02,0.03,0.025,0.03,2639,4071,0.5519,-0.0074,0.0024,0.0034,-0.0201,0.13,0.13,0.02,0.265
2026-09-30T16:49:01+00:00,QQQ,2026-09-30,0,743.2108,724.0,P,0.02,0.03,0.025,0.02,2164,2907,0.5276,-0.0081,0.0027,0.0036,-0.0214,0.12,0.13,0.02,0.315
2026-09-30T16:49:01+00:00,QQQ,2026-09-30,0,743.2108,725.0,P,0.02,0.03,0.025,0.03,3491,9083,0.5033,-0.009,0.0031,0.004,-0.023,0.1,0.14,0.01,0.385
2026-09-30T16:49:01+00:00,QQQ,2026-09-30,0,743.2108,726.0,P,0.02,0.03,0.025,0.02,3243,4682,0.4788,-0.0101,0.0036,0.0044,-0.0253,0.18,0.2,0.02,0.455
2026-09-30T16:49:01+00:00,QQQ,2026-09-30,0,743.2108,727.0,P,0.02,0.03,0.025,0.04,4286,8135,0.4543,-0.0115,0.0041,0.005,-0.0282,0.21,0.22,0.02,0.555
2026-09-30T16:49:01+00:00,QQQ,2026-09-30,0,743.2108,728.0,P,0.03,0.04,0.035,0.04,8151,4151,0.4493,-0.0133,0.0049,0.0056,-0.0321,0.26,0.26,0.03,0.665
2026-09-30T16:49:01+00:00,QQQ,2026-09-30,0,743.2108,729.0,P,0.03,0.04,0.035,0.03,6144,2276,0.4236,-0.0158,0.0059,0.0065,-0.0373,0.31,0.31,0.03,0.805
2026-09-30T16:49:01+00:00,QQQ,2026-09-30,0,743.2108,730.0,P,0.04,0.05,0.045,0.05,75216,67863,0.4126,-0.0189,0.0071,0.0076,-0.0442,0.3,0.43,0.04,0.965
2026-09-30T16:49:01+00:00,QQQ,2026-09-30,0,743.2108,731.0,P,0.05,0.06,0.055,0.06,10863,3284,0.398,-0.0231,0.0088,0.009,-0.0534,0.41,0.47,0.04,1.155
2026-09-30T16:49:01+00:00,QQQ,2026-09-30,0,743.2108,732.0,P,0.06,0.07,0.065,0.06,13155,5436,0.3807,-0.0286,0.0109,0.0107,-0.0655,0.53,0.58,0.05,1.375
2026-09-30T16:49:01+00:00,QQQ,2026-09-30,0,743.2108,733.0,P,0.07,0.08,0.075,0.08,25643,3172,0.3612,-0.0358,0.0136,0.0129,-0.0817,0.65,0.71,0.06,1.635
2026-09-30T16:49:01+00:00,QQQ,2026-09-30,0,743.2108,734.0,P,0.1,0.11,0.105,0.1,21567,4392,0.3468,-0.0454,0.0172,0.0156,-0.1036,0.79,0.94,0.08,1.925
2026-09-30T16:49:01+00:00,QQQ,2026-09-30,0,743.2108,735.0,P,0.13,0.14,0.135,0.12,45523,11383,0.3344,-0.0584,0.0218,0.019,-0.1334,1.02,1.04,0.09,2.255
2026-09-30T16:49:01+00:00,QQQ,2026-09-30,0,743.2108,736.0,P,0.17,0.18,0.175,0.17,97473,60352,0.3218,-0.0757,0.0278,0.0232,-0.1745,1.3,1.34,0.11,2.625
2026-09-30T16:49:01+00:00,QQQ,2026-09-30,0,743.2108,737.0,P,0.23,0.24,0.235,0.24,47646,9085,0.3112,-0.0991,0.0353,0.0282,-0.2319,1.45,1.64,0.15,3.045
2026-09-30T16:49:01+00:00,QQQ,2026-09-30,0,743.2108,738.0,P,0.31,0.32,0.315,0.3,61071,4259,0.3029,-0.1306,0.0446,0.0342,-0.3126,1.83,1.95,0.2,3.51
2026-09-30T16:49:01+00:00,QQQ,2026-09-30,0,743.2108,739.0,P,0.44,0.45,0.445,0.44,72946,3360,0.2914,-0.1724,0.0556,0.0409,-0.4265,2.18,2.32,0.27,4.02
2026-09-30T16:49:01+00:00,QQQ,2026-09-30,0,743.2108,740.0,P,0.61,0.62,0.615,0.61,133151,3598,0.2822,-0.2267,0.0677,0.048,-0.5861,2.61,2.77,0.36,4.58
2026-09-30T16:49:01+00:00,QQQ,2026-09-30,0,743.2108,741.0,P,0.84,0.85,0.845,0.84,115483,1156,0.2758,-0.2948,0.0798,0.0547,-0.8068,3.04,3.21,0.49,5.2
2026-09-30T16:49:01+00:00,QQQ,2026-09-30,0,743.2108,742.0,P,1.14,1.15,1.145,1.15,171742,1950,0.2676,-0.3764,0.09,0.06,-1.1053,3.61,3.78,0.67,5.87
2026-09-30T16:49:01+00:00,QQQ,2026-09-30,0,743.2108,743.0,P,1.55,1.56,1.555,1.56,165426,795,0.2636,-0.4685,0.0962,0.0627,-1.4974,4.29,4.43,0.92,6.585
2026-09-30T16:49:01+00:00,QQQ,2026-09-30,0,743.2108,744.0,P,2.05,2.06,2.055,2.05,126433,711,0.2606,-0.5655,0.0965,0.0621,-1.3094,5.08,5.08,1.26,7.335
2026-09-30T16:49:01+00:00,QQQ,2026-09-30,0,743.2108,745.0,P,2.67,2.68,2.675,2.66,47474,1673,0.2582,-0.6601,0.0905,0.058,-0.9132,5.87,5.87,1.68,8.135
2026-09-30T16:49:01+00:00,QQQ,2026-09-30,0,743.2108,746.0,P,3.36,3.4,3.38,3.39,13734,679,0.2554,-0.7452,0.0793,0.0511,-0.6179,5.93,5.93,2.25,8.8
2026-09-30T16:49:01+00:00,QQQ,2026-09-30,0,743.2108,747.0,P,4.15,4.21,4.18,4.15,4242,1637,0.2554,-0.8157,0.0654,0.0427,-0.4089,7.53,7.53,2.88,9.79
2026-09-30T16:49:01+00:00,QQQ,2026-09-30,0,743.2108,748.0,P,4.99,5.08,5.035,4.94,1951,492,0.2539,-0.8702,0.0511,0.0341,-0.2678,8.1,8.1,3.63,10.715
2026-09-30T16:49:01+00:00,QQQ,2026-09-30,0,743.2108,749.0,P,5.87,5.99,5.93,5.84,805,90,0.2696,-0.9097,0.0386,0.0265,-0.1759,7.08,8.3,4.36,11.485
2026-09-30T16:49:01+00:00,QQQ,2026-09-30,0,743.2108,750.0,P,6.81,6.95,6.88,6.84,1499,594,0.2689,-0.9372,0.0285,0.0203,-0.1174,10.0,10.0,5.2,12.505
2026-09-30T16:49:01+00:00,QQQ,2026-09-30,0,743.2108,751.0,P,7.77,7.9,7.835,7.81,344,42,0.2909,-0.9558,0.0209,0.0155,-0.0805,9.84,10.04,6.63,13.545
2026-09-30T16:49:01+00:00,QQQ,2026-09-30,0,743.2108,752.0,P,8.75,8.88,8.815,8.3,470,29,0.3022,-0.9681,0.0154,0.0119,-0.0572,10.47,10.47,7.37,14.58
2026-09-30T16:49:01+00:00,QQQ,2026-09-30,0,743.2108,753.0,P,9.74,9.88,9.81,8.95,400,16,0.3212,-0.9763,0.0115,0.0094,-0.0425,12.22,13.11,8.3,15.56
2026-09-30T16:49:01+00:00,QQQ,2026-09-30,0,743.2108,754.0,P,10.72,10.86,10.79,9.9,155,0,0.3376,-0.9817,0.0088,0.0075,-0.033,10.68,11.42,9.02,16.465
2026-09-30T16:49:01+00:00,QQQ,2026-09-30,0,743.2108,755.0,P,11.73,11.84,11.785,11.6,37,4,0.3506,-0.9854,0.007,0.0062,-0.0269,13.67,13.67,10.41,17.51
2026-09-30T16:49:01+00:00,QQQ,2026-09-30,0,743.2108,756.0,P,12.71,12.84,12.775,11.68,7,14,0.3679,-0.9878,0.0057,0.0053,-0.023,12.91,12.98,11.68,17.745
2026-09-30T16:49:01+00:00,QQQ,2026-09-30,0,743.2108,757.0,P,13.72,13.85,13.785,12.78,10,1,0.3832,-0.9895,0.0047,0.0046,-0.0204,13.85,13.85,12.76,18.795
2026-09-30T16:49:01+00:00,QQQ,2026-09-30,0,743.2108,758.0,P,14.72,14.83,14.775,13.47,9,0,0.4169,-0.9908,0.004,0.0042,-0.0186,13.81,14.98,13.17,19.775
2026-09-30T16:49:01+00:00,QQQ,2026-09-30,0,743.2108,759.0,P,15.71,15.84,15.775,15.98,8,0,0.441,-0.9916,0.0035,0.0038,-0.0175,15.98,15.98,15.98,20.745
2026-09-30T16:49:01+00:00,QQQ,2026-09-30,0,743.2108,760.0,P,16.71,16.84,16.775,15.62,3,30,0.4277,-0.9923,0.0031,0.0035,-0.0167,15.99,15.99,15.51,22.57
2026-09-30T16:49:01+00:00,QQQ,2026-09-30,0,743.2108,761.0,P,17.7,17.84,17.77,17.66,5,0,0.431,-0.9928,0.0028,0.0033,-0.0162,17.66,17.66,17.66,22.755
2026-09-30T16:49:01+00:00,QQQ,2026-09-30,0,743.2108,762.0,P,18.7,18.82,18.76,17.97,1,2,0.4722,-0.9932,0.0025,0.0031,-0.0158,17.97,17.97,17.97,23.76
2026-09-30T16:49:01+00:00,QQQ,2026-09-30,0,743.2108,763.0,P,19.7,19.83,19.765,19.01,11,0,0.5104,-0.9936,0.0023,0.003,-0.0156,22.26,23.09,19.01,24.755
2026-09-30T16:49:01+00:00,QQQ,2026-09-30,0,743.2108,764.0,P,20.7,20.83,20.765,20.57,12,0,0.4948,-0.9939,0.0021,0.0028,-0.0154,22.33,22.33,20.53,25.76
2026-09-30T16:49:01+00:00,QQQ,2026-09-30,0,743.2108,765.0,P,21.7,21.87,21.785,21.21,3,1,0.0,-0.9942,0.002,0.0027,-0.0152,23.25,23.25,21.21,26.755
2026-09-30T16:49:01+00:00,QQQ,2026-09-30,0,743.2108,766.0,P,22.7,22.85,22.775,24.26,14,0,0.0,-0.9944,0.0018,0.0026,-0.0151,25.07,25.98,24.09,27.75
2026-09-30T16:49:01+00:00,QQQ,2026-09-30,0,743.2108,767.0,P,23.7,23.85,23.775,24.6,29,0,0.0,-0.9946,0.0017,0.0025,-0.015,25.51,27.36,23.35,28.78
2026-09-30T16:49:01+00:00,QQQ,2026-09-30,0,743.2108,768.0,P,24.7,24.88,24.79,24.55,58,0,0.0,-0.9948,0.0016,0.0024,-0.0149,27.06,28.01,22.6,30.6
2026-09-30T16:49:01+00:00,QQQ,2026-09-30,0,743.2108,769.0,P,23.82,26.85,25.335,24.87,88,0,0.0,-0.995,0.0015,0.0024,-0.0148,27.98,29.01,23.35,30.785
2026-09-30T16:49:01+00:00,QQQ,2026-09-30,0,743.2108,770.0,P,24.83,27.86,26.345,25.74,124,0,0.0,-0.9952,0.0014,0.0023,-0.0147,27.8,30.11,25.7,31.8
2026-09-30T16:49:01+00:00,QQQ,2026-09-30,0,743.2108,771.0,P,25.82,28.84,27.33,25.19,38,0,0.0,-0.9953,0.0013,0.0022,-0.0146,31.72,31.72,25.19,32.78
2026-09-30T16:49:01+00:00,QQQ,2026-09-30,0,743.2108,772.0,P,26.82,30.06,28.44,29.05,3,0,0.0,-0.9955,0.0012,0.0021,-0.0146,31.25,31.31,29.05,33.78
2026-09-30T16:49:01+00:00,QQQ,2026-09-30,0,743.2108,773.0,P,27.8,31.14,29.47,29.98,1,0,0.0,-0.9956,0.0012,0.0021,-0.0145,29.98,29.98,29.98,34.78
2026-09-30T16:49:01+00:00,QQQ,2026-09-30,0,743.2108,774.0,P,28.83,32.11,30.47,31.61,0,0,0.0,-0.9958,0.0011,0.002,-0.0144,0.0,0.0,0.0,35.8
2026-09-30T16:49:01+00:00,QQQ,2026-09-30,0,743.2108,775.0,P,29.83,33.04,31.435,30.37,20,0,0.0,-0.9959,0.001,0.002,-0.0143,30.37,30.37,30.37,37.085
2026-09-30T16:49:01+00:00,QQQ,2026-09-30,0,743.2108,776.0,P,30.83,34.22,32.525,36.22,0,0,0.0,-0.996,0.001,0.0019,-0.0143,0.0,0.0,0.0,38.095
2026-09-30T16:49:01+00:00,QQQ,2026-09-30,0,743.2108,777.0,P,31.82,35.06,33.44,34.5,0,0,0.0,-0.9961,0.0009,0.0019,-0.0142,0.0,0.0,0.0,39.085
2026-09-30T16:49:01+00:00,QQQ,2026-09-30,0,743.2108,778.0,P,32.82,36.11,34.465,36.17,0,0,0.0,-0.9962,0.0009,0.0018,-0.0141,0.0,0.0,0.0,40.08
2026-09-30T16:49:01+00:00,QQQ,2026-09-30,0,743.2108,779.0,P,33.82,37.11,35.465,36.44,0,0,0.0,-0.9963,0.0008,0.0018,-0.014,0.0,0.0,0.0,41.095
2026-09-30T16:49:01+00:00,QQQ,2026-09-30,0,743.2108,780.0,P,34.82,38.08,36.45,41.57,0,0,0.0,-0.9964,0.0008,0.0017,-0.014,0.0,0.0,0.0,42.19
2026-09-30T16:49:01+00:00,QQQ,2026-09-30,0,743.2108,795.0,P,49.8,53.22,51.51,50.49,4,0,0.0,-0.9974,0.0004,0.0013,-0.013,50.52,50.52,50.48,57.19
2026-09-30T16:49:01+00:00,QQQ,2026-09-30,0,743.2108,796.0,P,50.82,54.05,52.435,51.41,4,0,0.0,-0.9975,0.0004,0.0012,-0.0129,51.45,51.45,51.41,58.095
2026-09-30T16:49:01+00:00,QQQ,2026-09-30,0,743.2108,802.0,P,56.82,60.13,58.475,57.25,3,0,0.0,-0.9977,0.0004,0.0011,-0.0125,57.24,57.25,57.24,64.095
2026-09-30T16:49:01+00:00,QQQ,2026-09-30,0,743.2108,803.0,P,57.77,61.05,59.41,58.17,3,0,0.0,-0.9978,0.0004,0.0011,-0.0124,58.16,58.17,58.16,65.09
2026-09-30T16:49:01+00:00,QQQ,2026-09-30,0,743.2108,845.0,P,99.82,103.21,101.515,101.15,1,0,0.0,-0.9988,0.0001,0.0006,-0.01,101.15,101.15,101.15,107.245
2026-09-30T16:49:01+00:00,QQQ,2026-09-30,0,743.2108,846.0,P,100.82,104.22,102.52,102.08,1,0,0.0,-0.9988,0.0001,0.0006,-0.01,102.08,102.08,102.08,108.115
2026-09-30T16:49:01+00:00,QQQ,2026-09-30,0,743.2108,859.0,P,113.83,117.08,115.455,115.4,1,0,0.0,-0.999,0.0001,0.0005,-0.0094,115.4,115.4,115.4,121.095
2026-09-30T16:49:01+00:00,QQQ,2026-09-30,0,743.2108,860.0,P,114.83,118.21,116.52,116.35,1,0,0.0,-0.999,0.0001,0.0005,-0.0093,116.35,116.35,116.35,122.19
2026-09-30T16:52:06+00:00,QQQ,2026-09-30,0,743.09,510.0,C,231.88,235.16,233.52,233.48,1,0,7.8662,0.9999,0.0,0.0001,-0.0024,233.48,233.48,233.48,227.91
2026-09-30T16:52:06+00:00,QQQ,2026-09-30,0,743.09,515.0,C,226.79,230.18,228.485,228.55,1,0,7.6962,0.9998,0.0,0.0001,-0.0026,228.55,228.55,228.55,222.955
2026-09-30T16:52:06+00:00,QQQ,2026-09-30,0,743.09,530.0,C,211.76,215.16,213.46,214.01,4,1,6.9928,0.9998,0.0,0.0001,-0.0031,214.06,214.06,214.01,207.99
2026-09-30T16:52:06+00:00,QQQ,2026-09-30,0,743.09,535.0,C,206.8,210.16,208.48,209.09,4,0,6.8703,0.9998,0.0,0.0001,-0.0033,209.14,209.14,209.09,202.94
2026-09-30T16:52:06+00:00,QQQ,2026-09-30,0,743.09,600.0,C,141.8,145.17,143.485,143.97,13,63,4.7118,0.9995,0.0,0.0003,-0.0065,141.56,143.97,141.56,138.085
2026-09-30T16:52:06+00:00,QQQ,2026-09-30,0,743.09,605.0,C,136.77,140.1,138.435,138.79,6,48,4.4578,0.9994,0.0,0.0003,-0.0068,138.68,138.79,138.57,133.035
2026-09-30T16:52:06+00:00,QQQ,2026-09-30,0,743.09,610.0,C,131.8,135.16,133.48,133.86,6,116,4.3835,0.9994,0.0,0.0003,-0.0071,133.75,133.86,133.64,128.03
2026-09-30T16:52:06+00:00,QQQ,2026-09-30,0,743.09,615.0,C,126.76,130.17,128.465,128.0,5,106,4.1992,0.9993,0.0,0.0004,-0.0074,128.0,128.0,128.0,123.005
2026-09-30T16:52:06+00:00,QQQ,2026-09-30,0,743.09,620.0,C,121.8,125.17,123.485,123.53,3,134,4.0756,0.9993,0.0001,0.0004,-0.0078,123.53,123.53,123.53,118.01
2026-09-30T16:52:06+00:00,QQQ,2026-09-30,0,743.09,635.0,C,106.8,110.17,108.485,106.39,1,311,3.6561,0.9991,0.0001,0.0005,-0.0088,106.39,106.39,106.39,103.045
2026-09-30T16:52:06+00:00,QQQ,2026-09-30,0,743.09,650.0,C,91.79,95.17,93.48,93.71,10,773,3.1918,0.9989,0.0001,0.0006,-0.01,92.95,93.71,92.95,87.9
2026-09-30T16:52:06+00:00,QQQ,2026-09-30,0,743.09,654.0,C,87.82,91.16,89.49,89.19,2,9,3.0229,0.9988,0.0001,0.0006,-0.0103,89.17,89.19,89.17,84.06
2026-09-30T16:52:06+00:00,QQQ,2026-09-30,0,743.09,655.0,C,86.79,90.18,88.485,88.26,2,218,2.9856,0.9988,0.0001,0.0006,-0.0104,88.24,88.26,88.24,83.08
2026-09-30T16:52:06+00:00,QQQ,2026-09-30,0,743.09,661.0,C,80.79,84.04,82.415,82.2,1,1,2.7882,0.9986,0.0001,0.0007,-0.0108,82.2,82.2,82.2,77.055
2026-09-30T16:52:06+00:00,QQQ,2026-09-30,0,743.09,662.0,C,79.79,83.16,81.475,81.25,1,58,2.7575,0.9986,0.0002,0.0007,-0.0109,81.25,81.25,81.25,76.05
2026-09-30T16:52:06+00:00,QQQ,2026-09-30,0,743.09,664.0,C,77.79,81.16,79.475,79.59,1,56,2.6961,0.9986,0.0002,0.0007,-0.0111,79.59,79.59,79.59,74.05
2026-09-30T16:52:06+00:00,QQQ,2026-09-30,0,743.09,665.0,C,76.79,80.18,78.485,78.12,3,713,2.6773,0.9985,0.0002,0.0007,-0.0112,78.67,78.67,78.12,72.915
2026-09-30T16:52:06+00:00,QQQ,2026-09-30,0,743.09,666.0,C,75.85,79.17,77.51,75.0,1,3,2.6864,0.9985,0.0002,0.0008,-0.0113,75.0,75.0,75.0,72.055
2026-09-30T16:52:06+00:00,QQQ,2026-09-30,0,743.09,669.0,C,72.79,76.16,74.475,74.49,1,11,2.5426,0.9984,0.0002,0.0008,-0.0115,74.49,74.49,74.49,69.05
2026-09-30T16:52:06+00:00,QQQ,2026-09-30,0,743.09,670.0,C,71.79,75.18,73.485,73.56,1,306,2.5233,0.9984,0.0002,0.0008,-0.0116,73.56,73.56,73.56,68.055
2026-09-30T16:52:06+00:00,QQQ,2026-09-30,0,743.09,672.0,C,69.82,73.17,71.495,70.99,1,66,2.4728,0.9983,0.0002,0.0008,-0.0118,70.99,70.99,70.99,66.055
2026-09-30T16:52:06+00:00,QQQ,2026-09-30,0,743.09,673.0,C,68.79,72.17,70.48,70.04,1,52,2.4254,0.9983,0.0002,0.0008,-0.0119,70.04,70.04,70.04,65.05
2026-09-30T16:52:06+00:00,QQQ,2026-09-30,0,743.09,675.0,C,66.79,70.18,68.485,67.82,1,401,2.3693,0.9982,0.0002,0.0009,-0.012,67.82,67.82,67.82,63.06
2026-09-30T16:52:06+00:00,QQQ,2026-09-30,0,743.09,680.0,C,61.79,65.17,63.48,63.23,2,684,2.21,0.998,0.0003,0.001,-0.0125,61.68,63.23,61.68,57.905
2026-09-30T16:52:06+00:00,QQQ,2026-09-30,0,743.09,685.0,C,56.79,60.18,58.485,59.05,9,432,2.1031,0.9978,0.0003,0.0011,-0.013,59.72,59.72,59.05,53.06
2026-09-30T16:52:06+00:00,QQQ,2026-09-30,0,743.09,689.0,C,52.8,56.17,54.485,55.0,2,147,1.937,0.9976,0.0004,0.0012,-0.0133,55.03,55.03,55.0,49.055
2026-09-30T16:52:06+00:00,QQQ,2026-09-30,0,743.09,690.0,C,51.8,55.17,53.485,54.07,33,2878,1.906,0.9976,0.0004,0.0012,-0.0134,53.13,54.1,53.13,47.915
2026-09-30T16:52:06+00:00,QQQ,2026-09-30,0,743.09,692.0,C,49.8,53.17,51.485,51.45,1,61,1.8439,0.9975,0.0004,0.0012,-0.0136,51.45,51.45,51.45,46.065
2026-09-30T16:52:06+00:00,QQQ,2026-09-30,0,743.09,693.0,C,48.8,50.7,49.75,51.7,1,44,0.0,0.9974,0.0004,0.0012,-0.0137,51.7,51.7,51.7,45.065
2026-09-30T16:52:06+00:00,QQQ,2026-09-30,0,743.09,698.0,C,43.84,47.17,45.505,46.09,5,60,1.6733,0.9971,0.0005,0.0014,-0.0142,43.94,47.51,43.76,40.07
2026-09-30T16:52:06+00:00,QQQ,2026-09-30,0,743.09,699.0,C,42.9,46.17,44.535,45.3,3,104,1.665,0.997,0.0006,0.0014,-0.0143,45.16,45.3,45.16,39.095
2026-09-30T16:52:06+00:00,QQQ,2026-09-30,0,743.09,700.0,C,42.01,45.17,43.59,44.36,92,2608,1.6728,0.997,0.0006,0.0015,-0.0144,41.61,44.36,40.8,37.895
2026-09-30T16:52:06+00:00,QQQ,2026-09-30,0,743.09,702.0,C,40.14,43.17,41.655,41.91,2,190,1.6503,0.9968,0.0006,0.0015,-0.0146,41.8,41.91,41.8,35.885
2026-09-30T16:52:06+00:00,QQQ,2026-09-30,0,743.09,703.0,C,39.14,42.03,40.585,40.99,1,158,1.6171,0.9967,0.0006,0.0016,-0.0147,40.99,40.99,40.99,34.89
2026-09-30T16:52:06+00:00,QQQ,2026-09-30,0,743.09,704.0,C,38.17,41.17,39.67,39.4,10,358,1.593,0.9966,0.0007,0.0016,-0.0148,39.4,39.4,39.4,33.89
2026-09-30T16:52:06+00:00,QQQ,2026-09-30,0,743.09,705.0,C,37.04,40.17,38.605,38.5,2,1394,1.5195,0.9965,0.0007,0.0017,-0.0149,36.47,38.5,36.47,32.89
2026-09-30T16:52:06+00:00,QQQ,2026-09-30,0,743.09,706.0,C,36.16,39.18,37.67,37.99,15,401,1.526,0.9964,0.0008,0.0017,-0.015,36.45,38.45,35.0,31.88
2026-09-30T16:52:06+00:00,QQQ,2026-09-30,0,743.09,707.0,C,35.03,38.19,36.61,36.15,10,297,1.4567,0.9963,0.0008,0.0018,-0.0151,36.97,38.03,35.45,30.895
2026-09-30T16:52:06+00:00,QQQ,2026-09-30,0,743.09,708.0,C,34.18,37.19,35.685,36.78,12,520,1.4671,0.9962,0.0008,0.0018,-0.0152,34.33,36.78,34.33,29.885
2026-09-30T16:52:06+00:00,QQQ,2026-09-30,0,743.09,709.0,C,33.14,36.19,34.665,34.73,40,343,1.4221,0.9961,0.0009,0.0018,-0.0153,32.8,34.73,32.8,28.9
2026-09-30T16:52:06+00:00,QQQ,2026-09-30,0,743.09,710.0,C,32.17,35.19,33.68,33.75,52,3549,1.3965,0.996,0.0009,0.0019,-0.0155,31.0,34.15,31.0,27.9
2026-09-30T16:52:06+00:00,QQQ,2026-09-30,0,743.09,711.0,C,31.14,34.19,32.665,32.4,34,435,1.3544,0.9958,0.001,0.002,-0.0156,31.51,32.56,31.44,26.905
2026-09-30T16:52:06+00:00,QQQ,2026-09-30,0,743.09,712.0,C,30.14,33.18,31.66,32.09,34,373,1.3176,0.9957,0.001,0.002,-0.0157,29.62,32.84,29.62,25.895
2026-09-30T16:52:06+00:00,QQQ,2026-09-30,0,743.09,713.0,C,29.82,32.18,31.0,30.96,20,413,1.441,0.9956,0.0011,0.0021,-0.0158,29.28,31.93,28.56,24.91
2026-09-30T16:52:06+00:00,QQQ,2026-09-30,0,743.09,714.0,C,28.15,31.19,29.67,30.42,10,666,1.2546,0.9954,0.0012,0.0022,-0.016,29.65,30.42,29.12,23.975
2026-09-30T16:52:06+00:00,QQQ,2026-09-30,0,743.09,715.0,C,27.54,30.2,28.87,29.42,34,3048,1.3131,0.9952,0.0012,0.0022,-0.0162,24.99,29.42,24.99,23.08
2026-09-30T16:52:06+00:00,QQQ,2026-09-30,0,743.09,716.0,C,26.14,29.2,27.67,27.51,78,3407,1.1856,0.995,0.0013,0.0023,-0.0164,24.84,29.48,24.06,22.1
2026-09-30T16:52:06+00:00,QQQ,2026-09-30,0,743.09,717.0,C,25.99,28.2,27.095,26.59,109,847,1.3285,0.9948,0.0014,0.0024,-0.0166,25.32,28.04,24.64,21.005
2026-09-30T16:52:06+00:00,QQQ,2026-09-30,0,743.09,718.0,C,24.15,27.2,25.675,25.99,42,487,1.1185,0.9946,0.0016,0.0025,-0.0169,23.66,26.45,23.66,20.115
2026-09-30T16:52:06+00:00,QQQ,2026-09-30,0,743.09,719.0,C,23.2,26.2,24.7,25.08,26,737,1.095,0.9943,0.0017,0.0026,-0.0172,22.25,25.5,22.25,19.13
2026-09-30T16:52:06+00:00,QQQ,2026-09-30,0,743.09,720.0,C,23.06,23.19,23.125,23.28,141,8914,0.6239,0.994,0.0018,0.0028,-0.0177,21.46,24.68,20.87,18.07
2026-09-30T16:52:06+00:00,QQQ,2026-09-30,0,743.09,721.0,C,22.08,22.19,22.135,23.45,73,5762,0.6253,0.9936,0.002,0.0029,-0.0182,22.43,23.66,22.11,17.185
2026-09-30T16:52:06+00:00,QQQ,2026-09-30,0,743.09,722.0,C,21.07,21.2,21.135,22.16,6,720,0.5885,0.9932,0.0022,0.0031,-0.0189,19.43,22.16,19.43,16.22
2026-09-30T16:52:06+00:00,QQQ,2026-09-30,0,743.09,723.0,C,20.08,20.21,20.145,20.38,43,977,0.575,0.9926,0.0024,0.0033,-0.0198,18.03,21.19,17.97,15.225
2026-09-30T16:52:06+00:00,QQQ,2026-09-30,0,743.09,724.0,C,19.08,19.21,19.145,20.32,12,508,0.5596,0.9919,0.0027,0.0036,-0.021,17.01,20.32,17.01,13.975
2026-09-30T16:52:06+00:00,QQQ,2026-09-30,0,743.09,725.0,C,18.07,18.2,18.135,19.47,43,10563,0.5243,0.9911,0.0031,0.0039,-0.0227,16.0,19.47,16.0,13.345
2026-09-30T16:52:06+00:00,QQQ,2026-09-30,0,743.09,726.0,C,17.07,17.2,17.135,17.6,51,9021,0.4988,0.99,0.0036,0.0044,-0.0248,16.35,18.56,15.33,12.4
2026-09-30T16:52:06+00:00,QQQ,2026-09-30,0,743.09,727.0,C,16.1,16.22,16.16,17.15,34,2754,0.482,0.9886,0.0042,0.0049,-0.0277,14.04,17.15,13.91,11.53
2026-09-30T16:52:06+00:00,QQQ,2026-09-30,0,743.09,728.0,C,15.08,15.21,15.145,15.72,36,1270,0.4637,0.9867,0.0049,0.0056,-0.0316,14.23,16.6,13.18,10.325
2026-09-30T16:52:06+00:00,QQQ,2026-09-30,0,743.09,729.0,C,14.12,14.23,14.175,14.54,51,290,0.444,0.9842,0.0059,0.0065,-0.0368,12.71,15.69,11.93,9.46
2026-09-30T16:52:06+00:00,QQQ,2026-09-30,0,743.09,730.0,C,13.1,13.22,13.16,13.19,569,10170,0.4103,0.981,0.0072,0.0076,-0.0438,9.89,15.03,9.89,8.62
2026-09-30T16:52:06+00:00,QQQ,2026-09-30,0,743.09,731.0,C,12.1,12.24,12.17,13.1,139,424,0.4113,0.9767,0.009,0.009,-0.0533,9.4,13.85,9.2,7.81
2026-09-30T16:52:06+00:00,QQQ,2026-09-30,0,743.09,732.0,C,11.12,11.25,11.185,12.33,251,1890,0.3916,0.9709,0.0112,0.0108,-0.0661,8.41,13.04,8.41,7.03
2026-09-30T16:52:06+00:00,QQQ,2026-09-30,0,743.09,733.0,C,10.12,10.27,10.195,10.96,216,956,0.3738,0.9632,0.0141,0.0132,-0.0834,7.64,11.87,7.64,6.29
2026-09-30T16:52:06+00:00,QQQ,2026-09-30,0,743.09,734.0,C,9.16,9.28,9.22,9.28,365,824,0.3534,0.9528,0.0179,0.016,-0.1073,6.64,10.89,6.64,5.59
2026-09-30T16:52:06+00:00,QQQ,2026-09-30,0,743.09,735.0,C,8.19,8.31,8.25,8.26,1914,7104,0.3387,0.9387,0.0228,0.0196,-0.1404,5.91,10.0,5.87,4.925
2026-09-30T16:52:06+00:00,QQQ,2026-09-30,0,743.09,736.0,C,7.23,7.36,7.295,7.67,1233,1866,0.3305,0.9196,0.0292,0.0241,-0.1866,5.15,9.1,5.0,4.3
2026-09-30T16:52:06+00:00,QQQ,2026-09-30,0,743.09,737.0,C,6.31,6.43,6.37,6.6,2438,2440,0.3204,0.8939,0.0371,0.0294,-0.2517,4.38,8.2,4.32,3.715
2026-09-30T16:52:06+00:00,QQQ,2026-09-30,0,743.09,738.0,C,5.41,5.5,5.455,5.44,7851,5060,0.3061,0.8596,0.0466,0.0356,-0.3433,3.67,7.22,3.61,3.175
2026-09-30T16:52:06+00:00,QQQ,2026-09-30,0,743.09,739.0,C,4.54,4.59,4.565,4.77,9731,6076,0.2972,0.8146,0.0576,0.0424,-0.4715,3.19,6.36,3.0,2.685
2026-09-30T16:52:06+00:00,QQQ,2026-09-30,0,743.09,740.0,C,3.72,3.76,3.74,3.8,31297,15422,0.2893,0.7573,0.0694,0.0494,-0.649,2.58,5.45,2.46,2.25
2026-09-30T16:52:06+00:00,QQQ,2026-09-30,0,743.09,741.0,C,2.99,3.0,2.995,2.99,46212,4935,0.2826,0.6869,0.0806,0.0557,-0.8907,2.18,4.61,1.95,1.865
2026-09-30T16:52:06+00:00,QQQ,2026-09-30,0,743.09,742.0,C,2.31,2.32,2.315,2.34,110416,4132,0.2762,0.6044,0.0896,0.0604,-1.2118,1.73,3.8,1.55,1.525
2026-09-30T16:52:06+00:00,QQQ,2026-09-30,0,743.09,743.0,C,1.73,1.74,1.735,1.75,149596,3942,0.2708,0.5129,0.0943,0.0624,-1.626,1.29,3.06,1.18,1.235
2026-09-30T16:52:06+00:00,QQQ,2026-09-30,0,743.09,744.0,C,1.25,1.26,1.255,1.27,216058,3321,0.2682,0.4182,0.0935,0.0612,-1.267,1.01,2.44,0.9,0.995
2026-09-30T16:52:06+00:00,QQQ,2026-09-30,0,743.09,745.0,C,0.88,0.89,0.885,0.88,236865,20384,0.2648,0.3268,0.087,0.0567,-0.8863,0.85,1.9,0.66,0.795
2026-09-30T16:52:06+00:00,QQQ,2026-09-30,0,743.09,746.0,C,0.59,0.6,0.595,0.59,148637,5012,0.2635,0.2452,0.0759,0.0497,-0.6015,0.57,1.45,0.47,0.625
2026-09-30T16:52:06+00:00,QQQ,2026-09-30,0,743.09,747.0,C,0.39,0.4,0.395,0.39,88936,16000,0.2653,0.1776,0.0624,0.0414,-0.399,0.39,1.08,0.34,0.495
2026-09-30T16:52:06+00:00,QQQ,2026-09-30,0,743.09,748.0,C,0.25,0.26,0.255,0.26,82033,10519,0.2675,0.1252,0.0489,0.0331,-0.2614,0.29,0.79,0.24,0.385
2026-09-30T16:52:06+00:00,QQQ,2026-09-30,0,743.09,749.0,C,0.17,0.18,0.175,0.17,30703,2125,0.2759,0.087,0.0369,0.0256,-0.1713,0.21,0.57,0.17,0.305
2026-09-30T16:52:06+00:00,QQQ,2026-09-30,0,743.09,750.0,C,0.11,0.12,0.115,0.11,46776,15156,0.2819,0.0604,0.0272,0.0195,-0.1138,0.15,0.4,0.11,0.235
2026-09-30T16:52:06+00:00,QQQ,2026-09-30,0,743.09,751.0,C,0.08,0.09,0.085,0.08,15615,1898,0.295,0.0424,0.0199,0.0148,-0.0776,0.11,0.29,0.07,0.185
2026-09-30T16:52:06+00:00,QQQ,2026-09-30,0,743.09,752.0,C,0.05,0.06,0.055,0.06,18880,9075,0.3004,0.0305,0.0147,0.0114,-0.055,0.07,0.22,0.05,0.145
2026-09-30T16:52:06+00:00,QQQ,2026-09-30,0,743.09,753.0,C,0.04,0.05,0.045,0.04,5068,1367,0.3176,0.0227,0.011,0.0089,-0.0408,0.07,0.15,0.04,0.115
2026-09-30T16:52:06+00:00,QQQ,2026-09-30,0,743.09,754.0,C,0.03,0.04,0.035,0.04,6852,1137,0.3314,0.0175,0.0085,0.0072,-0.0318,0.05,0.11,0.03,0.085
2026-09-30T16:52:06+00:00,QQQ,2026-09-30,0,743.09,755.0,C,0.02,0.03,0.025,0.03,7120,5147,0.3406,0.0141,0.0067,0.006,-0.026,0.05,0.09,0.02,0.075
2026-09-30T16:52:06+00:00,QQQ,2026-09-30,0,743.09,756.0,C,0.02,0.03,0.025,0.02,3771,1385,0.365,0.0117,0.0054,0.0051,-0.0222,0.04,0.07,0.02,0.055
2026-09-30T16:52:06+00:00,QQQ,2026-09-30,0,743.09,757.0,C,0.01,0.02,0.015,0.02,4486,1778,0.3651,0.0101,0.0046,0.0045,-0.0198,0.02,0.05,0.01,0.045
2026-09-30T16:52:06+00:00,QQQ,2026-09-30,0,743.09,758.0,C,0.01,0.02,0.015,0.02,4228,1916,0.3879,0.009,0.0039,0.004,-0.0182,0.02,0.04,0.01,0.035
2026-09-30T16:52:06+00:00,QQQ,2026-09-30,0,743.09,759.0,C,0.01,0.02,0.015,0.01,1276,1929,0.4106,0.0081,0.0034,0.0037,-0.0171,0.02,0.03,0.01,0.035
2026-09-30T16:52:06+00:00,QQQ,2026-09-30,0,743.09,760.0,C,0.01,0.02,0.015,0.02,4899,13435,0.4331,0.0075,0.003,0.0034,-0.0164,0.02,0.03,0.01,0.025
2026-09-30T16:52:06+00:00,QQQ,2026-09-30,0,743.09,761.0,C,0.0,0.01,0.01,0.01,2896,1789,0.406,0.007,0.0027,0.0032,-0.0159,0.01,0.04,0.01,0.025
2026-09-30T16:52:06+00:00,QQQ,2026-09-30,0,743.09,762.0,C,0.0,0.01,0.01,0.01,5558,3437,0.4263,0.0066,0.0025,0.003,-0.0155,0.01,0.02,0.01,0.015
2026-09-30T16:52:06+00:00,QQQ,2026-09-30,0,743.09,763.0,C,0.0,0.01,0.01,0.01,459,732,0.4464,0.0062,0.0022,0.0029,-0.0153,0.01,0.03,0.01,0.015
2026-09-30T16:52:06+00:00,QQQ,2026-09-30,0,743.09,764.0,C,0.0,0.01,0.01,0.01,359,1058,0.4664,0.006,0.0021,0.0028,-0.0151,0.01,0.02,0.01,0.015
2026-09-30T16:52:06+00:00,QQQ,2026-09-30,0,743.09,765.0,C,0.0,0.01,0.01,0.01,929,8345,0.4863,0.0057,0.0019,0.0026,-0.0149,0.02,0.02,0.01,0.015
2026-09-30T16:52:06+00:00,QQQ,2026-09-30,0,743.09,766.0,C,0.0,0.01,0.01,0.01,37,731,0.5061,0.0054,0.0018,0.0025,-0.0148,0.02,0.02,0.01,0.005
2026-09-30T16:52:06+00:00,QQQ,2026-09-30,0,743.09,767.0,C,0.0,0.01,0.01,0.01,109,1092,0.5258,0.0052,0.0016,0.0024,-0.0147,0.01,0.01,0.01,0.005
2026-09-30T16:52:06+00:00,QQQ,2026-09-30,0,743.09,768.0,C,0.0,0.01,0.01,0.01,3,896,0.5454,0.005,0.0015,0.0024,-0.0146,0.02,0.02,0.01,0.005
2026-09-30T16:52:06+00:00,QQQ,2026-09-30,0,743.09,769.0,C,0.0,0.01,0.01,0.01,4,1544,0.5649,0.0049,0.0014,0.0023,-0.0145,0.01,0.01,0.01,0.005
2026-09-30T16:52:06+00:00,QQQ,2026-09-30,0,743.09,770.0,C,0.0,0.01,0.01,0.01,174,4874,0.5844,0.0047,0.0014,0.0022,-0.0144,0.01,0.01,0.01,0.005
2026-09-30T16:52:06+00:00,QQQ,2026-09-30,0,743.09,771.0,C,0.0,0.01,0.01,0.01,0,554,0.6038,0.0046,0.0013,0.0021,-0.0143,0.0,0.0,0.0,0.005
2026-09-30T16:52:06+00:00,QQQ,2026-09-30,0,743.09,772.0,C,0.0,0.01,0.01,0.01,0,3929,0.6231,0.0044,0.0012,0.0021,-0.0143,0.0,0.0,0.0,0.005
2026-09-30T16:52:06+00:00,QQQ,2026-09-30,0,743.09,773.0,C,0.0,0.01,0.01,0.01,0,607,0.6423,0.0043,0.0011,0.002,-0.0142,0.0,0.0,0.0,0.005
2026-09-30T16:52:06+00:00,QQQ,2026-09-30,0,743.09,774.0,C,0.0,0.01,0.01,0.01,0,576,0.6614,0.0042,0.0011,0.002,-0.0141,0.0,0.0,0.0,0.005
2026-09-30T16:52:06+00:00,QQQ,2026-09-30,0,743.09,775.0,C,0.0,0.01,0.01,0.01,0,1608,0.6805,0.004,0.001,0.0019,-0.014,0.0,0.0,0.0,0.005
2026-09-30T16:52:06+00:00,QQQ,2026-09-30,0,743.09,776.0,C,0.0,0.01,0.01,0.01,5,617,0.6995,0.0039,0.001,0.0019,-0.014,0.01,0.01,0.01,0.005
2026-09-30T16:52:06+00:00,QQQ,2026-09-30,0,743.09,777.0,C,0.0,0.01,0.01,0.01,0,575,0.7184,0.0038,0.0009,0.0018,-0.0139,0.0,0.0,0.0,0.005
2026-09-30T16:52:06+00:00,QQQ,2026-09-30,0,743.09,778.0,C,0.0,0.01,0.01,0.01,0,413,0.7373,0.0037,0.0009,0.0018,-0.0138,0.0,0.0,0.0,0.005
2026-09-30T16:52:06+00:00,QQQ,2026-09-30,0,743.09,779.0,C,0.0,0.01,0.02,0.02,0,569,0.7561,0.0036,0.0008,0.0017,-0.0137,0.0,0.0,0.0,0.005
2026-09-30T16:52:06+00:00,QQQ,2026-09-30,0,743.09,780.0,C,0.0,0.01,0.01,0.01,0,2111,0.7748,0.0035,0.0008,0.0017,-0.0137,0.0,0.0,0.0,0.005
2026-09-30T16:52:06+00:00,QQQ,2026-09-30,0,743.09,785.0,C,0.0,0.01,0.01,0.01,1,1170,0.8676,0.0031,0.0006,0.0015,-0.0133,0.01,0.01,0.01,0.005
2026-09-30T16:52:06+00:00,QQQ,2026-09-30,0,743.09,805.0,C,0.0,0.01,0.01,0.01,9,501,1.2258,0.0021,0.0003,0.001,-0.012,0.01,0.01,0.01,0.005
2026-09-30T16:52:06+00:00,QQQ,2026-09-30,0,743.09,895.0,C,0.0,0.01,0.01,0.01,33,129,2.6634,0.0007,0.0001,0.0004,-0.0076,0.01,0.01,0.01,0.005
2026-09-30T16:52:06+00:00,QQQ,2026-09-30,0,743.09,945.0,C,0.0,0.01,0.01,0.01,25,141,3.3742,0.0005,0.0,0.0002,-0.0058,0.01,0.01,0.01,0.005
2026-09-30T16:52:06+00:00,QQQ,2026-09-30,0,743.09,475.0,P,0.0,0.01,0.01,0.01,25,790,6.167,-0.0001,0.0,0.0,-0.0015,0.01,0.01,0.01,0.005
2026-09-30T16:52:06+00:00,QQQ,2026-09-30,0,743.09,595.0,P,0.0,0.01,0.01,0.01,2,1452,3.1898,-0.0005,0.0,0.0003,-0.0062,0.01,0.01,0.01,0.01
2026-09-30T16:52:06+00:00,QQQ,2026-09-30,0,743.09,615.0,P,0.0,0.01,0.01,0.01,225,1347,2.7439,-0.0007,0.0,0.0004,-0.0074,0.01,0.01,0.01,0.01
2026-09-30T16:52:06+00:00,QQQ,2026-09-30,0,743.09,630.0,P,0.0,0.01,0.01,0.01,15,1992,2.4165,-0.0008,0.0001,0.0004,-0.0085,0.01,0.01,0.01,0.015
2026-09-30T16:52:06+00:00,QQQ,2026-09-30,0,743.09,635.0,P,0.0,0.01,0.01,0.01,4,1395,2.3085,-0.0009,0.0001,0.0005,-0.0088,0.01,0.01,0.01,0.015
2026-09-30T16:52:06+00:00,QQQ,2026-09-30,0,743.09,640.0,P,0.0,0.01,0.01,0.01,12,7664,2.2011,-0.001,0.0001,0.0005,-0.0092,0.01,0.01,0.01,0.015
2026-09-30T16:52:06+00:00,QQQ,2026-09-30,0,743.09,645.0,P,0.0,0.01,0.02,0.02,6,1611,2.0942,-0.001,0.0001,0.0005,-0.0096,0.01,0.02,0.01,0.015
2026-09-30T16:52:06+00:00,QQQ,2026-09-30,0,743.09,650.0,P,0.0,0.01,0.01,0.01,4,24622,1.9878,-0.0011,0.0001,0.0006,-0.01,0.01,0.01,0.01,0.015
2026-09-30T16:52:06+00:00,QQQ,2026-09-30,0,743.09,653.0,P,0.0,0.01,0.01,0.01,10,146,1.9243,-0.0012,0.0001,0.0006,-0.0102,0.01,0.01,0.01,0.015
2026-09-30T16:52:06+00:00,QQQ,2026-09-30,0,743.09,655.0,P,0.0,0.01,0.01,0.01,6,1965,1.882,-0.0012,0.0001,0.0006,-0.0104,0.01,0.01,0.01,0.015
2026-09-30T16:52:06+00:00,QQQ,2026-09-30,0,743.09,657.0,P,0.0,0.01,0.01,0.01,1,449,1.8397,-0.0013,0.0001,0.0006,-0.0105,0.01,0.01,0.01,0.015
2026-09-30T16:52:06+00:00,QQQ,2026-09-30,0,743.09,660.0,P,0.0,0.01,0.01,0.01,183,8777,1.7765,-0.0014,0.0001,0.0007,-0.0108,0.01,0.01,0.01,0.015
2026-09-30T16:52:06+00:00,QQQ,2026-09-30,0,743.09,664.0,P,0.0,0.01,0.01,0.01,5,3247,1.6924,-0.0014,0.0002,0.0007,-0.0111,0.01,0.01,0.01,0.015
2026-09-30T16:52:06+00:00,QQQ,2026-09-30,0,743.09,665.0,P,0.0,0.01,0.01,0.01,8,5142,1.6715,-0.0015,0.0002,0.0007,-0.0112,0.01,0.01,0.01,0.015
2026-09-30T16:52:06+00:00,QQQ,2026-09-30,0,743.09,668.0,P,0.0,0.01,0.01,0.01,11,452,1.6086,-0.0016,0.0002,0.0008,-0.0114,0.01,0.01,0.01,0.015
2026-09-30T16:52:06+00:00,QQQ,2026-09-30,0,743.09,669.0,P,0.0,0.01,0.01,0.01,4,548,1.5877,-0.0016,0.0002,0.0008,-0.0115,0.01,0.01,0.01,0.015
2026-09-30T16:52:06+00:00,QQQ,2026-09-30,0,743.09,670.0,P,0.0,0.01,0.01,0.01,15,3918,1.5668,-0.0016,0.0002,0.0008,-0.0116,0.01,0.01,0.01,0.015
2026-09-30T16:52:06+00:00,QQQ,2026-09-30,0,743.09,675.0,P,0.0,0.01,0.01,0.01,17,11012,1.4625,-0.0018,0.0002,0.0009,-0.012,0.01,0.01,0.01,0.015
2026-09-30T16:52:06+00:00,QQQ,2026-09-30,0,743.09,677.0,P,0.0,0.01,0.01,0.01,20,1206,1.4208,-0.0018,0.0002,0.0009,-0.0122,0.01,0.01,0.01,0.02
2026-09-30T16:52:06+00:00,QQQ,2026-09-30,0,743.09,678.0,P,0.0,0.01,0.01,0.01,11,203,1.4,-0.0019,0.0002,0.0009,-0.0123,0.01,0.01,0.01,0.02
2026-09-30T16:52:06+00:00,QQQ,2026-09-30,0,743.09,679.0,P,0.0,0.01,0.01,0.01,1,865,1.3792,-0.0019,0.0003,0.001,-0.0124,0.01,0.01,0.01,0.02
2026-09-30T16:52:06+00:00,QQQ,2026-09-30,0,743.09,680.0,P,0.0,0.01,0.01,0.01,27,16282,1.3584,-0.002,0.0003,0.001,-0.0125,0.01,0.01,0.01,0.02
2026-09-30T16:52:06+00:00,QQQ,2026-09-30,0,743.09,681.0,P,0.0,0.01,0.01,0.01,22,14388,1.3376,-0.002,0.0003,0.001,-0.0126,0.01,0.01,0.01,0.02
2026-09-30T16:52:06+00:00,QQQ,2026-09-30,0,743.09,682.0,P,0.0,0.01,0.01,0.01,20,2041,1.3169,-0.002,0.0003,0.001,-0.0127,0.01,0.01,0.01,0.02
2026-09-30T16:52:06+00:00,QQQ,2026-09-30,0,743.09,683.0,P,0.0,0.01,0.01,0.01,9,730,1.2961,-0.0021,0.0003,0.001,-0.0128,0.01,0.01,0.01,0.02
2026-09-30T16:52:06+00:00,QQQ,2026-09-30,0,743.09,684.0,P,0.0,0.01,0.01,0.01,5,403,1.2754,-0.0021,0.0003,0.001,-0.0128,0.01,0.01,0.01,0.02
2026-09-30T16:52:06+00:00,QQQ,2026-09-30,0,743.09,685.0,P,0.0,0.01,0.01,0.01,17,9111,1.2546,-0.0022,0.0003,0.0011,-0.013,0.01,0.01,0.01,0.02
2026-09-30T16:52:06+00:00,QQQ,2026-09-30,0,743.09,686.0,P,0.0,0.01,0.01,0.01,1,392,1.2339,-0.0022,0.0003,0.0011,-0.013,0.01,0.01,0.01,0.025
2026-09-30T16:52:06+00:00,QQQ,2026-09-30,0,743.09,687.0,P,0.0,0.01,0.01,0.01,1,14676,1.2131,-0.0022,0.0003,0.0011,-0.0131,0.01,0.01,0.01,0.025
2026-09-30T16:52:06+00:00,QQQ,2026-09-30,0,743.09,688.0,P,0.0,0.01,0.01,0.01,2,795,1.1924,-0.0023,0.0004,0.0011,-0.0132,0.01,0.01,0.01,0.025
2026-09-30T16:52:06+00:00,QQQ,2026-09-30,0,743.09,690.0,P,0.0,0.01,0.01,0.01,31,24724,1.1509,-0.0024,0.0004,0.0012,-0.0134,0.01,0.01,0.01,0.025
2026-09-30T16:52:06+00:00,QQQ,2026-09-30,0,743.09,691.0,P,0.0,0.01,0.01,0.01,30,790,1.1302,-0.0025,0.0004,0.0012,-0.0135,0.01,0.01,0.01,0.025
2026-09-30T16:52:06+00:00,QQQ,2026-09-30,0,743.09,692.0,P,0.0,0.01,0.01,0.01,55,646,1.1095,-0.0025,0.0004,0.0012,-0.0136,0.01,0.01,0.01,0.025
2026-09-30T16:52:06+00:00,QQQ,2026-09-30,0,743.09,693.0,P,0.0,0.01,0.01,0.01,25,770,1.0888,-0.0026,0.0004,0.0012,-0.0137,0.01,0.01,0.01,0.025
2026-09-30T16:52:06+00:00,QQQ,2026-09-30,0,743.09,695.0,P,0.0,0.01,0.01,0.01,190,18640,1.0474,-0.0027,0.0005,0.0013,-0.0139,0.01,0.01,0.01,0.025
2026-09-30T16:52:06+00:00,QQQ,2026-09-30,0,743.09,696.0,P,0.0,0.01,0.01,0.01,160,2911,1.0267,-0.0028,0.0005,0.0013,-0.014,0.01,0.02,0.01,0.025
2026-09-30T16:52:06+00:00,QQQ,2026-09-30,0,743.09,697.0,P,0.0,0.01,0.01,0.01,55,485,1.0059,-0.0028,0.0005,0.0014,-0.0141,0.01,0.01,0.01,0.025
2026-09-30T16:52:06+00:00,QQQ,2026-09-30,0,743.09,698.0,P,0.0,0.01,0.01,0.01,469,1252,0.9852,-0.0029,0.0005,0.0014,-0.0142,0.01,0.01,0.01,0.025
2026-09-30T16:52:06+00:00,QQQ,2026-09-30,0,743.09,699.0,P,0.0,0.01,0.01,0.01,1676,1677,0.9645,-0.003,0.0006,0.0014,-0.0143,0.01,0.02,0.01,0.025
2026-09-30T16:52:06+00:00,QQQ,2026-09-30,0,743.09,700.0,P,0.0,0.01,0.01,0.01,4054,23840,0.9438,-0.003,0.0006,0.0015,-0.0144,0.01,0.02,0.01,0.025
2026-09-30T16:52:06+00:00,QQQ,2026-09-30,0,743.09,701.0,P,0.0,0.01,0.01,0.01,5401,1133,0.9231,-0.0031,0.0006,0.0015,-0.0145,0.02,0.02,0.01,0.035
2026-09-30T16:52:06+00:00,QQQ,2026-09-30,0,743.09,702.0,P,0.0,0.01,0.01,0.01,6670,988,0.9024,-0.0032,0.0006,0.0015,-0.0146,0.01,0.02,0.01,0.035
2026-09-30T16:52:06+00:00,QQQ,2026-09-30,0,743.09,703.0,P,0.0,0.01,0.01,0.01,6686,874,0.8816,-0.0033,0.0006,0.0016,-0.0147,0.02,0.02,0.01,0.035
2026-09-30T16:52:06+00:00,QQQ,2026-09-30,0,743.09,704.0,P,0.0,0.01,0.02,0.02,10099,833,0.8609,-0.0034,0.0007,0.0016,-0.0148,0.01,0.02,0.01,0.035
2026-09-30T16:52:06+00:00,QQQ,2026-09-30,0,743.09,705.0,P,0.01,0.02,0.015,0.01,2740,22528,0.9304,-0.0035,0.0007,0.0017,-0.0149,0.01,0.02,0.01,0.035
2026-09-30T16:52:06+00:00,QQQ,2026-09-30,0,743.09,706.0,P,0.01,0.02,0.015,0.01,319,1360,0.9078,-0.0036,0.0008,0.0017,-0.015,0.02,0.02,0.01,0.045
2026-09-30T16:52:06+00:00,QQQ,2026-09-30,0,743.09,707.0,P,0.01,0.02,0.015,0.01,215,2276,0.8851,-0.0037,0.0008,0.0018,-0.0151,0.01,0.02,0.01,0.045
2026-09-30T16:52:06+00:00,QQQ,2026-09-30,0,743.09,708.0,P,0.01,0.02,0.015,0.02,125,1105,0.8625,-0.0038,0.0008,0.0018,-0.0152,0.02,0.02,0.01,0.045
2026-09-30T16:52:06+00:00,QQQ,2026-09-30,0,743.09,709.0,P,0.01,0.02,0.015,0.01,437,2238,0.8398,-0.0039,0.0009,0.0018,-0.0153,0.03,0.03,0.01,0.055
2026-09-30T16:52:06+00:00,QQQ,2026-09-30,0,743.09,710.0,P,0.01,0.02,0.015,0.01,477,10223,0.8171,-0.004,0.0009,0.0019,-0.0155,0.02,0.02,0.01,0.055
2026-09-30T16:52:06+00:00,QQQ,2026-09-30,0,743.09,711.0,P,0.01,0.02,0.015,0.01,920,2537,0.7944,-0.0042,0.001,0.002,-0.0156,0.02,0.03,0.01,0.055
2026-09-30T16:52:06+00:00,QQQ,2026-09-30,0,743.09,712.0,P,0.01,0.02,0.015,0.02,1403,2625,0.7717,-0.0043,0.001,0.002,-0.0157,0.04,0.04,0.01,0.065
2026-09-30T16:52:06+00:00,QQQ,2026-09-30,0,743.09,713.0,P,0.01,0.02,0.015,0.02,439,1520,0.7489,-0.0044,0.0011,0.0021,-0.0158,0.01,0.04,0.01,0.065
2026-09-30T16:52:06+00:00,QQQ,2026-09-30,0,743.09,714.0,P,0.01,0.02,0.015,0.02,905,2772,0.7261,-0.0046,0.0012,0.0022,-0.016,0.04,0.05,0.01,0.075
2026-09-30T16:52:06+00:00,QQQ,2026-09-30,0,743.09,715.0,P,0.01,0.02,0.015,0.01,995,10549,0.7033,-0.0048,0.0012,0.0022,-0.0162,0.06,0.06,0.01,0.085
2026-09-30T16:52:06+00:00,QQQ,2026-09-30,0,743.09,716.0,P,0.01,0.02,0.015,0.01,919,4371,0.6804,-0.005,0.0013,0.0023,-0.0164,0.04,0.04,0.01,0.095
2026-09-30T16:52:06+00:00,QQQ,2026-09-30,0,743.09,717.0,P,0.01,0.02,0.015,0.02,3237,3333,0.6575,-0.0052,0.0014,0.0024,-0.0166,0.05,0.05,0.01,0.105
2026-09-30T16:52:06+00:00,QQQ,2026-09-30,0,743.09,718.0,P,0.01,0.02,0.015,0.01,1708,4091,0.6346,-0.0054,0.0016,0.0025,-0.0169,0.05,0.06,0.01,0.125
2026-09-30T16:52:06+00:00,QQQ,2026-09-30,0,743.09,719.0,P,0.01,0.02,0.015,0.01,1769,2320,0.6116,-0.0057,0.0017,0.0026,-0.0172,0.07,0.07,0.01,0.135
2026-09-30T16:52:06+00:00,QQQ,2026-09-30,0,743.09,720.0,P,0.01,0.02,0.015,0.02,2435,45414,0.5885,-0.006,0.0018,0.0028,-0.0177,0.07,0.09,0.01,0.155
2026-09-30T16:52:06+00:00,QQQ,2026-09-30,0,743.09,721.0,P,0.01,0.02,0.015,0.01,1714,3072,0.5654,-0.0064,0.002,0.0029,-0.0182,0.08,0.09,0.01,0.185
2026-09-30T16:52:06+00:00,QQQ,2026-09-30,0,743.09,722.0,P,0.01,0.02,0.015,0.02,2241,3269,0.5423,-0.0068,0.0022,0.0031,-0.0189,0.05,0.1,0.01,0.225
2026-09-30T16:52:06+00:00,QQQ,2026-09-30,0,743.09,723.0,P,0.02,0.03,0.025,0.03,2639,4071,0.551,-0.0074,0.0024,0.0033,-0.0198,0.13,0.13,0.02,0.265
2026-09-30T16:52:06+00:00,QQQ,2026-09-30,0,743.09,724.0,P,0.02,0.03,0.025,0.02,2164,2907,0.5266,-0.0081,0.0027,0.0036,-0.021,0.12,0.13,0.02,0.315
2026-09-30T16:52:06+00:00,QQQ,2026-09-30,0,743.09,725.0,P,0.02,0.03,0.025,0.03,3491,9083,0.5021,-0.0089,0.0031,0.0039,-0.0227,0.1,0.14,0.01,0.385
2026-09-30T16:52:06+00:00,QQQ,2026-09-30,0,743.09,726.0,P,0.02,0.03,0.025,0.02,3245,4682,0.4774,-0.01,0.0036,0.0044,-0.0248,0.18,0.2,0.02,0.455
2026-09-30T16:52:06+00:00,QQQ,2026-09-30,0,743.09,727.0,P,0.02,0.03,0.025,0.03,4289,8135,0.4527,-0.0114,0.0042,0.0049,-0.0277,0.21,0.22,0.02,0.555
2026-09-30T16:52:06+00:00,QQQ,2026-09-30,0,743.09,728.0,P,0.03,0.04,0.035,0.04,8151,4151,0.4475,-0.0133,0.0049,0.0056,-0.0316,0.26,0.26,0.03,0.665
2026-09-30T16:52:06+00:00,QQQ,2026-09-30,0,743.09,729.0,P,0.03,0.04,0.035,0.04,6239,2276,0.4216,-0.0158,0.0059,0.0065,-0.0368,0.31,0.31,0.03,0.805
2026-09-30T16:52:06+00:00,QQQ,2026-09-30,0,743.09,730.0,P,0.04,0.05,0.045,0.05,75219,67863,0.4103,-0.019,0.0072,0.0076,-0.0438,0.3,0.43,0.04,0.965
2026-09-30T16:52:06+00:00,QQQ,2026-09-30,0,743.09,731.0,P,0.05,0.06,0.055,0.06,10894,3284,0.3955,-0.0233,0.009,0.009,-0.0533,0.41,0.47,0.04,1.155
2026-09-30T16:52:06+00:00,QQQ,2026-09-30,0,743.09,732.0,P,0.06,0.07,0.065,0.07,13162,5436,0.3779,-0.0291,0.0112,0.0108,-0.0661,0.53,0.58,0.05,1.375
2026-09-30T16:52:06+00:00,QQQ,2026-09-30,0,743.09,733.0,P,0.08,0.09,0.085,0.08,25658,3172,0.358,-0.0368,0.0141,0.0132,-0.0834,0.65,0.71,0.06,1.635
2026-09-30T16:52:06+00:00,QQQ,2026-09-30,0,743.09,734.0,P,0.1,0.11,0.105,0.11,21622,4392,0.3501,-0.0472,0.0179,0.016,-0.1073,0.79,0.94,0.08,1.925
2026-09-30T16:52:06+00:00,QQQ,2026-09-30,0,743.09,735.0,P,0.14,0.15,0.145,0.14,45777,11383,0.3361,-0.0613,0.0228,0.0196,-0.1404,1.02,1.04,0.09,2.255
2026-09-30T16:52:06+00:00,QQQ,2026-09-30,0,743.09,736.0,P,0.18,0.19,0.185,0.18,100153,60352,0.3263,-0.0804,0.0292,0.0241,-0.1866,1.3,1.34,0.11,2.625
2026-09-30T16:52:06+00:00,QQQ,2026-09-30,0,743.09,737.0,P,0.25,0.26,0.255,0.26,47996,9085,0.317,-0.1061,0.0371,0.0294,-0.2517,1.45,1.64,0.15,3.045
2026-09-30T16:52:06+00:00,QQQ,2026-09-30,0,743.09,738.0,P,0.35,0.36,0.355,0.35,61289,4259,0.3061,-0.1404,0.0466,0.0356,-0.3433,1.83,1.95,0.2,3.51
2026-09-30T16:52:06+00:00,QQQ,2026-09-30,0,743.09,739.0,P,0.47,0.48,0.475,0.47,73370,3360,0.2948,-0.1854,0.0576,0.0424,-0.4715,2.18,2.32,0.27,4.02
2026-09-30T16:52:06+00:00,QQQ,2026-09-30,0,743.09,740.0,P,0.66,0.67,0.665,0.66,133755,3598,0.2893,-0.2427,0.0694,0.0494,-0.649,2.61,2.77,0.36,4.58
2026-09-30T16:52:06+00:00,QQQ,2026-09-30,0,743.09,741.0,P,0.91,0.92,0.915,0.9,116472,1156,0.2816,-0.3131,0.0806,0.0557,-0.8907,3.04,3.21,0.49,5.2
2026-09-30T16:52:06+00:00,QQQ,2026-09-30,0,743.09,742.0,P,1.23,1.24,1.235,1.23,173254,1950,0.2754,-0.3956,0.0896,0.0604,-1.2118,3.61,3.78,0.67,5.87
2026-09-30T16:52:06+00:00,QQQ,2026-09-30,0,743.09,743.0,P,1.65,1.66,1.655,1.65,167811,795,0.27,-0.4871,0.0943,0.0624,-1.626,4.29,4.43,0.92,6.585
2026-09-30T16:52:06+00:00,QQQ,2026-09-30,0,743.09,744.0,P,2.17,2.18,2.175,2.16,127772,711,0.2665,-0.5818,0.0935,0.0612,-1.267,5.08,5.08,1.26,7.335
2026-09-30T16:52:06+00:00,QQQ,2026-09-30,0,743.09,745.0,P,2.79,2.8,2.795,2.78,47656,1673,0.2648,-0.6732,0.087,0.0567,-0.8863,5.87,5.87,1.68,8.135
2026-09-30T16:52:06+00:00,QQQ,2026-09-30,0,743.09,746.0,P,3.5,3.53,3.515,3.5,14079,679,0.2635,-0.7548,0.0759,0.0497,-0.6015,5.93,5.93,2.25,8.8
2026-09-30T16:52:06+00:00,QQQ,2026-09-30,0,743.09,747.0,P,4.26,4.32,4.29,4.28,4283,1637,0.2653,-0.8224,0.0624,0.0414,-0.399,7.53,7.53,2.88,9.79
2026-09-30T16:52:06+00:00,QQQ,2026-09-30,0,743.09,748.0,P,5.11,5.21,5.16,5.07,1960,492,0.2659,-0.8748,0.0489,0.0331,-0.2614,8.1,8.1,3.63,10.715
2026-09-30T16:52:06+00:00,QQQ,2026-09-30,0,743.09,749.0,P,6.0,6.11,6.055,5.89,806,90,0.2656,-0.913,0.0369,0.0256,-0.1713,7.08,8.3,4.36,11.485
2026-09-30T16:52:06+00:00,QQQ,2026-09-30,0,743.09,750.0,P,6.94,7.06,7.0,7.0,1519,594,0.2737,-0.9396,0.0272,0.0195,-0.1138,10.0,10.0,5.2,12.505
2026-09-30T16:52:06+00:00,QQQ,2026-09-30,0,743.09,751.0,P,7.9,8.02,7.96,7.9,394,42,0.2765,-0.9576,0.0199,0.0148,-0.0776,9.84,10.04,6.63,13.545
2026-09-30T16:52:06+00:00,QQQ,2026-09-30,0,743.09,752.0,P,8.88,9.0,8.94,8.64,473,29,0.2792,-0.9695,0.0147,0.0114,-0.055,10.47,10.47,7.37,14.58
2026-09-30T16:52:06+00:00,QQQ,2026-09-30,0,743.09,753.0,P,9.85,9.98,9.915,8.95,400,16,0.2986,-0.9773,0.011,0.0089,-0.0408,12.22,13.11,8.3,15.56
2026-09-30T16:52:06+00:00,QQQ,2026-09-30,0,743.09,754.0,P,10.83,10.96,10.895,9.9,155,0,0.3065,-0.9825,0.0085,0.0072,-0.0318,10.68,11.42,9.02,16.465
2026-09-30T16:52:06+00:00,QQQ,2026-09-30,0,743.09,755.0,P,11.85,11.97,11.91,11.77,38,4,0.3188,-0.9859,0.0067,0.006,-0.026,13.67,13.67,10.41,17.51
2026-09-30T16:52:06+00:00,QQQ,2026-09-30,0,743.09,756.0,P,12.84,12.97,12.905,11.68,7,14,0.3262,-0.9883,0.0054,0.0051,-0.0222,12.91,12.98,11.68,17.745
2026-09-30T16:52:06+00:00,QQQ,2026-09-30,0,743.09,757.0,P,13.83,13.96,13.895,12.78,10,1,0.3239,-0.9899,0.0046,0.0045,-0.0198,13.85,13.85,12.76,18.795
2026-09-30T16:52:06+00:00,QQQ,2026-09-30,0,743.09,758.0,P,14.84,14.96,14.9,13.47,9,0,0.3447,-0.991,0.0039,0.004,-0.0182,13.81,14.98,13.17,19.775
2026-09-30T16:52:06+00:00,QQQ,2026-09-30,0,743.09,759.0,P,15.82,15.95,15.885,15.98,8,0,0.3922,-0.9919,0.0034,0.0037,-0.0171,15.98,15.98,15.98,20.745
2026-09-30T16:52:06+00:00,QQQ,2026-09-30,0,743.09,760.0,P,16.83,16.96,16.895,15.62,3,30,0.0,-0.9925,0.003,0.0034,-0.0164,15.99,15.99,15.51,22.57
2026-09-30T16:52:06+00:00,QQQ,2026-09-30,0,743.09,761.0,P,17.81,17.95,17.88,17.66,5,0,0.0,-0.993,0.0027,0.0032,-0.0159,17.66,17.66,17.66,22.755
2026-09-30T16:52:06+00:00,QQQ,2026-09-30,0,743.09,762.0,P,18.82,18.95,18.885,17.97,1,2,0.0,-0.9934,0.0025,0.003,-0.0155,17.97,17.97,17.97,23.76
2026-09-30T16:52:06+00:00,QQQ,2026-09-30,0,743.09,763.0,P,19.83,19.95,19.89,19.01,11,0,0.0,-0.9938,0.0022,0.0029,-0.0153,22.26,23.09,19.01,24.755
2026-09-30T16:52:06+00:00,QQQ,2026-09-30,0,743.09,764.0,P,20.83,20.94,20.885,20.57,12,0,0.0,-0.994,0.0021,0.0028,-0.0151,22.33,22.33,20.53,25.76
2026-09-30T16:52:06+00:00,QQQ,2026-09-30,0,743.09,765.0,P,21.83,21.97,21.9,21.21,3,1,0.5434,-0.9943,0.0019,0.0026,-0.0149,23.25,23.25,21.21,26.755
2026-09-30T16:52:06+00:00,QQQ,2026-09-30,0,743.09,766.0,P,22.83,22.98,22.905,24.26,14,0,0.5061,-0.9946,0.0018,0.0025,-0.0148,25.07,25.98,24.09,27.75
2026-09-30T16:52:06+00:00,QQQ,2026-09-30,0,743.09,767.0,P,23.83,23.96,23.895,24.6,29,0,0.0,-0.9948,0.0016,0.0024,-0.0147,25.51,27.36,23.35,28.78
2026-09-30T16:52:06+00:00,QQQ,2026-09-30,0,743.09,768.0,P,24.82,24.96,24.89,24.55,58,0,0.5454,-0.995,0.0015,0.0024,-0.0146,27.06,28.01,22.6,30.6
2026-09-30T16:52:06+00:00,QQQ,2026-09-30,0,743.09,769.0,P,23.84,27.05,25.445,24.87,88,0,0.0,-0.9951,0.0014,0.0023,-0.0145,27.98,29.01,23.35,30.785
2026-09-30T16:52:06+00:00,QQQ,2026-09-30,0,743.09,770.0,P,24.84,28.05,26.445,25.74,124,0,0.0,-0.9953,0.0014,0.0022,-0.0144,27.8,30.11,25.7,31.8
2026-09-30T16:52:06+00:00,QQQ,2026-09-30,0,743.09,771.0,P,25.84,29.22,27.53,25.19,38,0,0.0,-0.9954,0.0013,0.0021,-0.0143,31.72,31.72,25.19,32.78
2026-09-30T16:52:06+00:00,QQQ,2026-09-30,0,743.09,772.0,P,26.84,30.18,28.51,29.05,3,0,0.0,-0.9956,0.0012,0.0021,-0.0143,31.25,31.31,29.05,33.78
2026-09-30T16:52:06+00:00,QQQ,2026-09-30,0,743.09,773.0,P,27.84,31.22,29.53,29.98,1,0,0.0,-0.9957,0.0011,0.002,-0.0142,29.98,29.98,29.98,34.78
2026-09-30T16:52:06+00:00,QQQ,2026-09-30,0,743.09,774.0,P,28.84,32.22,30.53,31.61,0,0,0.0,-0.9958,0.0011,0.002,-0.0141,0.0,0.0,0.0,35.8
2026-09-30T16:52:06+00:00,QQQ,2026-09-30,0,743.09,775.0,P,29.84,33.22,31.53,30.37,20,0,0.0,-0.996,0.001,0.0019,-0.014,30.37,30.37,30.37,37.085
2026-09-30T16:52:06+00:00,QQQ,2026-09-30,0,743.09,776.0,P,30.84,34.22,32.53,36.22,0,0,0.0,-0.9961,0.001,0.0019,-0.014,0.0,0.0,0.0,38.095
2026-09-30T16:52:06+00:00,QQQ,2026-09-30,0,743.09,777.0,P,31.84,35.18,33.51,34.5,0,0,0.0,-0.9962,0.0009,0.0018,-0.0139,0.0,0.0,0.0,39.085
2026-09-30T16:52:06+00:00,QQQ,2026-09-30,0,743.09,778.0,P,32.84,36.22,34.53,36.17,0,0,0.0,-0.9963,0.0009,0.0018,-0.0138,0.0,0.0,0.0,40.08
2026-09-30T16:52:06+00:00,QQQ,2026-09-30,0,743.09,779.0,P,33.84,37.18,35.51,36.44,0,0,0.0,-0.9964,0.0008,0.0017,-0.0137,0.0,0.0,0.0,41.095
2026-09-30T16:52:06+00:00,QQQ,2026-09-30,0,743.09,780.0,P,34.82,38.22,36.52,41.57,0,0,0.0,-0.9965,0.0008,0.0017,-0.0137,0.0,0.0,0.0,42.19
2026-09-30T16:52:06+00:00,QQQ,2026-09-30,0,743.09,795.0,P,49.99,53.22,51.605,50.49,4,0,0.0,-0.9975,0.0004,0.0012,-0.0127,50.52,50.52,50.48,57.19
2026-09-30T16:52:06+00:00,QQQ,2026-09-30,0,743.09,796.0,P,50.84,54.21,52.525,51.41,4,0,0.0,-0.9975,0.0004,0.0012,-0.0126,51.45,51.45,51.41,58.095
2026-09-30T16:52:06+00:00,QQQ,2026-09-30,0,743.09,802.0,P,56.84,60.15,58.495,57.25,3,0,0.0,-0.9978,0.0004,0.0011,-0.0122,57.24,57.25,57.24,64.095
2026-09-30T16:52:06+00:00,QQQ,2026-09-30,0,743.09,803.0,P,57.96,61.06,59.51,58.17,3,0,0.0,-0.9978,0.0003,0.0011,-0.0122,58.16,58.17,58.16,65.09
2026-09-30T16:52:06+00:00,QQQ,2026-09-30,0,743.09,845.0,P,99.82,103.21,101.515,101.15,1,0,0.0,-0.9988,0.0001,0.0006,-0.0098,101.15,101.15,101.15,107.245
2026-09-30T16:52:06+00:00,QQQ,2026-09-30,0,743.09,846.0,P,100.85,104.22,102.535,102.08,1,0,0.0,-0.9988,0.0001,0.0006,-0.0098,102.08,102.08,102.08,108.115
2026-09-30T16:52:06+00:00,QQQ,2026-09-30,0,743.09,859.0,P,113.85,117.2,115.525,115.4,1,0,0.0,-0.999,0.0001,0.0005,-0.0091,115.4,115.4,115.4,121.095
2026-09-30T16:52:06+00:00,QQQ,2026-09-30,0,743.09,860.0,P,114.83,118.21,116.52,116.35,1,0,0.0,-0.999,0.0001,0.0005,-0.0091,116.35,116.35,116.35,122.19
2026-09-30T17:07:05+00:00,QQQ,2026-09-30,0,743.68,510.0,C,232.01,235.44,233.725,233.48,1,0,6.2135,0.9998,0.0,0.0001,-0.0027,233.48,233.48,233.48,227.91
2026-09-30T17:07:05+00:00,QQQ,2026-09-30,0,743.68,515.0,C,227.01,230.44,228.725,228.55,1,0,6.0638,0.9998,0.0,0.0001,-0.0028,228.55,228.55,228.55,222.955
2026-09-30T17:07:05+00:00,QQQ,2026-09-30,0,743.68,530.0,C,211.84,215.44,213.64,214.01,4,1,0.0,0.9998,0.0,0.0001,-0.0034,214.06,214.06,214.01,207.99
2026-09-30T17:07:05+00:00,QQQ,2026-09-30,0,743.68,535.0,C,207.01,210.44,208.725,209.09,4,0,5.4775,0.9998,0.0,0.0001,-0.0036,209.14,209.14,209.09,202.94
2026-09-30T17:07:05+00:00,QQQ,2026-09-30,0,743.68,585.0,C,156.84,160.44,158.64,158.65,1,2,0.0,0.9995,0.0,0.0002,-0.0062,158.65,158.65,158.65,152.985
2026-09-30T17:07:05+00:00,QQQ,2026-09-30,0,743.68,600.0,C,141.84,145.44,143.64,143.97,13,63,0.0,0.9994,0.0,0.0003,-0.0071,141.56,143.97,141.56,138.085
2026-09-30T17:07:05+00:00,QQQ,2026-09-30,0,743.68,605.0,C,136.84,140.1,138.47,138.79,6,48,0.0,0.9994,0.0,0.0003,-0.0074,138.68,138.79,138.57,133.035
2026-09-30T17:07:05+00:00,QQQ,2026-09-30,0,743.68,610.0,C,131.84,135.44,133.64,133.86,6,116,0.0,0.9993,0.0,0.0003,-0.0078,133.75,133.86,133.64,128.03
2026-09-30T17:07:05+00:00,QQQ,2026-09-30,0,743.68,615.0,C,126.84,130.44,128.64,128.0,5,106,0.0,0.9993,0.0001,0.0004,-0.0081,128.0,128.0,128.0,123.005
2026-09-30T17:07:05+00:00,QQQ,2026-09-30,0,743.68,620.0,C,121.84,125.44,123.64,123.53,3,134,0.0,0.9992,0.0001,0.0004,-0.0085,123.53,123.53,123.53,118.01
2026-09-30T17:07:05+00:00,QQQ,2026-09-30,0,743.68,635.0,C,107.02,110.44,108.73,106.39,1,311,2.829,0.999,0.0001,0.0005,-0.0096,106.39,106.39,106.39,103.045
2026-09-30T17:07:05+00:00,QQQ,2026-09-30,0,743.68,650.0,C,92.01,95.44,93.725,93.71,10,773,2.4095,0.9988,0.0001,0.0006,-0.0108,92.95,93.71,92.95,87.9
2026-09-30T17:07:05+00:00,QQQ,2026-09-30,0,743.68,654.0,C,87.84,91.44,89.64,89.19,2,9,0.0,0.9987,0.0001,0.0006,-0.0112,89.17,89.19,89.17,84.06
2026-09-30T17:07:05+00:00,QQQ,2026-09-30,0,743.68,655.0,C,87.01,90.44,88.725,88.26,2,218,2.2846,0.9987,0.0001,0.0006,-0.0112,88.24,88.26,88.24,83.08
2026-09-30T17:07:05+00:00,QQQ,2026-09-30,0,743.68,661.0,C,80.84,84.44,82.64,82.2,1,1,0.0,0.9985,0.0002,0.0007,-0.0118,82.2,82.2,82.2,77.055
2026-09-30T17:07:05+00:00,QQQ,2026-09-30,0,743.68,662.0,C,79.84,83.44,81.64,81.25,1,58,0.0,0.9985,0.0002,0.0007,-0.0119,81.25,81.25,81.25,76.05
2026-09-30T17:07:05+00:00,QQQ,2026-09-30,0,743.68,664.0,C,77.84,81.44,79.64,79.59,1,56,0.0,0.9985,0.0002,0.0008,-0.012,79.59,79.59,79.59,74.05
2026-09-30T17:07:05+00:00,QQQ,2026-09-30,0,743.68,665.0,C,77.01,80.44,78.725,78.12,3,713,2.0361,0.9984,0.0002,0.0008,-0.0121,78.67,78.67,78.12,72.915
2026-09-30T17:07:05+00:00,QQQ,2026-09-30,0,743.68,666.0,C,75.84,79.44,77.64,75.0,1,3,0.0,0.9984,0.0002,0.0008,-0.0122,75.0,75.0,75.0,72.055
2026-09-30T17:07:05+00:00,QQQ,2026-09-30,0,743.68,669.0,C,72.84,76.44,74.64,74.49,1,11,0.0,0.9983,0.0002,0.0008,-0.0125,74.49,74.49,74.49,69.05
2026-09-30T17:07:05+00:00,QQQ,2026-09-30,0,743.68,670.0,C,72.01,75.44,73.725,73.56,1,306,1.9123,0.9983,0.0002,0.0008,-0.0126,73.56,73.56,73.56,68.055
2026-09-30T17:07:05+00:00,QQQ,2026-09-30,0,743.68,672.0,C,69.84,73.44,71.64,70.99,1,66,0.0,0.9982,0.0002,0.0008,-0.0128,70.99,70.99,70.99,66.055
2026-09-30T17:07:05+00:00,QQQ,2026-09-30,0,743.68,673.0,C,68.84,72.44,70.64,70.04,1,52,0.0,0.9982,0.0002,0.0009,-0.0129,70.04,70.04,70.04,65.05
2026-09-30T17:07:05+00:00,QQQ,2026-09-30,0,743.68,675.0,C,67.01,70.44,68.725,67.82,1,401,1.7888,0.9981,0.0002,0.0009,-0.0131,67.82,67.82,67.82,63.06
2026-09-30T17:07:05+00:00,QQQ,2026-09-30,0,743.68,680.0,C,62.01,65.44,63.725,63.23,2,684,1.6655,0.9979,0.0003,0.001,-0.0135,61.68,63.23,61.68,57.905
2026-09-30T17:07:05+00:00,QQQ,2026-09-30,0,743.68,685.0,C,57.01,60.44,58.725,59.05,9,432,1.5423,0.9977,0.0003,0.0011,-0.014,59.72,59.72,59.05,53.06
2026-09-30T17:07:05+00:00,QQQ,2026-09-30,0,743.68,689.0,C,52.84,56.44,54.64,54.41,14,147,0.0,0.9975,0.0004,0.0012,-0.0144,55.03,55.03,54.41,49.055
2026-09-30T17:07:05+00:00,QQQ,2026-09-30,0,743.68,690.0,C,53.24,55.44,54.34,54.07,33,2878,1.9371,0.9975,0.0004,0.0012,-0.0145,53.13,54.1,53.13,47.915
2026-09-30T17:07:05+00:00,QQQ,2026-09-30,0,743.68,691.0,C,50.85,54.44,52.645,52.4,12,77,0.0,0.9974,0.0004,0.0012,-0.0146,52.4,52.4,52.4,47.065
2026-09-30T17:07:05+00:00,QQQ,2026-09-30,0,743.68,692.0,C,49.85,53.44,51.645,51.45,1,61,0.0,0.9973,0.0004,0.0012,-0.0147,51.45,51.45,51.45,46.065
2026-09-30T17:07:05+00:00,QQQ,2026-09-30,0,743.68,693.0,C,48.85,52.44,50.645,50.7,2,44,0.0,0.9973,0.0004,0.0013,-0.0148,51.7,51.7,50.7,45.065
2026-09-30T17:07:05+00:00,QQQ,2026-09-30,0,743.68,698.0,C,43.85,47.44,45.645,46.09,5,60,0.0,0.997,0.0005,0.0014,-0.0154,43.94,47.51,43.76,40.07
2026-09-30T17:07:05+00:00,QQQ,2026-09-30,0,743.68,699.0,C,42.85,46.44,44.645,45.3,3,104,0.0,0.9969,0.0006,0.0014,-0.0155,45.16,45.3,45.16,39.095
2026-09-30T17:07:05+00:00,QQQ,2026-09-30,0,743.68,700.0,C,43.06,45.44,44.25,44.36,92,2608,1.8092,0.9968,0.0006,0.0015,-0.0156,41.61,44.36,40.8,37.895
2026-09-30T17:07:05+00:00,QQQ,2026-09-30,0,743.68,702.0,C,40.16,43.04,41.6,41.91,2,190,0.0,0.9966,0.0006,0.0016,-0.0158,41.8,41.91,41.8,35.885
2026-09-30T17:07:05+00:00,QQQ,2026-09-30,0,743.68,703.0,C,39.16,42.03,40.595,40.99,1,158,0.0,0.9965,0.0007,0.0016,-0.0159,40.99,40.99,40.99,34.89
2026-09-30T17:07:05+00:00,QQQ,2026-09-30,0,743.68,704.0,C,38.17,41.01,39.59,39.4,10,358,0.0,0.9964,0.0007,0.0016,-0.016,39.4,39.4,39.4,33.89
2026-09-30T17:07:05+00:00,QQQ,2026-09-30,0,743.68,705.0,C,37.16,40.17,38.665,38.5,2,1394,0.0,0.9964,0.0007,0.0017,-0.0161,36.47,38.5,36.47,32.89
2026-09-30T17:07:05+00:00,QQQ,2026-09-30,0,743.68,706.0,C,36.16,39.02,37.59,37.99,15,401,0.0,0.9962,0.0008,0.0017,-0.0162,36.45,38.45,35.0,31.88
2026-09-30T17:07:05+00:00,QQQ,2026-09-30,0,743.68,707.0,C,35.16,38.02,36.59,36.15,10,297,0.0,0.9961,0.0008,0.0018,-0.0163,36.97,38.03,35.45,30.895
2026-09-30T17:07:05+00:00,QQQ,2026-09-30,0,743.68,708.0,C,34.18,37.02,35.6,36.78,12,520,0.0,0.996,0.0008,0.0018,-0.0164,34.33,36.78,34.33,29.885
2026-09-30T17:07:05+00:00,QQQ,2026-09-30,0,743.68,709.0,C,33.17,36.02,34.595,34.73,40,343,0.0,0.9959,0.0009,0.0019,-0.0166,32.8,34.73,32.8,28.9
2026-09-30T17:07:05+00:00,QQQ,2026-09-30,0,743.68,710.0,C,32.17,35.02,33.595,33.75,52,3549,0.0,0.9958,0.0009,0.0019,-0.0167,31.0,34.15,31.0,27.9
2026-09-30T17:07:05+00:00,QQQ,2026-09-30,0,743.68,711.0,C,32.26,33.79,33.025,32.4,34,435,1.284,0.9957,0.001,0.002,-0.0168,31.51,32.56,31.44,26.905
2026-09-30T17:07:05+00:00,QQQ,2026-09-30,0,743.68,712.0,C,30.17,33.02,31.595,32.09,34,373,0.0,0.9955,0.001,0.002,-0.0169,29.62,32.84,29.62,25.895
2026-09-30T17:07:05+00:00,QQQ,2026-09-30,0,743.68,713.0,C,30.4,31.86,31.13,30.83,21,413,1.2879,0.9954,0.0011,0.0021,-0.017,29.28,31.93,28.56,24.91
2026-09-30T17:07:05+00:00,QQQ,2026-09-30,0,743.68,714.0,C,28.17,31.02,29.595,30.42,10,666,0.0,0.9952,0.0012,0.0022,-0.0172,29.65,30.42,29.12,23.975
2026-09-30T17:07:05+00:00,QQQ,2026-09-30,0,743.68,715.0,C,28.18,29.95,29.065,28.5,63,3048,1.1792,0.995,0.0013,0.0022,-0.0173,24.99,29.42,24.99,23.08
2026-09-30T17:07:05+00:00,QQQ,2026-09-30,0,743.68,716.0,C,27.22,28.29,27.755,27.22,83,3407,0.8461,0.9949,0.0013,0.0023,-0.0174,24.84,29.48,24.06,22.1
2026-09-30T17:07:05+00:00,QQQ,2026-09-30,0,743.68,717.0,C,26.61,28.06,27.335,26.59,109,847,1.2555,0.9947,0.0014,0.0024,-0.0176,25.32,28.04,24.64,21.005
2026-09-30T17:07:05+00:00,QQQ,2026-09-30,0,743.68,718.0,C,25.63,27.03,26.33,25.79,44,487,1.2164,0.9944,0.0015,0.0025,-0.0178,23.66,26.45,23.66,20.115
2026-09-30T17:07:05+00:00,QQQ,2026-09-30,0,743.68,719.0,C,23.3,26.06,24.68,24.38,30,737,0.0,0.9942,0.0016,0.0026,-0.018,22.25,25.5,22.25,19.13
2026-09-30T17:07:05+00:00,QQQ,2026-09-30,0,743.68,720.0,C,23.66,23.78,23.72,23.54,156,8914,0.6587,0.994,0.0018,0.0027,-0.0182,21.46,24.68,20.87,18.07
2026-09-30T17:07:05+00:00,QQQ,2026-09-30,0,743.68,721.0,C,22.66,22.78,22.72,23.45,73,5762,0.6337,0.9937,0.0019,0.0028,-0.0185,22.43,23.66,22.11,17.185
2026-09-30T17:07:05+00:00,QQQ,2026-09-30,0,743.68,722.0,C,21.65,21.78,21.715,22.05,7,720,0.5928,0.9933,0.0021,0.0029,-0.0189,19.43,22.16,19.43,16.22
2026-09-30T17:07:05+00:00,QQQ,2026-09-30,0,743.68,723.0,C,20.66,20.78,20.72,20.38,43,977,0.6088,0.9929,0.0023,0.0031,-0.0193,18.03,21.19,17.97,15.225
2026-09-30T17:07:05+00:00,QQQ,2026-09-30,0,743.68,724.0,C,19.66,19.79,19.725,20.32,12,508,0.5827,0.9925,0.0025,0.0033,-0.02,17.01,20.32,17.01,13.975
2026-09-30T17:07:05+00:00,QQQ,2026-09-30,0,743.68,725.0,C,18.66,18.78,18.72,19.47,43,10563,0.5455,0.9919,0.0028,0.0035,-0.0208,16.0,19.47,16.0,13.345
2026-09-30T17:07:05+00:00,QQQ,2026-09-30,0,743.68,726.0,C,17.66,17.79,17.725,17.6,51,9021,0.5196,0.9912,0.0032,0.0038,-0.0219,16.35,18.56,15.33,12.4
2026-09-30T17:07:05+00:00,QQQ,2026-09-30,0,743.68,727.0,C,16.66,16.79,16.725,16.93,35,2754,0.4937,0.9902,0.0036,0.0041,-0.0234,14.04,17.15,13.91,11.53
2026-09-30T17:07:05+00:00,QQQ,2026-09-30,0,743.68,728.0,C,15.67,15.79,15.73,15.72,36,1270,0.4946,0.989,0.0042,0.0046,-0.0256,14.23,16.6,13.18,10.325
2026-09-30T17:07:05+00:00,QQQ,2026-09-30,0,743.68,729.0,C,14.66,14.77,14.715,14.77,57,290,0.4745,0.9874,0.0049,0.0052,-0.0285,12.71,15.69,11.93,9.46
2026-09-30T17:07:05+00:00,QQQ,2026-09-30,0,743.68,730.0,C,13.66,13.78,13.72,13.61,574,10170,0.4532,0.9853,0.0058,0.0059,-0.0325,9.89,15.03,9.89,8.62
2026-09-30T17:07:05+00:00,QQQ,2026-09-30,0,743.68,731.0,C,12.68,12.81,12.745,12.96,143,424,0.4185,0.9824,0.0071,0.0069,-0.0382,9.4,13.85,9.2,7.81
2026-09-30T17:07:05+00:00,QQQ,2026-09-30,0,743.68,732.0,C,11.69,11.82,11.755,12.18,253,1890,0.4018,0.9785,0.0088,0.0082,-0.046,8.41,13.04,8.41,7.03
2026-09-30T17:07:05+00:00,QQQ,2026-09-30,0,743.68,733.0,C,10.68,10.83,10.755,11.03,218,956,0.3915,0.9732,0.0111,0.0098,-0.0568,7.64,11.87,7.64,6.29
2026-09-30T17:07:05+00:00,QQQ,2026-09-30,0,743.68,734.0,C,9.71,9.83,9.77,10.13,381,824,0.361,0.9658,0.0141,0.012,-0.0719,6.64,10.89,6.64,5.59
2026-09-30T17:07:05+00:00,QQQ,2026-09-30,0,743.68,735.0,C,8.72,8.85,8.785,8.56,1960,7104,0.3511,0.9557,0.0182,0.0148,-0.0931,5.91,10.0,5.87,4.925
2026-09-30T17:07:05+00:00,QQQ,2026-09-30,0,743.68,736.0,C,7.75,7.88,7.815,7.57,1239,1866,0.3353,0.9417,0.0236,0.0183,-0.1233,5.15,9.1,5.0,4.3
2026-09-30T17:07:05+00:00,QQQ,2026-09-30,0,743.68,737.0,C,6.79,6.93,6.86,6.86,2445,2440,0.3193,0.9221,0.0307,0.0228,-0.1667,4.38,8.2,4.32,3.715
2026-09-30T17:07:05+00:00,QQQ,2026-09-30,0,743.68,738.0,C,5.86,5.96,5.91,5.97,7870,5060,0.3089,0.8951,0.0398,0.0283,-0.2294,3.67,7.22,3.61,3.175
2026-09-30T17:07:05+00:00,QQQ,2026-09-30,0,743.68,739.0,C,4.96,5.04,5.0,5.11,9861,6076,0.2966,0.8581,0.051,0.0348,-0.3204,3.19,6.36,3.0,2.685
2026-09-30T17:07:05+00:00,QQQ,2026-09-30,0,743.68,740.0,C,4.09,4.14,4.115,4.17,33120,15422,0.2833,0.8084,0.064,0.0419,-0.4516,2.58,5.45,2.46,2.25
2026-09-30T17:07:05+00:00,QQQ,2026-09-30,0,743.68,741.0,C,3.31,3.34,3.325,3.38,46701,4935,0.2742,0.744,0.0778,0.0492,-0.6384,2.18,4.61,1.95,1.865
2026-09-30T17:07:05+00:00,QQQ,2026-09-30,0,743.68,742.0,C,2.58,2.59,2.585,2.64,112077,4132,0.2652,0.6642,0.0905,0.0555,-0.8989,1.73,3.8,1.55,1.525
2026-09-30T17:07:05+00:00,QQQ,2026-09-30,0,743.68,743.0,C,1.92,1.93,1.925,1.93,155419,3942,0.2602,0.571,0.0995,0.0596,-1.2514,1.29,3.06,1.18,1.235
2026-09-30T17:07:05+00:00,QQQ,2026-09-30,0,743.68,744.0,C,1.39,1.4,1.395,1.39,231005,3321,0.2567,0.4698,0.1022,0.0603,-1.4057,1.01,2.44,0.9,0.995
2026-09-30T17:07:05+00:00,QQQ,2026-09-30,0,743.68,745.0,C,0.97,0.98,0.975,0.97,248474,20384,0.2545,0.3688,0.0976,0.0573,-0.9779,0.85,1.9,0.66,0.795
2026-09-30T17:07:05+00:00,QQQ,2026-09-30,0,743.68,746.0,C,0.65,0.66,0.655,0.66,157923,5012,0.2564,0.2767,0.0866,0.0511,-0.6586,0.57,1.45,0.47,0.625
2026-09-30T17:07:05+00:00,QQQ,2026-09-30,0,743.68,747.0,C,0.43,0.44,0.435,0.44,93246,16000,0.2578,0.1996,0.0717,0.043,-0.4333,0.39,1.08,0.34,0.495
2026-09-30T17:07:05+00:00,QQQ,2026-09-30,0,743.68,748.0,C,0.28,0.29,0.285,0.29,84670,10519,0.2625,0.14,0.0562,0.0345,-0.2819,0.29,0.79,0.24,0.385
2026-09-30T17:07:05+00:00,QQQ,2026-09-30,0,743.68,749.0,C,0.18,0.19,0.185,0.19,31674,2125,0.2682,0.0968,0.0422,0.0268,-0.184,0.21,0.57,0.16,0.305
2026-09-30T17:07:05+00:00,QQQ,2026-09-30,0,743.68,750.0,C,0.11,0.12,0.115,0.11,47976,15156,0.2726,0.0667,0.0309,0.0204,-0.1215,0.15,0.4,0.11,0.235
2026-09-30T17:07:05+00:00,QQQ,2026-09-30,0,743.68,751.0,C,0.08,0.09,0.085,0.09,15923,1898,0.2872,0.0466,0.0225,0.0155,-0.0828,0.11,0.29,0.07,0.185
2026-09-30T17:07:05+00:00,QQQ,2026-09-30,0,743.68,752.0,C,0.05,0.06,0.055,0.05,19132,9075,0.2941,0.0334,0.0165,0.0119,-0.0584,0.07,0.22,0.05,0.145
2026-09-30T17:07:05+00:00,QQQ,2026-09-30,0,743.68,753.0,C,0.04,0.05,0.045,0.05,5169,1367,0.3124,0.0246,0.0123,0.0092,-0.0429,0.07,0.15,0.04,0.115
2026-09-30T17:07:05+00:00,QQQ,2026-09-30,0,743.68,754.0,C,0.03,0.04,0.035,0.04,7387,1137,0.3273,0.0188,0.0093,0.0074,-0.033,0.05,0.11,0.03,0.085
2026-09-30T17:07:05+00:00,QQQ,2026-09-30,0,743.68,755.0,C,0.02,0.03,0.025,0.03,7246,5147,0.3375,0.0149,0.0073,0.0061,-0.0266,0.05,0.09,0.02,0.075
2026-09-30T17:07:05+00:00,QQQ,2026-09-30,0,743.68,756.0,C,0.02,0.03,0.025,0.02,4242,1385,0.3629,0.0122,0.0059,0.0051,-0.0224,0.04,0.07,0.02,0.055
2026-09-30T17:07:05+00:00,QQQ,2026-09-30,0,743.68,757.0,C,0.01,0.02,0.015,0.02,4564,1778,0.3638,0.0104,0.0048,0.0044,-0.0197,0.02,0.05,0.01,0.045
2026-09-30T17:07:05+00:00,QQQ,2026-09-30,0,743.68,758.0,C,0.01,0.02,0.015,0.02,4228,1916,0.3875,0.0091,0.0041,0.004,-0.0178,0.02,0.04,0.01,0.035
2026-09-30T17:07:05+00:00,QQQ,2026-09-30,0,743.68,759.0,C,0.01,0.02,0.015,0.02,1304,1929,0.411,0.0082,0.0036,0.0036,-0.0166,0.02,0.03,0.01,0.035
2026-09-30T17:07:05+00:00,QQQ,2026-09-30,0,743.68,760.0,C,0.01,0.02,0.015,0.01,4941,13435,0.4343,0.0075,0.0031,0.0033,-0.0158,0.02,0.03,0.01,0.025
2026-09-30T17:07:05+00:00,QQQ,2026-09-30,0,743.68,761.0,C,0.0,0.01,0.01,0.01,2941,1789,0.4076,0.0069,0.0028,0.0031,-0.0152,0.01,0.04,0.01,0.025
2026-09-30T17:07:05+00:00,QQQ,2026-09-30,0,743.68,762.0,C,0.0,0.01,0.01,0.01,5563,3437,0.4286,0.0065,0.0025,0.0029,-0.0148,0.01,0.02,0.01,0.015
2026-09-30T17:07:05+00:00,QQQ,2026-09-30,0,743.68,763.0,C,0.0,0.01,0.01,0.01,459,732,0.4494,0.0062,0.0023,0.0028,-0.0146,0.01,0.03,0.01,0.015
2026-09-30T17:07:05+00:00,QQQ,2026-09-30,0,743.68,764.0,C,0.0,0.01,0.01,0.01,359,1058,0.4701,0.0058,0.0021,0.0026,-0.0144,0.01,0.02,0.01,0.015
2026-09-30T17:07:05+00:00,QQQ,2026-09-30,0,743.68,765.0,C,0.0,0.01,0.01,0.01,929,8345,0.4907,0.0056,0.0019,0.0025,-0.0142,0.02,0.02,0.01,0.015
2026-09-30T17:07:05+00:00,QQQ,2026-09-30,0,743.68,766.0,C,0.0,0.01,0.01,0.01,37,731,0.5112,0.0053,0.0018,0.0024,-0.0141,0.02,0.02,0.01,0.005
2026-09-30T17:07:05+00:00,QQQ,2026-09-30,0,743.68,767.0,C,0.0,0.01,0.01,0.01,109,1092,0.5316,0.0051,0.0017,0.0023,-0.014,0.01,0.01,0.01,0.005
2026-09-30T17:07:05+00:00,QQQ,2026-09-30,0,743.68,768.0,C,0.0,0.01,0.01,0.01,3,896,0.552,0.0049,0.0015,0.0022,-0.0139,0.02,0.02,0.01,0.005
2026-09-30T17:07:05+00:00,QQQ,2026-09-30,0,743.68,769.0,C,0.0,0.01,0.01,0.01,4,1544,0.5722,0.0048,0.0014,0.0022,-0.0138,0.01,0.01,0.01,0.005
2026-09-30T17:07:05+00:00,QQQ,2026-09-30,0,743.68,770.0,C,0.0,0.01,0.01,0.01,174,4874,0.5923,0.0046,0.0014,0.0021,-0.0137,0.01,0.01,0.01,0.005
2026-09-30T17:07:05+00:00,QQQ,2026-09-30,0,743.68,771.0,C,0.0,0.01,0.01,0.01,0,554,0.6124,0.0044,0.0013,0.002,-0.0136,0.0,0.0,0.0,0.005
2026-09-30T17:07:05+00:00,QQQ,2026-09-30,0,743.68,772.0,C,0.0,0.01,0.01,0.01,0,3929,0.6324,0.0043,0.0012,0.002,-0.0135,0.0,0.0,0.0,0.005
2026-09-30T17:07:05+00:00,QQQ,2026-09-30,0,743.68,773.0,C,0.0,0.01,0.01,0.01,0,607,0.6522,0.0042,0.0011,0.0019,-0.0135,0.0,0.0,0.0,0.005
2026-09-30T17:07:05+00:00,QQQ,2026-09-30,0,743.68,774.0,C,0.0,0.01,0.01,0.01,0,576,0.672,0.004,0.0011,0.0019,-0.0134,0.0,0.0,0.0,0.005
2026-09-30T17:07:05+00:00,QQQ,2026-09-30,0,743.68,775.0,C,0.0,0.01,0.01,0.01,0,1608,0.6918,0.0039,0.001,0.0018,-0.0133,0.0,0.0,0.0,0.005
2026-09-30T17:07:05+00:00,QQQ,2026-09-30,0,743.68,776.0,C,0.0,0.01,0.01,0.01,5,617,0.7114,0.0038,0.001,0.0018,-0.0132,0.01,0.01,0.01,0.005
2026-09-30T17:07:05+00:00,QQQ,2026-09-30,0,743.68,777.0,C,0.0,0.01,0.01,0.01,0,575,0.731,0.0037,0.0009,0.0017,-0.0132,0.0,0.0,0.0,0.005
2026-09-30T17:07:05+00:00,QQQ,2026-09-30,0,743.68,778.0,C,0.0,0.01,0.01,0.01,0,413,0.7506,0.0036,0.0009,0.0017,-0.0131,0.0,0.0,0.0,0.005
2026-09-30T17:07:05+00:00,QQQ,2026-09-30,0,743.68,779.0,C,0.0,0.01,0.02,0.02,0,569,0.77,0.0035,0.0008,0.0016,-0.013,0.0,0.0,0.0,0.005
2026-09-30T17:07:05+00:00,QQQ,2026-09-30,0,743.68,780.0,C,0.0,0.01,0.01,0.01,0,2111,0.7894,0.0034,0.0008,0.0016,-0.013,0.0,0.0,0.0,0.005
2026-09-30T17:07:05+00:00,QQQ,2026-09-30,0,743.68,785.0,C,0.0,0.01,0.01,0.01,1,1170,0.8854,0.003,0.0006,0.0014,-0.0126,0.01,0.01,0.01,0.005
2026-09-30T17:07:05+00:00,QQQ,2026-09-30,0,743.68,805.0,C,0.0,0.01,0.01,0.01,9,501,1.2559,0.002,0.0003,0.001,-0.0114,0.01,0.01,0.01,0.005
2026-09-30T17:07:05+00:00,QQQ,2026-09-30,0,743.68,895.0,C,0.0,0.01,0.01,0.01,33,129,2.7424,0.0007,0.0001,0.0003,-0.007,0.01,0.01,0.01,0.005
2026-09-30T17:07:05+00:00,QQQ,2026-09-30,0,743.68,945.0,C,0.0,0.01,0.01,0.01,25,141,3.4777,0.0004,0.0,0.0002,-0.0054,0.01,0.01,0.01,0.005
2026-09-30T17:07:05+00:00,QQQ,2026-09-30,0,743.68,475.0,P,0.0,0.01,0.01,0.01,25,790,6.3852,-0.0001,0.0,0.0,-0.0016,0.01,0.01,0.01,0.005
2026-09-30T17:07:05+00:00,QQQ,2026-09-30,0,743.68,595.0,P,0.0,0.01,0.01,0.01,2,1452,3.3076,-0.0005,0.0,0.0003,-0.0068,0.01,0.01,0.01,0.01
2026-09-30T17:07:05+00:00,QQQ,2026-09-30,0,743.68,615.0,P,0.0,0.01,0.01,0.01,225,1347,2.8472,-0.0007,0.0001,0.0004,-0.0081,0.01,0.01,0.01,0.01
2026-09-30T17:07:05+00:00,QQQ,2026-09-30,0,743.68,630.0,P,0.0,0.01,0.01,0.01,65,1992,2.5087,-0.0009,0.0001,0.0004,-0.0092,0.01,0.01,0.01,0.015
2026-09-30T17:07:05+00:00,QQQ,2026-09-30,0,743.68,635.0,P,0.0,0.01,0.01,0.01,4,1395,2.3972,-0.001,0.0001,0.0005,-0.0096,0.01,0.01,0.01,0.015
2026-09-30T17:07:05+00:00,QQQ,2026-09-30,0,743.68,640.0,P,0.0,0.01,0.01,0.01,12,7664,2.2862,-0.001,0.0001,0.0005,-0.01,0.01,0.01,0.01,0.015
2026-09-30T17:07:05+00:00,QQQ,2026-09-30,0,743.68,645.0,P,0.0,0.01,0.02,0.02,6,1611,2.1757,-0.0011,0.0001,0.0006,-0.0104,0.01,0.02,0.01,0.015
2026-09-30T17:07:05+00:00,QQQ,2026-09-30,0,743.68,650.0,P,0.0,0.01,0.01,0.01,4,24622,2.0658,-0.0012,0.0001,0.0006,-0.0108,0.01,0.01,0.01,0.015
2026-09-30T17:07:05+00:00,QQQ,2026-09-30,0,743.68,653.0,P,0.0,0.01,0.01,0.01,10,146,2.0001,-0.0013,0.0001,0.0006,-0.0111,0.01,0.01,0.01,0.015
2026-09-30T17:07:05+00:00,QQQ,2026-09-30,0,743.68,655.0,P,0.0,0.01,0.01,0.01,6,1965,1.9564,-0.0013,0.0001,0.0006,-0.0112,0.01,0.01,0.01,0.015
2026-09-30T17:07:05+00:00,QQQ,2026-09-30,0,743.68,657.0,P,0.0,0.01,0.01,0.01,1,449,1.9127,-0.0014,0.0001,0.0007,-0.0114,0.01,0.01,0.01,0.015
2026-09-30T17:07:05+00:00,QQQ,2026-09-30,0,743.68,660.0,P,0.0,0.01,0.01,0.01,183,8777,1.8474,-0.0014,0.0002,0.0007,-0.0117,0.01,0.01,0.01,0.015
2026-09-30T17:07:05+00:00,QQQ,2026-09-30,0,743.68,664.0,P,0.0,0.01,0.01,0.01,5,3247,1.7605,-0.0015,0.0002,0.0008,-0.012,0.01,0.01,0.01,0.015
2026-09-30T17:07:05+00:00,QQQ,2026-09-30,0,743.68,665.0,P,0.0,0.01,0.01,0.01,8,5142,1.7388,-0.0016,0.0002,0.0008,-0.0121,0.01,0.01,0.01,0.015
2026-09-30T17:07:05+00:00,QQQ,2026-09-30,0,743.68,668.0,P,0.0,0.01,0.01,0.01,11,452,1.6739,-0.0016,0.0002,0.0008,-0.0124,0.01,0.01,0.01,0.015
2026-09-30T17:07:05+00:00,QQQ,2026-09-30,0,743.68,669.0,P,0.0,0.01,0.01,0.01,4,548,1.6523,-0.0017,0.0002,0.0008,-0.0125,0.01,0.01,0.01,0.015
2026-09-30T17:07:05+00:00,QQQ,2026-09-30,0,743.68,670.0,P,0.0,0.01,0.01,0.01,15,3918,1.6307,-0.0017,0.0002,0.0008,-0.0126,0.01,0.01,0.01,0.015
2026-09-30T17:07:05+00:00,QQQ,2026-09-30,0,743.68,675.0,P,0.0,0.01,0.01,0.01,67,11012,1.5229,-0.0019,0.0002,0.0009,-0.0131,0.01,0.01,0.01,0.015
2026-09-30T17:07:05+00:00,QQQ,2026-09-30,0,743.68,677.0,P,0.0,0.01,0.01,0.01,20,1206,1.4799,-0.002,0.0002,0.0009,-0.0132,0.01,0.01,0.01,0.02
2026-09-30T17:07:05+00:00,QQQ,2026-09-30,0,743.68,678.0,P,0.0,0.01,0.01,0.01,11,203,1.4584,-0.002,0.0003,0.001,-0.0134,0.01,0.01,0.01,0.02
2026-09-30T17:07:05+00:00,QQQ,2026-09-30,0,743.68,679.0,P,0.0,0.01,0.01,0.01,1,865,1.4369,-0.002,0.0003,0.001,-0.0134,0.01,0.01,0.01,0.02
2026-09-30T17:07:05+00:00,QQQ,2026-09-30,0,743.68,680.0,P,0.0,0.01,0.01,0.01,27,16282,1.4149,-0.0021,0.0003,0.001,-0.0136,0.01,0.01,0.01,0.02
2026-09-30T17:07:05+00:00,QQQ,2026-09-30,0,743.68,681.0,P,0.0,0.01,0.01,0.01,22,14388,1.3935,-0.0021,0.0003,0.001,-0.0136,0.01,0.01,0.01,0.02
2026-09-30T17:07:05+00:00,QQQ,2026-09-30,0,743.68,682.0,P,0.0,0.01,0.01,0.01,20,2041,1.372,-0.0022,0.0003,0.001,-0.0137,0.01,0.01,0.01,0.02
2026-09-30T17:07:05+00:00,QQQ,2026-09-30,0,743.68,683.0,P,0.0,0.01,0.01,0.01,9,730,1.3506,-0.0022,0.0003,0.001,-0.0138,0.01,0.01,0.01,0.02
2026-09-30T17:07:05+00:00,QQQ,2026-09-30,0,743.68,684.0,P,0.0,0.01,0.01,0.01,5,403,1.3291,-0.0022,0.0003,0.0011,-0.0139,0.01,0.01,0.01,0.02
2026-09-30T17:07:05+00:00,QQQ,2026-09-30,0,743.68,685.0,P,0.0,0.01,0.01,0.01,23,9111,1.3077,-0.0023,0.0003,0.0011,-0.014,0.01,0.01,0.01,0.02
2026-09-30T17:07:05+00:00,QQQ,2026-09-30,0,743.68,686.0,P,0.0,0.01,0.01,0.01,1,392,1.2863,-0.0023,0.0003,0.0011,-0.0141,0.01,0.01,0.01,0.025
2026-09-30T17:07:05+00:00,QQQ,2026-09-30,0,743.68,687.0,P,0.0,0.01,0.01,0.01,1,14676,1.2648,-0.0024,0.0004,0.0011,-0.0142,0.01,0.01,0.01,0.025
2026-09-30T17:07:05+00:00,QQQ,2026-09-30,0,743.68,688.0,P,0.0,0.01,0.01,0.01,2,795,1.2434,-0.0024,0.0004,0.0012,-0.0143,0.01,0.01,0.01,0.025
2026-09-30T17:07:05+00:00,QQQ,2026-09-30,0,743.68,690.0,P,0.0,0.01,0.01,0.01,31,24724,1.2006,-0.0025,0.0004,0.0012,-0.0145,0.01,0.01,0.01,0.025
2026-09-30T17:07:05+00:00,QQQ,2026-09-30,0,743.68,691.0,P,0.0,0.01,0.01,0.01,30,790,1.1792,-0.0026,0.0004,0.0012,-0.0146,0.01,0.01,0.01,0.025
2026-09-30T17:07:05+00:00,QQQ,2026-09-30,0,743.68,692.0,P,0.0,0.01,0.01,0.01,55,646,1.1578,-0.0027,0.0004,0.0012,-0.0147,0.01,0.01,0.01,0.025
2026-09-30T17:07:05+00:00,QQQ,2026-09-30,0,743.68,693.0,P,0.0,0.01,0.01,0.01,25,770,1.1364,-0.0027,0.0004,0.0013,-0.0148,0.01,0.01,0.01,0.025
2026-09-30T17:07:05+00:00,QQQ,2026-09-30,0,743.68,695.0,P,0.0,0.01,0.01,0.01,190,18640,1.0937,-0.0028,0.0005,0.0013,-0.015,0.01,0.01,0.01,0.025
2026-09-30T17:07:05+00:00,QQQ,2026-09-30,0,743.68,696.0,P,0.0,0.01,0.01,0.01,160,2911,1.0723,-0.0029,0.0005,0.0014,-0.0152,0.01,0.02,0.01,0.025
2026-09-30T17:07:05+00:00,QQQ,2026-09-30,0,743.68,697.0,P,0.0,0.01,0.01,0.01,55,485,1.0509,-0.003,0.0005,0.0014,-0.0153,0.01,0.01,0.01,0.025
2026-09-30T17:07:05+00:00,QQQ,2026-09-30,0,743.68,698.0,P,0.0,0.01,0.01,0.01,469,1252,1.0295,-0.0031,0.0005,0.0014,-0.0154,0.01,0.01,0.01,0.025
2026-09-30T17:07:05+00:00,QQQ,2026-09-30,0,743.68,699.0,P,0.0,0.01,0.01,0.01,1676,1677,1.0081,-0.0031,0.0006,0.0014,-0.0155,0.01,0.02,0.01,0.025
2026-09-30T17:07:05+00:00,QQQ,2026-09-30,0,743.68,700.0,P,0.0,0.01,0.01,0.01,4055,23840,0.9867,-0.0032,0.0006,0.0015,-0.0156,0.01,0.02,0.01,0.025
2026-09-30T17:07:05+00:00,QQQ,2026-09-30,0,743.68,701.0,P,0.0,0.01,0.01,0.01,5401,1133,0.9653,-0.0033,0.0006,0.0015,-0.0157,0.02,0.02,0.01,0.035
2026-09-30T17:07:05+00:00,QQQ,2026-09-30,0,743.68,702.0,P,0.0,0.01,0.01,0.01,6670,988,0.9439,-0.0034,0.0006,0.0016,-0.0158,0.01,0.02,0.01,0.035
2026-09-30T17:07:05+00:00,QQQ,2026-09-30,0,743.68,703.0,P,0.0,0.01,0.01,0.01,6686,874,0.9225,-0.0035,0.0007,0.0016,-0.0159,0.02,0.02,0.01,0.035
2026-09-30T17:07:05+00:00,QQQ,2026-09-30,0,743.68,704.0,P,0.0,0.01,0.01,0.01,10183,833,0.9011,-0.0036,0.0007,0.0016,-0.016,0.01,0.02,0.01,0.035
2026-09-30T17:07:05+00:00,QQQ,2026-09-30,0,743.68,705.0,P,0.0,0.01,0.01,0.01,2852,22528,0.8797,-0.0036,0.0007,0.0017,-0.0161,0.01,0.02,0.01,0.035
2026-09-30T17:07:05+00:00,QQQ,2026-09-30,0,743.68,706.0,P,0.01,0.02,0.015,0.02,338,1360,0.9506,-0.0038,0.0008,0.0017,-0.0162,0.02,0.02,0.01,0.045
2026-09-30T17:07:05+00:00,QQQ,2026-09-30,0,743.68,707.0,P,0.01,0.02,0.015,0.02,258,2276,0.9272,-0.0039,0.0008,0.0018,-0.0163,0.01,0.02,0.01,0.045
2026-09-30T17:07:05+00:00,QQQ,2026-09-30,0,743.68,708.0,P,0.01,0.02,0.015,0.02,125,1105,0.9038,-0.004,0.0008,0.0018,-0.0164,0.02,0.02,0.01,0.045
2026-09-30T17:07:05+00:00,QQQ,2026-09-30,0,743.68,709.0,P,0.01,0.02,0.015,0.01,437,2238,0.8804,-0.0041,0.0009,0.0019,-0.0166,0.03,0.03,0.01,0.055
2026-09-30T17:07:05+00:00,QQQ,2026-09-30,0,743.68,710.0,P,0.01,0.02,0.015,0.01,498,10223,0.857,-0.0042,0.001,0.0019,-0.0167,0.02,0.02,0.01,0.055
2026-09-30T17:07:05+00:00,QQQ,2026-09-30,0,743.68,711.0,P,0.01,0.02,0.015,0.01,930,2537,0.8336,-0.0044,0.001,0.002,-0.0168,0.02,0.03,0.01,0.055
2026-09-30T17:07:05+00:00,QQQ,2026-09-30,0,743.68,712.0,P,0.01,0.02,0.015,0.01,1404,2625,0.8101,-0.0045,0.0011,0.002,-0.0169,0.04,0.04,0.01,0.065
2026-09-30T17:07:05+00:00,QQQ,2026-09-30,0,743.68,713.0,P,0.01,0.02,0.015,0.01,446,1520,0.7866,-0.0046,0.0011,0.0021,-0.017,0.01,0.04,0.01,0.065
2026-09-30T17:07:05+00:00,QQQ,2026-09-30,0,743.68,714.0,P,0.01,0.02,0.015,0.02,905,2772,0.7631,-0.0048,0.0012,0.0022,-0.0172,0.04,0.05,0.01,0.075
2026-09-30T17:07:05+00:00,QQQ,2026-09-30,0,743.68,715.0,P,0.01,0.02,0.015,0.01,1007,10549,0.7395,-0.005,0.0013,0.0022,-0.0173,0.06,0.06,0.01,0.085
2026-09-30T17:07:05+00:00,QQQ,2026-09-30,0,743.68,716.0,P,0.01,0.02,0.015,0.01,919,4371,0.7159,-0.0051,0.0013,0.0023,-0.0174,0.04,0.04,0.01,0.095
2026-09-30T17:07:05+00:00,QQQ,2026-09-30,0,743.68,717.0,P,0.01,0.02,0.015,0.02,3260,3333,0.6923,-0.0053,0.0014,0.0024,-0.0176,0.05,0.05,0.01,0.105
2026-09-30T17:07:05+00:00,QQQ,2026-09-30,0,743.68,718.0,P,0.01,0.02,0.015,0.01,1787,4091,0.6686,-0.0056,0.0015,0.0025,-0.0178,0.05,0.06,0.01,0.125
2026-09-30T17:07:05+00:00,QQQ,2026-09-30,0,743.68,719.0,P,0.01,0.02,0.015,0.02,1775,2320,0.6449,-0.0058,0.0016,0.0026,-0.018,0.07,0.07,0.01,0.135
2026-09-30T17:07:05+00:00,QQQ,2026-09-30,0,743.68,720.0,P,0.01,0.02,0.015,0.02,2491,45414,0.6212,-0.006,0.0018,0.0027,-0.0182,0.07,0.09,0.01,0.155
2026-09-30T17:07:05+00:00,QQQ,2026-09-30,0,743.68,721.0,P,0.01,0.02,0.015,0.01,1719,3072,0.5973,-0.0063,0.0019,0.0028,-0.0185,0.08,0.09,0.01,0.185
2026-09-30T17:07:05+00:00,QQQ,2026-09-30,0,743.68,722.0,P,0.01,0.02,0.015,0.02,2280,3269,0.5734,-0.0067,0.0021,0.0029,-0.0189,0.05,0.1,0.01,0.225
2026-09-30T17:07:05+00:00,QQQ,2026-09-30,0,743.68,723.0,P,0.02,0.03,0.025,0.03,2653,4071,0.5832,-0.0071,0.0023,0.0031,-0.0194,0.13,0.13,0.02,0.265
2026-09-30T17:07:05+00:00,QQQ,2026-09-30,0,743.68,724.0,P,0.02,0.03,0.025,0.02,2164,2907,0.558,-0.0076,0.0025,0.0033,-0.02,0.12,0.13,0.02,0.315
2026-09-30T17:07:05+00:00,QQQ,2026-09-30,0,743.68,725.0,P,0.02,0.03,0.025,0.03,3559,9083,0.5327,-0.0081,0.0028,0.0035,-0.0208,0.1,0.14,0.01,0.385
2026-09-30T17:07:05+00:00,QQQ,2026-09-30,0,743.68,726.0,P,0.02,0.03,0.025,0.03,3275,4682,0.5073,-0.0089,0.0032,0.0038,-0.0219,0.18,0.2,0.02,0.455
2026-09-30T17:07:05+00:00,QQQ,2026-09-30,0,743.68,727.0,P,0.02,0.03,0.025,0.03,4306,8135,0.4818,-0.0098,0.0036,0.0042,-0.0235,0.21,0.22,0.02,0.555
2026-09-30T17:07:05+00:00,QQQ,2026-09-30,0,743.68,728.0,P,0.02,0.03,0.025,0.03,8235,4151,0.4562,-0.011,0.0042,0.0046,-0.0256,0.26,0.26,0.03,0.665
2026-09-30T17:07:05+00:00,QQQ,2026-09-30,0,743.68,729.0,P,0.03,0.04,0.035,0.04,6347,2276,0.4504,-0.0126,0.0049,0.0052,-0.0285,0.31,0.31,0.02,0.805
2026-09-30T17:07:05+00:00,QQQ,2026-09-30,0,743.68,730.0,P,0.03,0.04,0.035,0.04,78008,67863,0.4236,-0.0147,0.0059,0.0059,-0.0326,0.3,0.43,0.03,0.965
2026-09-30T17:07:05+00:00,QQQ,2026-09-30,0,743.68,731.0,P,0.04,0.05,0.045,0.04,11224,3284,0.4115,-0.0176,0.0071,0.0069,-0.0383,0.41,0.47,0.04,1.155
2026-09-30T17:07:05+00:00,QQQ,2026-09-30,0,743.68,732.0,P,0.04,0.05,0.045,0.05,14158,5436,0.3836,-0.0215,0.0088,0.0082,-0.0461,0.53,0.58,0.04,1.375
2026-09-30T17:07:05+00:00,QQQ,2026-09-30,0,743.68,733.0,P,0.05,0.06,0.055,0.06,26683,3172,0.367,-0.0269,0.0111,0.0099,-0.0569,0.65,0.71,0.05,1.635
2026-09-30T17:07:05+00:00,QQQ,2026-09-30,0,743.68,734.0,P,0.07,0.08,0.075,0.08,21936,4392,0.3564,-0.0343,0.0142,0.012,-0.0721,0.79,0.94,0.06,1.925
2026-09-30T17:07:05+00:00,QQQ,2026-09-30,0,743.68,735.0,P,0.09,0.1,0.095,0.1,48094,11383,0.3407,-0.0444,0.0182,0.0148,-0.0934,1.02,1.04,0.08,2.255
2026-09-30T17:07:05+00:00,QQQ,2026-09-30,0,743.68,736.0,P,0.12,0.13,0.125,0.12,109200,60352,0.3267,-0.0585,0.0236,0.0184,-0.1238,1.3,1.34,0.1,2.625
2026-09-30T17:07:05+00:00,QQQ,2026-09-30,0,743.68,737.0,P,0.16,0.17,0.165,0.16,50343,9085,0.3126,-0.0779,0.0307,0.0228,-0.1667,1.45,1.64,0.14,3.045
2026-09-30T17:07:05+00:00,QQQ,2026-09-30,0,743.68,738.0,P,0.23,0.24,0.235,0.22,63248,4259,0.3036,-0.1049,0.0398,0.0283,-0.2294,1.83,1.95,0.19,3.51
2026-09-30T17:07:05+00:00,QQQ,2026-09-30,0,743.68,739.0,P,0.32,0.33,0.325,0.32,76479,3360,0.2922,-0.1419,0.051,0.0348,-0.3204,2.18,2.32,0.26,4.02
2026-09-30T17:07:05+00:00,QQQ,2026-09-30,0,743.68,740.0,P,0.46,0.47,0.465,0.46,141548,3598,0.2821,-0.1916,0.064,0.0419,-0.4516,2.61,2.77,0.36,4.58
2026-09-30T17:07:05+00:00,QQQ,2026-09-30,0,743.68,741.0,P,0.64,0.65,0.645,0.65,124136,1156,0.2732,-0.256,0.0778,0.0492,-0.6384,3.04,3.21,0.49,5.2
2026-09-30T17:07:05+00:00,QQQ,2026-09-30,0,743.68,742.0,P,0.91,0.92,0.915,0.92,186273,1950,0.267,-0.3358,0.0905,0.0555,-0.8989,3.61,3.78,0.67,5.87
2026-09-30T17:07:05+00:00,QQQ,2026-09-30,0,743.68,743.0,P,1.26,1.27,1.265,1.25,178160,795,0.2611,-0.429,0.0995,0.0596,-1.2514,4.29,4.43,0.92,6.585
2026-09-30T17:07:05+00:00,QQQ,2026-09-30,0,743.68,744.0,P,1.73,1.74,1.735,1.73,137366,711,0.2575,-0.5302,0.1022,0.0603,-1.4057,5.08,5.08,1.26,7.335
2026-09-30T17:07:05+00:00,QQQ,2026-09-30,0,743.68,745.0,P,2.3,2.31,2.305,2.27,49073,1673,0.2554,-0.6312,0.0976,0.0573,-0.9779,5.87,5.87,1.68,8.135
2026-09-30T17:07:05+00:00,QQQ,2026-09-30,0,743.68,746.0,P,2.97,3.01,2.99,2.91,14956,679,0.2554,-0.7233,0.0866,0.0511,-0.6586,5.93,5.93,2.25,8.8
2026-09-30T17:07:05+00:00,QQQ,2026-09-30,0,743.68,747.0,P,3.75,3.79,3.77,3.69,4500,1637,0.2554,-0.8004,0.0717,0.043,-0.4333,7.53,7.53,2.88,9.79
2026-09-30T17:07:05+00:00,QQQ,2026-09-30,0,743.68,748.0,P,4.53,4.64,4.585,4.66,2067,492,0.255,-0.86,0.0562,0.0345,-0.2819,8.1,8.1,3.63,10.715
2026-09-30T17:07:05+00:00,QQQ,2026-09-30,0,743.68,749.0,P,5.42,5.53,5.475,5.5,848,90,0.2624,-0.9032,0.0422,0.0268,-0.184,7.08,8.3,4.36,11.485
2026-09-30T17:07:05+00:00,QQQ,2026-09-30,0,743.68,750.0,P,6.36,6.49,6.425,6.5,1548,594,0.2669,-0.9331,0.031,0.0204,-0.1219,10.0,10.0,5.2,12.505
2026-09-30T17:07:05+00:00,QQQ,2026-09-30,0,743.68,751.0,P,7.31,7.44,7.375,7.13,406,42,0.2764,-0.9532,0.0226,0.0155,-0.083,9.84,10.04,6.63,13.545
2026-09-30T17:07:05+00:00,QQQ,2026-09-30,0,743.68,752.0,P,8.29,8.42,8.355,8.56,479,29,0.2891,-0.9666,0.0165,0.0119,-0.0585,10.47,10.47,7.37,14.58
2026-09-30T17:07:05+00:00,QQQ,2026-09-30,0,743.68,753.0,P,9.28,9.4,9.34,8.95,400,16,0.3001,-0.9754,0.0123,0.0093,-0.043,12.22,13.11,8.3,15.56
2026-09-30T17:07:05+00:00,QQQ,2026-09-30,0,743.68,754.0,P,10.27,10.39,10.33,9.9,155,0,0.3023,-0.9812,0.0094,0.0074,-0.0331,10.68,11.42,9.02,16.465
2026-09-30T17:07:05+00:00,QQQ,2026-09-30,0,743.68,755.0,P,11.27,11.39,11.33,11.6,40,4,0.3274,-0.9851,0.0073,0.0061,-0.0266,13.67,13.67,10.41,17.51
2026-09-30T17:07:05+00:00,QQQ,2026-09-30,0,743.68,756.0,P,12.25,12.38,12.315,11.68,7,14,0.3239,-0.9878,0.0059,0.0051,-0.0224,12.91,12.98,11.68,17.745
2026-09-30T17:07:05+00:00,QQQ,2026-09-30,0,743.68,757.0,P,13.26,13.39,13.325,12.78,10,1,0.3223,-0.9896,0.0048,0.0044,-0.0197,13.85,13.85,12.76,18.795
2026-09-30T17:07:05+00:00,QQQ,2026-09-30,0,743.68,758.0,P,14.26,14.38,14.32,13.47,9,0,0.3697,-0.9909,0.0041,0.004,-0.0178,13.81,14.98,13.17,19.775
2026-09-30T17:07:05+00:00,QQQ,2026-09-30,0,743.68,759.0,P,15.25,15.38,15.315,15.98,8,0,0.3924,-0.9918,0.0036,0.0036,-0.0166,15.98,15.98,15.98,20.745
2026-09-30T17:07:05+00:00,QQQ,2026-09-30,0,743.68,760.0,P,16.25,16.37,16.31,15.62,3,30,0.3864,-0.9925,0.0031,0.0033,-0.0158,15.99,15.99,15.51,22.57
2026-09-30T17:07:05+00:00,QQQ,2026-09-30,0,743.68,761.0,P,17.24,17.37,17.305,17.66,5,0,0.0,-0.9931,0.0028,0.0031,-0.0152,17.66,17.66,17.66,22.755
2026-09-30T17:07:05+00:00,QQQ,2026-09-30,0,743.68,762.0,P,18.23,18.37,18.3,17.97,1,2,0.0,-0.9935,0.0025,0.0029,-0.0148,17.97,17.97,17.97,23.76
2026-09-30T17:07:05+00:00,QQQ,2026-09-30,0,743.68,763.0,P,19.24,19.37,19.305,19.01,11,0,0.2775,-0.9938,0.0023,0.0028,-0.0146,22.26,23.09,19.01,24.755
2026-09-30T17:07:05+00:00,QQQ,2026-09-30,0,743.68,764.0,P,20.24,20.37,20.305,20.57,12,0,0.2911,-0.9942,0.0021,0.0026,-0.0144,22.33,22.33,20.53,25.76
2026-09-30T17:07:05+00:00,QQQ,2026-09-30,0,743.68,765.0,P,21.24,21.38,21.31,21.21,3,1,0.0,-0.9944,0.0019,0.0025,-0.0142,23.25,23.25,21.21,26.755
2026-09-30T17:07:05+00:00,QQQ,2026-09-30,0,743.68,766.0,P,22.24,22.39,22.315,24.26,14,0,0.0,-0.9947,0.0018,0.0024,-0.0141,25.07,25.98,24.09,27.75
2026-09-30T17:07:05+00:00,QQQ,2026-09-30,0,743.68,767.0,P,23.24,23.39,23.315,24.6,29,0,0.0,-0.9949,0.0017,0.0023,-0.014,25.51,27.36,23.35,28.78
2026-09-30T17:07:05+00:00,QQQ,2026-09-30,0,743.68,768.0,P,24.24,24.42,24.33,24.55,58,0,0.0,-0.9951,0.0016,0.0022,-0.0138,27.06,28.01,22.6,30.6
2026-09-30T17:07:05+00:00,QQQ,2026-09-30,0,743.68,769.0,P,23.56,26.85,25.205,25.54,90,0,0.0,-0.9952,0.0014,0.0022,-0.0138,27.98,29.01,23.35,30.785
2026-09-30T17:07:05+00:00,QQQ,2026-09-30,0,743.68,770.0,P,24.56,27.85,26.205,25.74,124,0,0.0,-0.9954,0.0014,0.0021,-0.0137,27.8,30.11,25.7,31.8
2026-09-30T17:07:05+00:00,QQQ,2026-09-30,0,743.68,771.0,P,25.56,29.16,27.36,25.19,38,0,0.796,-0.9956,0.0013,0.002,-0.0136,31.72,31.72,25.19,32.78
2026-09-30T17:07:05+00:00,QQQ,2026-09-30,0,743.68,772.0,P,26.56,30.16,28.36,29.05,3,0,0.8206,-0.9957,0.0012,0.002,-0.0135,31.25,31.31,29.05,33.78
2026-09-30T17:07:05+00:00,QQQ,2026-09-30,0,743.68,773.0,P,27.56,31.16,29.36,29.98,1,0,0.8452,-0.9958,0.0011,0.0019,-0.0134,29.98,29.98,29.98,34.78
2026-09-30T17:07:05+00:00,QQQ,2026-09-30,0,743.68,774.0,P,28.56,32.16,30.36,31.61,0,0,0.8696,-0.996,0.0011,0.0018,-0.0134,0.0,0.0,0.0,35.8
2026-09-30T17:07:05+00:00,QQQ,2026-09-30,0,743.68,775.0,P,29.56,33.16,31.36,30.37,20,0,0.8939,-0.9961,0.001,0.0018,-0.0133,30.37,30.37,30.37,37.085
2026-09-30T17:07:05+00:00,QQQ,2026-09-30,0,743.68,776.0,P,30.56,34.16,32.36,36.22,0,0,0.9181,-0.9962,0.001,0.0018,-0.0132,0.0,0.0,0.0,38.095
2026-09-30T17:07:05+00:00,QQQ,2026-09-30,0,743.68,777.0,P,31.56,35.16,33.36,34.5,0,0,0.9421,-0.9963,0.0009,0.0017,-0.0132,0.0,0.0,0.0,39.085
2026-09-30T17:07:05+00:00,QQQ,2026-09-30,0,743.68,778.0,P,32.56,36.16,34.36,36.17,0,0,0.9661,-0.9964,0.0009,0.0017,-0.0131,0.0,0.0,0.0,40.08
2026-09-30T17:07:05+00:00,QQQ,2026-09-30,0,743.68,779.0,P,33.56,37.16,35.36,36.44,0,0,0.99,-0.9965,0.0008,0.0016,-0.013,0.0,0.0,0.0,41.095
2026-09-30T17:07:05+00:00,QQQ,2026-09-30,0,743.68,780.0,P,34.56,37.99,36.275,41.57,0,0,0.0,-0.9966,0.0008,0.0016,-0.013,0.0,0.0,0.0,42.19
2026-09-30T17:07:05+00:00,QQQ,2026-09-30,0,743.68,795.0,P,49.56,52.98,51.27,50.49,4,0,0.0,-0.9976,0.0004,0.0012,-0.012,50.52,50.52,50.48,57.19
2026-09-30T17:07:05+00:00,QQQ,2026-09-30,0,743.68,796.0,P,51.0,54.15,52.575,51.41,4,0,1.7299,-0.9976,0.0004,0.0011,-0.0119,51.45,51.45,51.41,58.095
2026-09-30T17:07:05+00:00,QQQ,2026-09-30,0,743.68,802.0,P,56.56,60.16,58.36,58.32,4,0,1.5154,-0.9979,0.0003,0.001,-0.0115,57.24,58.32,57.24,64.095
2026-09-30T17:07:05+00:00,QQQ,2026-09-30,0,743.68,803.0,P,57.56,61.15,59.355,59.24,4,0,1.5205,-0.9979,0.0003,0.001,-0.0115,58.16,59.24,58.16,65.09
2026-09-30T17:07:05+00:00,QQQ,2026-09-30,0,743.68,845.0,P,99.56,102.99,101.275,101.15,1,0,0.0,-0.9988,0.0001,0.0006,-0.0092,101.15,101.15,101.15,107.245
2026-09-30T17:07:05+00:00,QQQ,2026-09-30,0,743.68,846.0,P,100.56,104.16,102.36,102.08,1,0,2.431,-0.9989,0.0001,0.0006,-0.0091,102.08,102.08,102.08,108.115
2026-09-30T17:07:05+00:00,QQQ,2026-09-30,0,743.68,859.0,P,113.56,117.16,115.36,115.4,1,0,2.6848,-0.999,0.0001,0.0005,-0.0085,115.4,115.4,115.4,121.095
2026-09-30T17:07:05+00:00,QQQ,2026-09-30,0,743.68,860.0,P,114.56,117.99,116.275,116.35,1,0,0.0,-0.999,0.0001,0.0005,-0.0085,116.35,116.35,116.35,122.19
2026-09-30T17:22:05+00:00,QQQ,2026-09-30,0,744.2,510.0,C,232.19,235.44,233.815,233.48,1,0,0.0,0.9998,0.0,0.0001,-0.0026,233.48,233.48,233.48,227.91
2026-09-30T17:22:05+00:00,QQQ,2026-09-30,0,744.2,515.0,C,227.19,230.55,228.87,228.55,1,0,0.0,0.9998,0.0,0.0001,-0.0028,228.55,228.55,228.55,222.955
2026-09-30T17:22:05+00:00,QQQ,2026-09-30,0,744.2,530.0,C,212.19,215.67,213.93,214.01,4,1,0.0,0.9998,0.0,0.0001,-0.0034,214.06,214.06,214.01,207.99
2026-09-30T17:22:05+00:00,QQQ,2026-09-30,0,744.2,535.0,C,207.19,210.46,208.825,209.09,4,0,0.0,0.9998,0.0,0.0001,-0.0036,209.14,209.14,209.09,202.94
2026-09-30T17:22:05+00:00,QQQ,2026-09-30,0,744.2,585.0,C,157.19,160.64,158.915,158.65,1,2,0.0,0.9996,0.0,0.0002,-0.006,158.65,158.65,158.65,152.985
2026-09-30T17:22:05+00:00,QQQ,2026-09-30,0,744.2,600.0,C,142.19,145.64,143.915,143.97,13,63,0.0,0.9994,0.0,0.0003,-0.0069,141.56,143.97,141.56,138.085
2026-09-30T17:22:05+00:00,QQQ,2026-09-30,0,744.2,605.0,C,137.19,140.1,138.645,138.79,6,48,0.0,0.9994,0.0,0.0003,-0.0072,138.68,138.79,138.57,133.035
2026-09-30T17:22:05+00:00,QQQ,2026-09-30,0,744.2,610.0,C,132.19,135.64,133.915,134.07,10,116,0.0,0.9994,0.0,0.0003,-0.0076,133.75,134.2,133.58,128.03
2026-09-30T17:22:05+00:00,QQQ,2026-09-30,0,744.2,615.0,C,127.19,130.55,128.87,128.56,6,106,0.0,0.9993,0.0,0.0003,-0.0079,128.0,128.56,128.0,123.005
2026-09-30T17:22:05+00:00,QQQ,2026-09-30,0,744.2,620.0,C,122.19,125.44,123.815,123.53,3,134,0.0,0.9992,0.0001,0.0004,-0.0083,123.53,123.53,123.53,118.01
2026-09-30T17:22:05+00:00,QQQ,2026-09-30,0,744.2,635.0,C,107.18,110.44,108.81,106.39,1,311,0.0,0.9991,0.0001,0.0004,-0.0094,106.39,106.39,106.39,103.045
2026-09-30T17:22:05+00:00,QQQ,2026-09-30,0,744.2,650.0,C,92.18,95.56,93.87,93.71,10,773,0.0,0.9988,0.0001,0.0006,-0.0106,92.95,93.71,92.95,87.9
2026-09-30T17:22:05+00:00,QQQ,2026-09-30,0,744.2,654.0,C,88.18,91.56,89.87,89.19,2,9,0.0,0.9987,0.0001,0.0006,-0.0109,89.17,89.19,89.17,84.06
2026-09-30T17:22:05+00:00,QQQ,2026-09-30,0,744.2,655.0,C,87.18,90.56,88.87,88.26,2,218,0.0,0.9987,0.0001,0.0006,-0.011,88.24,88.26,88.24,83.08
2026-09-30T17:22:05+00:00,QQQ,2026-09-30,0,744.2,661.0,C,81.18,84.82,83.0,82.2,1,1,0.0,0.9986,0.0002,0.0007,-0.0115,82.2,82.2,82.2,77.055
2026-09-30T17:22:05+00:00,QQQ,2026-09-30,0,744.2,662.0,C,80.18,83.65,81.915,81.25,1,58,0.0,0.9986,0.0002,0.0007,-0.0116,81.25,81.25,81.25,76.05
2026-09-30T17:22:05+00:00,QQQ,2026-09-30,0,744.2,664.0,C,78.18,81.65,79.915,79.59,1,56,0.0,0.9985,0.0002,0.0007,-0.0118,79.59,79.59,79.59,74.05
2026-09-30T17:22:05+00:00,QQQ,2026-09-30,0,744.2,665.0,C,77.18,80.61,78.895,78.12,3,713,0.0,0.9985,0.0002,0.0007,-0.0118,78.67,78.67,78.12,72.915
2026-09-30T17:22:05+00:00,QQQ,2026-09-30,0,744.2,666.0,C,76.18,79.54,77.86,75.0,1,3,0.0,0.9984,0.0002,0.0007,-0.0119,75.0,75.0,75.0,72.055
2026-09-30T17:22:05+00:00,QQQ,2026-09-30,0,744.2,669.0,C,73.18,76.64,74.91,74.49,1,11,0.0,0.9984,0.0002,0.0008,-0.0122,74.49,74.49,74.49,69.05
2026-09-30T17:22:05+00:00,QQQ,2026-09-30,0,744.2,670.0,C,72.18,75.59,73.885,73.56,1,306,0.0,0.9983,0.0002,0.0008,-0.0123,73.56,73.56,73.56,68.055
2026-09-30T17:22:05+00:00,QQQ,2026-09-30,0,744.2,672.0,C,70.18,73.57,71.875,70.99,1,66,0.0,0.9983,0.0002,0.0008,-0.0125,70.99,70.99,70.99,66.055
2026-09-30T17:22:05+00:00,QQQ,2026-09-30,0,744.2,673.0,C,69.18,72.53,70.855,70.04,1,52,0.0,0.9982,0.0002,0.0008,-0.0126,70.04,70.04,70.04,65.05
2026-09-30T17:22:05+00:00,QQQ,2026-09-30,0,744.2,675.0,C,67.18,70.61,68.895,67.82,1,401,0.0,0.9982,0.0002,0.0008,-0.0127,67.82,67.82,67.82,63.06
2026-09-30T17:22:05+00:00,QQQ,2026-09-30,0,744.2,680.0,C,62.18,65.59,63.885,63.23,2,684,0.0,0.998,0.0003,0.0009,-0.0132,61.68,63.23,61.68,57.905
2026-09-30T17:22:05+00:00,QQQ,2026-09-30,0,744.2,683.0,C,59.18,62.59,60.885,60.68,7,33,0.0,0.9979,0.0003,0.001,-0.0135,60.68,60.68,60.68,55.06
2026-09-30T17:22:05+00:00,QQQ,2026-09-30,0,744.2,685.0,C,57.18,60.56,58.87,59.05,9,432,0.0,0.9978,0.0003,0.001,-0.0137,59.72,59.72,59.05,53.06
2026-09-30T17:22:05+00:00,QQQ,2026-09-30,0,744.2,689.0,C,53.18,56.59,54.885,54.41,14,147,0.0,0.9976,0.0004,0.0011,-0.0141,55.03,55.03,54.41,49.055
2026-09-30T17:22:05+00:00,QQQ,2026-09-30,0,744.2,690.0,C,53.53,55.57,54.55,54.07,33,2878,2.0154,0.9975,0.0004,0.0011,-0.0142,53.13,54.1,53.13,47.915
2026-09-30T17:22:05+00:00,QQQ,2026-09-30,0,744.2,691.0,C,51.23,54.52,52.875,52.4,12,77,0.0,0.9975,0.0004,0.0011,-0.0143,52.4,52.4,52.4,47.065
2026-09-30T17:22:05+00:00,QQQ,2026-09-30,0,744.2,692.0,C,50.23,53.53,51.88,51.45,1,61,0.0,0.9974,0.0004,0.0012,-0.0144,51.45,51.45,51.45,46.065
2026-09-30T17:22:05+00:00,QQQ,2026-09-30,0,744.2,693.0,C,49.23,52.6,50.915,50.7,2,44,0.0,0.9974,0.0004,0.0012,-0.0144,51.7,51.7,50.7,45.065
2026-09-30T17:22:05+00:00,QQQ,2026-09-30,0,744.2,698.0,C,44.19,47.6,45.895,46.09,5,60,0.0,0.997,0.0005,0.0013,-0.015,43.94,47.51,43.76,40.07
2026-09-30T17:22:05+00:00,QQQ,2026-09-30,0,744.2,699.0,C,43.19,46.46,44.825,45.3,3,104,0.0,0.997,0.0005,0.0014,-0.0151,45.16,45.3,45.16,39.095
2026-09-30T17:22:05+00:00,QQQ,2026-09-30,0,744.2,700.0,C,43.59,45.44,44.515,44.36,92,2608,1.7038,0.9969,0.0006,0.0014,-0.0152,41.61,44.36,40.8,37.895
2026-09-30T17:22:05+00:00,QQQ,2026-09-30,0,744.2,702.0,C,40.19,43.04,41.615,41.91,2,190,0.0,0.9967,0.0006,0.0015,-0.0154,41.8,41.91,41.8,35.885
2026-09-30T17:22:05+00:00,QQQ,2026-09-30,0,744.2,703.0,C,39.19,42.03,40.61,40.99,1,158,0.0,0.9966,0.0006,0.0015,-0.0155,40.99,40.99,40.99,34.89
2026-09-30T17:22:05+00:00,QQQ,2026-09-30,0,744.2,704.0,C,38.19,41.01,39.6,39.4,10,358,0.0,0.9966,0.0007,0.0015,-0.0156,39.4,39.4,39.4,33.89
2026-09-30T17:22:05+00:00,QQQ,2026-09-30,0,744.2,705.0,C,37.19,40.17,38.68,38.5,2,1394,0.0,0.9965,0.0007,0.0016,-0.0157,36.47,38.5,36.47,32.89
2026-09-30T17:22:05+00:00,QQQ,2026-09-30,0,744.2,706.0,C,36.19,39.02,37.605,37.99,15,401,0.0,0.9964,0.0007,0.0016,-0.0158,36.45,38.45,35.0,31.88
2026-09-30T17:22:05+00:00,QQQ,2026-09-30,0,744.2,707.0,C,35.33,38.02,36.675,36.15,10,297,0.0,0.9963,0.0008,0.0016,-0.0159,36.97,38.03,35.45,30.895
2026-09-30T17:22:05+00:00,QQQ,2026-09-30,0,744.2,708.0,C,34.33,37.02,35.675,36.78,12,520,0.0,0.9962,0.0008,0.0017,-0.016,34.33,36.78,34.33,29.885
2026-09-30T17:22:05+00:00,QQQ,2026-09-30,0,744.2,709.0,C,33.19,36.02,34.605,34.73,40,343,0.0,0.996,0.0009,0.0017,-0.0161,32.8,34.73,32.8,28.9
2026-09-30T17:22:05+00:00,QQQ,2026-09-30,0,744.2,710.0,C,32.19,35.02,33.605,33.75,52,3549,0.0,0.9959,0.0009,0.0018,-0.0162,31.0,34.15,31.0,27.9
2026-09-30T17:22:05+00:00,QQQ,2026-09-30,0,744.2,711.0,C,32.26,33.79,33.025,32.4,34,435,0.0,0.9958,0.001,0.0018,-0.0163,31.51,32.56,31.44,26.905
2026-09-30T17:22:05+00:00,QQQ,2026-09-30,0,744.2,712.0,C,30.33,33.02,31.675,32.09,34,373,0.0,0.9957,0.001,0.0019,-0.0164,29.62,32.84,29.62,25.895
2026-09-30T17:22:05+00:00,QQQ,2026-09-30,0,744.2,713.0,C,30.57,31.86,31.215,30.83,21,413,0.848,0.9955,0.0011,0.002,-0.0166,29.28,31.93,28.56,24.91
2026-09-30T17:22:05+00:00,QQQ,2026-09-30,0,744.2,714.0,C,28.19,31.02,29.605,30.42,10,666,0.0,0.9954,0.0011,0.002,-0.0167,29.65,30.42,29.12,23.975
2026-09-30T17:22:05+00:00,QQQ,2026-09-30,0,744.2,715.0,C,28.5,29.95,29.225,28.5,63,3048,0.8375,0.9952,0.0012,0.0021,-0.0168,24.99,29.42,24.99,23.08
2026-09-30T17:22:05+00:00,QQQ,2026-09-30,0,744.2,716.0,C,27.22,28.33,27.775,27.22,83,3407,0.0,0.9951,0.0013,0.0021,-0.0169,24.84,29.48,24.06,22.1
2026-09-30T17:22:05+00:00,QQQ,2026-09-30,0,744.2,717.0,C,27.05,28.06,27.555,26.59,109,847,1.1615,0.9949,0.0014,0.0022,-0.0171,25.32,28.04,24.64,21.005
2026-09-30T17:22:05+00:00,QQQ,2026-09-30,0,744.2,718.0,C,26.07,27.03,26.55,25.79,44,487,1.1234,0.9947,0.0015,0.0023,-0.0172,23.66,26.45,23.66,20.115
2026-09-30T17:22:05+00:00,QQQ,2026-09-30,0,744.2,719.0,C,23.3,26.06,24.68,24.38,30,737,0.0,0.9945,0.0016,0.0024,-0.0174,22.25,25.5,22.25,19.13
2026-09-30T17:22:05+00:00,QQQ,2026-09-30,0,744.2,720.0,C,24.13,24.25,24.19,24.2,161,8914,0.0,0.9942,0.0017,0.0025,-0.0176,21.46,24.68,20.87,18.07
2026-09-30T17:22:05+00:00,QQQ,2026-09-30,0,744.2,721.0,C,23.13,23.25,23.19,23.45,73,5762,0.0,0.994,0.0018,0.0026,-0.0178,22.43,23.66,22.11,17.185
2026-09-30T17:22:05+00:00,QQQ,2026-09-30,0,744.2,722.0,C,22.13,22.25,22.19,22.05,7,720,0.0,0.9937,0.002,0.0027,-0.0181,19.43,22.16,19.43,16.22
2026-09-30T17:22:05+00:00,QQQ,2026-09-30,0,744.2,723.0,C,21.13,21.25,21.19,20.38,43,977,0.0,0.9933,0.0022,0.0028,-0.0185,18.03,21.19,17.97,15.225
2026-09-30T17:22:05+00:00,QQQ,2026-09-30,0,744.2,724.0,C,20.13,20.26,20.195,19.6,13,508,0.0,0.9929,0.0024,0.003,-0.0189,17.01,20.32,17.01,13.975
2026-09-30T17:22:05+00:00,QQQ,2026-09-30,0,744.2,725.0,C,19.13,19.25,19.19,19.47,43,10563,0.0,0.9924,0.0026,0.0032,-0.0195,16.0,19.47,16.0,13.345
2026-09-30T17:22:05+00:00,QQQ,2026-09-30,0,744.2,726.0,C,18.14,18.25,18.195,17.6,51,9021,0.0,0.9918,0.0029,0.0034,-0.0204,16.35,18.56,15.33,12.4
2026-09-30T17:22:05+00:00,QQQ,2026-09-30,0,744.2,727.0,C,17.14,17.25,17.195,16.93,35,2754,0.0,0.9911,0.0033,0.0037,-0.0215,14.04,17.15,13.91,11.53
2026-09-30T17:22:05+00:00,QQQ,2026-09-30,0,744.2,728.0,C,16.14,16.26,16.2,15.72,36,1270,0.3977,0.9901,0.0037,0.004,-0.023,14.23,16.6,13.18,10.325
2026-09-30T17:22:05+00:00,QQQ,2026-09-30,0,744.2,729.0,C,15.14,15.26,15.2,14.74,59,290,0.3752,0.9889,0.0044,0.0045,-0.0252,12.71,15.69,11.93,9.46
2026-09-30T17:22:05+00:00,QQQ,2026-09-30,0,744.2,730.0,C,14.15,14.29,14.22,14.2,580,10170,0.4304,0.9872,0.0051,0.0051,-0.0282,9.89,15.03,9.89,8.62
2026-09-30T17:22:05+00:00,QQQ,2026-09-30,0,744.2,731.0,C,13.15,13.28,13.215,13.3,145,424,0.3917,0.9849,0.0062,0.0058,-0.0324,9.4,13.85,9.2,7.81
2026-09-30T17:22:05+00:00,QQQ,2026-09-30,0,744.2,732.0,C,12.16,12.28,12.22,12.04,254,1890,0.3654,0.9819,0.0076,0.0068,-0.0382,8.41,13.04,8.41,7.03
2026-09-30T17:22:05+00:00,QQQ,2026-09-30,0,744.2,733.0,C,11.16,11.31,11.235,10.74,219,956,0.3747,0.9777,0.0094,0.0081,-0.0463,7.64,11.87,7.64,6.29
2026-09-30T17:22:05+00:00,QQQ,2026-09-30,0,744.2,734.0,C,10.23,10.3,10.265,10.25,389,824,0.3459,0.972,0.012,0.0098,-0.0575,6.64,10.89,6.64,5.59
2026-09-30T17:22:05+00:00,QQQ,2026-09-30,0,744.2,735.0,C,9.19,9.34,9.265,9.09,1969,7104,0.3484,0.9641,0.0153,0.0121,-0.073,5.91,10.0,5.87,4.925
2026-09-30T17:22:05+00:00,QQQ,2026-09-30,0,744.2,736.0,C,8.25,8.35,8.3,7.71,1240,1866,0.3428,0.9532,0.0199,0.0149,-0.0949,5.15,9.1,5.0,4.3
2026-09-30T17:22:05+00:00,QQQ,2026-09-30,0,744.2,737.0,C,7.24,7.38,7.31,7.29,2463,2440,0.3149,0.9381,0.0259,0.0185,-0.1259,4.38,8.2,4.32,3.715
2026-09-30T17:22:05+00:00,QQQ,2026-09-30,0,744.2,738.0,C,6.3,6.41,6.355,6.32,7919,5060,0.307,0.9169,0.034,0.0231,-0.1708,3.67,7.22,3.61,3.175
2026-09-30T17:22:05+00:00,QQQ,2026-09-30,0,744.2,739.0,C,5.37,5.46,5.415,5.4,9894,6076,0.2903,0.8872,0.0444,0.0287,-0.2364,3.19,6.36,3.0,2.685
2026-09-30T17:22:05+00:00,QQQ,2026-09-30,0,744.2,740.0,C,4.5,4.55,4.525,4.53,33259,15422,0.2831,0.8459,0.0573,0.0354,-0.3334,2.58,5.45,2.46,2.25
2026-09-30T17:22:05+00:00,QQQ,2026-09-30,0,744.2,741.0,C,3.63,3.67,3.65,3.62,47129,4935,0.2721,0.7898,0.0723,0.0427,-0.4762,2.18,4.61,1.95,1.865
2026-09-30T17:22:05+00:00,QQQ,2026-09-30,0,744.2,742.0,C,2.84,2.88,2.86,2.85,113099,4132,0.264,0.7164,0.0877,0.0499,-0.6838,1.73,3.8,1.55,1.525
2026-09-30T17:22:05+00:00,QQQ,2026-09-30,0,744.2,743.0,C,2.15,2.17,2.16,2.17,158948,3942,0.2564,0.6258,0.1007,0.0556,-0.9775,1.29,3.06,1.18,1.235
2026-09-30T17:22:05+00:00,QQQ,2026-09-30,0,744.2,744.0,C,1.56,1.57,1.565,1.56,240831,3321,0.2517,0.5222,0.1079,0.0583,-1.3772,1.01,2.44,0.9,0.995
2026-09-30T17:22:05+00:00,QQQ,2026-09-30,0,744.2,745.0,C,1.08,1.09,1.085,1.09,257910,20384,0.2502,0.4138,0.1067,0.0571,-1.0912,0.85,1.9,0.66,0.795
2026-09-30T17:22:05+00:00,QQQ,2026-09-30,0,744.2,746.0,C,0.72,0.73,0.725,0.73,162380,5012,0.2484,0.3113,0.097,0.052,-0.7282,0.57,1.45,0.47,0.625
2026-09-30T17:22:05+00:00,QQQ,2026-09-30,0,744.2,747.0,C,0.47,0.48,0.475,0.47,96116,16000,0.2515,0.2235,0.0814,0.0442,-0.4718,0.39,1.08,0.34,0.495
2026-09-30T17:22:05+00:00,QQQ,2026-09-30,0,744.2,748.0,C,0.3,0.31,0.305,0.31,85932,10519,0.2559,0.155,0.0639,0.0356,-0.301,0.29,0.79,0.24,0.385
2026-09-30T17:22:05+00:00,QQQ,2026-09-30,0,744.2,749.0,C,0.19,0.2,0.195,0.2,32082,2125,0.2621,0.1055,0.0478,0.0275,-0.1922,0.21,0.57,0.16,0.305
2026-09-30T17:22:05+00:00,QQQ,2026-09-30,0,744.2,750.0,C,0.12,0.13,0.125,0.13,48918,15156,0.2696,0.0716,0.0347,0.0208,-0.1247,0.15,0.4,0.11,0.235
2026-09-30T17:22:05+00:00,QQQ,2026-09-30,0,744.2,751.0,C,0.08,0.09,0.085,0.09,15964,1898,0.2808,0.0492,0.0249,0.0156,-0.0833,0.11,0.29,0.07,0.185
2026-09-30T17:22:05+00:00,QQQ,2026-09-30,0,744.2,752.0,C,0.05,0.06,0.055,0.06,19435,9075,0.2891,0.0346,0.018,0.0118,-0.0577,0.07,0.22,0.05,0.145
2026-09-30T17:22:05+00:00,QQQ,2026-09-30,0,744.2,753.0,C,0.04,0.05,0.045,0.05,5239,1367,0.3087,0.0251,0.0131,0.0091,-0.0418,0.07,0.15,0.04,0.115
2026-09-30T17:22:05+00:00,QQQ,2026-09-30,0,744.2,754.0,C,0.03,0.04,0.035,0.03,7441,1137,0.3247,0.0189,0.0098,0.0072,-0.0317,0.05,0.11,0.03,0.085
2026-09-30T17:22:05+00:00,QQQ,2026-09-30,0,744.2,755.0,C,0.02,0.03,0.025,0.03,7509,5147,0.336,0.0148,0.0076,0.0058,-0.0252,0.05,0.09,0.02,0.075
2026-09-30T17:22:05+00:00,QQQ,2026-09-30,0,744.2,756.0,C,0.02,0.03,0.025,0.03,4347,1385,0.3624,0.012,0.006,0.0049,-0.0211,0.04,0.07,0.02,0.055
2026-09-30T17:22:05+00:00,QQQ,2026-09-30,0,744.2,757.0,C,0.01,0.02,0.015,0.01,4607,1778,0.3641,0.0102,0.005,0.0042,-0.0184,0.02,0.05,0.01,0.045
2026-09-30T17:22:05+00:00,QQQ,2026-09-30,0,744.2,758.0,C,0.01,0.02,0.015,0.01,4251,1916,0.3888,0.0089,0.0042,0.0037,-0.0167,0.02,0.04,0.01,0.035
2026-09-30T17:22:05+00:00,QQQ,2026-09-30,0,744.2,759.0,C,0.01,0.02,0.015,0.02,1318,1929,0.4132,0.008,0.0036,0.0034,-0.0156,0.02,0.03,0.01,0.035
2026-09-30T17:22:05+00:00,QQQ,2026-09-30,0,744.2,760.0,C,0.01,0.02,0.015,0.02,4949,13435,0.4374,0.0073,0.0032,0.0031,-0.0148,0.02,0.03,0.01,0.025
2026-09-30T17:22:05+00:00,QQQ,2026-09-30,0,744.2,761.0,C,0.0,0.01,0.01,0.01,3458,1789,0.411,0.0068,0.0028,0.0029,-0.0144,0.01,0.04,0.01,0.025
2026-09-30T17:22:05+00:00,QQQ,2026-09-30,0,744.2,762.0,C,0.0,0.01,0.01,0.01,5563,3437,0.4328,0.0064,0.0025,0.0028,-0.014,0.01,0.02,0.01,0.015
2026-09-30T17:22:05+00:00,QQQ,2026-09-30,0,744.2,763.0,C,0.0,0.01,0.01,0.01,459,732,0.4544,0.006,0.0023,0.0026,-0.0138,0.01,0.03,0.01,0.015
2026-09-30T17:22:05+00:00,QQQ,2026-09-30,0,744.2,764.0,C,0.0,0.01,0.01,0.01,359,1058,0.4759,0.0057,0.0021,0.0025,-0.0136,0.01,0.02,0.01,0.015
2026-09-30T17:22:05+00:00,QQQ,2026-09-30,0,744.2,765.0,C,0.0,0.01,0.01,0.01,929,8345,0.4973,0.0055,0.002,0.0024,-0.0135,0.02,0.02,0.01,0.015
2026-09-30T17:22:05+00:00,QQQ,2026-09-30,0,744.2,766.0,C,0.0,0.01,0.01,0.01,37,731,0.5186,0.0052,0.0018,0.0023,-0.0134,0.02,0.02,0.01,0.005
2026-09-30T17:22:05+00:00,QQQ,2026-09-30,0,744.2,767.0,C,0.0,0.01,0.01,0.01,109,1092,0.5398,0.005,0.0017,0.0022,-0.0133,0.01,0.01,0.01,0.005
2026-09-30T17:22:05+00:00,QQQ,2026-09-30,0,744.2,768.0,C,0.0,0.01,0.01,0.01,3,896,0.5609,0.0048,0.0016,0.0021,-0.0132,0.02,0.02,0.01,0.005
2026-09-30T17:22:05+00:00,QQQ,2026-09-30,0,744.2,769.0,C,0.0,0.01,0.01,0.01,4,1544,0.5819,0.0047,0.0014,0.002,-0.0132,0.01,0.01,0.01,0.005
2026-09-30T17:22:05+00:00,QQQ,2026-09-30,0,744.2,770.0,C,0.0,0.01,0.01,0.01,224,4874,0.6028,0.0045,0.0014,0.002,-0.0131,0.01,0.01,0.01,0.005
2026-09-30T17:22:05+00:00,QQQ,2026-09-30,0,744.2,771.0,C,0.0,0.01,0.01,0.01,0,554,0.6236,0.0043,0.0013,0.0019,-0.013,0.0,0.0,0.0,0.005
2026-09-30T17:22:05+00:00,QQQ,2026-09-30,0,744.2,772.0,C,0.0,0.01,0.01,0.01,0,3929,0.6443,0.0042,0.0012,0.0019,-0.0129,0.0,0.0,0.0,0.005
2026-09-30T17:22:05+00:00,QQQ,2026-09-30,0,744.2,773.0,C,0.0,0.01,0.01,0.01,0,607,0.665,0.0041,0.0011,0.0018,-0.0128,0.0,0.0,0.0,0.005
2026-09-30T17:22:05+00:00,QQQ,2026-09-30,0,744.2,774.0,C,0.0,0.01,0.01,0.01,0,576,0.6855,0.0039,0.0011,0.0018,-0.0128,0.0,0.0,0.0,0.005
2026-09-30T17:22:05+00:00,QQQ,2026-09-30,0,744.2,775.0,C,0.0,0.01,0.01,0.01,0,1608,0.706,0.0038,0.001,0.0017,-0.0127,0.0,0.0,0.0,0.005
2026-09-30T17:22:05+00:00,QQQ,2026-09-30,0,744.2,776.0,C,0.0,0.01,0.01,0.01,5,617,0.7264,0.0037,0.001,0.0017,-0.0126,0.01,0.01,0.01,0.005
2026-09-30T17:22:05+00:00,QQQ,2026-09-30,0,744.2,777.0,C,0.0,0.01,0.01,0.01,0,575,0.7467,0.0036,0.0009,0.0016,-0.0126,0.0,0.0,0.0,0.005
2026-09-30T17:22:05+00:00,QQQ,2026-09-30,0,744.2,778.0,C,0.0,0.01,0.01,0.01,0,413,0.767,0.0035,0.0009,0.0016,-0.0125,0.0,0.0,0.0,0.005
2026-09-30T17:22:05+00:00,QQQ,2026-09-30,0,744.2,779.0,C,0.0,0.01,0.02,0.02,0,569,0.7872,0.0034,0.0008,0.0015,-0.0124,0.0,0.0,0.0,0.005
2026-09-30T17:22:05+00:00,QQQ,2026-09-30,0,744.2,780.0,C,0.0,0.01,0.01,0.01,0,2111,0.8073,0.0033,0.0008,0.0015,-0.0124,0.0,0.0,0.0,0.005
2026-09-30T17:22:05+00:00,QQQ,2026-09-30,0,744.2,781.0,C,0.0,0.01,0.01,0.01,0,231,0.8273,0.0032,0.0007,0.0014,-0.0123,0.0,0.0,0.0,0.005
2026-09-30T17:22:05+00:00,QQQ,2026-09-30,0,744.2,785.0,C,0.0,0.01,0.01,0.01,1,1170,0.9068,0.0029,0.0006,0.0013,-0.012,0.01,0.01,0.01,0.005
2026-09-30T17:22:05+00:00,QQQ,2026-09-30,0,744.2,805.0,C,0.0,0.01,0.01,0.01,9,501,1.2914,0.002,0.0003,0.0009,-0.0108,0.01,0.01,0.01,0.005
2026-09-30T17:22:05+00:00,QQQ,2026-09-30,0,744.2,895.0,C,0.0,0.01,0.01,0.01,33,129,2.8318,0.0006,0.0,0.0003,-0.0067,0.01,0.01,0.01,0.005
2026-09-30T17:22:05+00:00,QQQ,2026-09-30,0,744.2,945.0,C,0.0,0.01,0.01,0.01,25,141,3.5938,0.0004,0.0,0.0002,-0.0051,0.01,0.01,0.01,0.005
2026-09-30T17:22:05+00:00,QQQ,2026-09-30,0,744.2,405.0,P,0.0,0.01,0.01,0.01,1,6534,0.0,0.0,0.0,0.0,-0.0005,0.01,0.01,0.01,0.005
2026-09-30T17:22:05+00:00,QQQ,2026-09-30,0,744.2,475.0,P,0.0,0.01,0.01,0.01,25,790,6.625,-0.0001,0.0,0.0,-0.0016,0.01,0.01,0.01,0.005
2026-09-30T17:22:05+00:00,QQQ,2026-09-30,0,744.2,595.0,P,0.0,0.01,0.01,0.01,2,1452,3.437,-0.0005,0.0,0.0003,-0.0066,0.01,0.01,0.01,0.01
2026-09-30T17:22:05+00:00,QQQ,2026-09-30,0,744.2,610.0,P,0.0,0.01,0.01,0.01,1,5289,3.0779,-0.0006,0.0,0.0003,-0.0076,0.01,0.01,0.01,0.01
2026-09-30T17:22:05+00:00,QQQ,2026-09-30,0,744.2,615.0,P,0.0,0.01,0.01,0.01,225,1347,2.9596,-0.0007,0.0,0.0003,-0.0079,0.01,0.01,0.01,0.01
2026-09-30T17:22:05+00:00,QQQ,2026-09-30,0,744.2,630.0,P,0.0,0.01,0.01,0.01,65,1992,2.6091,-0.0009,0.0001,0.0004,-0.009,0.01,0.01,0.01,0.015
2026-09-30T17:22:05+00:00,QQQ,2026-09-30,0,744.2,635.0,P,0.0,0.01,0.01,0.01,4,1395,2.4935,-0.0009,0.0001,0.0004,-0.0094,0.01,0.01,0.01,0.015
2026-09-30T17:22:05+00:00,QQQ,2026-09-30,0,744.2,640.0,P,0.0,0.01,0.01,0.01,12,7664,2.3785,-0.001,0.0001,0.0005,-0.0098,0.01,0.01,0.01,0.015
2026-09-30T17:22:05+00:00,QQQ,2026-09-30,0,744.2,645.0,P,0.0,0.01,0.02,0.02,6,1611,2.2641,-0.0011,0.0001,0.0005,-0.0102,0.01,0.02,0.01,0.015
2026-09-30T17:22:05+00:00,QQQ,2026-09-30,0,744.2,650.0,P,0.0,0.01,0.01,0.01,4,24622,2.1503,-0.0012,0.0001,0.0006,-0.0106,0.01,0.01,0.01,0.015
2026-09-30T17:22:05+00:00,QQQ,2026-09-30,0,744.2,653.0,P,0.0,0.01,0.01,0.01,10,146,2.0822,-0.0012,0.0001,0.0006,-0.0108,0.01,0.01,0.01,0.015
2026-09-30T17:22:05+00:00,QQQ,2026-09-30,0,744.2,655.0,P,0.0,0.01,0.01,0.01,6,1965,2.0369,-0.0013,0.0001,0.0006,-0.011,0.01,0.01,0.01,0.015
2026-09-30T17:22:05+00:00,QQQ,2026-09-30,0,744.2,657.0,P,0.0,0.01,0.01,0.01,1,449,1.9917,-0.0013,0.0001,0.0006,-0.0112,0.01,0.01,0.01,0.015
2026-09-30T17:22:05+00:00,QQQ,2026-09-30,0,744.2,660.0,P,0.0,0.01,0.01,0.01,183,8777,1.924,-0.0014,0.0001,0.0007,-0.0114,0.01,0.01,0.01,0.015
2026-09-30T17:22:05+00:00,QQQ,2026-09-30,0,744.2,664.0,P,0.0,0.01,0.01,0.01,5,3247,1.8341,-0.0015,0.0002,0.0007,-0.0118,0.01,0.01,0.01,0.015
2026-09-30T17:22:05+00:00,QQQ,2026-09-30,0,744.2,665.0,P,0.0,0.01,0.01,0.01,8,5142,1.8116,-0.0015,0.0002,0.0007,-0.0118,0.01,0.01,0.01,0.015
2026-09-30T17:22:05+00:00,QQQ,2026-09-30,0,744.2,668.0,P,0.0,0.01,0.01,0.01,11,452,1.7444,-0.0016,0.0002,0.0008,-0.0121,0.01,0.01,0.01,0.015
2026-09-30T17:22:05+00:00,QQQ,2026-09-30,0,744.2,669.0,P,0.0,0.01,0.01,0.01,4,548,1.722,-0.0016,0.0002,0.0008,-0.0122,0.01,0.01,0.01,0.015
2026-09-30T17:22:05+00:00,QQQ,2026-09-30,0,744.2,670.0,P,0.0,0.01,0.01,0.01,15,3918,1.6996,-0.0017,0.0002,0.0008,-0.0123,0.01,0.01,0.01,0.015
2026-09-30T17:22:05+00:00,QQQ,2026-09-30,0,744.2,675.0,P,0.0,0.01,0.01,0.01,67,11012,1.588,-0.0018,0.0002,0.0008,-0.0127,0.01,0.01,0.01,0.015
2026-09-30T17:22:05+00:00,QQQ,2026-09-30,0,744.2,677.0,P,0.0,0.01,0.01,0.01,20,1206,1.5434,-0.0019,0.0002,0.0009,-0.0129,0.01,0.01,0.01,0.02
2026-09-30T17:22:05+00:00,QQQ,2026-09-30,0,744.2,678.0,P,0.0,0.01,0.01,0.01,11,203,1.5211,-0.0019,0.0002,0.0009,-0.013,0.01,0.01,0.01,0.02
2026-09-30T17:22:05+00:00,QQQ,2026-09-30,0,744.2,679.0,P,0.0,0.01,0.01,0.01,1,865,1.4989,-0.002,0.0003,0.0009,-0.0131,0.01,0.01,0.01,0.02
2026-09-30T17:22:05+00:00,QQQ,2026-09-30,0,744.2,680.0,P,0.0,0.01,0.01,0.01,27,16282,1.4766,-0.002,0.0003,0.0009,-0.0132,0.01,0.01,0.01,0.02
2026-09-30T17:22:05+00:00,QQQ,2026-09-30,0,744.2,681.0,P,0.0,0.01,0.01,0.01,22,14388,1.4544,-0.002,0.0003,0.0009,-0.0133,0.01,0.01,0.01,0.02
2026-09-30T17:22:05+00:00,QQQ,2026-09-30,0,744.2,682.0,P,0.0,0.01,0.01,0.01,20,2041,1.4322,-0.0021,0.0003,0.001,-0.0134,0.01,0.01,0.01,0.02
2026-09-30T17:22:05+00:00,QQQ,2026-09-30,0,744.2,683.0,P,0.0,0.01,0.01,0.01,9,730,1.41,-0.0021,0.0003,0.001,-0.0135,0.01,0.01,0.01,0.02
2026-09-30T17:22:05+00:00,QQQ,2026-09-30,0,744.2,684.0,P,0.0,0.01,0.01,0.01,5,403,1.3878,-0.0022,0.0003,0.001,-0.0136,0.01,0.01,0.01,0.02
2026-09-30T17:22:05+00:00,QQQ,2026-09-30,0,744.2,685.0,P,0.0,0.01,0.01,0.01,23,9111,1.3656,-0.0022,0.0003,0.001,-0.0137,0.01,0.01,0.01,0.02
2026-09-30T17:22:05+00:00,QQQ,2026-09-30,0,744.2,686.0,P,0.0,0.01,0.01,0.01,1,392,1.3434,-0.0023,0.0003,0.001,-0.0138,0.01,0.01,0.01,0.025
2026-09-30T17:22:05+00:00,QQQ,2026-09-30,0,744.2,687.0,P,0.0,0.01,0.01,0.01,1,14676,1.3212,-0.0023,0.0003,0.0011,-0.0139,0.01,0.01,0.01,0.025
2026-09-30T17:22:05+00:00,QQQ,2026-09-30,0,744.2,688.0,P,0.0,0.01,0.01,0.01,2,795,1.299,-0.0024,0.0004,0.0011,-0.014,0.01,0.01,0.01,0.025
2026-09-30T17:22:05+00:00,QQQ,2026-09-30,0,744.2,690.0,P,0.0,0.01,0.01,0.01,31,24724,1.2547,-0.0025,0.0004,0.0011,-0.0142,0.01,0.01,0.01,0.025
2026-09-30T17:22:05+00:00,QQQ,2026-09-30,0,744.2,691.0,P,0.0,0.01,0.01,0.01,30,790,1.2325,-0.0025,0.0004,0.0011,-0.0143,0.01,0.01,0.01,0.025
2026-09-30T17:22:05+00:00,QQQ,2026-09-30,0,744.2,692.0,P,0.0,0.01,0.01,0.01,55,646,1.2104,-0.0026,0.0004,0.0012,-0.0144,0.01,0.01,0.01,0.025
2026-09-30T17:22:05+00:00,QQQ,2026-09-30,0,744.2,693.0,P,0.0,0.01,0.01,0.01,25,770,1.1882,-0.0026,0.0004,0.0012,-0.0144,0.01,0.01,0.01,0.025
2026-09-30T17:22:05+00:00,QQQ,2026-09-30,0,744.2,695.0,P,0.0,0.01,0.01,0.01,191,18640,1.1439,-0.0028,0.0005,0.0012,-0.0146,0.01,0.01,0.01,0.025
2026-09-30T17:22:05+00:00,QQQ,2026-09-30,0,744.2,696.0,P,0.0,0.01,0.01,0.01,160,2911,1.1218,-0.0028,0.0005,0.0013,-0.0148,0.01,0.02,0.01,0.025
2026-09-30T17:22:05+00:00,QQQ,2026-09-30,0,744.2,697.0,P,0.0,0.01,0.01,0.01,55,485,1.0996,-0.0029,0.0005,0.0013,-0.0148,0.01,0.01,0.01,0.025
2026-09-30T17:22:05+00:00,QQQ,2026-09-30,0,744.2,698.0,P,0.0,0.01,0.01,0.01,469,1252,1.0775,-0.003,0.0005,0.0013,-0.015,0.01,0.01,0.01,0.025
2026-09-30T17:22:05+00:00,QQQ,2026-09-30,0,744.2,699.0,P,0.0,0.01,0.01,0.01,1676,1677,1.0553,-0.003,0.0005,0.0014,-0.0151,0.01,0.02,0.01,0.025
2026-09-30T17:22:05+00:00,QQQ,2026-09-30,0,744.2,700.0,P,0.0,0.01,0.01,0.01,4055,23840,1.0332,-0.0031,0.0006,0.0014,-0.0152,0.01,0.02,0.01,0.025
2026-09-30T17:22:05+00:00,QQQ,2026-09-30,0,744.2,701.0,P,0.0,0.01,0.01,0.01,5401,1133,1.011,-0.0032,0.0006,0.0014,-0.0153,0.02,0.02,0.01,0.035
2026-09-30T17:22:05+00:00,QQQ,2026-09-30,0,744.2,702.0,P,0.0,0.01,0.01,0.01,6670,988,0.9888,-0.0033,0.0006,0.0015,-0.0154,0.01,0.02,0.01,0.035
2026-09-30T17:22:05+00:00,QQQ,2026-09-30,0,744.2,703.0,P,0.0,0.01,0.01,0.01,6686,874,0.9667,-0.0034,0.0006,0.0015,-0.0155,0.02,0.02,0.01,0.035
2026-09-30T17:22:05+00:00,QQQ,2026-09-30,0,744.2,704.0,P,0.0,0.01,0.01,0.01,10185,833,0.9445,-0.0034,0.0007,0.0015,-0.0156,0.01,0.02,0.01,0.035
2026-09-30T17:22:05+00:00,QQQ,2026-09-30,0,744.2,705.0,P,0.0,0.01,0.01,0.01,2855,22528,0.9224,-0.0035,0.0007,0.0016,-0.0157,0.01,0.02,0.01,0.035
2026-09-30T17:22:05+00:00,QQQ,2026-09-30,0,744.2,706.0,P,0.01,0.02,0.015,0.02,392,1360,0.9968,-0.0036,0.0007,0.0016,-0.0158,0.02,0.02,0.01,0.045
2026-09-30T17:22:05+00:00,QQQ,2026-09-30,0,744.2,707.0,P,0.01,0.02,0.015,0.02,258,2276,0.9726,-0.0037,0.0008,0.0016,-0.0159,0.01,0.02,0.01,0.045
2026-09-30T17:22:05+00:00,QQQ,2026-09-30,0,744.2,708.0,P,0.01,0.02,0.015,0.02,137,1105,0.9484,-0.0038,0.0008,0.0017,-0.016,0.02,0.02,0.01,0.045
2026-09-30T17:22:05+00:00,QQQ,2026-09-30,0,744.2,709.0,P,0.01,0.02,0.015,0.02,450,2238,0.9242,-0.004,0.0009,0.0017,-0.0161,0.03,0.03,0.01,0.055
2026-09-30T17:22:05+00:00,QQQ,2026-09-30,0,744.2,710.0,P,0.01,0.02,0.015,0.01,500,10223,0.8999,-0.0041,0.0009,0.0018,-0.0162,0.02,0.02,0.01,0.055
2026-09-30T17:22:05+00:00,QQQ,2026-09-30,0,744.2,711.0,P,0.01,0.02,0.015,0.01,930,2537,0.8757,-0.0042,0.001,0.0018,-0.0163,0.02,0.03,0.01,0.055
2026-09-30T17:22:05+00:00,QQQ,2026-09-30,0,744.2,712.0,P,0.01,0.02,0.015,0.01,1414,2625,0.8514,-0.0043,0.001,0.0019,-0.0164,0.04,0.04,0.01,0.065
2026-09-30T17:22:05+00:00,QQQ,2026-09-30,0,744.2,713.0,P,0.01,0.02,0.015,0.01,528,1520,0.8271,-0.0045,0.0011,0.002,-0.0166,0.01,0.04,0.01,0.065
2026-09-30T17:22:05+00:00,QQQ,2026-09-30,0,744.2,714.0,P,0.01,0.02,0.015,0.02,905,2772,0.8027,-0.0046,0.0011,0.002,-0.0167,0.04,0.05,0.01,0.075
2026-09-30T17:22:05+00:00,QQQ,2026-09-30,0,744.2,715.0,P,0.01,0.02,0.015,0.01,1017,10549,0.7783,-0.0048,0.0012,0.0021,-0.0168,0.06,0.06,0.01,0.085
2026-09-30T17:22:05+00:00,QQQ,2026-09-30,0,744.2,716.0,P,0.01,0.02,0.015,0.01,919,4371,0.7539,-0.0049,0.0013,0.0021,-0.0169,0.04,0.04,0.01,0.095
2026-09-30T17:22:05+00:00,QQQ,2026-09-30,0,744.2,717.0,P,0.01,0.02,0.015,0.01,3261,3333,0.7295,-0.0051,0.0014,0.0022,-0.0171,0.05,0.05,0.01,0.105
2026-09-30T17:22:05+00:00,QQQ,2026-09-30,0,744.2,718.0,P,0.01,0.02,0.015,0.02,1799,4091,0.705,-0.0053,0.0015,0.0023,-0.0172,0.05,0.06,0.01,0.125
2026-09-30T17:22:05+00:00,QQQ,2026-09-30,0,744.2,719.0,P,0.01,0.02,0.015,0.02,1775,2320,0.6804,-0.0055,0.0016,0.0024,-0.0174,0.07,0.07,0.01,0.135
2026-09-30T17:22:05+00:00,QQQ,2026-09-30,0,744.2,720.0,P,0.01,0.02,0.015,0.02,2516,45414,0.6558,-0.0058,0.0017,0.0025,-0.0176,0.07,0.09,0.01,0.155
2026-09-30T17:22:05+00:00,QQQ,2026-09-30,0,744.2,721.0,P,0.01,0.02,0.015,0.02,1778,3072,0.6312,-0.006,0.0018,0.0026,-0.0178,0.08,0.09,0.01,0.185
2026-09-30T17:22:05+00:00,QQQ,2026-09-30,0,744.2,722.0,P,0.01,0.02,0.015,0.01,2301,3269,0.6065,-0.0063,0.002,0.0027,-0.0181,0.05,0.1,0.01,0.225
2026-09-30T17:22:05+00:00,QQQ,2026-09-30,0,744.2,723.0,P,0.01,0.02,0.015,0.02,2693,4071,0.5817,-0.0067,0.0022,0.0028,-0.0185,0.13,0.13,0.02,0.265
2026-09-30T17:22:05+00:00,QQQ,2026-09-30,0,744.2,724.0,P,0.02,0.03,0.025,0.02,2330,2907,0.5912,-0.0071,0.0024,0.003,-0.0189,0.12,0.13,0.02,0.315
2026-09-30T17:22:05+00:00,QQQ,2026-09-30,0,744.2,725.0,P,0.02,0.03,0.025,0.03,3565,9083,0.5651,-0.0076,0.0026,0.0032,-0.0195,0.1,0.14,0.01,0.385
2026-09-30T17:22:05+00:00,QQQ,2026-09-30,0,744.2,726.0,P,0.02,0.03,0.025,0.02,3316,4682,0.5388,-0.0082,0.0029,0.0034,-0.0204,0.18,0.2,0.02,0.455
2026-09-30T17:22:05+00:00,QQQ,2026-09-30,0,744.2,727.0,P,0.02,0.03,0.025,0.02,4338,8135,0.5125,-0.0089,0.0033,0.0037,-0.0215,0.21,0.22,0.02,0.555
2026-09-30T17:22:05+00:00,QQQ,2026-09-30,0,744.2,728.0,P,0.02,0.03,0.025,0.02,8360,4151,0.486,-0.0099,0.0037,0.004,-0.023,0.26,0.26,0.02,0.665
2026-09-30T17:22:05+00:00,QQQ,2026-09-30,0,744.2,729.0,P,0.03,0.04,0.035,0.03,6403,2276,0.4806,-0.0111,0.0044,0.0045,-0.0252,0.31,0.31,0.02,0.805
2026-09-30T17:22:05+00:00,QQQ,2026-09-30,0,744.2,730.0,P,0.03,0.04,0.035,0.03,78260,67863,0.4529,-0.0128,0.0051,0.0051,-0.0282,0.3,0.43,0.03,0.965
2026-09-30T17:22:05+00:00,QQQ,2026-09-30,0,744.2,731.0,P,0.03,0.04,0.035,0.03,11333,3284,0.425,-0.0151,0.0062,0.0058,-0.0324,0.41,0.47,0.03,1.155
2026-09-30T17:22:05+00:00,QQQ,2026-09-30,0,744.2,732.0,P,0.04,0.05,0.045,0.04,14302,5436,0.412,-0.0181,0.0076,0.0068,-0.0382,0.53,0.58,0.04,1.375
2026-09-30T17:22:05+00:00,QQQ,2026-09-30,0,744.2,733.0,P,0.05,0.06,0.055,0.05,28498,3172,0.3953,-0.0223,0.0094,0.0081,-0.0463,0.65,0.71,0.05,1.635
2026-09-30T17:22:05+00:00,QQQ,2026-09-30,0,744.2,734.0,P,0.05,0.06,0.055,0.06,21996,4392,0.3653,-0.028,0.012,0.0098,-0.0575,0.79,0.94,0.05,1.925
2026-09-30T17:22:05+00:00,QQQ,2026-09-30,0,744.2,735.0,P,0.07,0.08,0.075,0.07,51609,11383,0.3536,-0.0359,0.0153,0.0121,-0.073,1.02,1.04,0.07,2.255
2026-09-30T17:22:05+00:00,QQQ,2026-09-30,0,744.2,736.0,P,0.09,0.1,0.095,0.09,110404,60352,0.3366,-0.0468,0.0199,0.0149,-0.0949,1.3,1.34,0.09,2.625
2026-09-30T17:22:05+00:00,QQQ,2026-09-30,0,744.2,737.0,P,0.12,0.13,0.125,0.12,51464,9085,0.3212,-0.0619,0.0259,0.0185,-0.1259,1.45,1.64,0.12,3.045
2026-09-30T17:22:05+00:00,QQQ,2026-09-30,0,744.2,738.0,P,0.16,0.17,0.165,0.16,64281,4259,0.3052,-0.0831,0.034,0.0231,-0.1708,1.83,1.95,0.16,3.51
2026-09-30T17:22:05+00:00,QQQ,2026-09-30,0,744.2,739.0,P,0.23,0.24,0.235,0.23,77395,3360,0.2942,-0.1128,0.0444,0.0287,-0.2364,2.18,2.32,0.23,4.02
2026-09-30T17:22:05+00:00,QQQ,2026-09-30,0,744.2,740.0,P,0.33,0.34,0.335,0.34,144704,3598,0.2834,-0.1541,0.0573,0.0354,-0.3334,2.61,2.77,0.33,4.58
2026-09-30T17:22:05+00:00,QQQ,2026-09-30,0,744.2,741.0,P,0.48,0.49,0.485,0.48,126491,1156,0.2723,-0.2102,0.0723,0.0427,-0.4762,3.04,3.21,0.47,5.2
2026-09-30T17:22:05+00:00,QQQ,2026-09-30,0,744.2,742.0,P,0.68,0.69,0.685,0.69,193173,1950,0.2642,-0.2836,0.0877,0.0499,-0.6838,3.61,3.78,0.67,5.87
2026-09-30T17:22:05+00:00,QQQ,2026-09-30,0,744.2,743.0,P,0.98,1.0,0.99,0.98,185272,795,0.2584,-0.3742,0.1007,0.0556,-0.9775,4.29,4.43,0.92,6.585
2026-09-30T17:22:05+00:00,QQQ,2026-09-30,0,744.2,744.0,P,1.39,1.4,1.395,1.39,144762,711,0.2536,-0.4778,0.1079,0.0583,-1.3772,5.08,5.08,1.26,7.335
2026-09-30T17:22:05+00:00,QQQ,2026-09-30,0,744.2,745.0,P,1.91,1.92,1.915,1.9,50694,1673,0.2512,-0.5861,0.1067,0.0571,-1.0912,5.87,5.87,1.68,8.135
2026-09-30T17:22:05+00:00,QQQ,2026-09-30,0,744.2,746.0,P,2.55,2.56,2.555,2.54,15431,679,0.2505,-0.6887,0.097,0.052,-0.7282,5.93,5.93,2.25,8.8
2026-09-30T17:22:05+00:00,QQQ,2026-09-30,0,744.2,747.0,P,3.28,3.32,3.3,3.32,4625,1637,0.2517,-0.7765,0.0814,0.0442,-0.4718,7.53,7.53,2.88,9.79
2026-09-30T17:22:05+00:00,QQQ,2026-09-30,0,744.2,748.0,P,4.08,4.16,4.12,4.14,2217,492,0.2562,-0.845,0.0639,0.0356,-0.301,8.1,8.1,3.63,10.715
2026-09-30T17:22:05+00:00,QQQ,2026-09-30,0,744.2,749.0,P,4.96,5.07,5.015,5.05,866,90,0.2698,-0.8945,0.0478,0.0275,-0.1922,7.08,8.3,4.36,11.485
2026-09-30T17:22:05+00:00,QQQ,2026-09-30,0,744.2,750.0,P,5.88,6.01,5.945,5.98,1565,594,0.2773,-0.9284,0.0347,0.0208,-0.1247,10.0,10.0,5.2,12.505
2026-09-30T17:22:05+00:00,QQQ,2026-09-30,0,744.2,751.0,P,6.85,6.97,6.91,7.0,408,42,0.2939,-0.9508,0.0249,0.0156,-0.0833,9.84,10.04,6.63,13.545
2026-09-30T17:22:05+00:00,QQQ,2026-09-30,0,744.2,752.0,P,7.82,7.94,7.88,7.96,480,29,0.3104,-0.9654,0.018,0.0118,-0.0577,10.47,10.47,7.37,14.58
2026-09-30T17:22:05+00:00,QQQ,2026-09-30,0,744.2,753.0,P,8.81,8.93,8.87,9.24,426,16,0.3295,-0.9749,0.0131,0.0091,-0.0418,12.22,13.11,8.3,15.56
2026-09-30T17:22:05+00:00,QQQ,2026-09-30,0,744.2,754.0,P,9.79,9.92,9.855,9.9,155,0,0.3445,-0.9811,0.0098,0.0072,-0.0317,10.68,11.42,9.02,16.465
2026-09-30T17:22:05+00:00,QQQ,2026-09-30,0,744.2,755.0,P,10.8,10.91,10.855,11.05,42,4,0.3792,-0.9852,0.0076,0.0058,-0.0252,13.67,13.67,10.41,17.51
2026-09-30T17:22:05+00:00,QQQ,2026-09-30,0,744.2,756.0,P,11.78,11.91,11.845,11.68,7,14,0.3889,-0.988,0.006,0.0049,-0.0211,12.91,12.98,11.68,17.745
2026-09-30T17:22:05+00:00,QQQ,2026-09-30,0,744.2,757.0,P,12.79,12.9,12.845,12.78,10,1,0.4237,-0.9898,0.005,0.0042,-0.0184,13.85,13.85,12.76,18.795
2026-09-30T17:22:05+00:00,QQQ,2026-09-30,0,744.2,758.0,P,13.79,13.9,13.845,13.47,9,0,0.4514,-0.9911,0.0042,0.0037,-0.0167,13.81,14.98,13.17,19.775
2026-09-30T17:22:05+00:00,QQQ,2026-09-30,0,744.2,759.0,P,14.78,14.9,14.84,15.98,8,0,0.4623,-0.992,0.0036,0.0034,-0.0156,15.98,15.98,15.98,20.745
2026-09-30T17:22:05+00:00,QQQ,2026-09-30,0,744.2,760.0,P,15.78,15.9,15.84,15.62,3,30,0.4888,-0.9927,0.0032,0.0031,-0.0148,15.99,15.99,15.51,22.57
2026-09-30T17:22:05+00:00,QQQ,2026-09-30,0,744.2,761.0,P,16.77,16.89,16.83,17.66,5,0,0.5048,-0.9932,0.0028,0.0029,-0.0144,17.66,17.66,17.66,22.755
2026-09-30T17:22:05+00:00,QQQ,2026-09-30,0,744.2,762.0,P,17.76,17.89,17.825,17.97,1,2,0.5186,-0.9936,0.0025,0.0028,-0.014,17.97,17.97,17.97,23.76
2026-09-30T17:22:05+00:00,QQQ,2026-09-30,0,744.2,763.0,P,18.77,18.89,18.83,19.01,11,0,0.5437,-0.994,0.0023,0.0026,-0.0138,22.26,23.09,19.01,24.755
2026-09-30T17:22:05+00:00,QQQ,2026-09-30,0,744.2,764.0,P,19.77,19.89,19.83,20.57,12,0,0.5685,-0.9943,0.0021,0.0025,-0.0136,22.33,22.33,20.53,25.76
2026-09-30T17:22:05+00:00,QQQ,2026-09-30,0,744.2,765.0,P,20.75,20.89,20.82,21.21,3,1,0.5603,-0.9945,0.002,0.0024,-0.0135,23.25,23.25,21.21,26.755
2026-09-30T17:22:05+00:00,QQQ,2026-09-30,0,744.2,766.0,P,21.75,21.89,21.82,24.26,14,0,0.5838,-0.9948,0.0018,0.0023,-0.0134,25.07,25.98,24.09,27.75
2026-09-30T17:22:05+00:00,QQQ,2026-09-30,0,744.2,767.0,P,22.74,22.89,22.815,24.6,29,0,0.5832,-0.995,0.0017,0.0022,-0.0133,25.51,27.36,23.35,28.78
2026-09-30T17:22:05+00:00,QQQ,2026-09-30,0,744.2,768.0,P,23.74,23.89,23.815,24.55,58,0,0.6057,-0.9952,0.0016,0.0021,-0.0132,27.06,28.01,22.6,30.6
2026-09-30T17:22:05+00:00,QQQ,2026-09-30,0,744.2,769.0,P,23.44,26.83,25.135,25.54,90,0,1.0252,-0.9953,0.0014,0.002,-0.0132,27.98,29.01,23.35,30.785
2026-09-30T17:22:05+00:00,QQQ,2026-09-30,0,744.2,770.0,P,24.56,27.83,26.195,25.74,124,0,1.0944,-0.9955,0.0014,0.002,-0.0131,27.8,30.11,25.7,31.8
2026-09-30T17:22:05+00:00,QQQ,2026-09-30,0,744.2,771.0,P,25.35,28.83,27.09,25.19,38,0,1.0583,-0.9957,0.0013,0.0019,-0.013,31.72,31.72,25.19,32.78
2026-09-30T17:22:05+00:00,QQQ,2026-09-30,0,744.2,772.0,P,26.44,29.83,28.135,29.05,3,0,1.1209,-0.9958,0.0012,0.0019,-0.0129,31.25,31.31,29.05,33.78
2026-09-30T17:22:05+00:00,QQQ,2026-09-30,0,744.2,773.0,P,27.46,30.83,29.145,29.98,1,0,1.1592,-0.9959,0.0011,0.0018,-0.0128,29.98,29.98,29.98,34.78
2026-09-30T17:22:05+00:00,QQQ,2026-09-30,0,744.2,774.0,P,28.43,31.83,30.13,31.61,0,0,1.1801,-0.9961,0.0011,0.0018,-0.0128,0.0,0.0,0.0,35.8
2026-09-30T17:22:05+00:00,QQQ,2026-09-30,0,744.2,775.0,P,29.41,32.83,31.12,30.37,20,0,1.2039,-0.9962,0.001,0.0017,-0.0127,30.37,30.37,30.37,37.085
2026-09-30T17:22:05+00:00,QQQ,2026-09-30,0,744.2,776.0,P,30.34,33.83,32.085,36.22,0,0,1.2078,-0.9963,0.001,0.0017,-0.0126,0.0,0.0,0.0,38.095
2026-09-30T17:22:05+00:00,QQQ,2026-09-30,0,744.2,777.0,P,31.43,34.83,33.13,34.5,0,0,1.2727,-0.9964,0.0009,0.0016,-0.0126,0.0,0.0,0.0,39.085
2026-09-30T17:22:05+00:00,QQQ,2026-09-30,0,744.2,778.0,P,32.43,35.83,34.13,36.17,0,0,1.3032,-0.9965,0.0009,0.0016,-0.0125,0.0,0.0,0.0,40.08
2026-09-30T17:22:05+00:00,QQQ,2026-09-30,0,744.2,779.0,P,33.43,36.83,35.13,36.44,0,0,1.3336,-0.9966,0.0008,0.0015,-0.0124,0.0,0.0,0.0,41.095
2026-09-30T17:22:05+00:00,QQQ,2026-09-30,0,744.2,780.0,P,34.4,37.83,36.115,41.57,0,0,1.352,-0.9967,0.0008,0.0015,-0.0124,0.0,0.0,0.0,42.19
2026-09-30T17:22:05+00:00,QQQ,2026-09-30,0,744.2,781.0,P,35.46,38.83,37.145,0.0,0,0,1.4056,-0.9968,0.0007,0.0014,-0.0123,0.0,0.0,0.0,43.08
2026-09-30T17:22:05+00:00,QQQ,2026-09-30,0,744.2,795.0,P,49.31,52.75,51.03,50.49,4,0,1.6953,-0.9976,0.0004,0.0011,-0.0114,50.52,50.52,50.48,57.19
2026-09-30T17:22:05+00:00,QQQ,2026-09-30,0,744.2,796.0,P,50.41,53.71,52.06,51.41,4,0,1.7623,-0.9977,0.0004,0.0011,-0.0114,51.45,51.45,51.41,58.095
2026-09-30T17:22:05+00:00,QQQ,2026-09-30,0,744.2,802.0,P,56.45,59.68,58.065,58.32,4,0,1.9249,-0.9979,0.0003,0.001,-0.011,57.24,58.32,57.24,64.095
2026-09-30T17:22:05+00:00,QQQ,2026-09-30,0,744.2,803.0,P,57.41,60.73,59.07,59.24,4,0,1.9575,-0.998,0.0003,0.0009,-0.011,58.16,59.24,58.16,65.09
2026-09-30T17:22:05+00:00,QQQ,2026-09-30,0,744.2,845.0,P,99.2,102.82,101.01,101.15,1,0,2.9116,-0.9989,0.0001,0.0005,-0.0088,101.15,101.15,101.15,107.245
2026-09-30T17:22:05+00:00,QQQ,2026-09-30,0,744.2,846.0,P,100.2,103.82,102.01,102.08,1,0,2.9348,-0.9989,0.0001,0.0005,-0.0087,102.08,102.08,102.08,108.115
2026-09-30T17:22:05+00:00,QQQ,2026-09-30,0,744.2,859.0,P,113.42,116.82,115.12,115.4,1,0,3.4271,-0.9991,0.0001,0.0004,-0.0081,115.4,115.4,115.4,121.095
2026-09-30T17:22:05+00:00,QQQ,2026-09-30,0,744.2,860.0,P,114.56,117.82,116.19,116.35,1,0,3.5526,-0.9991,0.0001,0.0004,-0.0081,116.35,116.35,116.35,122.19
2026-09-30T17:37:06+00:00,QQQ,2026-09-30,0,742.6,510.0,C,230.95,234.53,232.74,233.48,1,0,7.5348,0.9998,0.0,0.0001,-0.0026,233.48,233.48,233.48,227.91
2026-09-30T17:37:06+00:00,QQQ,2026-09-30,0,742.6,515.0,C,225.97,229.53,227.75,228.55,1,0,7.423,0.9998,0.0,0.0001,-0.0027,228.55,228.55,228.55,222.955
2026-09-30T17:37:06+00:00,QQQ,2026-09-30,0,742.6,530.0,C,210.95,214.59,212.77,214.01,4,1,7.006,0.9998,0.0,0.0001,-0.0033,214.06,214.06,214.01,207.99
2026-09-30T17:37:06+00:00,QQQ,2026-09-30,0,742.6,535.0,C,205.97,209.59,207.78,209.09,4,0,6.881,0.9998,0.0,0.0001,-0.0035,209.14,209.14,209.09,202.94
2026-09-30T17:37:06+00:00,QQQ,2026-09-30,0,742.6,585.0,C,155.97,159.5,157.735,158.65,1,2,4.9598,0.9996,0.0,0.0002,-0.0059,158.65,158.65,158.65,152.985
2026-09-30T17:37:06+00:00,QQQ,2026-09-30,0,742.6,600.0,C,140.94,144.49,142.715,143.97,13,63,4.3797,0.9994,0.0,0.0003,-0.0068,141.56,143.97,141.56,138.085
2026-09-30T17:37:06+00:00,QQQ,2026-09-30,0,742.6,605.0,C,136.09,139.26,137.675,138.79,6,48,3.9574,0.9994,0.0,0.0003,-0.0071,138.68,138.79,138.57,133.035
2026-09-30T17:37:06+00:00,QQQ,2026-09-30,0,742.6,610.0,C,130.94,134.5,132.72,134.07,10,116,4.0978,0.9994,0.0,0.0003,-0.0075,133.75,134.2,133.58,128.03
2026-09-30T17:37:06+00:00,QQQ,2026-09-30,0,742.6,615.0,C,125.95,129.5,127.725,128.56,6,106,3.9682,0.9993,0.0,0.0003,-0.0078,128.0,128.56,128.0,123.005
2026-09-30T17:37:06+00:00,QQQ,2026-09-30,0,742.6,620.0,C,120.96,124.5,122.73,123.53,3,134,3.8371,0.9992,0.0001,0.0004,-0.0081,123.53,123.53,123.53,118.01
2026-09-30T17:37:06+00:00,QQQ,2026-09-30,0,742.6,635.0,C,105.97,109.5,107.735,106.39,1,311,3.3983,0.9991,0.0001,0.0004,-0.0092,106.39,106.39,106.39,103.045
2026-09-30T17:37:06+00:00,QQQ,2026-09-30,0,742.6,650.0,C,90.97,94.5,92.735,93.6,11,773,2.9435,0.9988,0.0001,0.0005,-0.0104,92.95,93.71,92.95,87.9
2026-09-30T17:37:06+00:00,QQQ,2026-09-30,0,742.6,654.0,C,86.97,90.5,88.735,89.19,2,9,2.823,0.9987,0.0001,0.0006,-0.0107,89.17,89.19,89.17,84.06
2026-09-30T17:37:06+00:00,QQQ,2026-09-30,0,742.6,655.0,C,85.97,89.5,87.735,88.26,2,218,2.7929,0.9987,0.0001,0.0006,-0.0108,88.24,88.26,88.24,83.08
2026-09-30T17:37:06+00:00,QQQ,2026-09-30,0,742.6,661.0,C,79.93,83.5,81.715,82.2,1,1,2.5466,0.9986,0.0002,0.0006,-0.0113,82.2,82.2,82.2,77.055
2026-09-30T17:37:06+00:00,QQQ,2026-09-30,0,742.6,662.0,C,78.97,82.5,80.735,81.25,1,58,2.5827,0.9985,0.0002,0.0007,-0.0114,81.25,81.25,81.25,76.05
2026-09-30T17:37:06+00:00,QQQ,2026-09-30,0,742.6,664.0,C,76.95,80.5,78.725,79.59,1,56,2.4918,0.9985,0.0002,0.0007,-0.0116,79.59,79.59,79.59,74.05
2026-09-30T17:37:06+00:00,QQQ,2026-09-30,0,742.6,665.0,C,75.94,79.5,77.72,78.12,3,713,2.446,0.9985,0.0002,0.0007,-0.0117,78.67,78.67,78.12,72.915
2026-09-30T17:37:06+00:00,QQQ,2026-09-30,0,742.6,666.0,C,74.93,78.5,76.715,75.0,1,3,2.3999,0.9984,0.0002,0.0007,-0.0118,75.0,75.0,75.0,72.055
2026-09-30T17:37:06+00:00,QQQ,2026-09-30,0,742.6,669.0,C,71.95,75.53,73.74,74.49,1,11,2.387,0.9984,0.0002,0.0007,-0.012,74.49,74.49,74.49,69.05
2026-09-30T17:37:06+00:00,QQQ,2026-09-30,0,742.6,670.0,C,70.95,74.53,72.74,73.56,1,306,2.3569,0.9983,0.0002,0.0008,-0.0121,73.56,73.56,73.56,68.055
2026-09-30T17:37:06+00:00,QQQ,2026-09-30,0,742.6,672.0,C,68.95,72.53,70.74,70.99,1,66,2.2968,0.9983,0.0002,0.0008,-0.0123,70.99,70.99,70.99,66.055
2026-09-30T17:37:06+00:00,QQQ,2026-09-30,0,742.6,673.0,C,67.97,71.53,69.75,70.04,1,52,2.2923,0.9982,0.0002,0.0008,-0.0124,70.04,70.04,70.04,65.05
2026-09-30T17:37:06+00:00,QQQ,2026-09-30,0,742.6,675.0,C,65.94,69.53,67.735,67.82,1,401,2.1935,0.9982,0.0002,0.0008,-0.0126,67.82,67.82,67.82,63.06
2026-09-30T17:37:06+00:00,QQQ,2026-09-30,0,742.6,680.0,C,60.8,64.53,62.665,63.23,2,684,1.7965,0.998,0.0003,0.0009,-0.013,61.68,63.23,61.68,57.905
2026-09-30T17:37:06+00:00,QQQ,2026-09-30,0,742.6,683.0,C,57.91,61.53,59.72,60.68,7,33,1.9159,0.9978,0.0003,0.001,-0.0133,60.68,60.68,60.68,55.06
2026-09-30T17:37:06+00:00,QQQ,2026-09-30,0,742.6,685.0,C,55.8,59.59,57.695,59.05,9,432,1.7835,0.9978,0.0003,0.001,-0.0135,59.72,59.72,59.05,53.06
2026-09-30T17:37:06+00:00,QQQ,2026-09-30,0,742.6,689.0,C,51.91,55.59,53.75,54.41,14,147,1.8072,0.9976,0.0004,0.0011,-0.0139,55.03,55.03,54.41,49.055
2026-09-30T17:37:06+00:00,QQQ,2026-09-30,0,742.6,690.0,C,50.94,54.59,52.765,52.86,34,2878,1.8062,0.9975,0.0004,0.0011,-0.014,53.13,54.1,52.86,47.915
2026-09-30T17:37:06+00:00,QQQ,2026-09-30,0,742.6,691.0,C,49.9,53.59,51.745,52.4,12,77,1.7362,0.9974,0.0004,0.0011,-0.0141,52.4,52.4,52.4,47.065
2026-09-30T17:37:06+00:00,QQQ,2026-09-30,0,742.6,692.0,C,48.97,52.59,50.78,51.45,1,61,1.7712,0.9974,0.0004,0.0011,-0.0142,51.45,51.45,51.45,46.065
2026-09-30T17:37:06+00:00,QQQ,2026-09-30,0,742.6,693.0,C,47.91,51.52,49.715,50.7,2,44,1.6091,0.9973,0.0004,0.0012,-0.0143,51.7,51.7,50.7,45.065
2026-09-30T17:37:06+00:00,QQQ,2026-09-30,0,742.6,698.0,C,42.96,46.52,44.74,46.09,5,60,1.5144,0.997,0.0006,0.0013,-0.0148,43.94,47.51,43.76,40.07
2026-09-30T17:37:06+00:00,QQQ,2026-09-30,0,742.6,699.0,C,41.96,45.49,43.725,45.3,3,104,1.4543,0.9969,0.0006,0.0013,-0.0149,45.16,45.3,45.16,39.095
2026-09-30T17:37:06+00:00,QQQ,2026-09-30,0,742.6,700.0,C,41.13,44.52,42.825,43.61,93,2608,1.584,0.9968,0.0006,0.0014,-0.015,41.61,44.36,40.8,37.895
2026-09-30T17:37:06+00:00,QQQ,2026-09-30,0,742.6,702.0,C,40.11,42.35,41.23,41.91,2,190,1.867,0.9967,0.0006,0.0014,-0.0152,41.8,41.91,41.8,35.885
2026-09-30T17:37:06+00:00,QQQ,2026-09-30,0,742.6,703.0,C,38.8,41.36,40.08,40.99,1,158,1.7253,0.9966,0.0007,0.0015,-0.0153,40.99,40.99,40.99,34.89
2026-09-30T17:37:06+00:00,QQQ,2026-09-30,0,742.6,704.0,C,38.19,40.36,39.275,39.4,10,358,1.8196,0.9965,0.0007,0.0015,-0.0154,39.4,39.4,39.4,33.89
2026-09-30T17:37:06+00:00,QQQ,2026-09-30,0,742.6,705.0,C,36.85,39.36,38.105,38.5,2,1394,1.6707,0.9964,0.0008,0.0015,-0.0155,36.47,38.5,36.47,32.89
2026-09-30T17:37:06+00:00,QQQ,2026-09-30,0,742.6,706.0,C,36.19,38.36,37.275,37.99,15,401,1.743,0.9963,0.0008,0.0016,-0.0156,36.45,38.45,35.0,31.88
2026-09-30T17:37:06+00:00,QQQ,2026-09-30,0,742.6,707.0,C,35.19,37.36,36.275,36.15,10,297,1.7046,0.9962,0.0008,0.0016,-0.0157,36.97,38.03,35.45,30.895
2026-09-30T17:37:06+00:00,QQQ,2026-09-30,0,742.6,708.0,C,34.19,36.36,35.275,36.78,12,520,1.6661,0.9961,0.0009,0.0017,-0.0158,34.33,36.78,34.33,29.885
2026-09-30T17:37:06+00:00,QQQ,2026-09-30,0,742.6,709.0,C,33.2,35.03,34.115,35.0,41,343,1.5301,0.9959,0.0009,0.0017,-0.0159,32.8,35.0,32.8,28.9
2026-09-30T17:37:06+00:00,QQQ,2026-09-30,0,742.6,710.0,C,32.19,34.36,33.275,32.72,53,3549,1.5887,0.9958,0.001,0.0018,-0.016,31.0,34.15,31.0,27.9
2026-09-30T17:37:06+00:00,QQQ,2026-09-30,0,742.6,711.0,C,31.19,33.36,32.275,32.4,34,435,1.5499,0.9957,0.001,0.0018,-0.0161,31.51,32.56,31.44,26.905
2026-09-30T17:37:06+00:00,QQQ,2026-09-30,0,742.6,712.0,C,30.18,32.36,31.27,32.09,34,373,1.5082,0.9955,0.0011,0.0019,-0.0162,29.62,32.84,29.62,25.895
2026-09-30T17:37:06+00:00,QQQ,2026-09-30,0,742.6,713.0,C,29.18,31.36,30.27,30.83,21,413,1.4692,0.9954,0.0012,0.0019,-0.0164,29.28,31.93,28.56,24.91
2026-09-30T17:37:06+00:00,QQQ,2026-09-30,0,742.6,714.0,C,28.21,30.36,29.285,30.42,10,666,1.4378,0.9952,0.0012,0.002,-0.0165,29.65,30.42,29.12,23.975
2026-09-30T17:37:06+00:00,QQQ,2026-09-30,0,742.6,715.0,C,27.18,29.36,28.27,28.17,64,3048,1.3907,0.9951,0.0013,0.0021,-0.0166,24.99,29.42,24.99,23.08
2026-09-30T17:37:06+00:00,QQQ,2026-09-30,0,742.6,716.0,C,26.19,28.33,27.26,26.3,85,3407,1.3461,0.9949,0.0014,0.0021,-0.0167,24.84,29.48,24.06,22.1
2026-09-30T17:37:06+00:00,QQQ,2026-09-30,0,742.6,717.0,C,25.47,27.36,26.415,25.3,111,847,1.3796,0.9947,0.0015,0.0022,-0.0168,25.32,28.04,24.64,21.005
2026-09-30T17:37:06+00:00,QQQ,2026-09-30,0,742.6,718.0,C,24.51,26.36,25.435,24.3,45,487,1.3429,0.9945,0.0016,0.0023,-0.017,23.66,26.45,23.66,20.115
2026-09-30T17:37:06+00:00,QQQ,2026-09-30,0,742.6,719.0,C,23.59,23.73,23.66,23.3,31,737,0.6405,0.9942,0.0017,0.0024,-0.0172,22.25,25.5,22.25,19.13
2026-09-30T17:37:06+00:00,QQQ,2026-09-30,0,742.6,720.0,C,22.59,22.73,22.66,24.2,161,8914,0.6639,0.994,0.0019,0.0025,-0.0174,21.46,24.68,20.87,18.07
2026-09-30T17:37:06+00:00,QQQ,2026-09-30,0,742.6,721.0,C,21.59,21.73,21.66,23.45,73,5762,0.6374,0.9937,0.002,0.0026,-0.0176,22.43,23.66,22.11,17.185
2026-09-30T17:37:06+00:00,QQQ,2026-09-30,0,742.6,722.0,C,20.59,20.73,20.66,22.05,7,720,0.6274,0.9933,0.0022,0.0027,-0.0179,19.43,22.16,19.43,16.22
2026-09-30T17:37:06+00:00,QQQ,2026-09-30,0,742.6,723.0,C,19.59,19.73,19.66,20.38,43,977,0.5409,0.9929,0.0024,0.0029,-0.0183,18.03,21.19,17.97,15.225
2026-09-30T17:37:06+00:00,QQQ,2026-09-30,0,742.6,724.0,C,18.59,18.74,18.665,20.23,14,508,0.5863,0.9925,0.0027,0.003,-0.0188,17.01,20.32,17.01,13.975
2026-09-30T17:37:06+00:00,QQQ,2026-09-30,0,742.6,725.0,C,17.59,17.73,17.66,17.87,49,10563,0.5699,0.9919,0.003,0.0032,-0.0196,16.0,19.47,16.0,13.345
2026-09-30T17:37:06+00:00,QQQ,2026-09-30,0,742.6,726.0,C,16.6,16.74,16.67,17.39,54,9021,0.5039,0.9911,0.0034,0.0035,-0.0206,16.35,18.56,15.33,12.4
2026-09-30T17:37:06+00:00,QQQ,2026-09-30,0,742.6,727.0,C,15.6,15.74,15.67,15.62,43,2754,0.5023,0.9902,0.0039,0.0039,-0.0221,14.04,17.15,13.91,11.53
2026-09-30T17:37:06+00:00,QQQ,2026-09-30,0,742.6,728.0,C,14.6,14.74,14.67,15.72,36,1270,0.4627,0.9889,0.0045,0.0043,-0.0243,14.23,16.6,13.18,10.325
2026-09-30T17:37:06+00:00,QQQ,2026-09-30,0,742.6,729.0,C,13.6,13.74,13.67,14.74,59,290,0.4456,0.9871,0.0054,0.0049,-0.0274,12.71,15.69,11.93,9.46
2026-09-30T17:37:06+00:00,QQQ,2026-09-30,0,742.6,730.0,C,12.61,12.77,12.69,12.4,604,10170,0.4261,0.9846,0.0066,0.0057,-0.032,9.89,15.03,9.89,8.62
2026-09-30T17:37:06+00:00,QQQ,2026-09-30,0,742.6,731.0,C,11.62,11.77,11.695,12.39,147,424,0.4252,0.9811,0.0082,0.0068,-0.0385,9.4,13.85,9.2,7.81
2026-09-30T17:37:06+00:00,QQQ,2026-09-30,0,742.6,732.0,C,10.62,10.77,10.695,10.6,291,1890,0.3997,0.9762,0.0104,0.0083,-0.048,8.41,13.04,8.41,7.03
2026-09-30T17:37:06+00:00,QQQ,2026-09-30,0,742.6,733.0,C,9.63,9.78,9.705,9.96,220,956,0.373,0.9692,0.0134,0.0102,-0.0617,7.64,11.87,7.64,6.29
2026-09-30T17:37:06+00:00,QQQ,2026-09-30,0,742.6,734.0,C,8.66,8.8,8.73,8.62,395,824,0.3655,0.9593,0.0175,0.0128,-0.0817,6.64,10.89,6.64,5.59
2026-09-30T17:37:06+00:00,QQQ,2026-09-30,0,742.6,735.0,C,7.68,7.82,7.75,7.54,2000,7104,0.3473,0.9453,0.0231,0.0162,-0.1111,5.91,10.0,5.87,4.925
2026-09-30T17:37:06+00:00,QQQ,2026-09-30,0,742.6,736.0,C,6.72,6.86,6.79,6.93,1249,1866,0.3346,0.9254,0.0305,0.0204,-0.1542,5.15,9.1,5.0,4.3
2026-09-30T17:37:06+00:00,QQQ,2026-09-30,0,742.6,737.0,C,5.79,5.92,5.855,5.87,2649,2440,0.3266,0.8976,0.04,0.0258,-0.218,4.38,8.2,4.32,3.715
2026-09-30T17:37:06+00:00,QQQ,2026-09-30,0,742.6,738.0,C,4.91,5.01,4.96,4.97,8235,5060,0.3137,0.8591,0.0517,0.032,-0.3116,3.67,7.22,3.61,3.175
2026-09-30T17:37:06+00:00,QQQ,2026-09-30,0,742.6,739.0,C,4.03,4.09,4.06,4.05,10029,6076,0.3047,0.8076,0.0651,0.039,-0.4478,3.19,6.36,3.0,2.685
2026-09-30T17:37:06+00:00,QQQ,2026-09-30,0,742.6,740.0,C,3.24,3.28,3.26,3.28,33889,15422,0.2996,0.741,0.0791,0.0458,-0.6422,2.58,5.45,2.46,2.25
2026-09-30T17:37:06+00:00,QQQ,2026-09-30,0,742.6,741.0,C,2.52,2.54,2.53,2.55,47974,4935,0.2884,0.6592,0.0916,0.0517,-0.9122,2.18,4.61,1.95,1.865
2026-09-30T17:37:06+00:00,QQQ,2026-09-30,0,742.6,742.0,C,1.9,1.91,1.905,1.91,118591,4132,0.2827,0.5647,0.1001,0.0554,-1.2748,1.73,3.8,1.55,1.525
2026-09-30T17:37:06+00:00,QQQ,2026-09-30,0,742.6,743.0,C,1.37,1.38,1.375,1.37,169064,3942,0.2786,0.4631,0.1023,0.0559,-1.3729,1.29,3.06,1.18,1.235
2026-09-30T17:37:06+00:00,QQQ,2026-09-30,0,742.6,744.0,C,0.95,0.96,0.955,0.96,253300,3321,0.2751,0.3623,0.0972,0.0528,-0.9514,1.01,2.44,0.86,0.995
2026-09-30T17:37:06+00:00,QQQ,2026-09-30,0,742.6,745.0,C,0.63,0.64,0.635,0.64,277389,20384,0.276,0.2703,0.0859,0.0468,-0.636,0.85,1.9,0.57,0.795
2026-09-30T17:37:06+00:00,QQQ,2026-09-30,0,742.6,746.0,C,0.41,0.42,0.415,0.42,166663,5012,0.2765,0.193,0.0706,0.0391,-0.4128,0.57,1.45,0.37,0.625
2026-09-30T17:37:06+00:00,QQQ,2026-09-30,0,742.6,747.0,C,0.26,0.27,0.265,0.26,100035,16000,0.2798,0.1336,0.0549,0.031,-0.2637,0.39,1.08,0.24,0.495
2026-09-30T17:37:06+00:00,QQQ,2026-09-30,0,742.6,748.0,C,0.16,0.17,0.165,0.17,87919,10519,0.2836,0.0909,0.0408,0.0237,-0.1684,0.29,0.79,0.15,0.385
2026-09-30T17:37:06+00:00,QQQ,2026-09-30,0,742.6,749.0,C,0.1,0.11,0.105,0.1,33348,2125,0.2904,0.0618,0.0296,0.0178,-0.1094,0.21,0.57,0.1,0.305
2026-09-30T17:37:06+00:00,QQQ,2026-09-30,0,742.6,750.0,C,0.07,0.08,0.075,0.08,50402,15156,0.3044,0.0427,0.0213,0.0134,-0.0736,0.15,0.4,0.06,0.235
2026-09-30T17:37:06+00:00,QQQ,2026-09-30,0,742.6,751.0,C,0.05,0.06,0.055,0.06,16644,1898,0.3191,0.0304,0.0155,0.0102,-0.0518,0.11,0.29,0.05,0.185
2026-09-30T17:37:06+00:00,QQQ,2026-09-30,0,742.6,752.0,C,0.03,0.04,0.035,0.03,19810,9075,0.3257,0.0226,0.0115,0.008,-0.0385,0.07,0.22,0.03,0.145
2026-09-30T17:37:06+00:00,QQQ,2026-09-30,0,742.6,753.0,C,0.03,0.04,0.035,0.04,5774,1367,0.3548,0.0175,0.0088,0.0064,-0.0302,0.07,0.15,0.02,0.115
2026-09-30T17:37:06+00:00,QQQ,2026-09-30,0,742.6,754.0,C,0.02,0.03,0.025,0.01,7552,1137,0.3656,0.0141,0.007,0.0054,-0.025,0.05,0.11,0.01,0.085
2026-09-30T17:37:06+00:00,QQQ,2026-09-30,0,742.6,755.0,C,0.01,0.02,0.015,0.02,8127,5147,0.3681,0.0119,0.0057,0.0046,-0.0217,0.05,0.09,0.02,0.075
2026-09-30T17:37:06+00:00,QQQ,2026-09-30,0,742.6,756.0,C,0.02,0.03,0.025,0.03,4365,1385,0.4201,0.0103,0.0048,0.0041,-0.0195,0.04,0.07,0.01,0.055
2026-09-30T17:37:06+00:00,QQQ,2026-09-30,0,742.6,757.0,C,0.01,0.02,0.015,0.01,4808,1778,0.4194,0.0092,0.0041,0.0037,-0.0181,0.02,0.05,0.01,0.045
2026-09-30T17:37:06+00:00,QQQ,2026-09-30,0,742.6,758.0,C,0.01,0.02,0.015,0.02,4274,1916,0.4447,0.0084,0.0036,0.0034,-0.0171,0.02,0.04,0.01,0.035
2026-09-30T17:37:06+00:00,QQQ,2026-09-30,0,742.6,759.0,C,0.01,0.02,0.015,0.01,1386,1929,0.4699,0.0077,0.0032,0.0031,-0.0165,0.02,0.03,0.01,0.035
2026-09-30T17:37:06+00:00,QQQ,2026-09-30,0,742.6,760.0,C,0.01,0.02,0.015,0.01,5242,13435,0.4948,0.0072,0.0029,0.0029,-0.0161,0.02,0.03,0.01,0.025
2026-09-30T17:37:06+00:00,QQQ,2026-09-30,0,742.6,761.0,C,0.0,0.01,0.01,0.01,3590,1789,0.4635,0.0068,0.0026,0.0028,-0.0158,0.01,0.04,0.01,0.025
2026-09-30T17:37:06+00:00,QQQ,2026-09-30,0,742.6,762.0,C,0.0,0.01,0.01,0.01,5563,3437,0.486,0.0065,0.0024,0.0027,-0.0155,0.01,0.02,0.01,0.015
2026-09-30T17:37:06+00:00,QQQ,2026-09-30,0,742.6,763.0,C,0.0,0.01,0.01,0.01,459,732,0.5083,0.0062,0.0022,0.0025,-0.0154,0.01,0.03,0.01,0.015
2026-09-30T17:37:06+00:00,QQQ,2026-09-30,0,742.6,764.0,C,0.0,0.01,0.01,0.01,359,1058,0.5305,0.0059,0.002,0.0024,-0.0152,0.01,0.02,0.01,0.015
2026-09-30T17:37:06+00:00,QQQ,2026-09-30,0,742.6,765.0,C,0.0,0.01,0.01,0.01,929,8345,0.5526,0.0056,0.0018,0.0023,-0.0151,0.02,0.02,0.01,0.015
2026-09-30T17:37:06+00:00,QQQ,2026-09-30,0,742.6,766.0,C,0.0,0.01,0.01,0.01,37,731,0.5746,0.0054,0.0017,0.0023,-0.015,0.02,0.02,0.01,0.005
2026-09-30T17:37:06+00:00,QQQ,2026-09-30,0,742.6,767.0,C,0.0,0.01,0.01,0.01,109,1092,0.5965,0.0052,0.0016,0.0022,-0.0149,0.01,0.01,0.01,0.005
2026-09-30T17:37:06+00:00,QQQ,2026-09-30,0,742.6,768.0,C,0.0,0.01,0.01,0.01,3,896,0.6183,0.005,0.0015,0.0021,-0.0148,0.02,0.02,0.01,0.005
2026-09-30T17:37:06+00:00,QQQ,2026-09-30,0,742.6,769.0,C,0.0,0.01,0.01,0.01,4,1544,0.64,0.0049,0.0014,0.002,-0.0148,0.01,0.01,0.01,0.005
2026-09-30T17:37:06+00:00,QQQ,2026-09-30,0,742.6,770.0,C,0.0,0.01,0.01,0.01,224,4874,0.6616,0.0047,0.0013,0.002,-0.0147,0.01,0.01,0.01,0.005
2026-09-30T17:37:06+00:00,QQQ,2026-09-30,0,742.6,771.0,C,0.0,0.01,0.01,0.01,0,554,0.6832,0.0046,0.0012,0.0019,-0.0146,0.0,0.0,0.0,0.005
2026-09-30T17:37:06+00:00,QQQ,2026-09-30,0,742.6,772.0,C,0.0,0.01,0.01,0.01,0,3929,0.7046,0.0044,0.0012,0.0019,-0.0145,0.0,0.0,0.0,0.005
2026-09-30T17:37:06+00:00,QQQ,2026-09-30,0,742.6,773.0,C,0.0,0.01,0.01,0.01,0,607,0.726,0.0043,0.0011,0.0018,-0.0144,0.0,0.0,0.0,0.005
2026-09-30T17:37:06+00:00,QQQ,2026-09-30,0,742.6,774.0,C,0.0,0.01,0.01,0.01,0,576,0.7472,0.0042,0.0011,0.0018,-0.0144,0.0,0.0,0.0,0.005
2026-09-30T17:37:06+00:00,QQQ,2026-09-30,0,742.6,775.0,C,0.0,0.01,0.01,0.01,0,1608,0.7684,0.004,0.001,0.0017,-0.0143,0.0,0.0,0.0,0.005
2026-09-30T17:37:06+00:00,QQQ,2026-09-30,0,742.6,776.0,C,0.0,0.01,0.01,0.01,5,617,0.7895,0.0039,0.001,0.0017,-0.0142,0.01,0.01,0.01,0.005
2026-09-30T17:37:06+00:00,QQQ,2026-09-30,0,742.6,777.0,C,0.0,0.01,0.01,0.01,0,575,0.8106,0.0038,0.0009,0.0016,-0.0141,0.0,0.0,0.0,0.005
2026-09-30T17:37:06+00:00,QQQ,2026-09-30,0,742.6,778.0,C,0.0,0.01,0.01,0.01,0,413,0.8315,0.0037,0.0009,0.0016,-0.0141,0.0,0.0,0.0,0.005
2026-09-30T17:37:06+00:00,QQQ,2026-09-30,0,742.6,779.0,C,0.0,0.01,0.02,0.02,0,569,0.8524,0.0036,0.0008,0.0016,-0.014,0.0,0.0,0.0,0.005
2026-09-30T17:37:06+00:00,QQQ,2026-09-30,0,742.6,785.0,C,0.0,0.01,0.01,0.01,1,1170,0.9764,0.0032,0.0006,0.0014,-0.0136,0.01,0.01,0.01,0.005
2026-09-30T17:37:06+00:00,QQQ,2026-09-30,0,742.6,805.0,C,0.0,0.01,0.01,0.01,9,501,1.3748,0.0021,0.0003,0.0009,-0.0123,0.01,0.01,0.01,0.005
2026-09-30T17:37:06+00:00,QQQ,2026-09-30,0,742.6,895.0,C,0.0,0.01,0.01,0.01,33,129,2.9743,0.0007,0.0001,0.0003,-0.0078,0.01,0.01,0.01,0.005
2026-09-30T17:37:06+00:00,QQQ,2026-09-30,0,742.6,945.0,C,0.0,0.01,0.01,0.01,25,141,3.7653,0.0005,0.0,0.0002,-0.006,0.01,0.01,0.01,0.005
2026-09-30T17:37:06+00:00,QQQ,2026-09-30,0,742.6,405.0,P,0.0,0.01,0.01,0.01,1,6534,0.0,0.0,0.0,0.0,-0.0005,0.01,0.01,0.01,0.005
2026-09-30T17:37:06+00:00,QQQ,2026-09-30,0,742.6,475.0,P,0.0,0.01,0.01,0.01,25,790,6.8546,-0.0001,0.0,0.0,-0.0016,0.01,0.01,0.01,0.005
2026-09-30T17:37:06+00:00,QQQ,2026-09-30,0,742.6,595.0,P,0.0,0.01,0.01,0.01,2,1452,3.5405,-0.0005,0.0,0.0002,-0.0065,0.01,0.01,0.01,0.01
2026-09-30T17:37:06+00:00,QQQ,2026-09-30,0,742.6,610.0,P,0.0,0.01,0.01,0.01,1,5289,3.1671,-0.0006,0.0,0.0003,-0.0075,0.01,0.01,0.01,0.01
2026-09-30T17:37:06+00:00,QQQ,2026-09-30,0,742.6,615.0,P,0.0,0.01,0.01,0.01,225,1347,3.0442,-0.0007,0.0,0.0003,-0.0078,0.01,0.01,0.01,0.01
2026-09-30T17:37:06+00:00,QQQ,2026-09-30,0,742.6,630.0,P,0.0,0.01,0.01,0.01,65,1992,2.6796,-0.0009,0.0001,0.0004,-0.0089,0.01,0.01,0.01,0.015
2026-09-30T17:37:06+00:00,QQQ,2026-09-30,0,742.6,635.0,P,0.0,0.01,0.01,0.01,5,1395,2.5594,-0.0009,0.0001,0.0004,-0.0092,0.01,0.01,0.01,0.015
2026-09-30T17:37:06+00:00,QQQ,2026-09-30,0,742.6,640.0,P,0.0,0.01,0.01,0.01,12,7664,2.4398,-0.001,0.0001,0.0005,-0.0096,0.01,0.01,0.01,0.015
2026-09-30T17:37:06+00:00,QQQ,2026-09-30,0,742.6,645.0,P,0.0,0.01,0.01,0.01,7,1611,2.3208,-0.0011,0.0001,0.0005,-0.01,0.01,0.02,0.01,0.015
2026-09-30T17:37:06+00:00,QQQ,2026-09-30,0,742.6,650.0,P,0.0,0.01,0.01,0.01,4,24622,2.2024,-0.0012,0.0001,0.0005,-0.0104,0.01,0.01,0.01,0.015
2026-09-30T17:37:06+00:00,QQQ,2026-09-30,0,742.6,653.0,P,0.0,0.01,0.01,0.01,10,146,2.1316,-0.0012,0.0001,0.0006,-0.0106,0.01,0.01,0.01,0.015
2026-09-30T17:37:06+00:00,QQQ,2026-09-30,0,742.6,655.0,P,0.0,0.01,0.01,0.01,6,1965,2.0845,-0.0013,0.0001,0.0006,-0.0108,0.01,0.01,0.01,0.015
2026-09-30T17:37:06+00:00,QQQ,2026-09-30,0,742.6,657.0,P,0.0,0.01,0.01,0.01,1,449,2.0375,-0.0013,0.0001,0.0006,-0.011,0.01,0.01,0.01,0.015
2026-09-30T17:37:06+00:00,QQQ,2026-09-30,0,742.6,660.0,P,0.0,0.01,0.01,0.01,183,8777,1.9671,-0.0014,0.0002,0.0006,-0.0112,0.01,0.01,0.01,0.015
2026-09-30T17:37:06+00:00,QQQ,2026-09-30,0,742.6,664.0,P,0.0,0.01,0.01,0.01,5,3247,1.8735,-0.0015,0.0002,0.0007,-0.0116,0.01,0.01,0.01,0.015
2026-09-30T17:37:06+00:00,QQQ,2026-09-30,0,742.6,665.0,P,0.0,0.01,0.01,0.01,8,5142,1.8501,-0.0015,0.0002,0.0007,-0.0117,0.01,0.01,0.01,0.015
2026-09-30T17:37:06+00:00,QQQ,2026-09-30,0,742.6,668.0,P,0.0,0.01,0.01,0.01,11,452,1.7801,-0.0016,0.0002,0.0007,-0.0119,0.01,0.01,0.01,0.015
2026-09-30T17:37:06+00:00,QQQ,2026-09-30,0,742.6,669.0,P,0.0,0.01,0.01,0.01,4,548,1.7568,-0.0016,0.0002,0.0007,-0.012,0.01,0.01,0.01,0.015
2026-09-30T17:37:06+00:00,QQQ,2026-09-30,0,742.6,670.0,P,0.0,0.01,0.01,0.01,15,3918,1.7336,-0.0017,0.0002,0.0008,-0.0121,0.01,0.01,0.01,0.015
2026-09-30T17:37:06+00:00,QQQ,2026-09-30,0,742.6,675.0,P,0.0,0.01,0.01,0.01,67,11012,1.6174,-0.0018,0.0002,0.0008,-0.0126,0.01,0.01,0.01,0.015
2026-09-30T17:37:06+00:00,QQQ,2026-09-30,0,742.6,677.0,P,0.0,0.01,0.01,0.01,20,1206,1.571,-0.0019,0.0003,0.0008,-0.0127,0.01,0.01,0.01,0.02
2026-09-30T17:37:06+00:00,QQQ,2026-09-30,0,742.6,678.0,P,0.0,0.01,0.01,0.01,11,203,1.5478,-0.002,0.0003,0.0009,-0.0128,0.01,0.01,0.01,0.02
2026-09-30T17:37:06+00:00,QQQ,2026-09-30,0,742.6,679.0,P,0.0,0.01,0.01,0.01,1,865,1.5247,-0.002,0.0003,0.0009,-0.0129,0.01,0.01,0.01,0.02
2026-09-30T17:37:06+00:00,QQQ,2026-09-30,0,742.6,680.0,P,0.0,0.01,0.01,0.01,27,16282,1.5015,-0.002,0.0003,0.0009,-0.013,0.01,0.01,0.01,0.02
2026-09-30T17:37:06+00:00,QQQ,2026-09-30,0,742.6,681.0,P,0.0,0.01,0.01,0.01,22,14388,1.4784,-0.0021,0.0003,0.0009,-0.0131,0.01,0.01,0.01,0.02
2026-09-30T17:37:06+00:00,QQQ,2026-09-30,0,742.6,682.0,P,0.0,0.01,0.01,0.01,20,2041,1.4553,-0.0021,0.0003,0.0009,-0.0132,0.01,0.01,0.01,0.02
2026-09-30T17:37:06+00:00,QQQ,2026-09-30,0,742.6,683.0,P,0.0,0.01,0.01,0.01,9,730,1.4321,-0.0022,0.0003,0.001,-0.0133,0.01,0.01,0.01,0.02
2026-09-30T17:37:06+00:00,QQQ,2026-09-30,0,742.6,684.0,P,0.0,0.01,0.01,0.01,8,403,1.409,-0.0022,0.0003,0.001,-0.0134,0.01,0.01,0.01,0.02
2026-09-30T17:37:06+00:00,QQQ,2026-09-30,0,742.6,685.0,P,0.0,0.01,0.01,0.01,24,9111,1.3859,-0.0022,0.0003,0.001,-0.0135,0.01,0.01,0.01,0.02
2026-09-30T17:37:06+00:00,QQQ,2026-09-30,0,742.6,686.0,P,0.0,0.01,0.01,0.01,1,392,1.3628,-0.0023,0.0003,0.001,-0.0136,0.01,0.01,0.01,0.025
2026-09-30T17:37:06+00:00,QQQ,2026-09-30,0,742.6,687.0,P,0.0,0.01,0.01,0.01,1,14676,1.3397,-0.0024,0.0004,0.001,-0.0137,0.01,0.01,0.01,0.025
2026-09-30T17:37:06+00:00,QQQ,2026-09-30,0,742.6,688.0,P,0.0,0.01,0.01,0.01,2,795,1.3166,-0.0024,0.0004,0.001,-0.0138,0.01,0.01,0.01,0.025
2026-09-30T17:37:06+00:00,QQQ,2026-09-30,0,742.6,690.0,P,0.0,0.01,0.01,0.01,33,24724,1.2705,-0.0025,0.0004,0.0011,-0.014,0.01,0.01,0.01,0.025
2026-09-30T17:37:06+00:00,QQQ,2026-09-30,0,742.6,691.0,P,0.0,0.01,0.01,0.01,30,790,1.2474,-0.0026,0.0004,0.0011,-0.0141,0.01,0.01,0.01,0.025
2026-09-30T17:37:06+00:00,QQQ,2026-09-30,0,742.6,692.0,P,0.0,0.01,0.01,0.01,55,646,1.2243,-0.0026,0.0004,0.0011,-0.0142,0.01,0.01,0.01,0.025
2026-09-30T17:37:06+00:00,QQQ,2026-09-30,0,742.6,693.0,P,0.0,0.01,0.01,0.01,35,770,1.2013,-0.0027,0.0004,0.0012,-0.0143,0.01,0.01,0.01,0.025
2026-09-30T17:37:06+00:00,QQQ,2026-09-30,0,742.6,695.0,P,0.0,0.01,0.01,0.01,191,18640,1.1551,-0.0028,0.0005,0.0012,-0.0145,0.01,0.01,0.01,0.025
2026-09-30T17:37:06+00:00,QQQ,2026-09-30,0,742.6,696.0,P,0.0,0.01,0.01,0.01,160,2911,1.1321,-0.0029,0.0005,0.0012,-0.0146,0.01,0.02,0.01,0.025
2026-09-30T17:37:06+00:00,QQQ,2026-09-30,0,742.6,697.0,P,0.0,0.01,0.01,0.01,55,485,1.109,-0.0029,0.0005,0.0013,-0.0147,0.01,0.01,0.01,0.025
2026-09-30T17:37:06+00:00,QQQ,2026-09-30,0,742.6,698.0,P,0.0,0.01,0.01,0.01,469,1252,1.0859,-0.003,0.0006,0.0013,-0.0148,0.01,0.01,0.01,0.025
2026-09-30T17:37:06+00:00,QQQ,2026-09-30,0,742.6,699.0,P,0.0,0.01,0.01,0.01,1676,1677,1.0629,-0.0031,0.0006,0.0013,-0.0149,0.01,0.02,0.01,0.025
2026-09-30T17:37:06+00:00,QQQ,2026-09-30,0,742.6,700.0,P,0.0,0.01,0.01,0.01,4056,23840,1.0398,-0.0032,0.0006,0.0014,-0.015,0.01,0.02,0.01,0.025
2026-09-30T17:37:06+00:00,QQQ,2026-09-30,0,742.6,701.0,P,0.0,0.01,0.01,0.01,5401,1133,1.0167,-0.0032,0.0006,0.0014,-0.0151,0.02,0.02,0.01,0.035
2026-09-30T17:37:06+00:00,QQQ,2026-09-30,0,742.6,702.0,P,0.0,0.01,0.01,0.01,6670,988,0.9936,-0.0033,0.0006,0.0014,-0.0152,0.01,0.02,0.01,0.035
2026-09-30T17:37:06+00:00,QQQ,2026-09-30,0,742.6,703.0,P,0.0,0.01,0.01,0.01,6686,874,0.9705,-0.0034,0.0007,0.0015,-0.0153,0.02,0.02,0.01,0.035
2026-09-30T17:37:06+00:00,QQQ,2026-09-30,0,742.6,704.0,P,0.0,0.01,0.01,0.01,10185,833,0.9474,-0.0035,0.0007,0.0015,-0.0154,0.01,0.02,0.01,0.035
2026-09-30T17:37:06+00:00,QQQ,2026-09-30,0,742.6,705.0,P,0.0,0.01,0.01,0.01,3127,22528,0.9243,-0.0036,0.0008,0.0015,-0.0155,0.01,0.02,0.01,0.035
2026-09-30T17:37:06+00:00,QQQ,2026-09-30,0,742.6,706.0,P,0.01,0.02,0.015,0.01,795,1360,0.9986,-0.0037,0.0008,0.0016,-0.0156,0.02,0.02,0.01,0.045
2026-09-30T17:37:06+00:00,QQQ,2026-09-30,0,742.6,707.0,P,0.01,0.02,0.015,0.02,258,2276,0.9734,-0.0038,0.0008,0.0016,-0.0157,0.01,0.02,0.01,0.045
2026-09-30T17:37:06+00:00,QQQ,2026-09-30,0,742.6,708.0,P,0.01,0.02,0.015,0.02,229,1105,0.9481,-0.0039,0.0009,0.0017,-0.0158,0.02,0.02,0.01,0.045
2026-09-30T17:37:06+00:00,QQQ,2026-09-30,0,742.6,709.0,P,0.01,0.02,0.015,0.02,450,2238,0.9229,-0.0041,0.0009,0.0017,-0.0159,0.03,0.03,0.01,0.055
2026-09-30T17:37:06+00:00,QQQ,2026-09-30,0,742.6,710.0,P,0.01,0.02,0.015,0.02,515,10223,0.8976,-0.0042,0.001,0.0018,-0.016,0.02,0.02,0.01,0.055
2026-09-30T17:37:06+00:00,QQQ,2026-09-30,0,742.6,711.0,P,0.01,0.02,0.015,0.01,930,2537,0.8723,-0.0043,0.001,0.0018,-0.0161,0.02,0.03,0.01,0.055
2026-09-30T17:37:06+00:00,QQQ,2026-09-30,0,742.6,712.0,P,0.01,0.02,0.015,0.01,1414,2625,0.8469,-0.0045,0.0011,0.0019,-0.0162,0.04,0.04,0.01,0.065
2026-09-30T17:37:06+00:00,QQQ,2026-09-30,0,742.6,713.0,P,0.01,0.02,0.015,0.01,533,1520,0.8216,-0.0046,0.0012,0.0019,-0.0164,0.01,0.04,0.01,0.065
2026-09-30T17:37:06+00:00,QQQ,2026-09-30,0,742.6,714.0,P,0.01,0.02,0.015,0.02,905,2772,0.7961,-0.0048,0.0012,0.002,-0.0165,0.04,0.05,0.01,0.075
2026-09-30T17:37:06+00:00,QQQ,2026-09-30,0,742.6,715.0,P,0.01,0.02,0.015,0.02,1022,10549,0.7707,-0.0049,0.0013,0.0021,-0.0166,0.06,0.06,0.01,0.085
2026-09-30T17:37:06+00:00,QQQ,2026-09-30,0,742.6,716.0,P,0.01,0.02,0.015,0.01,921,4371,0.7452,-0.0051,0.0014,0.0021,-0.0167,0.04,0.04,0.01,0.095
2026-09-30T17:37:06+00:00,QQQ,2026-09-30,0,742.6,717.0,P,0.01,0.02,0.015,0.02,3285,3333,0.7197,-0.0053,0.0015,0.0022,-0.0168,0.05,0.05,0.01,0.105
2026-09-30T17:37:06+00:00,QQQ,2026-09-30,0,742.6,718.0,P,0.01,0.02,0.015,0.02,1826,4091,0.6941,-0.0055,0.0016,0.0023,-0.017,0.05,0.06,0.01,0.125
2026-09-30T17:37:06+00:00,QQQ,2026-09-30,0,742.6,719.0,P,0.01,0.02,0.015,0.01,1819,2320,0.6685,-0.0058,0.0017,0.0024,-0.0172,0.07,0.07,0.01,0.135
2026-09-30T17:37:06+00:00,QQQ,2026-09-30,0,742.6,720.0,P,0.01,0.02,0.015,0.02,2583,45414,0.6428,-0.006,0.0019,0.0025,-0.0174,0.07,0.09,0.01,0.155
2026-09-30T17:37:06+00:00,QQQ,2026-09-30,0,742.6,721.0,P,0.01,0.02,0.015,0.01,1810,3072,0.617,-0.0063,0.002,0.0026,-0.0176,0.08,0.09,0.01,0.185
2026-09-30T17:37:06+00:00,QQQ,2026-09-30,0,742.6,722.0,P,0.01,0.02,0.015,0.01,2321,3269,0.5912,-0.0067,0.0022,0.0027,-0.0179,0.05,0.1,0.01,0.225
2026-09-30T17:37:06+00:00,QQQ,2026-09-30,0,742.6,723.0,P,0.01,0.02,0.015,0.01,2698,4071,0.5652,-0.0071,0.0024,0.0029,-0.0183,0.13,0.13,0.01,0.265
2026-09-30T17:37:06+00:00,QQQ,2026-09-30,0,742.6,724.0,P,0.01,0.02,0.015,0.02,2416,2907,0.5393,-0.0075,0.0027,0.003,-0.0188,0.12,0.13,0.01,0.315
2026-09-30T17:37:06+00:00,QQQ,2026-09-30,0,742.6,725.0,P,0.02,0.03,0.025,0.02,3635,9083,0.5456,-0.0081,0.003,0.0032,-0.0196,0.1,0.14,0.01,0.385
2026-09-30T17:37:06+00:00,QQQ,2026-09-30,0,742.6,726.0,P,0.02,0.03,0.025,0.03,3330,4682,0.5181,-0.0089,0.0034,0.0035,-0.0206,0.18,0.2,0.02,0.455
2026-09-30T17:37:06+00:00,QQQ,2026-09-30,0,742.6,727.0,P,0.02,0.03,0.025,0.02,4877,8135,0.4905,-0.0098,0.0039,0.0039,-0.0221,0.21,0.22,0.02,0.555
2026-09-30T17:37:06+00:00,QQQ,2026-09-30,0,742.6,728.0,P,0.02,0.03,0.025,0.02,8392,4151,0.4624,-0.0111,0.0045,0.0043,-0.0243,0.26,0.26,0.02,0.665
2026-09-30T17:37:06+00:00,QQQ,2026-09-30,0,742.6,729.0,P,0.03,0.04,0.035,0.03,6510,2276,0.4548,-0.013,0.0054,0.0049,-0.0275,0.31,0.31,0.02,0.805
2026-09-30T17:37:06+00:00,QQQ,2026-09-30,0,742.6,730.0,P,0.03,0.04,0.035,0.04,78387,67863,0.4257,-0.0155,0.0066,0.0057,-0.0321,0.3,0.43,0.03,0.965
2026-09-30T17:37:06+00:00,QQQ,2026-09-30,0,742.6,731.0,P,0.04,0.05,0.045,0.04,12051,3284,0.4116,-0.019,0.0082,0.0068,-0.0388,0.41,0.47,0.03,1.155
2026-09-30T17:37:06+00:00,QQQ,2026-09-30,0,742.6,732.0,P,0.04,0.05,0.045,0.05,14991,5436,0.394,-0.0238,0.0104,0.0083,-0.048,0.53,0.58,0.04,1.375
2026-09-30T17:37:06+00:00,QQQ,2026-09-30,0,742.6,733.0,P,0.06,0.07,0.065,0.07,29646,3172,0.373,-0.0308,0.0134,0.0102,-0.0617,0.65,0.71,0.05,1.635
2026-09-30T17:37:06+00:00,QQQ,2026-09-30,0,742.6,734.0,P,0.08,0.09,0.085,0.08,23020,4392,0.3578,-0.0407,0.0175,0.0128,-0.0817,0.79,0.94,0.05,1.925
2026-09-30T17:37:06+00:00,QQQ,2026-09-30,0,742.6,735.0,P,0.1,0.11,0.105,0.11,57358,11383,0.3377,-0.0547,0.0231,0.0162,-0.1111,1.02,1.04,0.07,2.255
2026-09-30T17:37:06+00:00,QQQ,2026-09-30,0,742.6,736.0,P,0.15,0.16,0.155,0.16,111953,60352,0.3296,-0.0746,0.0305,0.0204,-0.1542,1.3,1.34,0.09,2.625
2026-09-30T17:37:06+00:00,QQQ,2026-09-30,0,742.6,737.0,P,0.21,0.22,0.215,0.21,54301,9085,0.3168,-0.1024,0.04,0.0258,-0.218,1.45,1.64,0.12,3.045
2026-09-30T17:37:06+00:00,QQQ,2026-09-30,0,742.6,738.0,P,0.3,0.31,0.305,0.3,66961,4259,0.3058,-0.1409,0.0517,0.032,-0.3116,1.83,1.95,0.16,3.51
2026-09-30T17:37:06+00:00,QQQ,2026-09-30,0,742.6,739.0,P,0.45,0.46,0.455,0.46,84474,3360,0.2982,-0.1924,0.0651,0.039,-0.4478,2.18,2.32,0.23,4.02
2026-09-30T17:37:06+00:00,QQQ,2026-09-30,0,742.6,740.0,P,0.63,0.64,0.635,0.64,154343,3598,0.2898,-0.259,0.0791,0.0458,-0.6422,2.61,2.77,0.32,4.58
2026-09-30T17:37:06+00:00,QQQ,2026-09-30,0,742.6,741.0,P,0.92,0.93,0.925,0.92,133964,1156,0.2836,-0.3408,0.0916,0.0517,-0.9122,3.04,3.21,0.46,5.2
2026-09-30T17:37:06+00:00,QQQ,2026-09-30,0,742.6,742.0,P,1.26,1.27,1.265,1.28,209493,1950,0.2782,-0.4353,0.1001,0.0554,-1.2748,3.61,3.78,0.66,5.87
2026-09-30T17:37:06+00:00,QQQ,2026-09-30,0,742.6,743.0,P,1.75,1.77,1.76,1.75,200270,795,0.2741,-0.5369,0.1023,0.0559,-1.3729,4.29,4.43,0.92,6.585
2026-09-30T17:37:06+00:00,QQQ,2026-09-30,0,742.6,744.0,P,2.32,2.33,2.325,2.33,161941,711,0.2722,-0.6377,0.0972,0.0528,-0.9514,5.08,5.08,1.26,7.335
2026-09-30T17:37:06+00:00,QQQ,2026-09-30,0,742.6,745.0,P,2.99,3.04,3.015,2.96,53205,1673,0.2674,-0.7297,0.0859,0.0468,-0.636,5.87,5.87,1.68,8.135
2026-09-30T17:37:06+00:00,QQQ,2026-09-30,0,742.6,746.0,P,3.72,3.82,3.77,3.77,15966,679,0.2696,-0.8067,0.0708,0.0391,-0.413,5.93,5.93,2.25,8.8
2026-09-30T17:37:06+00:00,QQQ,2026-09-30,0,742.6,747.0,P,4.56,4.68,4.62,4.68,4826,1637,0.2728,-0.8662,0.055,0.031,-0.2637,7.53,7.53,2.88,9.79
2026-09-30T17:37:06+00:00,QQQ,2026-09-30,0,742.6,748.0,P,5.46,5.6,5.53,5.52,2376,492,0.2788,-0.9091,0.0409,0.0237,-0.1683,8.1,8.1,3.63,10.715
2026-09-30T17:37:06+00:00,QQQ,2026-09-30,0,742.6,749.0,P,6.39,6.53,6.46,6.31,911,90,0.2901,-0.9382,0.0296,0.0178,-0.1092,7.08,8.3,4.36,11.485
2026-09-30T17:37:06+00:00,QQQ,2026-09-30,0,742.6,750.0,P,7.35,7.51,7.43,7.38,1596,594,0.2918,-0.9573,0.0214,0.0134,-0.0734,10.0,10.0,5.2,12.505
2026-09-30T17:37:06+00:00,QQQ,2026-09-30,0,742.6,751.0,P,8.32,8.47,8.395,8.52,425,42,0.3137,-0.9696,0.0155,0.0102,-0.0517,9.84,10.04,6.63,13.545
2026-09-30T17:37:06+00:00,QQQ,2026-09-30,0,742.6,752.0,P,9.32,9.46,9.39,9.61,490,29,0.3255,-0.9774,0.0116,0.008,-0.0385,10.47,10.47,7.37,14.58
2026-09-30T17:37:06+00:00,QQQ,2026-09-30,0,742.6,753.0,P,10.31,10.45,10.38,10.61,451,16,0.3466,-0.9825,0.0089,0.0064,-0.0302,12.22,13.11,8.3,15.56
2026-09-30T17:37:06+00:00,QQQ,2026-09-30,0,742.6,754.0,P,11.3,11.45,11.375,9.9,155,0,0.342,-0.9859,0.007,0.0054,-0.025,10.68,11.42,9.02,16.465
2026-09-30T17:37:06+00:00,QQQ,2026-09-30,0,742.6,755.0,P,12.31,12.44,12.375,12.2,43,4,0.3815,-0.9881,0.0057,0.0046,-0.0217,13.67,13.67,10.41,17.51
2026-09-30T17:37:06+00:00,QQQ,2026-09-30,0,742.6,756.0,P,13.29,13.44,13.365,11.68,7,14,0.408,-0.9897,0.0048,0.0041,-0.0196,12.91,12.98,11.68,17.745
2026-09-30T17:37:06+00:00,QQQ,2026-09-30,0,742.6,757.0,P,14.27,14.44,14.355,12.78,10,1,0.4192,-0.9908,0.0041,0.0037,-0.0181,13.85,13.85,12.76,18.795
2026-09-30T17:37:06+00:00,QQQ,2026-09-30,0,742.6,758.0,P,15.3,15.44,15.37,13.47,9,0,0.4246,-0.9916,0.0036,0.0034,-0.0172,13.81,14.98,13.17,19.775
2026-09-30T17:37:06+00:00,QQQ,2026-09-30,0,742.6,759.0,P,16.3,16.44,16.37,15.98,8,0,0.4697,-0.9922,0.0032,0.0031,-0.0166,15.98,15.98,15.98,20.745
2026-09-30T17:37:06+00:00,QQQ,2026-09-30,0,742.6,760.0,P,17.29,17.44,17.365,16.01,4,30,0.4729,-0.9928,0.0029,0.003,-0.0161,15.99,16.01,15.51,22.57
2026-09-30T17:37:06+00:00,QQQ,2026-09-30,0,742.6,761.0,P,18.28,18.43,18.355,17.66,5,0,0.4968,-0.9932,0.0026,0.0028,-0.0158,17.66,17.66,17.66,22.755
2026-09-30T17:37:06+00:00,QQQ,2026-09-30,0,742.6,762.0,P,19.28,19.43,19.355,17.97,1,2,0.4859,-0.9935,0.0024,0.0027,-0.0156,17.97,17.97,17.97,23.76
2026-09-30T17:37:06+00:00,QQQ,2026-09-30,0,742.6,763.0,P,20.29,20.43,20.36,19.01,11,0,0.5082,-0.9938,0.0022,0.0026,-0.0154,22.26,23.09,19.01,24.755
2026-09-30T17:37:06+00:00,QQQ,2026-09-30,0,742.6,764.0,P,21.29,21.43,21.36,20.57,12,0,0.3344,-0.9941,0.002,0.0024,-0.0153,22.33,22.33,20.53,25.76
2026-09-30T17:37:06+00:00,QQQ,2026-09-30,0,742.6,765.0,P,22.27,22.43,22.35,21.21,3,1,0.0,-0.9943,0.0019,0.0024,-0.0152,23.25,23.25,21.21,26.755
2026-09-30T17:37:06+00:00,QQQ,2026-09-30,0,742.6,766.0,P,23.27,23.43,23.35,24.26,14,0,0.0,-0.9946,0.0017,0.0023,-0.0151,25.07,25.98,24.09,27.75
2026-09-30T17:37:06+00:00,QQQ,2026-09-30,0,742.6,767.0,P,24.29,24.44,24.365,24.6,29,0,0.0,-0.9948,0.0016,0.0022,-0.0149,25.51,27.36,23.35,28.78
2026-09-30T17:37:06+00:00,QQQ,2026-09-30,0,742.6,768.0,P,23.65,26.83,25.24,24.55,58,0,0.0,-0.9949,0.0015,0.0021,-0.0149,27.06,28.01,22.6,30.6
2026-09-30T17:37:06+00:00,QQQ,2026-09-30,0,742.6,769.0,P,24.47,28.07,26.27,25.54,90,0,0.0,-0.9951,0.0014,0.002,-0.0148,27.98,29.01,23.35,30.785
2026-09-30T17:37:06+00:00,QQQ,2026-09-30,0,742.6,770.0,P,25.47,29.08,27.275,25.74,124,0,0.0,-0.9953,0.0013,0.002,-0.0148,27.8,30.11,25.7,31.8
2026-09-30T17:37:06+00:00,QQQ,2026-09-30,0,742.6,771.0,P,26.5,30.07,28.285,25.19,38,0,0.0,-0.9954,0.0012,0.0019,-0.0147,31.72,31.72,25.19,32.78
2026-09-30T17:37:06+00:00,QQQ,2026-09-30,0,742.6,772.0,P,27.5,31.1,29.3,29.05,3,0,0.0,-0.9956,0.0012,0.0019,-0.0146,31.25,31.31,29.05,33.78
2026-09-30T17:37:06+00:00,QQQ,2026-09-30,0,742.6,773.0,P,28.5,32.07,30.285,29.98,1,0,0.0,-0.9957,0.0011,0.0018,-0.0145,29.98,29.98,29.98,34.78
2026-09-30T17:37:06+00:00,QQQ,2026-09-30,0,742.6,774.0,P,29.5,33.07,31.285,31.61,0,0,0.0,-0.9958,0.0011,0.0018,-0.0144,0.0,0.0,0.0,35.8
2026-09-30T17:37:06+00:00,QQQ,2026-09-30,0,742.6,775.0,P,30.5,34.19,32.345,30.37,20,0,0.0,-0.9959,0.001,0.0017,-0.0144,30.37,30.37,30.37,37.085
2026-09-30T17:37:06+00:00,QQQ,2026-09-30,0,742.6,776.0,P,31.5,35.05,33.275,36.22,0,0,0.0,-0.9961,0.001,0.0017,-0.0143,0.0,0.0,0.0,38.095
2026-09-30T17:37:06+00:00,QQQ,2026-09-30,0,742.6,777.0,P,32.5,36.1,34.3,34.5,0,0,0.0,-0.9962,0.0009,0.0016,-0.0142,0.0,0.0,0.0,39.085
2026-09-30T17:37:06+00:00,QQQ,2026-09-30,0,742.6,778.0,P,33.5,37.07,35.285,36.17,0,0,0.0,-0.9963,0.0009,0.0016,-0.0142,0.0,0.0,0.0,40.08
2026-09-30T17:37:06+00:00,QQQ,2026-09-30,0,742.6,779.0,P,34.5,38.1,36.3,36.44,0,0,0.0,-0.9964,0.0008,0.0016,-0.0141,0.0,0.0,0.0,41.095
2026-09-30T17:37:06+00:00,QQQ,2026-09-30,0,742.6,795.0,P,50.41,54.04,52.225,50.49,4,0,0.0,-0.9974,0.0004,0.0011,-0.013,50.52,50.52,50.48,57.19
2026-09-30T17:37:06+00:00,QQQ,2026-09-30,0,742.6,796.0,P,51.41,55.09,53.25,51.41,4,0,0.0,-0.9975,0.0004,0.0011,-0.0129,51.45,51.45,51.41,58.095
2026-09-30T17:37:06+00:00,QQQ,2026-09-30,0,742.6,802.0,P,57.5,61.0,59.25,58.32,4,0,0.0,-0.9978,0.0004,0.001,-0.0125,57.24,58.32,57.24,64.095
2026-09-30T17:37:06+00:00,QQQ,2026-09-30,0,742.6,803.0,P,58.5,62.02,60.26,59.24,4,0,0.0,-0.9978,0.0003,0.001,-0.0125,58.16,59.24,58.16,65.09
2026-09-30T17:37:06+00:00,QQQ,2026-09-30,0,742.6,845.0,P,100.5,104.05,102.275,101.15,1,0,0.0,-0.9988,0.0001,0.0006,-0.0101,101.15,101.15,101.15,107.245
2026-09-30T17:37:06+00:00,QQQ,2026-09-30,0,742.6,846.0,P,101.5,105.05,103.275,102.08,1,0,0.0,-0.9988,0.0001,0.0006,-0.01,102.08,102.08,102.08,108.115
2026-09-30T17:37:06+00:00,QQQ,2026-09-30,0,742.6,859.0,P,114.5,118.05,116.275,115.4,1,0,0.0,-0.999,0.0001,0.0005,-0.0094,115.4,115.4,115.4,121.095
2026-09-30T17:37:06+00:00,QQQ,2026-09-30,0,742.6,860.0,P,115.5,119.03,117.265,116.86,9,0,0.0,-0.999,0.0001,0.0005,-0.0093,116.35,116.86,116.19,122.19
2026-09-30T17:37:06+00:00,QQQ,2026-09-30,0,742.6,861.0,P,116.5,120.06,118.28,117.86,8,0,0.0,-0.999,0.0001,0.0005,-0.0093,117.13,117.86,117.13,123.08
2026-09-30T17:52:06+00:00,QQQ,2026-09-30,0,742.8,510.0,C,231.06,234.35,232.705,233.48,1,0,0.0,0.9998,0.0,0.0001,-0.0026,233.48,233.48,233.48,227.91
2026-09-30T17:52:06+00:00,QQQ,2026-09-30,0,742.8,515.0,C,226.03,229.37,227.7,228.55,1,0,0.0,0.9998,0.0,0.0001,-0.0028,228.55,228.55,228.55,222.955
2026-09-30T17:52:06+00:00,QQQ,2026-09-30,0,742.8,530.0,C,211.02,214.44,212.73,214.01,4,1,0.0,0.9998,0.0,0.0001,-0.0034,214.06,214.06,214.01,207.99
2026-09-30T17:52:06+00:00,QQQ,2026-09-30,0,742.8,535.0,C,206.07,209.26,207.665,209.09,4,0,0.0,0.9998,0.0,0.0001,-0.0036,209.14,209.14,209.09,202.94
2026-09-30T17:52:06+00:00,QQQ,2026-09-30,0,742.8,585.0,C,156.03,159.42,157.725,158.65,1,2,0.0,0.9995,0.0,0.0002,-0.006,158.65,158.65,158.65,152.985
2026-09-30T17:52:06+00:00,QQQ,2026-09-30,0,742.8,600.0,C,141.03,144.42,142.725,143.97,13,63,0.0,0.9994,0.0,0.0003,-0.007,141.56,143.97,141.56,138.085
2026-09-30T17:52:06+00:00,QQQ,2026-09-30,0,742.8,605.0,C,136.03,139.2,137.615,138.79,6,48,0.0,0.9994,0.0,0.0003,-0.0073,138.68,138.79,138.57,133.035
2026-09-30T17:52:06+00:00,QQQ,2026-09-30,0,742.8,610.0,C,131.03,134.25,132.64,134.07,10,116,0.0,0.9993,0.0,0.0003,-0.0076,133.75,134.2,133.58,128.03
2026-09-30T17:52:06+00:00,QQQ,2026-09-30,0,742.8,615.0,C,126.03,129.39,127.71,128.56,6,106,0.0,0.9993,0.0001,0.0003,-0.008,128.0,128.56,128.0,123.005
2026-09-30T17:52:06+00:00,QQQ,2026-09-30,0,742.8,620.0,C,121.03,124.37,122.7,123.53,3,134,0.0,0.9992,0.0001,0.0003,-0.0083,123.53,123.53,123.53,118.01
2026-09-30T17:52:06+00:00,QQQ,2026-09-30,0,742.8,635.0,C,106.07,109.34,107.705,106.39,1,311,0.0,0.999,0.0001,0.0004,-0.0094,106.39,106.39,106.39,103.045
2026-09-30T17:52:06+00:00,QQQ,2026-09-30,0,742.8,650.0,C,91.07,94.34,92.705,93.6,11,773,0.0,0.9988,0.0001,0.0005,-0.0106,92.95,93.71,92.95,87.9
2026-09-30T17:52:06+00:00,QQQ,2026-09-30,0,742.8,654.0,C,87.04,90.34,88.69,89.19,2,9,0.0,0.9987,0.0001,0.0006,-0.0109,89.17,89.19,89.17,84.06
2026-09-30T17:52:06+00:00,QQQ,2026-09-30,0,742.8,655.0,C,86.04,89.34,87.69,88.26,2,218,0.0,0.9987,0.0001,0.0006,-0.011,88.24,88.26,88.24,83.08
2026-09-30T17:52:06+00:00,QQQ,2026-09-30,0,742.8,661.0,C,80.04,83.45,81.745,82.2,1,1,0.0,0.9986,0.0002,0.0006,-0.0115,82.2,82.2,82.2,77.055
2026-09-30T17:52:06+00:00,QQQ,2026-09-30,0,742.8,662.0,C,79.04,82.42,80.73,81.25,1,58,0.0,0.9985,0.0002,0.0006,-0.0116,81.25,81.25,81.25,76.05
2026-09-30T17:52:06+00:00,QQQ,2026-09-30,0,742.8,664.0,C,77.04,80.42,78.73,79.59,1,56,0.0,0.9985,0.0002,0.0007,-0.0118,79.59,79.59,79.59,74.05
2026-09-30T17:52:06+00:00,QQQ,2026-09-30,0,742.8,665.0,C,76.07,79.38,77.725,78.12,3,713,0.0,0.9984,0.0002,0.0007,-0.0119,78.67,78.67,78.12,72.915
2026-09-30T17:52:06+00:00,QQQ,2026-09-30,0,742.8,666.0,C,75.04,78.32,76.68,75.0,1,3,0.0,0.9984,0.0002,0.0007,-0.012,75.0,75.0,75.0,72.055
2026-09-30T17:52:06+00:00,QQQ,2026-09-30,0,742.8,669.0,C,72.04,75.42,73.73,74.49,1,11,0.0,0.9983,0.0002,0.0007,-0.0122,74.49,74.49,74.49,69.05
2026-09-30T17:52:06+00:00,QQQ,2026-09-30,0,742.8,670.0,C,71.07,74.37,72.72,73.56,1,306,0.0,0.9983,0.0002,0.0007,-0.0123,73.56,73.56,73.56,68.055
2026-09-30T17:52:06+00:00,QQQ,2026-09-30,0,742.8,672.0,C,69.04,72.35,70.695,70.99,1,66,0.0,0.9982,0.0002,0.0008,-0.0125,70.99,70.99,70.99,66.055
2026-09-30T17:52:06+00:00,QQQ,2026-09-30,0,742.8,673.0,C,68.04,71.27,69.655,70.04,1,52,0.0,0.9982,0.0002,0.0008,-0.0126,70.04,70.04,70.04,65.05
2026-09-30T17:52:06+00:00,QQQ,2026-09-30,0,742.8,675.0,C,66.08,69.29,67.685,67.82,1,401,0.0,0.9981,0.0002,0.0008,-0.0128,67.82,67.82,67.82,63.06
2026-09-30T17:52:06+00:00,QQQ,2026-09-30,0,742.8,680.0,C,61.08,64.37,62.725,63.23,2,684,0.0,0.998,0.0003,0.0009,-0.0132,61.68,63.23,61.68,57.905
2026-09-30T17:52:06+00:00,QQQ,2026-09-30,0,742.8,683.0,C,58.04,61.37,59.705,60.68,7,33,0.0,0.9978,0.0003,0.0009,-0.0135,60.68,60.68,60.68,55.06
2026-09-30T17:52:06+00:00,QQQ,2026-09-30,0,742.8,685.0,C,56.08,59.41,57.745,59.05,9,432,0.0,0.9977,0.0003,0.001,-0.0137,59.72,59.72,59.05,53.06
2026-09-30T17:52:06+00:00,QQQ,2026-09-30,0,742.8,689.0,C,52.04,55.38,53.71,54.41,14,147,0.0,0.9975,0.0004,0.001,-0.0141,55.03,55.03,54.41,49.055
2026-09-30T17:52:06+00:00,QQQ,2026-09-30,0,742.8,690.0,C,51.08,54.35,52.715,52.86,34,2878,0.0,0.9975,0.0004,0.001,-0.0142,53.13,54.1,52.86,47.915
2026-09-30T17:52:06+00:00,QQQ,2026-09-30,0,742.8,691.0,C,50.04,53.38,51.71,52.4,12,77,0.0,0.9974,0.0004,0.0011,-0.0143,52.4,52.4,52.4,47.065
2026-09-30T17:52:06+00:00,QQQ,2026-09-30,0,742.8,692.0,C,49.04,52.35,50.695,51.45,1,61,0.0,0.9974,0.0004,0.0011,-0.0144,51.45,51.45,51.45,46.065
2026-09-30T17:52:06+00:00,QQQ,2026-09-30,0,742.8,693.0,C,48.04,51.38,49.71,50.7,2,44,0.0,0.9973,0.0004,0.0011,-0.0145,51.7,51.7,50.7,45.065
2026-09-30T17:52:06+00:00,QQQ,2026-09-30,0,742.8,698.0,C,43.05,46.37,44.71,46.09,5,60,0.0,0.997,0.0006,0.0012,-0.015,43.94,47.51,43.76,40.07
2026-09-30T17:52:06+00:00,QQQ,2026-09-30,0,742.8,699.0,C,42.05,45.27,43.66,45.3,3,104,0.0,0.9969,0.0006,0.0013,-0.0151,45.16,45.3,45.16,39.095
2026-09-30T17:52:06+00:00,QQQ,2026-09-30,0,742.8,700.0,C,41.05,44.22,42.635,43.61,93,2608,0.0,0.9968,0.0006,0.0013,-0.0152,41.61,44.36,40.8,37.895
2026-09-30T17:52:06+00:00,QQQ,2026-09-30,0,742.8,702.0,C,39.66,42.27,40.965,41.91,2,190,1.4942,0.9966,0.0006,0.0014,-0.0154,41.8,41.91,41.8,35.885
2026-09-30T17:52:06+00:00,QQQ,2026-09-30,0,742.8,703.0,C,38.65,40.66,39.655,40.99,1,158,0.0,0.9966,0.0007,0.0014,-0.0155,40.99,40.99,40.99,34.89
2026-09-30T17:52:06+00:00,QQQ,2026-09-30,0,742.8,704.0,C,37.43,40.35,38.89,39.4,10,358,1.2711,0.9964,0.0007,0.0014,-0.0156,39.4,39.4,39.4,33.89
2026-09-30T17:52:06+00:00,QQQ,2026-09-30,0,742.8,705.0,C,36.67,38.68,37.675,38.5,2,1394,0.0,0.9964,0.0008,0.0015,-0.0157,36.47,38.5,36.47,32.89
2026-09-30T17:52:06+00:00,QQQ,2026-09-30,0,742.8,706.0,C,35.67,37.66,36.665,37.99,15,401,0.0,0.9962,0.0008,0.0015,-0.0158,36.45,38.45,35.0,31.88
2026-09-30T17:52:06+00:00,QQQ,2026-09-30,0,742.8,707.0,C,34.67,36.66,35.665,36.15,10,297,0.0,0.9961,0.0008,0.0016,-0.0159,36.97,38.03,35.45,30.895
2026-09-30T17:52:06+00:00,QQQ,2026-09-30,0,742.8,708.0,C,33.67,35.66,34.665,36.78,12,520,0.0,0.996,0.0009,0.0016,-0.016,34.33,36.78,34.33,29.885
2026-09-30T17:52:06+00:00,QQQ,2026-09-30,0,742.8,709.0,C,32.67,34.66,33.665,35.0,41,343,0.0,0.9959,0.0009,0.0016,-0.0161,32.8,35.0,32.8,28.9
2026-09-30T17:52:06+00:00,QQQ,2026-09-30,0,742.8,710.0,C,31.67,33.66,32.665,32.72,53,3549,0.0,0.9958,0.001,0.0017,-0.0162,31.0,34.15,31.0,27.9
2026-09-30T17:52:06+00:00,QQQ,2026-09-30,0,742.8,711.0,C,30.68,32.66,31.67,31.48,37,435,0.0,0.9956,0.001,0.0018,-0.0164,31.51,32.56,31.44,26.905
2026-09-30T17:52:06+00:00,QQQ,2026-09-30,0,742.8,712.0,C,29.67,31.77,30.72,32.09,34,373,0.0,0.9955,0.0011,0.0018,-0.0165,29.62,32.84,29.62,25.895
2026-09-30T17:52:06+00:00,QQQ,2026-09-30,0,742.8,713.0,C,29.51,30.84,30.175,30.83,21,413,1.3454,0.9954,0.0012,0.0018,-0.0166,29.28,31.93,28.56,24.91
2026-09-30T17:52:06+00:00,QQQ,2026-09-30,0,742.8,714.0,C,27.68,29.84,28.76,30.42,10,666,0.0,0.9952,0.0012,0.0019,-0.0167,29.65,30.42,29.12,23.975
2026-09-30T17:52:06+00:00,QQQ,2026-09-30,0,742.8,715.0,C,26.68,29.05,27.865,28.17,64,3048,0.8743,0.995,0.0013,0.002,-0.0168,24.99,29.42,24.99,23.08
2026-09-30T17:52:06+00:00,QQQ,2026-09-30,0,742.8,716.0,C,25.67,27.85,26.76,26.3,85,3407,0.0,0.9948,0.0014,0.002,-0.0169,24.84,29.48,24.06,22.1
2026-09-30T17:52:06+00:00,QQQ,2026-09-30,0,742.8,717.0,C,25.78,26.24,26.01,25.14,112,847,1.0554,0.9947,0.0015,0.0021,-0.017,25.32,28.04,24.64,21.005
2026-09-30T17:52:06+00:00,QQQ,2026-09-30,0,742.8,718.0,C,24.78,25.11,24.945,24.14,46,487,0.945,0.9944,0.0016,0.0022,-0.0172,23.66,26.45,23.66,20.115
2026-09-30T17:52:06+00:00,QQQ,2026-09-30,0,742.8,719.0,C,23.78,23.9,23.84,23.14,32,737,0.6293,0.9942,0.0017,0.0023,-0.0173,22.25,25.5,22.25,19.13
2026-09-30T17:52:06+00:00,QQQ,2026-09-30,0,742.8,720.0,C,22.79,22.9,22.845,22.83,165,8914,0.647,0.994,0.0018,0.0024,-0.0175,21.46,24.68,20.87,18.07
2026-09-30T17:52:06+00:00,QQQ,2026-09-30,0,742.8,721.0,C,21.78,21.91,21.845,21.14,74,5762,0.6211,0.9937,0.002,0.0025,-0.0176,22.43,23.66,21.14,17.185
2026-09-30T17:52:06+00:00,QQQ,2026-09-30,0,742.8,722.0,C,20.78,20.91,20.845,19.9,9,720,0.5951,0.9934,0.0022,0.0026,-0.0178,19.43,22.16,19.43,16.22
2026-09-30T17:52:06+00:00,QQQ,2026-09-30,0,742.8,723.0,C,19.77,19.91,19.84,20.38,43,977,0.6147,0.993,0.0024,0.0027,-0.0181,18.03,21.19,17.97,15.225
2026-09-30T17:52:06+00:00,QQQ,2026-09-30,0,742.8,724.0,C,18.79,18.92,18.855,18.6,17,508,0.5869,0.9926,0.0026,0.0028,-0.0185,17.01,20.32,17.01,13.975
2026-09-30T17:52:06+00:00,QQQ,2026-09-30,0,742.8,725.0,C,17.79,17.91,17.85,17.77,55,10563,0.5404,0.9922,0.0029,0.003,-0.019,16.0,19.47,16.0,13.345
2026-09-30T17:52:06+00:00,QQQ,2026-09-30,0,742.8,726.0,C,16.79,16.91,16.85,16.69,56,9021,0.5132,0.9916,0.0032,0.0032,-0.0196,16.35,18.56,15.33,12.4
2026-09-30T17:52:06+00:00,QQQ,2026-09-30,0,742.8,727.0,C,15.79,15.91,15.85,15.62,43,2754,0.4858,0.9908,0.0036,0.0035,-0.0206,14.04,17.15,13.91,11.53
2026-09-30T17:52:06+00:00,QQQ,2026-09-30,0,742.8,728.0,C,14.79,14.91,14.85,15.72,36,1270,0.4583,0.9898,0.0042,0.0038,-0.0221,14.23,16.6,13.18,10.325
2026-09-30T17:52:06+00:00,QQQ,2026-09-30,0,742.8,729.0,C,13.8,13.92,13.86,14.74,59,290,0.4592,0.9884,0.0049,0.0043,-0.0242,12.71,15.69,11.93,9.46
2026-09-30T17:52:06+00:00,QQQ,2026-09-30,0,742.8,730.0,C,12.78,12.92,12.85,12.76,657,10170,0.4176,0.9865,0.0059,0.0049,-0.0274,9.89,15.03,9.89,8.62
2026-09-30T17:52:06+00:00,QQQ,2026-09-30,0,742.8,731.0,C,11.8,11.94,11.87,11.52,148,424,0.4199,0.9838,0.0072,0.0057,-0.032,9.4,13.85,9.2,7.81
2026-09-30T17:52:06+00:00,QQQ,2026-09-30,0,742.8,732.0,C,10.81,10.94,10.875,11.01,309,1890,0.397,0.9799,0.0091,0.0068,-0.0388,8.41,13.04,8.41,7.03
2026-09-30T17:52:06+00:00,QQQ,2026-09-30,0,742.8,733.0,C,9.8,9.95,9.875,9.96,231,956,0.3723,0.9744,0.0117,0.0084,-0.0488,7.64,11.87,7.64,6.29
2026-09-30T17:52:06+00:00,QQQ,2026-09-30,0,742.8,734.0,C,8.82,8.96,8.89,8.88,408,824,0.3668,0.9666,0.0153,0.0105,-0.0635,6.64,10.89,6.64,5.59
2026-09-30T17:52:06+00:00,QQQ,2026-09-30,0,742.8,735.0,C,7.84,7.97,7.905,7.87,2013,7104,0.3322,0.9552,0.0203,0.0132,-0.0853,5.91,10.0,5.87,4.925
2026-09-30T17:52:06+00:00,QQQ,2026-09-30,0,742.8,736.0,C,6.87,7.0,6.935,7.11,1258,1866,0.3256,0.9386,0.0272,0.0169,-0.118,5.15,9.1,5.0,4.3
2026-09-30T17:52:06+00:00,QQQ,2026-09-30,0,742.8,737.0,C,5.92,6.06,5.99,5.91,2839,2440,0.3141,0.9148,0.0364,0.0216,-0.1674,4.38,8.2,4.32,3.715
2026-09-30T17:52:06+00:00,QQQ,2026-09-30,0,742.8,738.0,C,5.0,5.11,5.055,5.24,8886,5060,0.3033,0.8806,0.0483,0.0275,-0.2425,3.67,7.22,3.61,3.175
2026-09-30T17:52:06+00:00,QQQ,2026-09-30,0,742.8,739.0,C,4.13,4.18,4.155,4.16,10302,6076,0.2974,0.8328,0.0627,0.0343,-0.3562,3.19,6.36,3.0,2.685
2026-09-30T17:52:06+00:00,QQQ,2026-09-30,0,742.8,740.0,C,3.31,3.35,3.33,3.38,34819,15422,0.2904,0.7685,0.0785,0.0415,-0.5253,2.58,5.45,2.46,2.25
2026-09-30T17:52:06+00:00,QQQ,2026-09-30,0,742.8,741.0,C,2.57,2.59,2.58,2.59,50574,4935,0.2827,0.6867,0.0934,0.048,-0.7692,2.18,4.61,1.95,1.865
2026-09-30T17:52:06+00:00,QQQ,2026-09-30,0,742.8,742.0,C,1.92,1.93,1.925,1.92,134224,4132,0.2771,0.5896,0.1043,0.0525,-1.1074,1.73,3.8,1.5,1.525
2026-09-30T17:52:06+00:00,QQQ,2026-09-30,0,742.8,743.0,C,1.37,1.38,1.375,1.39,188851,3942,0.2742,0.4831,0.1082,0.0538,-1.3899,1.29,3.06,1.06,1.235
2026-09-30T17:52:06+00:00,QQQ,2026-09-30,0,742.8,744.0,C,0.94,0.95,0.945,0.96,271545,3321,0.2719,0.3762,0.1037,0.0513,-0.9532,1.01,2.44,0.72,0.995
2026-09-30T17:52:06+00:00,QQQ,2026-09-30,0,742.8,745.0,C,0.62,0.63,0.625,0.63,288140,20384,0.273,0.2782,0.0917,0.0456,-0.6279,0.85,1.9,0.48,0.795
2026-09-30T17:52:06+00:00,QQQ,2026-09-30,0,742.8,746.0,C,0.4,0.41,0.405,0.4,170707,5012,0.2744,0.1962,0.0752,0.0378,-0.4002,0.57,1.45,0.31,0.625
2026-09-30T17:52:06+00:00,QQQ,2026-09-30,0,742.8,747.0,C,0.25,0.26,0.255,0.26,102889,16000,0.2785,0.1333,0.0577,0.0297,-0.2499,0.39,1.08,0.2,0.495
2026-09-30T17:52:06+00:00,QQQ,2026-09-30,0,742.8,748.0,C,0.15,0.16,0.155,0.16,90546,10519,0.2868,0.0888,0.0422,0.0224,-0.1558,0.29,0.79,0.13,0.385
2026-09-30T17:52:06+00:00,QQQ,2026-09-30,0,742.8,749.0,C,0.1,0.11,0.105,0.1,34264,2125,0.2948,0.0591,0.03,0.0165,-0.099,0.21,0.57,0.09,0.305
2026-09-30T17:52:06+00:00,QQQ,2026-09-30,0,742.8,750.0,C,0.06,0.07,0.065,0.07,50804,15156,0.3011,0.0404,0.0213,0.0123,-0.0658,0.15,0.4,0.05,0.235
2026-09-30T17:52:06+00:00,QQQ,2026-09-30,0,742.8,751.0,C,0.04,0.05,0.045,0.05,16908,1898,0.3143,0.0284,0.0153,0.0092,-0.0459,0.11,0.29,0.04,0.185
2026-09-30T17:52:06+00:00,QQQ,2026-09-30,0,742.8,752.0,C,0.03,0.04,0.035,0.03,20034,9075,0.3326,0.0209,0.0113,0.0072,-0.034,0.07,0.22,0.02,0.145
2026-09-30T17:52:06+00:00,QQQ,2026-09-30,0,742.8,753.0,C,0.02,0.03,0.025,0.02,5916,1367,0.3457,0.0162,0.0086,0.0058,-0.0267,0.07,0.15,0.02,0.115
2026-09-30T17:52:06+00:00,QQQ,2026-09-30,0,742.8,754.0,C,0.02,0.03,0.025,0.02,7717,1137,0.3746,0.013,0.0068,0.0048,-0.0221,0.05,0.11,0.01,0.085
2026-09-30T17:52:06+00:00,QQQ,2026-09-30,0,742.8,755.0,C,0.01,0.02,0.015,0.01,9900,5147,0.3776,0.011,0.0055,0.0041,-0.0193,0.05,0.09,0.01,0.075
2026-09-30T17:52:06+00:00,QQQ,2026-09-30,0,742.8,756.0,C,0.01,0.02,0.015,0.01,4388,1385,0.4044,0.0096,0.0046,0.0036,-0.0174,0.04,0.07,0.01,0.055
2026-09-30T17:52:06+00:00,QQQ,2026-09-30,0,742.8,757.0,C,0.01,0.02,0.015,0.01,4824,1778,0.4311,0.0086,0.004,0.0033,-0.0163,0.02,0.05,0.01,0.045
2026-09-30T17:52:06+00:00,QQQ,2026-09-30,0,742.8,758.0,C,0.01,0.02,0.015,0.02,4314,1916,0.4575,0.0078,0.0035,0.003,-0.0155,0.02,0.04,0.01,0.035
2026-09-30T17:52:06+00:00,QQQ,2026-09-30,0,742.8,759.0,C,0.01,0.02,0.015,0.01,1416,1929,0.4838,0.0072,0.0031,0.0028,-0.015,0.02,0.03,0.01,0.035
2026-09-30T17:52:06+00:00,QQQ,2026-09-30,0,742.8,760.0,C,0.01,0.02,0.015,0.01,5334,13435,0.5098,0.0068,0.0028,0.0027,-0.0147,0.02,0.03,0.01,0.025
2026-09-30T17:52:06+00:00,QQQ,2026-09-30,0,742.8,761.0,C,0.0,0.01,0.01,0.01,3613,1789,0.4778,0.0064,0.0025,0.0025,-0.0144,0.01,0.04,0.01,0.025
2026-09-30T17:52:06+00:00,QQQ,2026-09-30,0,742.8,762.0,C,0.0,0.01,0.01,0.01,5563,3437,0.5012,0.0061,0.0023,0.0024,-0.0142,0.01,0.02,0.01,0.015
2026-09-30T17:52:06+00:00,QQQ,2026-09-30,0,742.8,763.0,C,0.0,0.01,0.01,0.01,461,732,0.5245,0.0058,0.0021,0.0023,-0.0141,0.01,0.03,0.01,0.015
2026-09-30T17:52:06+00:00,QQQ,2026-09-30,0,742.8,764.0,C,0.0,0.01,0.01,0.01,359,1058,0.5476,0.0056,0.0019,0.0022,-0.014,0.01,0.02,0.01,0.015
2026-09-30T17:52:06+00:00,QQQ,2026-09-30,0,742.8,765.0,C,0.0,0.01,0.01,0.01,1029,8345,0.5707,0.0053,0.0018,0.0021,-0.0139,0.02,0.02,0.01,0.015
2026-09-30T17:52:06+00:00,QQQ,2026-09-30,0,742.8,766.0,C,0.0,0.01,0.01,0.01,38,731,0.5937,0.0051,0.0017,0.002,-0.0138,0.02,0.02,0.01,0.005
2026-09-30T17:52:06+00:00,QQQ,2026-09-30,0,742.8,767.0,C,0.0,0.01,0.01,0.01,109,1092,0.617,0.0049,0.0016,0.002,-0.0137,0.01,0.01,0.01,0.005
2026-09-30T17:52:06+00:00,QQQ,2026-09-30,0,742.8,768.0,C,0.0,0.01,0.01,0.01,3,896,0.6397,0.0048,0.0014,0.0019,-0.0137,0.02,0.02,0.01,0.005
2026-09-30T17:52:06+00:00,QQQ,2026-09-30,0,742.8,769.0,C,0.0,0.01,0.01,0.01,4,1544,0.6624,0.0046,0.0014,0.0018,-0.0136,0.01,0.01,0.01,0.005
2026-09-30T17:52:06+00:00,QQQ,2026-09-30,0,742.8,770.0,C,0.0,0.01,0.01,0.01,224,4874,0.6849,0.0044,0.0013,0.0018,-0.0135,0.01,0.01,0.01,0.005
2026-09-30T17:52:06+00:00,QQQ,2026-09-30,0,742.8,771.0,C,0.0,0.01,0.01,0.01,0,554,0.7074,0.0043,0.0012,0.0017,-0.0134,0.0,0.0,0.0,0.005
2026-09-30T17:52:06+00:00,QQQ,2026-09-30,0,742.8,772.0,C,0.0,0.01,0.01,0.01,0,3929,0.7298,0.0042,0.0011,0.0017,-0.0134,0.0,0.0,0.0,0.005
2026-09-30T17:52:06+00:00,QQQ,2026-09-30,0,742.8,773.0,C,0.0,0.01,0.01,0.01,0,607,0.752,0.004,0.0011,0.0016,-0.0133,0.0,0.0,0.0,0.005
2026-09-30T17:52:06+00:00,QQQ,2026-09-30,0,742.8,774.0,C,0.0,0.01,0.01,0.01,0,576,0.7742,0.0039,0.001,0.0016,-0.0132,0.0,0.0,0.0,0.005
2026-09-30T17:52:06+00:00,QQQ,2026-09-30,0,742.8,775.0,C,0.0,0.01,0.01,0.01,1,1608,0.7963,0.0038,0.001,0.0016,-0.0132,0.01,0.01,0.01,0.005
2026-09-30T17:52:06+00:00,QQQ,2026-09-30,0,742.8,776.0,C,0.0,0.01,0.01,0.01,5,617,0.8184,0.0037,0.0009,0.0015,-0.0131,0.01,0.01,0.01,0.005
2026-09-30T17:52:06+00:00,QQQ,2026-09-30,0,742.8,777.0,C,0.0,0.01,0.01,0.01,0,575,0.8403,0.0036,0.0009,0.0015,-0.013,0.0,0.0,0.0,0.005
2026-09-30T17:52:06+00:00,QQQ,2026-09-30,0,742.8,778.0,C,0.0,0.01,0.01,0.01,0,413,0.8622,0.0035,0.0008,0.0014,-0.0129,0.0,0.0,0.0,0.005
2026-09-30T17:52:06+00:00,QQQ,2026-09-30,0,742.8,779.0,C,0.0,0.01,0.02,0.02,0,569,0.884,0.0034,0.0008,0.0014,-0.0129,0.0,0.0,0.0,0.005
2026-09-30T17:52:06+00:00,QQQ,2026-09-30,0,742.8,782.0,C,0.0,0.01,0.02,0.02,2,633,0.949,0.0032,0.0007,0.0013,-0.0127,0.02,0.02,0.02,0.005
2026-09-30T17:52:06+00:00,QQQ,2026-09-30,0,742.8,785.0,C,0.0,0.01,0.01,0.01,1,1170,1.0133,0.0029,0.0006,0.0012,-0.0125,0.01,0.01,0.01,0.005
2026-09-30T17:52:06+00:00,QQQ,2026-09-30,0,742.8,805.0,C,0.0,0.01,0.01,0.01,9,501,1.4288,0.002,0.0003,0.0008,-0.0112,0.01,0.01,0.01,0.005
2026-09-30T17:52:06+00:00,QQQ,2026-09-30,0,742.8,895.0,C,0.0,0.01,0.01,0.01,33,129,3.0966,0.0007,0.0,0.0003,-0.007,0.01,0.01,0.01,0.005
2026-09-30T17:52:06+00:00,QQQ,2026-09-30,0,742.8,945.0,C,0.0,0.01,0.01,0.01,25,141,3.9214,0.0004,0.0,0.0002,-0.0054,0.01,0.01,0.01,0.005
2026-09-30T17:52:06+00:00,QQQ,2026-09-30,0,742.8,405.0,P,0.0,0.01,0.01,0.01,1,6534,0.0,0.0,0.0,0.0,-0.0005,0.01,0.01,0.01,0.005
2026-09-30T17:52:06+00:00,QQQ,2026-09-30,0,742.8,475.0,P,0.0,0.01,0.01,0.01,25,790,7.1504,-0.0001,0.0,0.0,-0.0016,0.01,0.01,0.01,0.005
2026-09-30T17:52:06+00:00,QQQ,2026-09-30,0,742.8,595.0,P,0.0,0.01,0.01,0.01,2,1452,3.6954,-0.0005,0.0,0.0002,-0.0066,0.01,0.01,0.01,0.01
2026-09-30T17:52:06+00:00,QQQ,2026-09-30,0,742.8,610.0,P,0.0,0.01,0.01,0.01,1,5289,3.3062,-0.0007,0.0,0.0003,-0.0076,0.01,0.01,0.01,0.01
2026-09-30T17:52:06+00:00,QQQ,2026-09-30,0,742.8,615.0,P,0.0,0.01,0.01,0.01,225,1347,3.178,-0.0007,0.0001,0.0003,-0.008,0.01,0.01,0.01,0.01
2026-09-30T17:52:06+00:00,QQQ,2026-09-30,0,742.8,630.0,P,0.0,0.01,0.01,0.01,65,1992,2.798,-0.0009,0.0001,0.0004,-0.009,0.01,0.01,0.01,0.015
2026-09-30T17:52:06+00:00,QQQ,2026-09-30,0,742.8,635.0,P,0.0,0.01,0.01,0.01,5,1395,2.6727,-0.001,0.0001,0.0004,-0.0094,0.01,0.01,0.01,0.015
2026-09-30T17:52:06+00:00,QQQ,2026-09-30,0,742.8,640.0,P,0.0,0.01,0.01,0.01,12,7664,2.548,-0.001,0.0001,0.0004,-0.0098,0.01,0.01,0.01,0.015
2026-09-30T17:52:06+00:00,QQQ,2026-09-30,0,742.8,645.0,P,0.0,0.01,0.01,0.01,7,1611,2.424,-0.0011,0.0001,0.0005,-0.0102,0.01,0.02,0.01,0.015
2026-09-30T17:52:06+00:00,QQQ,2026-09-30,0,742.8,650.0,P,0.0,0.01,0.01,0.01,4,24622,2.3005,-0.0012,0.0001,0.0005,-0.0106,0.01,0.01,0.01,0.015
2026-09-30T17:52:06+00:00,QQQ,2026-09-30,0,742.8,653.0,P,0.0,0.01,0.01,0.01,10,146,2.2267,-0.0013,0.0001,0.0006,-0.0108,0.01,0.01,0.01,0.015
2026-09-30T17:52:06+00:00,QQQ,2026-09-30,0,742.8,655.0,P,0.0,0.01,0.01,0.01,6,1965,2.1776,-0.0013,0.0001,0.0006,-0.011,0.01,0.01,0.01,0.015
2026-09-30T17:52:06+00:00,QQQ,2026-09-30,0,742.8,657.0,P,0.0,0.01,0.01,0.01,1,449,2.1286,-0.0014,0.0001,0.0006,-0.0112,0.01,0.01,0.01,0.015
2026-09-30T17:52:06+00:00,QQQ,2026-09-30,0,742.8,660.0,P,0.0,0.01,0.01,0.01,183,8777,2.0552,-0.0014,0.0002,0.0006,-0.0114,0.01,0.01,0.01,0.015
2026-09-30T17:52:06+00:00,QQQ,2026-09-30,0,742.8,664.0,P,0.0,0.01,0.01,0.01,5,3247,1.9576,-0.0015,0.0002,0.0007,-0.0118,0.01,0.01,0.01,0.015
2026-09-30T17:52:06+00:00,QQQ,2026-09-30,0,742.8,665.0,P,0.0,0.01,0.01,0.01,8,5142,1.9333,-0.0016,0.0002,0.0007,-0.0119,0.01,0.01,0.01,0.015
2026-09-30T17:52:06+00:00,QQQ,2026-09-30,0,742.8,668.0,P,0.0,0.01,0.01,0.01,11,452,1.8604,-0.0016,0.0002,0.0007,-0.0121,0.01,0.01,0.01,0.015
2026-09-30T17:52:06+00:00,QQQ,2026-09-30,0,742.8,669.0,P,0.0,0.01,0.01,0.01,4,548,1.8361,-0.0017,0.0002,0.0007,-0.0122,0.01,0.01,0.01,0.015
2026-09-30T17:52:06+00:00,QQQ,2026-09-30,0,742.8,670.0,P,0.0,0.01,0.01,0.01,15,3918,1.8118,-0.0017,0.0002,0.0007,-0.0123,0.01,0.01,0.01,0.015
2026-09-30T17:52:06+00:00,QQQ,2026-09-30,0,742.8,675.0,P,0.0,0.01,0.01,0.01,67,11012,1.6903,-0.0019,0.0002,0.0008,-0.0128,0.01,0.01,0.01,0.015
2026-09-30T17:52:06+00:00,QQQ,2026-09-30,0,742.8,677.0,P,0.0,0.01,0.01,0.01,20,1206,1.642,-0.0019,0.0003,0.0008,-0.013,0.01,0.01,0.01,0.02
2026-09-30T17:52:06+00:00,QQQ,2026-09-30,0,742.8,678.0,P,0.0,0.01,0.01,0.01,11,203,1.6178,-0.002,0.0003,0.0008,-0.013,0.01,0.01,0.01,0.02
2026-09-30T17:52:06+00:00,QQQ,2026-09-30,0,742.8,679.0,P,0.0,0.01,0.01,0.01,1,865,1.5937,-0.002,0.0003,0.0008,-0.0131,0.01,0.01,0.01,0.02
2026-09-30T17:52:06+00:00,QQQ,2026-09-30,0,742.8,680.0,P,0.0,0.01,0.01,0.01,27,16282,1.5696,-0.002,0.0003,0.0009,-0.0132,0.01,0.01,0.01,0.02
2026-09-30T17:52:06+00:00,QQQ,2026-09-30,0,742.8,681.0,P,0.0,0.01,0.01,0.01,22,14388,1.5454,-0.0021,0.0003,0.0009,-0.0133,0.01,0.01,0.01,0.02
2026-09-30T17:52:06+00:00,QQQ,2026-09-30,0,742.8,682.0,P,0.0,0.01,0.01,0.01,20,2041,1.5213,-0.0021,0.0003,0.0009,-0.0134,0.01,0.01,0.01,0.02
2026-09-30T17:52:06+00:00,QQQ,2026-09-30,0,742.8,683.0,P,0.0,0.01,0.01,0.01,9,730,1.4972,-0.0022,0.0003,0.0009,-0.0135,0.01,0.01,0.01,0.02
2026-09-30T17:52:06+00:00,QQQ,2026-09-30,0,742.8,684.0,P,0.0,0.01,0.01,0.01,8,403,1.4732,-0.0022,0.0003,0.0009,-0.0136,0.01,0.01,0.01,0.02
2026-09-30T17:52:06+00:00,QQQ,2026-09-30,0,742.8,685.0,P,0.0,0.01,0.01,0.01,24,9111,1.4491,-0.0023,0.0003,0.001,-0.0137,0.01,0.01,0.01,0.02
2026-09-30T17:52:06+00:00,QQQ,2026-09-30,0,742.8,686.0,P,0.0,0.01,0.01,0.01,1,392,1.425,-0.0023,0.0004,0.001,-0.0138,0.01,0.01,0.01,0.025
2026-09-30T17:52:06+00:00,QQQ,2026-09-30,0,742.8,687.0,P,0.0,0.01,0.01,0.01,1,14676,1.401,-0.0024,0.0004,0.001,-0.0139,0.01,0.01,0.01,0.025
2026-09-30T17:52:06+00:00,QQQ,2026-09-30,0,742.8,688.0,P,0.0,0.01,0.01,0.01,2,795,1.3769,-0.0024,0.0004,0.001,-0.014,0.01,0.01,0.01,0.025
2026-09-30T17:52:06+00:00,QQQ,2026-09-30,0,742.8,689.0,P,0.0,0.01,0.01,0.01,3,224,1.3529,-0.0025,0.0004,0.001,-0.0141,0.01,0.01,0.01,0.025
2026-09-30T17:52:06+00:00,QQQ,2026-09-30,0,742.8,690.0,P,0.0,0.01,0.01,0.01,33,24724,1.3288,-0.0025,0.0004,0.001,-0.0142,0.01,0.01,0.01,0.025
2026-09-30T17:52:06+00:00,QQQ,2026-09-30,0,742.8,691.0,P,0.0,0.01,0.01,0.01,30,790,1.3048,-0.0026,0.0004,0.0011,-0.0143,0.01,0.01,0.01,0.025
2026-09-30T17:52:06+00:00,QQQ,2026-09-30,0,742.8,692.0,P,0.0,0.01,0.01,0.01,55,646,1.2807,-0.0026,0.0004,0.0011,-0.0144,0.01,0.01,0.01,0.025
2026-09-30T17:52:06+00:00,QQQ,2026-09-30,0,742.8,693.0,P,0.0,0.01,0.01,0.01,35,770,1.2567,-0.0027,0.0004,0.0011,-0.0145,0.01,0.01,0.01,0.025
2026-09-30T17:52:06+00:00,QQQ,2026-09-30,0,742.8,695.0,P,0.0,0.01,0.01,0.01,191,18640,1.2086,-0.0028,0.0005,0.0012,-0.0147,0.01,0.01,0.01,0.025
2026-09-30T17:52:06+00:00,QQQ,2026-09-30,0,742.8,696.0,P,0.0,0.01,0.01,0.01,160,2911,1.1846,-0.0029,0.0005,0.0012,-0.0148,0.01,0.02,0.01,0.025
2026-09-30T17:52:06+00:00,QQQ,2026-09-30,0,742.8,697.0,P,0.0,0.01,0.01,0.01,55,485,1.1606,-0.003,0.0005,0.0012,-0.0149,0.01,0.01,0.01,0.025
2026-09-30T17:52:06+00:00,QQQ,2026-09-30,0,742.8,698.0,P,0.0,0.01,0.01,0.01,469,1252,1.1365,-0.003,0.0006,0.0012,-0.015,0.01,0.01,0.01,0.025
2026-09-30T17:52:06+00:00,QQQ,2026-09-30,0,742.8,699.0,P,0.0,0.01,0.01,0.01,1676,1677,1.1125,-0.0031,0.0006,0.0013,-0.0151,0.01,0.02,0.01,0.025
2026-09-30T17:52:06+00:00,QQQ,2026-09-30,0,742.8,700.0,P,0.0,0.01,0.01,0.01,4056,23840,1.0885,-0.0032,0.0006,0.0013,-0.0152,0.01,0.02,0.01,0.025
2026-09-30T17:52:06+00:00,QQQ,2026-09-30,0,742.8,701.0,P,0.0,0.01,0.01,0.01,5407,1133,1.0644,-0.0033,0.0006,0.0013,-0.0153,0.02,0.02,0.01,0.035
2026-09-30T17:52:06+00:00,QQQ,2026-09-30,0,742.8,702.0,P,0.0,0.01,0.01,0.01,6680,988,1.0404,-0.0034,0.0006,0.0014,-0.0154,0.01,0.02,0.01,0.035
2026-09-30T17:52:06+00:00,QQQ,2026-09-30,0,742.8,703.0,P,0.0,0.01,0.01,0.01,6696,874,1.0163,-0.0034,0.0007,0.0014,-0.0155,0.02,0.02,0.01,0.035
2026-09-30T17:52:06+00:00,QQQ,2026-09-30,0,742.8,704.0,P,0.0,0.01,0.01,0.01,10195,833,0.9923,-0.0036,0.0007,0.0014,-0.0156,0.01,0.02,0.01,0.035
2026-09-30T17:52:06+00:00,QQQ,2026-09-30,0,742.8,705.0,P,0.0,0.01,0.01,0.01,4313,22528,0.9682,-0.0036,0.0008,0.0015,-0.0157,0.01,0.02,0.01,0.035
2026-09-30T17:52:06+00:00,QQQ,2026-09-30,0,742.8,706.0,P,0.0,0.01,0.01,0.01,2807,1360,0.9441,-0.0038,0.0008,0.0015,-0.0158,0.02,0.02,0.01,0.045
2026-09-30T17:52:06+00:00,QQQ,2026-09-30,0,742.8,707.0,P,0.01,0.02,0.015,0.01,1281,2276,1.0197,-0.0039,0.0008,0.0016,-0.0159,0.01,0.02,0.01,0.045
2026-09-30T17:52:06+00:00,QQQ,2026-09-30,0,742.8,708.0,P,0.01,0.02,0.015,0.01,899,1105,0.9934,-0.004,0.0009,0.0016,-0.016,0.02,0.02,0.01,0.045
2026-09-30T17:52:06+00:00,QQQ,2026-09-30,0,742.8,709.0,P,0.01,0.02,0.015,0.02,450,2238,0.9671,-0.0041,0.0009,0.0016,-0.0162,0.03,0.03,0.01,0.055
2026-09-30T17:52:06+00:00,QQQ,2026-09-30,0,742.8,710.0,P,0.01,0.02,0.015,0.01,530,10223,0.9408,-0.0042,0.001,0.0017,-0.0162,0.02,0.02,0.01,0.055
2026-09-30T17:52:06+00:00,QQQ,2026-09-30,0,742.8,711.0,P,0.01,0.02,0.015,0.02,1130,2537,0.9144,-0.0044,0.001,0.0018,-0.0164,0.02,0.03,0.01,0.055
2026-09-30T17:52:06+00:00,QQQ,2026-09-30,0,742.8,712.0,P,0.01,0.02,0.015,0.01,1414,2625,0.888,-0.0045,0.0011,0.0018,-0.0165,0.04,0.04,0.01,0.065
2026-09-30T17:52:06+00:00,QQQ,2026-09-30,0,742.8,713.0,P,0.01,0.02,0.015,0.01,580,1520,0.8616,-0.0046,0.0012,0.0019,-0.0166,0.01,0.04,0.01,0.065
2026-09-30T17:52:06+00:00,QQQ,2026-09-30,0,742.8,714.0,P,0.01,0.02,0.015,0.02,905,2772,0.8352,-0.0048,0.0012,0.0019,-0.0167,0.04,0.05,0.01,0.075
2026-09-30T17:52:06+00:00,QQQ,2026-09-30,0,742.8,715.0,P,0.01,0.02,0.015,0.01,1142,10549,0.8087,-0.005,0.0013,0.002,-0.0168,0.06,0.06,0.01,0.085
2026-09-30T17:52:06+00:00,QQQ,2026-09-30,0,742.8,716.0,P,0.01,0.02,0.015,0.01,973,4371,0.7821,-0.0052,0.0014,0.002,-0.0169,0.04,0.04,0.01,0.095
2026-09-30T17:52:06+00:00,QQQ,2026-09-30,0,742.8,717.0,P,0.01,0.02,0.015,0.02,3285,3333,0.7555,-0.0053,0.0015,0.0021,-0.017,0.05,0.05,0.01,0.105
2026-09-30T17:52:06+00:00,QQQ,2026-09-30,0,742.8,718.0,P,0.01,0.02,0.015,0.01,1829,4091,0.7289,-0.0056,0.0016,0.0022,-0.0172,0.05,0.06,0.01,0.125
2026-09-30T17:52:06+00:00,QQQ,2026-09-30,0,742.8,719.0,P,0.01,0.02,0.015,0.02,1837,2320,0.7022,-0.0058,0.0017,0.0023,-0.0173,0.07,0.07,0.01,0.135
2026-09-30T17:52:06+00:00,QQQ,2026-09-30,0,742.8,720.0,P,0.01,0.02,0.015,0.02,2634,45414,0.6754,-0.006,0.0018,0.0024,-0.0175,0.07,0.09,0.01,0.155
2026-09-30T17:52:06+00:00,QQQ,2026-09-30,0,742.8,721.0,P,0.01,0.02,0.015,0.01,1811,3072,0.6486,-0.0063,0.002,0.0025,-0.0176,0.08,0.09,0.01,0.185
2026-09-30T17:52:06+00:00,QQQ,2026-09-30,0,742.8,722.0,P,0.01,0.02,0.015,0.01,2336,3269,0.6217,-0.0066,0.0022,0.0026,-0.0179,0.05,0.1,0.01,0.225
2026-09-30T17:52:06+00:00,QQQ,2026-09-30,0,742.8,723.0,P,0.01,0.02,0.015,0.01,2928,4071,0.5947,-0.007,0.0024,0.0027,-0.0181,0.13,0.13,0.01,0.265
2026-09-30T17:52:06+00:00,QQQ,2026-09-30,0,742.8,724.0,P,0.01,0.02,0.015,0.02,2499,2907,0.5677,-0.0074,0.0026,0.0028,-0.0185,0.12,0.13,0.01,0.315
2026-09-30T17:52:06+00:00,QQQ,2026-09-30,0,742.8,725.0,P,0.02,0.03,0.025,0.02,3659,9083,0.5746,-0.0078,0.0029,0.003,-0.019,0.1,0.14,0.01,0.385
2026-09-30T17:52:06+00:00,QQQ,2026-09-30,0,742.8,726.0,P,0.02,0.03,0.025,0.02,3417,4682,0.546,-0.0084,0.0032,0.0032,-0.0197,0.18,0.2,0.02,0.455
2026-09-30T17:52:06+00:00,QQQ,2026-09-30,0,742.8,727.0,P,0.02,0.03,0.025,0.03,4902,8135,0.5172,-0.0092,0.0036,0.0035,-0.0207,0.21,0.22,0.01,0.555
2026-09-30T17:52:06+00:00,QQQ,2026-09-30,0,742.8,728.0,P,0.02,0.03,0.025,0.02,8421,4151,0.4883,-0.0102,0.0042,0.0038,-0.0221,0.26,0.26,0.02,0.665
2026-09-30T17:52:06+00:00,QQQ,2026-09-30,0,742.8,729.0,P,0.02,0.03,0.025,0.03,6642,2276,0.4593,-0.0116,0.0049,0.0043,-0.0242,0.31,0.31,0.02,0.805
2026-09-30T17:52:06+00:00,QQQ,2026-09-30,0,742.8,730.0,P,0.03,0.04,0.035,0.04,84285,67863,0.4505,-0.0135,0.0059,0.0049,-0.0274,0.3,0.43,0.02,0.965
2026-09-30T17:52:06+00:00,QQQ,2026-09-30,0,742.8,731.0,P,0.03,0.04,0.035,0.04,12103,3284,0.42,-0.0162,0.0072,0.0057,-0.032,0.41,0.47,0.02,1.155
2026-09-30T17:52:06+00:00,QQQ,2026-09-30,0,742.8,732.0,P,0.04,0.05,0.045,0.04,15118,5436,0.4044,-0.02,0.0091,0.0068,-0.0388,0.53,0.58,0.04,1.375
2026-09-30T17:52:06+00:00,QQQ,2026-09-30,0,742.8,733.0,P,0.05,0.06,0.055,0.06,30370,3172,0.3848,-0.0255,0.0117,0.0084,-0.0487,0.65,0.71,0.05,1.635
2026-09-30T17:52:06+00:00,QQQ,2026-09-30,0,742.8,734.0,P,0.06,0.07,0.065,0.07,23524,4392,0.3621,-0.0334,0.0153,0.0105,-0.0634,0.79,0.94,0.05,1.925
2026-09-30T17:52:06+00:00,QQQ,2026-09-30,0,742.8,735.0,P,0.08,0.09,0.085,0.09,58436,11383,0.3449,-0.0448,0.0203,0.0132,-0.0852,1.02,1.04,0.07,2.255
2026-09-30T17:52:06+00:00,QQQ,2026-09-30,0,742.8,736.0,P,0.11,0.12,0.115,0.12,113965,60352,0.329,-0.0612,0.0271,0.0169,-0.1177,1.3,1.34,0.09,2.625
2026-09-30T17:52:06+00:00,QQQ,2026-09-30,0,742.8,737.0,P,0.16,0.17,0.165,0.17,61117,9085,0.3168,-0.085,0.0363,0.0216,-0.167,1.45,1.64,0.12,3.045
2026-09-30T17:52:06+00:00,QQQ,2026-09-30,0,742.8,738.0,P,0.24,0.25,0.245,0.24,70564,4259,0.3071,-0.1194,0.0483,0.0275,-0.2425,1.83,1.95,0.16,3.51
2026-09-30T17:52:06+00:00,QQQ,2026-09-30,0,742.8,739.0,P,0.36,0.37,0.365,0.35,88463,3360,0.2959,-0.1672,0.0627,0.0343,-0.3562,2.18,2.32,0.23,4.02
2026-09-30T17:52:06+00:00,QQQ,2026-09-30,0,742.8,740.0,P,0.53,0.54,0.535,0.52,163398,3598,0.288,-0.2315,0.0785,0.0415,-0.5253,2.61,2.77,0.32,4.58
2026-09-30T17:52:06+00:00,QQQ,2026-09-30,0,742.8,741.0,P,0.77,0.78,0.775,0.78,147074,1156,0.2806,-0.3133,0.0934,0.048,-0.7692,3.04,3.21,0.46,5.2
2026-09-30T17:52:06+00:00,QQQ,2026-09-30,0,742.8,742.0,P,1.12,1.13,1.125,1.11,228308,1950,0.2762,-0.4104,0.1043,0.0525,-1.1074,3.61,3.78,0.66,5.87
2026-09-30T17:52:06+00:00,QQQ,2026-09-30,0,742.8,743.0,P,1.57,1.58,1.575,1.57,208527,795,0.2733,-0.5169,0.1082,0.0538,-1.3899,4.29,4.43,0.92,6.585
2026-09-30T17:52:06+00:00,QQQ,2026-09-30,0,742.8,744.0,P,2.14,2.15,2.145,2.14,165786,711,0.2709,-0.6238,0.1037,0.0513,-0.9532,5.08,5.08,1.26,7.335
2026-09-30T17:52:06+00:00,QQQ,2026-09-30,0,742.8,745.0,P,2.8,2.84,2.82,2.74,53950,1673,0.2708,-0.7218,0.0917,0.0456,-0.6279,5.87,5.87,1.68,8.135
2026-09-30T17:52:06+00:00,QQQ,2026-09-30,0,742.8,746.0,P,3.58,3.62,3.6,3.48,16180,679,0.2717,-0.8038,0.0752,0.0378,-0.4002,5.93,5.93,2.25,8.8
2026-09-30T17:52:06+00:00,QQQ,2026-09-30,0,742.8,747.0,P,4.39,4.47,4.43,4.56,4964,1637,0.2785,-0.8667,0.0577,0.0297,-0.2499,7.53,7.53,2.88,9.79
2026-09-30T17:52:06+00:00,QQQ,2026-09-30,0,742.8,748.0,P,5.28,5.4,5.34,5.33,2411,492,0.2891,-0.9112,0.0422,0.0224,-0.1558,8.1,8.1,3.63,10.715
2026-09-30T17:52:06+00:00,QQQ,2026-09-30,0,742.8,749.0,P,6.21,6.33,6.27,6.41,943,90,0.2948,-0.9409,0.03,0.0165,-0.099,7.08,8.3,4.36,11.485
2026-09-30T17:52:06+00:00,QQQ,2026-09-30,0,742.8,750.0,P,7.17,7.28,7.225,7.27,1681,594,0.3099,-0.9598,0.0212,0.0122,-0.0654,10.0,10.0,5.2,12.505
2026-09-30T17:52:06+00:00,QQQ,2026-09-30,0,742.8,751.0,P,8.15,8.27,8.21,8.35,460,42,0.3147,-0.9717,0.0152,0.0092,-0.0457,9.84,10.04,6.63,13.545
2026-09-30T17:52:06+00:00,QQQ,2026-09-30,0,742.8,752.0,P,9.14,9.26,9.2,9.3,506,29,0.333,-0.9792,0.0112,0.0072,-0.0338,10.47,10.47,7.37,14.58
2026-09-30T17:52:06+00:00,QQQ,2026-09-30,0,742.8,753.0,P,10.13,10.25,10.19,10.41,457,16,0.3461,-0.9839,0.0086,0.0058,-0.0266,12.22,13.11,8.3,15.56
2026-09-30T17:52:06+00:00,QQQ,2026-09-30,0,742.8,754.0,P,11.12,11.25,11.185,9.9,155,0,0.364,-0.987,0.0067,0.0048,-0.0221,10.68,11.42,9.02,16.465
2026-09-30T17:52:06+00:00,QQQ,2026-09-30,0,742.8,755.0,P,12.13,12.25,12.19,12.25,44,4,0.4036,-0.9891,0.0055,0.0041,-0.0192,13.67,13.67,10.41,17.51
2026-09-30T17:52:06+00:00,QQQ,2026-09-30,0,742.8,756.0,P,13.11,13.24,13.175,11.68,7,14,0.3862,-0.9905,0.0046,0.0036,-0.0174,12.91,12.98,11.68,17.745
2026-09-30T17:52:06+00:00,QQQ,2026-09-30,0,742.8,757.0,P,14.12,14.24,14.18,12.78,10,1,0.4315,-0.9915,0.004,0.0033,-0.0162,13.85,13.85,12.76,18.795
2026-09-30T17:52:06+00:00,QQQ,2026-09-30,0,742.8,758.0,P,15.12,15.24,15.18,15.84,10,0,0.458,-0.9922,0.0035,0.003,-0.0155,13.81,15.84,13.17,19.775
2026-09-30T17:52:06+00:00,QQQ,2026-09-30,0,742.8,759.0,P,16.12,16.24,16.18,16.52,16,0,0.4842,-0.9928,0.0031,0.0028,-0.015,15.98,16.52,15.98,20.745
2026-09-30T17:52:06+00:00,QQQ,2026-09-30,0,742.8,760.0,P,17.12,17.24,17.18,16.01,4,30,0.5103,-0.9932,0.0028,0.0027,-0.0146,15.99,16.01,15.51,22.57
2026-09-30T17:52:06+00:00,QQQ,2026-09-30,0,742.8,761.0,P,18.11,18.24,18.175,17.66,5,0,0.5127,-0.9936,0.0025,0.0025,-0.0144,17.66,17.66,17.66,22.755
2026-09-30T17:52:06+00:00,QQQ,2026-09-30,0,742.8,762.0,P,19.1,19.23,19.165,17.97,1,2,0.0,-0.9939,0.0023,0.0024,-0.0142,17.97,17.97,17.97,23.76
2026-09-30T17:52:06+00:00,QQQ,2026-09-30,0,742.8,763.0,P,20.11,20.23,20.17,19.01,11,0,0.5249,-0.9942,0.0021,0.0023,-0.0141,22.26,23.09,19.01,24.755
2026-09-30T17:52:06+00:00,QQQ,2026-09-30,0,742.8,764.0,P,21.11,21.24,21.175,20.57,12,0,0.5867,-0.9944,0.0019,0.0022,-0.014,22.33,22.33,20.53,25.76
2026-09-30T17:52:06+00:00,QQQ,2026-09-30,0,742.8,765.0,P,22.11,22.26,22.185,21.21,3,1,0.6592,-0.9947,0.0018,0.0021,-0.0139,23.25,23.25,21.21,26.755
2026-09-30T17:52:06+00:00,QQQ,2026-09-30,0,742.8,766.0,P,23.11,23.26,23.185,24.26,14,0,0.685,-0.9949,0.0017,0.002,-0.0138,25.07,25.98,24.09,27.75
2026-09-30T17:52:06+00:00,QQQ,2026-09-30,0,742.8,767.0,P,24.11,24.26,24.185,24.6,29,0,0.6882,-0.9951,0.0016,0.002,-0.0137,25.51,27.36,23.35,28.78
2026-09-30T17:52:06+00:00,QQQ,2026-09-30,0,742.8,768.0,P,23.97,26.96,25.465,24.55,58,0,1.1032,-0.9952,0.0014,0.0019,-0.0137,27.06,28.01,22.6,30.6
2026-09-30T17:52:06+00:00,QQQ,2026-09-30,0,742.8,769.0,P,24.66,27.96,26.31,25.54,90,0,0.9975,-0.9954,0.0014,0.0018,-0.0136,27.98,29.01,23.35,30.785
2026-09-30T17:52:06+00:00,QQQ,2026-09-30,0,742.8,770.0,P,25.63,28.93,27.28,25.74,124,0,0.9911,-0.9956,0.0013,0.0018,-0.0135,27.8,30.11,25.7,31.8
2026-09-30T17:52:06+00:00,QQQ,2026-09-30,0,742.8,771.0,P,26.58,29.96,28.27,25.19,38,0,1.007,-0.9957,0.0012,0.0017,-0.0134,31.72,31.72,25.19,32.78
2026-09-30T17:52:06+00:00,QQQ,2026-09-30,0,742.8,772.0,P,27.66,30.96,29.31,29.05,3,0,1.0902,-0.9958,0.0011,0.0017,-0.0134,31.25,31.31,29.05,33.78
2026-09-30T17:52:06+00:00,QQQ,2026-09-30,0,742.8,773.0,P,28.58,31.96,30.27,29.98,1,0,1.0659,-0.996,0.0011,0.0016,-0.0133,29.98,29.98,29.98,34.78
2026-09-30T17:52:06+00:00,QQQ,2026-09-30,0,742.8,774.0,P,29.66,32.96,31.31,31.61,0,0,1.1511,-0.9961,0.001,0.0016,-0.0132,0.0,0.0,0.0,35.8
2026-09-30T17:52:06+00:00,QQQ,2026-09-30,0,742.8,775.0,P,30.64,33.96,32.3,30.37,20,0,1.1681,-0.9962,0.001,0.0016,-0.0132,30.37,30.37,30.37,37.085
2026-09-30T17:52:06+00:00,QQQ,2026-09-30,0,742.8,776.0,P,31.58,34.96,33.27,36.22,0,0,1.1533,-0.9963,0.0009,0.0015,-0.0131,0.0,0.0,0.0,38.095
2026-09-30T17:52:06+00:00,QQQ,2026-09-30,0,742.8,777.0,P,32.65,35.96,34.305,34.5,0,0,1.2345,-0.9964,0.0009,0.0015,-0.013,0.0,0.0,0.0,39.085
2026-09-30T17:52:06+00:00,QQQ,2026-09-30,0,742.8,778.0,P,33.66,36.96,35.31,36.17,0,0,1.2711,-0.9965,0.0008,0.0014,-0.0129,0.0,0.0,0.0,40.08
2026-09-30T17:52:06+00:00,QQQ,2026-09-30,0,742.8,779.0,P,34.65,37.96,36.305,36.44,0,0,1.2937,-0.9966,0.0008,0.0014,-0.0129,0.0,0.0,0.0,41.095
2026-09-30T17:52:06+00:00,QQQ,2026-09-30,0,742.8,795.0,P,50.53,53.96,52.245,50.49,4,0,1.6228,-0.9976,0.0004,0.001,-0.0118,50.52,50.52,50.48,57.19
2026-09-30T17:52:06+00:00,QQQ,2026-09-30,0,742.8,796.0,P,51.63,54.96,53.295,51.41,4,0,1.759,-0.9977,0.0004,0.001,-0.0118,51.45,51.45,51.41,58.095
2026-09-30T17:52:06+00:00,QQQ,2026-09-30,0,742.8,802.0,P,57.57,60.98,59.275,58.32,4,0,1.8788,-0.9979,0.0003,0.0009,-0.0114,57.24,58.32,57.24,64.095
2026-09-30T17:52:06+00:00,QQQ,2026-09-30,0,742.8,803.0,P,58.65,61.98,60.315,59.24,4,0,1.9872,-0.9979,0.0003,0.0009,-0.0114,58.16,59.24,58.16,65.09
2026-09-30T17:52:06+00:00,QQQ,2026-09-30,0,742.8,845.0,P,100.5,103.97,102.235,101.15,1,0,2.8009,-0.9989,0.0001,0.0005,-0.0091,101.15,101.15,101.15,107.245
2026-09-30T17:52:06+00:00,QQQ,2026-09-30,0,742.8,846.0,P,101.57,104.99,103.28,102.08,1,0,2.9895,-0.9989,0.0001,0.0005,-0.0091,102.08,102.08,102.08,108.115
2026-09-30T17:52:06+00:00,QQQ,2026-09-30,0,742.8,859.0,P,114.65,117.99,116.32,115.4,1,0,3.4144,-0.999,0.0001,0.0004,-0.0085,115.4,115.4,115.4,121.095
2026-09-30T17:52:06+00:00,QQQ,2026-09-30,0,742.8,860.0,P,115.5,118.97,117.235,116.86,9,0,3.1361,-0.999,0.0001,0.0004,-0.0084,116.35,116.86,116.19,122.19
2026-09-30T17:52:06+00:00,QQQ,2026-09-30,0,742.8,861.0,P,116.66,119.99,118.325,117.86,8,0,3.4754,-0.999,0.0001,0.0004,-0.0084,117.13,117.86,117.13,123.08
2026-09-30T18:07:06+00:00,QQQ,2026-09-30,0,743.96,510.0,C,232.01,235.54,233.775,233.48,1,0,0.0,0.9999,0.0,0.0001,-0.0024,233.48,233.48,233.48,227.91
2026-09-30T18:07:06+00:00,QQQ,2026-09-30,0,743.96,515.0,C,227.01,230.45,228.73,228.55,1,0,0.0,0.9998,0.0,0.0001,-0.0026,228.55,228.55,228.55,222.955
2026-09-30T18:07:06+00:00,QQQ,2026-09-30,0,743.96,530.0,C,212.01,215.38,213.695,214.01,4,1,0.0,0.9998,0.0,0.0001,-0.0031,214.06,214.06,214.01,207.99
2026-09-30T18:07:06+00:00,QQQ,2026-09-30,0,743.96,535.0,C,207.01,210.34,208.675,209.09,4,0,0.0,0.9998,0.0,0.0001,-0.0033,209.14,209.14,209.09,202.94
2026-09-30T18:07:06+00:00,QQQ,2026-09-30,0,743.96,550.0,C,192.01,195.43,193.72,193.07,1,31,0.0,0.9997,0.0,0.0001,-0.004,193.07,193.07,193.07,188.01
2026-09-30T18:07:06+00:00,QQQ,2026-09-30,0,743.96,585.0,C,157.01,160.36,158.685,158.65,1,2,0.0,0.9996,0.0,0.0002,-0.0057,158.65,158.65,158.65,152.985
2026-09-30T18:07:06+00:00,QQQ,2026-09-30,0,743.96,600.0,C,142.01,145.43,143.72,143.97,13,63,0.0,0.9995,0.0,0.0002,-0.0066,141.56,143.97,141.56,138.085
2026-09-30T18:07:06+00:00,QQQ,2026-09-30,0,743.96,605.0,C,137.01,139.26,138.135,138.79,6,48,0.0,0.9994,0.0,0.0002,-0.0069,138.68,138.79,138.57,133.035
2026-09-30T18:07:06+00:00,QQQ,2026-09-30,0,743.96,610.0,C,132.01,135.42,133.715,134.07,10,116,0.0,0.9994,0.0,0.0003,-0.0072,133.75,134.2,133.58,128.03
2026-09-30T18:07:06+00:00,QQQ,2026-09-30,0,743.96,615.0,C,127.01,130.38,128.695,128.56,6,106,0.0,0.9993,0.0,0.0003,-0.0076,128.0,128.56,128.0,123.005
2026-09-30T18:07:06+00:00,QQQ,2026-09-30,0,743.96,620.0,C,122.01,125.31,123.66,123.53,3,134,0.0,0.9993,0.0001,0.0003,-0.0079,123.53,123.53,123.53,118.01
2026-09-30T18:07:06+00:00,QQQ,2026-09-30,0,743.96,635.0,C,107.01,110.48,108.745,106.39,1,311,0.0,0.9991,0.0001,0.0004,-0.009,106.39,106.39,106.39,103.045
2026-09-30T18:07:06+00:00,QQQ,2026-09-30,0,743.96,640.0,C,102.01,105.37,103.69,103.93,4,582,0.0,0.999,0.0001,0.0004,-0.0093,103.93,103.93,103.93,98.04
2026-09-30T18:07:06+00:00,QQQ,2026-09-30,0,743.96,650.0,C,92.01,95.47,93.74,92.6,12,773,0.0,0.9988,0.0001,0.0005,-0.0101,92.95,93.71,92.6,87.9
2026-09-30T18:07:06+00:00,QQQ,2026-09-30,0,743.96,651.0,C,91.01,94.38,92.695,91.65,1,3,0.0,0.9988,0.0001,0.0005,-0.0102,91.65,91.65,91.65,87.05
2026-09-30T18:07:06+00:00,QQQ,2026-09-30,0,743.96,652.0,C,90.01,93.38,91.695,90.75,2,2,0.0,0.9988,0.0001,0.0005,-0.0103,90.67,90.75,90.67,86.075
2026-09-30T18:07:06+00:00,QQQ,2026-09-30,0,743.96,653.0,C,89.01,92.46,90.735,89.8,2,13,0.0,0.9988,0.0001,0.0005,-0.0103,89.72,89.8,89.72,85.05
2026-09-30T18:07:06+00:00,QQQ,2026-09-30,0,743.96,654.0,C,88.01,91.46,89.735,89.19,2,9,0.0,0.9988,0.0001,0.0005,-0.0104,89.17,89.19,89.17,84.06
2026-09-30T18:07:06+00:00,QQQ,2026-09-30,0,743.96,655.0,C,87.01,90.45,88.73,87.8,4,218,0.0,0.9988,0.0001,0.0005,-0.0105,88.24,88.26,87.8,83.08
2026-09-30T18:07:06+00:00,QQQ,2026-09-30,0,743.96,656.0,C,86.01,89.47,87.74,86.85,2,12,0.0,0.9987,0.0001,0.0005,-0.0106,86.85,86.85,86.85,82.055
2026-09-30T18:07:06+00:00,QQQ,2026-09-30,0,743.96,657.0,C,85.01,88.47,86.74,86.16,2,5,0.0,0.9987,0.0001,0.0005,-0.0107,86.11,86.16,86.11,81.05
2026-09-30T18:07:06+00:00,QQQ,2026-09-30,0,743.96,658.0,C,84.01,87.47,85.74,85.21,2,4,0.0,0.9987,0.0001,0.0005,-0.0107,85.16,85.21,85.16,80.05
2026-09-30T18:07:06+00:00,QQQ,2026-09-30,0,743.96,661.0,C,81.01,84.39,82.7,82.2,1,1,0.0,0.9986,0.0001,0.0006,-0.011,82.2,82.2,82.2,77.055
2026-09-30T18:07:06+00:00,QQQ,2026-09-30,0,743.96,662.0,C,80.01,83.47,81.74,81.25,1,58,0.0,0.9986,0.0002,0.0006,-0.0111,81.25,81.25,81.25,76.05
2026-09-30T18:07:06+00:00,QQQ,2026-09-30,0,743.96,664.0,C,78.01,81.47,79.74,79.59,1,56,0.0,0.9986,0.0002,0.0006,-0.0112,79.59,79.59,79.59,74.05
2026-09-30T18:07:06+00:00,QQQ,2026-09-30,0,743.96,665.0,C,77.01,80.34,78.675,78.12,3,713,0.0,0.9985,0.0002,0.0006,-0.0113,78.67,78.67,78.12,72.915
2026-09-30T18:07:06+00:00,QQQ,2026-09-30,0,743.96,666.0,C,76.01,79.47,77.74,75.0,1,3,0.0,0.9985,0.0002,0.0006,-0.0114,75.0,75.0,75.0,72.055
2026-09-30T18:07:06+00:00,QQQ,2026-09-30,0,743.96,669.0,C,73.01,76.47,74.74,73.67,2,11,0.0,0.9984,0.0002,0.0006,-0.0117,74.49,74.49,73.67,69.05
2026-09-30T18:07:06+00:00,QQQ,2026-09-30,0,743.96,670.0,C,72.01,75.34,73.675,72.72,2,306,0.0,0.9984,0.0002,0.0007,-0.0118,73.56,73.56,72.72,68.055
2026-09-30T18:07:06+00:00,QQQ,2026-09-30,0,743.96,672.0,C,70.01,73.47,71.74,70.99,1,66,0.0,0.9983,0.0002,0.0007,-0.0119,70.99,70.99,70.99,66.055
2026-09-30T18:07:06+00:00,QQQ,2026-09-30,0,743.96,673.0,C,69.01,72.39,70.7,70.04,1,52,0.0,0.9983,0.0002,0.0007,-0.012,70.04,70.04,70.04,65.05
2026-09-30T18:07:06+00:00,QQQ,2026-09-30,0,743.96,675.0,C,67.01,70.47,68.74,68.46,6,401,0.0,0.9982,0.0002,0.0007,-0.0122,67.82,68.46,67.82,63.06
2026-09-30T18:07:06+00:00,QQQ,2026-09-30,0,743.96,676.0,C,66.01,69.39,67.7,67.51,5,21,0.0,0.9982,0.0002,0.0007,-0.0123,67.17,67.51,67.13,62.065
2026-09-30T18:07:06+00:00,QQQ,2026-09-30,0,743.96,677.0,C,65.01,68.46,66.735,66.14,3,50,0.0,0.9982,0.0002,0.0008,-0.0124,66.13,66.14,66.13,61.06
2026-09-30T18:07:06+00:00,QQQ,2026-09-30,0,743.96,678.0,C,64.01,67.46,65.735,65.19,3,86,0.0,0.9981,0.0002,0.0008,-0.0125,65.18,65.19,65.18,60.06
2026-09-30T18:07:06+00:00,QQQ,2026-09-30,0,743.96,680.0,C,62.01,65.39,63.7,63.46,3,684,0.0,0.998,0.0003,0.0008,-0.0126,61.68,63.46,61.68,57.905
2026-09-30T18:07:06+00:00,QQQ,2026-09-30,0,743.96,681.0,C,61.01,64.46,62.735,62.51,1,142,0.0,0.998,0.0003,0.0008,-0.0127,62.51,62.51,62.51,57.065
2026-09-30T18:07:06+00:00,QQQ,2026-09-30,0,743.96,683.0,C,59.01,62.47,60.74,60.68,7,33,0.0,0.9979,0.0003,0.0008,-0.0129,60.68,60.68,60.68,55.06
2026-09-30T18:07:06+00:00,QQQ,2026-09-30,0,743.96,684.0,C,58.01,61.47,59.74,59.2,4,118,0.0,0.9979,0.0003,0.0008,-0.013,59.2,59.2,59.2,54.065
2026-09-30T18:07:06+00:00,QQQ,2026-09-30,0,743.96,685.0,C,57.01,60.31,58.66,59.05,9,432,0.0,0.9978,0.0003,0.0009,-0.0131,59.72,59.72,59.05,53.06
2026-09-30T18:07:06+00:00,QQQ,2026-09-30,0,743.96,689.0,C,53.01,56.47,54.74,54.41,14,147,0.0,0.9977,0.0004,0.0009,-0.0135,55.03,55.03,54.41,49.055
2026-09-30T18:07:06+00:00,QQQ,2026-09-30,0,743.96,690.0,C,52.01,55.31,53.66,52.86,34,2878,0.0,0.9976,0.0004,0.001,-0.0136,53.13,54.1,52.86,47.915
2026-09-30T18:07:06+00:00,QQQ,2026-09-30,0,743.96,691.0,C,51.01,54.47,52.74,52.4,12,77,0.0,0.9976,0.0004,0.001,-0.0137,52.4,52.4,52.4,47.065
2026-09-30T18:07:06+00:00,QQQ,2026-09-30,0,743.96,692.0,C,50.01,53.48,51.745,51.45,1,61,0.0,0.9975,0.0004,0.001,-0.0138,51.45,51.45,51.45,46.065
2026-09-30T18:07:06+00:00,QQQ,2026-09-30,0,743.96,693.0,C,49.01,52.47,50.74,50.7,2,44,0.0,0.9974,0.0004,0.001,-0.0139,51.7,51.7,50.7,45.065
2026-09-30T18:07:06+00:00,QQQ,2026-09-30,0,743.96,698.0,C,44.01,47.47,45.74,46.09,5,60,0.0,0.9971,0.0005,0.0011,-0.0144,43.94,47.51,43.76,40.07
2026-09-30T18:07:06+00:00,QQQ,2026-09-30,0,743.96,699.0,C,43.05,46.31,44.68,45.3,3,104,0.0,0.9971,0.0005,0.0012,-0.0144,45.16,45.3,45.16,39.095
2026-09-30T18:07:06+00:00,QQQ,2026-09-30,0,743.96,700.0,C,42.4,44.07,43.235,44.25,95,2608,0.0,0.997,0.0006,0.0012,-0.0146,41.61,44.36,40.8,37.895
2026-09-30T18:07:06+00:00,QQQ,2026-09-30,0,743.96,702.0,C,40.05,43.47,41.76,41.91,2,190,0.0,0.9968,0.0006,0.0012,-0.0148,41.8,41.91,41.8,35.885
2026-09-30T18:07:06+00:00,QQQ,2026-09-30,0,743.96,703.0,C,39.05,42.46,40.755,40.99,1,158,0.0,0.9967,0.0006,0.0013,-0.0148,40.99,40.99,40.99,34.89
2026-09-30T18:07:06+00:00,QQQ,2026-09-30,0,743.96,704.0,C,38.05,41.32,39.685,39.4,10,358,0.0,0.9967,0.0007,0.0013,-0.015,39.4,39.4,39.4,33.89
2026-09-30T18:07:06+00:00,QQQ,2026-09-30,0,743.96,705.0,C,37.05,40.22,38.635,38.5,2,1394,0.0,0.9966,0.0007,0.0013,-0.015,36.47,38.5,36.47,32.89
2026-09-30T18:07:06+00:00,QQQ,2026-09-30,0,743.96,706.0,C,36.05,39.4,37.725,37.99,15,401,0.0,0.9965,0.0007,0.0014,-0.0152,36.45,38.45,35.0,31.88
2026-09-30T18:07:06+00:00,QQQ,2026-09-30,0,743.96,707.0,C,35.12,38.16,36.64,36.15,10,297,0.0,0.9964,0.0008,0.0014,-0.0152,36.97,38.03,35.45,30.895
2026-09-30T18:07:06+00:00,QQQ,2026-09-30,0,743.96,708.0,C,34.74,36.47,35.605,36.78,12,520,0.0,0.9963,0.0008,0.0014,-0.0154,34.33,36.78,34.33,29.885
2026-09-30T18:07:06+00:00,QQQ,2026-09-30,0,743.96,709.0,C,33.89,35.47,34.68,35.0,41,343,0.0,0.9962,0.0008,0.0015,-0.0155,32.8,35.0,32.8,28.9
2026-09-30T18:07:06+00:00,QQQ,2026-09-30,0,743.96,710.0,C,33.31,34.74,34.025,33.57,56,3549,1.2034,0.996,0.0009,0.0015,-0.0156,31.0,34.15,31.0,27.9
2026-09-30T18:07:06+00:00,QQQ,2026-09-30,0,743.96,711.0,C,32.02,34.11,33.065,31.48,37,435,1.2534,0.9959,0.0009,0.0016,-0.0157,31.51,32.56,31.44,26.905
2026-09-30T18:07:06+00:00,QQQ,2026-09-30,0,743.96,712.0,C,31.07,32.42,31.745,32.09,34,373,0.0,0.9958,0.001,0.0016,-0.0158,29.62,32.84,29.62,25.895
2026-09-30T18:07:06+00:00,QQQ,2026-09-30,0,743.96,713.0,C,30.42,31.47,30.945,30.83,21,413,0.0,0.9956,0.0011,0.0017,-0.0159,29.28,31.93,28.56,24.91
2026-09-30T18:07:06+00:00,QQQ,2026-09-30,0,743.96,714.0,C,28.07,30.43,29.25,30.42,10,666,0.0,0.9955,0.0011,0.0017,-0.016,29.65,30.42,29.12,23.975
2026-09-30T18:07:06+00:00,QQQ,2026-09-30,0,743.96,715.0,C,28.32,29.1,28.71,28.55,66,3048,0.0,0.9954,0.0012,0.0018,-0.0161,24.99,29.42,24.99,23.08
2026-09-30T18:07:06+00:00,QQQ,2026-09-30,0,743.96,716.0,C,27.35,28.1,27.725,27.54,87,3407,0.0,0.9952,0.0013,0.0018,-0.0162,24.84,29.48,24.06,22.1
2026-09-30T18:07:06+00:00,QQQ,2026-09-30,0,743.96,717.0,C,26.82,27.43,27.125,25.14,112,847,1.1318,0.995,0.0014,0.0019,-0.0163,25.32,28.04,24.64,21.005
2026-09-30T18:07:06+00:00,QQQ,2026-09-30,0,743.96,718.0,C,25.83,26.45,26.14,25.84,48,487,1.1127,0.9948,0.0014,0.002,-0.0164,23.66,26.45,23.66,20.115
2026-09-30T18:07:06+00:00,QQQ,2026-09-30,0,743.96,719.0,C,24.83,25.43,25.13,23.56,33,737,1.0658,0.9946,0.0015,0.002,-0.0166,22.25,25.5,22.25,19.13
2026-09-30T18:07:06+00:00,QQQ,2026-09-30,0,743.96,720.0,C,23.89,24.01,23.95,23.9,170,8914,0.0,0.9944,0.0017,0.0021,-0.0167,21.46,24.68,20.87,18.07
2026-09-30T18:07:06+00:00,QQQ,2026-09-30,0,743.96,721.0,C,22.89,23.01,22.95,21.14,74,5762,0.0,0.9942,0.0018,0.0022,-0.0168,22.43,23.66,21.14,17.185
2026-09-30T18:07:06+00:00,QQQ,2026-09-30,0,743.96,722.0,C,21.89,22.01,21.95,19.9,9,720,0.0,0.9939,0.0019,0.0023,-0.017,19.43,22.16,19.43,16.22
2026-09-30T18:07:06+00:00,QQQ,2026-09-30,0,743.96,723.0,C,20.89,21.01,20.95,20.62,45,977,0.0,0.9936,0.0021,0.0024,-0.0172,18.03,21.19,17.97,15.225
2026-09-30T18:07:06+00:00,QQQ,2026-09-30,0,743.96,724.0,C,19.89,20.02,19.955,19.21,18,508,0.0,0.9933,0.0023,0.0025,-0.0174,17.01,20.32,17.01,13.975
2026-09-30T18:07:06+00:00,QQQ,2026-09-30,0,743.96,725.0,C,18.89,19.01,18.95,18.21,67,10563,0.0,0.9929,0.0025,0.0026,-0.0177,16.0,19.47,16.0,13.345
2026-09-30T18:07:06+00:00,QQQ,2026-09-30,0,743.96,726.0,C,17.89,18.03,17.96,18.06,58,9021,0.3578,0.9925,0.0028,0.0028,-0.0181,16.35,18.56,15.33,12.4
2026-09-30T18:07:06+00:00,QQQ,2026-09-30,0,743.96,727.0,C,16.89,17.03,16.96,16.92,46,2754,0.3386,0.9919,0.0031,0.003,-0.0187,14.04,17.15,13.91,11.53
2026-09-30T18:07:06+00:00,QQQ,2026-09-30,0,743.96,728.0,C,15.9,16.03,15.965,15.43,37,1270,0.4551,0.9912,0.0035,0.0032,-0.0195,14.23,16.6,13.18,10.325
2026-09-30T18:07:06+00:00,QQQ,2026-09-30,0,743.96,729.0,C,14.9,15.03,14.965,14.93,62,290,0.429,0.9903,0.004,0.0035,-0.0207,12.71,15.69,11.93,9.46
2026-09-30T18:07:06+00:00,QQQ,2026-09-30,0,743.96,730.0,C,13.89,14.03,13.96,13.29,660,10170,0.2811,0.9891,0.0047,0.0039,-0.0224,9.89,15.03,9.89,8.62
2026-09-30T18:07:06+00:00,QQQ,2026-09-30,0,743.96,731.0,C,12.9,13.03,12.965,12.61,150,424,0.3765,0.9875,0.0055,0.0044,-0.0249,9.4,13.85,9.2,7.81
2026-09-30T18:07:06+00:00,QQQ,2026-09-30,0,743.96,732.0,C,11.91,12.02,11.965,12.06,321,1890,0.35,0.9852,0.0067,0.0051,-0.0286,8.41,13.04,8.41,7.03
2026-09-30T18:07:06+00:00,QQQ,2026-09-30,0,743.96,733.0,C,10.9,11.05,10.975,10.61,279,956,0.3662,0.982,0.0084,0.006,-0.0341,7.64,11.87,7.64,6.29
2026-09-30T18:07:06+00:00,QQQ,2026-09-30,0,743.96,734.0,C,9.92,10.03,9.975,9.64,493,824,0.3366,0.9773,0.0107,0.0073,-0.0421,6.64,10.89,6.64,5.59
2026-09-30T18:07:06+00:00,QQQ,2026-09-30,0,743.96,735.0,C,8.92,9.06,8.99,9.05,2020,7104,0.3376,0.9706,0.014,0.009,-0.0539,5.91,10.0,5.87,4.925
2026-09-30T18:07:06+00:00,QQQ,2026-09-30,0,743.96,736.0,C,7.93,8.08,8.005,7.97,1286,1866,0.3255,0.9608,0.0186,0.0114,-0.0714,5.15,9.1,5.0,4.3
2026-09-30T18:07:06+00:00,QQQ,2026-09-30,0,743.96,737.0,C,6.96,7.11,7.035,7.03,3014,2440,0.3194,0.9466,0.025,0.0146,-0.0978,4.38,8.2,4.32,3.715
2026-09-30T18:07:06+00:00,QQQ,2026-09-30,0,743.96,738.0,C,6.0,6.14,6.07,6.1,9596,5060,0.3056,0.9256,0.0339,0.0188,-0.138,3.67,7.22,3.61,3.175
2026-09-30T18:07:06+00:00,QQQ,2026-09-30,0,743.96,739.0,C,5.08,5.2,5.14,5.15,10595,6076,0.2997,0.8949,0.0457,0.0241,-0.2001,3.19,6.36,3.0,2.685
2026-09-30T18:07:06+00:00,QQQ,2026-09-30,0,743.96,740.0,C,4.22,4.29,4.255,4.22,35478,15422,0.2963,0.8507,0.0607,0.0306,-0.2963,2.58,5.45,2.46,2.25
2026-09-30T18:07:06+00:00,QQQ,2026-09-30,0,743.96,741.0,C,3.38,3.42,3.4,3.4,51791,4935,0.286,0.7892,0.078,0.0377,-0.4436,2.18,4.61,1.95,1.865
2026-09-30T18:07:06+00:00,QQQ,2026-09-30,0,743.96,742.0,C,2.6,2.64,2.62,2.6,139869,4132,0.2784,0.7079,0.0954,0.0446,-0.6635,1.73,3.8,1.5,1.525
2026-09-30T18:07:06+00:00,QQQ,2026-09-30,0,743.96,743.0,C,1.93,1.94,1.935,1.93,206023,3942,0.2726,0.6082,0.1089,0.0497,-0.979,1.29,3.06,1.06,1.235
2026-09-30T18:07:06+00:00,QQQ,2026-09-30,0,743.96,744.0,C,1.36,1.37,1.365,1.36,294624,3321,0.2689,0.4963,0.1146,0.0515,-1.3692,1.01,2.44,0.72,0.995
2026-09-30T18:07:06+00:00,QQQ,2026-09-30,0,743.96,745.0,C,0.91,0.92,0.915,0.91,302254,20384,0.2664,0.3828,0.1103,0.0494,-0.9234,0.85,1.9,0.48,0.795
2026-09-30T18:07:06+00:00,QQQ,2026-09-30,0,743.96,746.0,C,0.58,0.59,0.585,0.58,179919,5012,0.2657,0.279,0.097,0.0437,-0.597,0.57,1.45,0.31,0.625
2026-09-30T18:07:06+00:00,QQQ,2026-09-30,0,743.96,747.0,C,0.36,0.37,0.365,0.37,106709,16000,0.2686,0.1935,0.0785,0.0359,-0.3736,0.39,1.08,0.2,0.495
2026-09-30T18:07:06+00:00,QQQ,2026-09-30,0,743.96,748.0,C,0.22,0.23,0.225,0.23,92591,10519,0.2742,0.1293,0.0592,0.0278,-0.2296,0.29,0.79,0.13,0.385
2026-09-30T18:07:06+00:00,QQQ,2026-09-30,0,743.96,749.0,C,0.13,0.14,0.135,0.13,34576,2125,0.2798,0.0847,0.0425,0.0207,-0.141,0.21,0.57,0.09,0.305
2026-09-30T18:07:06+00:00,QQQ,2026-09-30,0,743.96,750.0,C,0.08,0.09,0.085,0.08,51607,15156,0.2898,0.0554,0.0297,0.0151,-0.0882,0.15,0.4,0.05,0.235
2026-09-30T18:07:06+00:00,QQQ,2026-09-30,0,743.96,751.0,C,0.05,0.06,0.055,0.06,16991,1898,0.3014,0.0369,0.0206,0.011,-0.0571,0.11,0.29,0.04,0.185
2026-09-30T18:07:06+00:00,QQQ,2026-09-30,0,743.96,752.0,C,0.03,0.04,0.035,0.03,22075,9075,0.3118,0.0254,0.0145,0.0081,-0.0388,0.07,0.22,0.02,0.145
2026-09-30T18:07:06+00:00,QQQ,2026-09-30,0,743.96,753.0,C,0.02,0.03,0.025,0.02,5952,1367,0.3273,0.0183,0.0104,0.0061,-0.028,0.07,0.15,0.02,0.115
2026-09-30T18:07:06+00:00,QQQ,2026-09-30,0,743.96,754.0,C,0.02,0.03,0.025,0.02,7979,1137,0.3579,0.0138,0.0078,0.0048,-0.0215,0.05,0.11,0.01,0.085
2026-09-30T18:07:06+00:00,QQQ,2026-09-30,0,743.96,755.0,C,0.01,0.02,0.015,0.02,9933,5147,0.363,0.011,0.0061,0.004,-0.0176,0.05,0.09,0.01,0.075
2026-09-30T18:07:06+00:00,QQQ,2026-09-30,0,743.96,756.0,C,0.01,0.02,0.015,0.01,4394,1385,0.3914,0.0092,0.0049,0.0034,-0.0153,0.04,0.07,0.01,0.055
2026-09-30T18:07:06+00:00,QQQ,2026-09-30,0,743.96,757.0,C,0.01,0.02,0.015,0.01,4826,1778,0.4196,0.008,0.0041,0.003,-0.0139,0.02,0.05,0.01,0.045
2026-09-30T18:07:06+00:00,QQQ,2026-09-30,0,743.96,758.0,C,0.01,0.02,0.015,0.02,4414,1916,0.4474,0.0072,0.0035,0.0027,-0.013,0.02,0.04,0.01,0.035
2026-09-30T18:07:06+00:00,QQQ,2026-09-30,0,743.96,759.0,C,0.0,0.01,0.01,0.01,1693,1929,0.4222,0.0066,0.0031,0.0025,-0.0125,0.02,0.03,0.01,0.035
2026-09-30T18:07:06+00:00,QQQ,2026-09-30,0,743.96,760.0,C,0.0,0.01,0.01,0.01,5992,13435,0.4472,0.0062,0.0028,0.0024,-0.0122,0.02,0.03,0.01,0.025
2026-09-30T18:07:06+00:00,QQQ,2026-09-30,0,743.96,761.0,C,0.0,0.01,0.01,0.01,3815,1789,0.472,0.0058,0.0025,0.0022,-0.012,0.01,0.04,0.01,0.025
2026-09-30T18:07:06+00:00,QQQ,2026-09-30,0,743.96,762.0,C,0.0,0.01,0.01,0.01,5563,3437,0.4966,0.0055,0.0022,0.0021,-0.0118,0.01,0.02,0.01,0.015
2026-09-30T18:07:06+00:00,QQQ,2026-09-30,0,743.96,763.0,C,0.0,0.01,0.01,0.01,461,732,0.5211,0.0052,0.002,0.002,-0.0117,0.01,0.03,0.01,0.015
2026-09-30T18:07:06+00:00,QQQ,2026-09-30,0,743.96,764.0,C,0.0,0.01,0.01,0.01,359,1058,0.5455,0.005,0.0019,0.0019,-0.0116,0.01,0.02,0.01,0.015
2026-09-30T18:07:06+00:00,QQQ,2026-09-30,0,743.96,765.0,C,0.0,0.01,0.01,0.01,1029,8345,0.5697,0.0048,0.0017,0.0018,-0.0115,0.02,0.02,0.01,0.015
2026-09-30T18:07:06+00:00,QQQ,2026-09-30,0,743.96,766.0,C,0.0,0.01,0.01,0.01,38,731,0.5938,0.0046,0.0016,0.0018,-0.0114,0.02,0.02,0.01,0.005
2026-09-30T18:07:06+00:00,QQQ,2026-09-30,0,743.96,767.0,C,0.0,0.01,0.01,0.01,109,1092,0.6178,0.0044,0.0015,0.0017,-0.0114,0.01,0.01,0.01,0.005
2026-09-30T18:07:06+00:00,QQQ,2026-09-30,0,743.96,768.0,C,0.0,0.01,0.01,0.01,3,896,0.6417,0.0042,0.0014,0.0016,-0.0113,0.02,0.02,0.01,0.005
2026-09-30T18:07:06+00:00,QQQ,2026-09-30,0,743.96,769.0,C,0.0,0.01,0.01,0.01,4,1544,0.6655,0.0041,0.0013,0.0016,-0.0112,0.01,0.01,0.01,0.005
2026-09-30T18:07:06+00:00,QQQ,2026-09-30,0,743.96,770.0,C,0.0,0.01,0.01,0.01,224,4874,0.6892,0.0039,0.0012,0.0015,-0.0112,0.01,0.01,0.01,0.005
2026-09-30T18:07:06+00:00,QQQ,2026-09-30,0,743.96,771.0,C,0.0,0.01,0.01,0.01,0,554,0.7128,0.0038,0.0011,0.0015,-0.0111,0.0,0.0,0.0,0.005
2026-09-30T18:07:06+00:00,QQQ,2026-09-30,0,743.96,772.0,C,0.0,0.01,0.01,0.01,0,3929,0.7362,0.0037,0.0011,0.0014,-0.0111,0.0,0.0,0.0,0.005
2026-09-30T18:07:06+00:00,QQQ,2026-09-30,0,743.96,773.0,C,0.0,0.01,0.01,0.01,0,607,0.7596,0.0036,0.001,0.0014,-0.011,0.0,0.0,0.0,0.005
2026-09-30T18:07:06+00:00,QQQ,2026-09-30,0,743.96,774.0,C,0.0,0.01,0.01,0.01,0,576,0.7829,0.0034,0.001,0.0014,-0.0109,0.0,0.0,0.0,0.005
2026-09-30T18:07:06+00:00,QQQ,2026-09-30,0,743.96,775.0,C,0.0,0.01,0.01,0.01,1,1608,0.8061,0.0033,0.0009,0.0013,-0.0109,0.01,0.01,0.01,0.005
2026-09-30T18:07:06+00:00,QQQ,2026-09-30,0,743.96,776.0,C,0.0,0.01,0.01,0.01,5,617,0.8292,0.0032,0.0008,0.0013,-0.0108,0.01,0.01,0.01,0.005
2026-09-30T18:07:06+00:00,QQQ,2026-09-30,0,743.96,777.0,C,0.0,0.01,0.01,0.01,0,575,0.8523,0.0032,0.0008,0.0012,-0.0107,0.0,0.0,0.0,0.005
2026-09-30T18:07:06+00:00,QQQ,2026-09-30,0,743.96,778.0,C,0.0,0.01,0.01,0.01,0,413,0.8752,0.0031,0.0008,0.0012,-0.0107,0.0,0.0,0.0,0.005
2026-09-30T18:07:06+00:00,QQQ,2026-09-30,0,743.96,779.0,C,0.0,0.01,0.02,0.02,0,569,0.8981,0.003,0.0007,0.0012,-0.0106,0.0,0.0,0.0,0.005
2026-09-30T18:07:06+00:00,QQQ,2026-09-30,0,743.96,780.0,C,0.0,0.01,0.01,0.01,0,2111,0.9209,0.0029,0.0007,0.0012,-0.0106,0.0,0.0,0.0,0.005
2026-09-30T18:07:06+00:00,QQQ,2026-09-30,0,743.96,781.0,C,0.0,0.01,0.01,0.01,0,231,0.9436,0.0028,0.0007,0.0011,-0.0105,0.0,0.0,0.0,0.005
2026-09-30T18:07:06+00:00,QQQ,2026-09-30,0,743.96,782.0,C,0.0,0.01,0.02,0.02,2,633,0.9662,0.0028,0.0006,0.0011,-0.0104,0.02,0.02,0.02,0.005
2026-09-30T18:07:06+00:00,QQQ,2026-09-30,0,743.96,785.0,C,0.0,0.01,0.01,0.01,1,1170,1.0337,0.0026,0.0006,0.001,-0.0103,0.01,0.01,0.01,0.005
2026-09-30T18:07:06+00:00,QQQ,2026-09-30,0,743.96,805.0,C,0.0,0.01,0.01,0.01,9,501,1.4693,0.0017,0.0003,0.0007,-0.0092,0.01,0.01,0.01,0.005
2026-09-30T18:07:06+00:00,QQQ,2026-09-30,0,743.96,895.0,C,0.0,0.01,0.01,0.01,33,129,3.2162,0.0006,0.0,0.0002,-0.0056,0.01,0.01,0.01,0.005
2026-09-30T18:07:06+00:00,QQQ,2026-09-30,0,743.96,945.0,C,0.0,0.01,0.01,0.01,25,141,4.0795,0.0004,0.0,0.0002,-0.0042,0.01,0.01,0.01,0.005
2026-09-30T18:07:06+00:00,QQQ,2026-09-30,0,743.96,950.0,C,0.0,0.01,0.01,0.01,2,8123,4.1624,0.0003,0.0,0.0001,-0.0041,0.01,0.01,0.01,0.005
2026-09-30T18:07:06+00:00,QQQ,2026-09-30,0,743.96,405.0,P,0.0,0.01,0.01,0.01,1,6534,0.0,0.0,0.0,0.0,-0.0004,0.01,0.01,0.01,0.005
2026-09-30T18:07:06+00:00,QQQ,2026-09-30,0,743.96,475.0,P,0.0,0.01,0.01,0.01,25,790,7.5061,-0.0001,0.0,0.0,-0.0015,0.01,0.01,0.01,0.005
2026-09-30T18:07:06+00:00,QQQ,2026-09-30,0,743.96,595.0,P,0.0,0.01,0.01,0.01,2,1452,3.8916,-0.0005,0.0,0.0002,-0.0063,0.01,0.01,0.01,0.01
2026-09-30T18:07:06+00:00,QQQ,2026-09-30,0,743.96,600.0,P,0.0,0.01,0.01,0.01,25,16060,3.7549,-0.0005,0.0,0.0002,-0.0066,0.01,0.01,0.01,0.005
2026-09-30T18:07:06+00:00,QQQ,2026-09-30,0,743.96,610.0,P,0.0,0.01,0.01,0.01,1,5289,3.4843,-0.0006,0.0,0.0003,-0.0072,0.01,0.01,0.01,0.01
2026-09-30T18:07:06+00:00,QQQ,2026-09-30,0,743.96,615.0,P,0.0,0.01,0.01,0.01,225,1347,3.3503,-0.0007,0.0,0.0003,-0.0076,0.01,0.01,0.01,0.01
2026-09-30T18:07:06+00:00,QQQ,2026-09-30,0,743.96,630.0,P,0.0,0.01,0.01,0.01,65,1992,2.9528,-0.0008,0.0001,0.0004,-0.0086,0.01,0.01,0.01,0.015
2026-09-30T18:07:06+00:00,QQQ,2026-09-30,0,743.96,635.0,P,0.0,0.01,0.01,0.01,5,1395,2.8218,-0.0009,0.0001,0.0004,-0.009,0.01,0.01,0.01,0.015
2026-09-30T18:07:06+00:00,QQQ,2026-09-30,0,743.96,640.0,P,0.0,0.01,0.01,0.01,12,7664,2.6914,-0.001,0.0001,0.0004,-0.0093,0.01,0.01,0.01,0.015
2026-09-30T18:07:06+00:00,QQQ,2026-09-30,0,743.96,645.0,P,0.0,0.01,0.01,0.01,7,1611,2.5617,-0.0011,0.0001,0.0004,-0.0097,0.01,0.02,0.01,0.015
2026-09-30T18:07:06+00:00,QQQ,2026-09-30,0,743.96,650.0,P,0.0,0.01,0.01,0.01,4,24622,2.4326,-0.0012,0.0001,0.0005,-0.0101,0.01,0.01,0.01,0.015
2026-09-30T18:07:06+00:00,QQQ,2026-09-30,0,743.96,653.0,P,0.0,0.01,0.01,0.01,10,146,2.3554,-0.0012,0.0001,0.0005,-0.0103,0.01,0.01,0.01,0.015
2026-09-30T18:07:06+00:00,QQQ,2026-09-30,0,743.96,655.0,P,0.0,0.01,0.01,0.01,6,1965,2.304,-0.0012,0.0001,0.0005,-0.0105,0.01,0.01,0.01,0.015
2026-09-30T18:07:06+00:00,QQQ,2026-09-30,0,743.96,657.0,P,0.0,0.01,0.01,0.01,1,449,2.2528,-0.0013,0.0001,0.0005,-0.0107,0.01,0.01,0.01,0.015
2026-09-30T18:07:06+00:00,QQQ,2026-09-30,0,743.96,660.0,P,0.0,0.01,0.01,0.01,183,8777,2.176,-0.0014,0.0001,0.0006,-0.0109,0.01,0.01,0.01,0.015
2026-09-30T18:07:06+00:00,QQQ,2026-09-30,0,743.96,664.0,P,0.0,0.01,0.01,0.01,5,3247,2.074,-0.0014,0.0002,0.0006,-0.0112,0.01,0.01,0.01,0.015
2026-09-30T18:07:06+00:00,QQQ,2026-09-30,0,743.96,665.0,P,0.0,0.01,0.01,0.01,8,5142,2.0486,-0.0015,0.0002,0.0006,-0.0113,0.01,0.01,0.01,0.015
2026-09-30T18:07:06+00:00,QQQ,2026-09-30,0,743.96,668.0,P,0.0,0.01,0.01,0.01,11,452,1.9723,-0.0016,0.0002,0.0006,-0.0116,0.01,0.01,0.01,0.015
2026-09-30T18:07:06+00:00,QQQ,2026-09-30,0,743.96,669.0,P,0.0,0.01,0.01,0.01,4,548,1.9469,-0.0016,0.0002,0.0006,-0.0117,0.01,0.01,0.01,0.015
2026-09-30T18:07:06+00:00,QQQ,2026-09-30,0,743.96,670.0,P,0.0,0.01,0.01,0.01,15,3918,1.9216,-0.0016,0.0002,0.0007,-0.0118,0.01,0.01,0.01,0.015
2026-09-30T18:07:06+00:00,QQQ,2026-09-30,0,743.96,675.0,P,0.0,0.01,0.01,0.01,67,11012,1.795,-0.0018,0.0002,0.0007,-0.0122,0.01,0.01,0.01,0.015
2026-09-30T18:07:06+00:00,QQQ,2026-09-30,0,743.96,677.0,P,0.0,0.01,0.01,0.01,20,1206,1.7444,-0.0018,0.0002,0.0008,-0.0124,0.01,0.01,0.01,0.02
2026-09-30T18:07:06+00:00,QQQ,2026-09-30,0,743.96,678.0,P,0.0,0.01,0.01,0.01,11,203,1.7192,-0.0019,0.0002,0.0008,-0.0125,0.01,0.01,0.01,0.02
2026-09-30T18:07:06+00:00,QQQ,2026-09-30,0,743.96,679.0,P,0.0,0.01,0.01,0.01,1,865,1.6939,-0.0019,0.0003,0.0008,-0.0126,0.01,0.01,0.01,0.02
2026-09-30T18:07:06+00:00,QQQ,2026-09-30,0,743.96,680.0,P,0.0,0.01,0.01,0.01,27,16282,1.6687,-0.002,0.0003,0.0008,-0.0126,0.01,0.01,0.01,0.02
2026-09-30T18:07:06+00:00,QQQ,2026-09-30,0,743.96,681.0,P,0.0,0.01,0.01,0.01,22,14388,1.6435,-0.002,0.0003,0.0008,-0.0127,0.01,0.01,0.01,0.02
2026-09-30T18:07:06+00:00,QQQ,2026-09-30,0,743.96,682.0,P,0.0,0.01,0.01,0.01,20,2041,1.6183,-0.002,0.0003,0.0008,-0.0128,0.01,0.01,0.01,0.02
2026-09-30T18:07:06+00:00,QQQ,2026-09-30,0,743.96,683.0,P,0.0,0.01,0.01,0.01,9,730,1.5931,-0.0021,0.0003,0.0008,-0.0129,0.01,0.01,0.01,0.02
2026-09-30T18:07:06+00:00,QQQ,2026-09-30,0,743.96,684.0,P,0.0,0.01,0.01,0.01,8,403,1.5679,-0.0021,0.0003,0.0008,-0.013,0.01,0.01,0.01,0.02
2026-09-30T18:07:06+00:00,QQQ,2026-09-30,0,743.96,685.0,P,0.0,0.01,0.01,0.01,24,9111,1.5428,-0.0022,0.0003,0.0009,-0.0131,0.01,0.01,0.01,0.02
2026-09-30T18:07:06+00:00,QQQ,2026-09-30,0,743.96,686.0,P,0.0,0.01,0.01,0.01,1,392,1.5176,-0.0022,0.0003,0.0009,-0.0132,0.01,0.01,0.01,0.025
2026-09-30T18:07:06+00:00,QQQ,2026-09-30,0,743.96,687.0,P,0.0,0.01,0.01,0.01,1,14676,1.4924,-0.0022,0.0003,0.0009,-0.0133,0.01,0.01,0.01,0.025
2026-09-30T18:07:06+00:00,QQQ,2026-09-30,0,743.96,688.0,P,0.0,0.01,0.01,0.01,2,795,1.4673,-0.0023,0.0004,0.0009,-0.0134,0.01,0.01,0.01,0.025
2026-09-30T18:07:06+00:00,QQQ,2026-09-30,0,743.96,689.0,P,0.0,0.01,0.01,0.01,3,224,1.4421,-0.0023,0.0004,0.0009,-0.0135,0.01,0.01,0.01,0.025
2026-09-30T18:07:06+00:00,QQQ,2026-09-30,0,743.96,690.0,P,0.0,0.01,0.01,0.01,33,24724,1.417,-0.0024,0.0004,0.001,-0.0136,0.01,0.01,0.01,0.025
2026-09-30T18:07:06+00:00,QQQ,2026-09-30,0,743.96,691.0,P,0.0,0.01,0.01,0.01,30,790,1.3919,-0.0024,0.0004,0.001,-0.0137,0.01,0.01,0.01,0.025
2026-09-30T18:07:06+00:00,QQQ,2026-09-30,0,743.96,692.0,P,0.0,0.01,0.01,0.01,55,646,1.3667,-0.0025,0.0004,0.001,-0.0138,0.01,0.01,0.01,0.025
2026-09-30T18:07:06+00:00,QQQ,2026-09-30,0,743.96,693.0,P,0.0,0.01,0.01,0.01,35,770,1.3416,-0.0026,0.0004,0.001,-0.0139,0.01,0.01,0.01,0.025
2026-09-30T18:07:06+00:00,QQQ,2026-09-30,0,743.96,695.0,P,0.0,0.01,0.01,0.01,191,18640,1.2914,-0.0027,0.0004,0.0011,-0.0141,0.01,0.01,0.01,0.025
2026-09-30T18:07:06+00:00,QQQ,2026-09-30,0,743.96,696.0,P,0.0,0.01,0.01,0.01,160,2911,1.2663,-0.0027,0.0005,0.0011,-0.0142,0.01,0.02,0.01,0.025
2026-09-30T18:07:06+00:00,QQQ,2026-09-30,0,743.96,697.0,P,0.0,0.01,0.01,0.01,55,485,1.2411,-0.0028,0.0005,0.0011,-0.0142,0.01,0.01,0.01,0.025
2026-09-30T18:07:06+00:00,QQQ,2026-09-30,0,743.96,698.0,P,0.0,0.01,0.01,0.01,469,1252,1.216,-0.0029,0.0005,0.0011,-0.0144,0.01,0.01,0.01,0.025
2026-09-30T18:07:06+00:00,QQQ,2026-09-30,0,743.96,699.0,P,0.0,0.01,0.01,0.01,1676,1677,1.1909,-0.0029,0.0005,0.0012,-0.0144,0.01,0.02,0.01,0.025
2026-09-30T18:07:06+00:00,QQQ,2026-09-30,0,743.96,700.0,P,0.0,0.01,0.01,0.01,4059,23840,1.1658,-0.003,0.0006,0.0012,-0.0146,0.01,0.02,0.01,0.025
2026-09-30T18:07:06+00:00,QQQ,2026-09-30,0,743.96,701.0,P,0.0,0.01,0.01,0.01,5407,1133,1.1406,-0.0031,0.0006,0.0012,-0.0146,0.02,0.02,0.01,0.035
2026-09-30T18:07:06+00:00,QQQ,2026-09-30,0,743.96,702.0,P,0.0,0.01,0.01,0.01,6680,988,1.1155,-0.0032,0.0006,0.0012,-0.0148,0.01,0.02,0.01,0.035
2026-09-30T18:07:06+00:00,QQQ,2026-09-30,0,743.96,703.0,P,0.0,0.01,0.01,0.01,6696,874,1.0904,-0.0033,0.0006,0.0013,-0.0148,0.02,0.02,0.01,0.035
2026-09-30T18:07:06+00:00,QQQ,2026-09-30,0,743.96,704.0,P,0.0,0.01,0.01,0.01,10270,833,1.0652,-0.0033,0.0007,0.0013,-0.015,0.01,0.02,0.01,0.035
2026-09-30T18:07:06+00:00,QQQ,2026-09-30,0,743.96,705.0,P,0.0,0.01,0.01,0.01,4329,22528,1.0401,-0.0034,0.0007,0.0013,-0.015,0.01,0.02,0.01,0.035
2026-09-30T18:07:06+00:00,QQQ,2026-09-30,0,743.96,706.0,P,0.0,0.01,0.01,0.01,2807,1360,1.0149,-0.0035,0.0007,0.0014,-0.0152,0.02,0.02,0.01,0.045
2026-09-30T18:07:06+00:00,QQQ,2026-09-30,0,743.96,707.0,P,0.01,0.02,0.015,0.01,1292,2276,1.0965,-0.0036,0.0008,0.0014,-0.0152,0.01,0.02,0.01,0.045
2026-09-30T18:07:06+00:00,QQQ,2026-09-30,0,743.96,708.0,P,0.0,0.01,0.01,0.01,1697,1105,0.9646,-0.0037,0.0008,0.0014,-0.0154,0.02,0.02,0.01,0.045
2026-09-30T18:07:06+00:00,QQQ,2026-09-30,0,743.96,709.0,P,0.01,0.02,0.015,0.01,772,2238,1.0416,-0.0038,0.0008,0.0015,-0.0155,0.03,0.03,0.01,0.055
2026-09-30T18:07:06+00:00,QQQ,2026-09-30,0,743.96,710.0,P,0.01,0.02,0.015,0.01,530,10223,1.0141,-0.004,0.0009,0.0015,-0.0156,0.02,0.02,0.01,0.055
2026-09-30T18:07:06+00:00,QQQ,2026-09-30,0,743.96,711.0,P,0.01,0.02,0.015,0.02,1130,2537,0.9866,-0.0041,0.0009,0.0016,-0.0157,0.02,0.03,0.01,0.055
2026-09-30T18:07:06+00:00,QQQ,2026-09-30,0,743.96,712.0,P,0.01,0.02,0.015,0.01,1446,2625,0.959,-0.0042,0.001,0.0016,-0.0158,0.04,0.04,0.01,0.065
2026-09-30T18:07:06+00:00,QQQ,2026-09-30,0,743.96,713.0,P,0.01,0.02,0.015,0.01,580,1520,0.9314,-0.0044,0.0011,0.0017,-0.0159,0.01,0.04,0.01,0.065
2026-09-30T18:07:06+00:00,QQQ,2026-09-30,0,743.96,714.0,P,0.01,0.02,0.015,0.01,906,2772,0.9038,-0.0045,0.0011,0.0017,-0.016,0.04,0.05,0.01,0.075
2026-09-30T18:07:06+00:00,QQQ,2026-09-30,0,743.96,715.0,P,0.01,0.02,0.015,0.01,1169,10549,0.8762,-0.0046,0.0012,0.0018,-0.0161,0.06,0.06,0.01,0.085
2026-09-30T18:07:06+00:00,QQQ,2026-09-30,0,743.96,716.0,P,0.01,0.02,0.015,0.01,987,4371,0.8485,-0.0048,0.0013,0.0018,-0.0162,0.04,0.04,0.01,0.095
2026-09-30T18:07:06+00:00,QQQ,2026-09-30,0,743.96,717.0,P,0.01,0.02,0.015,0.02,3285,3333,0.8207,-0.005,0.0014,0.0019,-0.0163,0.05,0.05,0.01,0.105
2026-09-30T18:07:06+00:00,QQQ,2026-09-30,0,743.96,718.0,P,0.01,0.02,0.015,0.01,1829,4091,0.793,-0.0052,0.0014,0.002,-0.0164,0.05,0.06,0.01,0.125
2026-09-30T18:07:06+00:00,QQQ,2026-09-30,0,743.96,719.0,P,0.01,0.02,0.015,0.01,1839,2320,0.7651,-0.0054,0.0015,0.002,-0.0166,0.07,0.07,0.01,0.135
2026-09-30T18:07:06+00:00,QQQ,2026-09-30,0,743.96,720.0,P,0.01,0.02,0.015,0.01,2693,45414,0.7372,-0.0056,0.0017,0.0021,-0.0167,0.07,0.09,0.01,0.155
2026-09-30T18:07:06+00:00,QQQ,2026-09-30,0,743.96,721.0,P,0.01,0.02,0.015,0.01,1843,3072,0.7093,-0.0058,0.0018,0.0022,-0.0168,0.08,0.09,0.01,0.185
2026-09-30T18:07:06+00:00,QQQ,2026-09-30,0,743.96,722.0,P,0.01,0.02,0.015,0.01,2423,3269,0.6812,-0.0061,0.0019,0.0023,-0.017,0.05,0.1,0.01,0.225
2026-09-30T18:07:06+00:00,QQQ,2026-09-30,0,743.96,723.0,P,0.01,0.02,0.015,0.01,3012,4071,0.6531,-0.0064,0.0021,0.0024,-0.0172,0.13,0.13,0.01,0.265
2026-09-30T18:07:06+00:00,QQQ,2026-09-30,0,743.96,724.0,P,0.01,0.02,0.015,0.02,3045,2907,0.6249,-0.0067,0.0023,0.0025,-0.0174,0.12,0.13,0.01,0.315
2026-09-30T18:07:06+00:00,QQQ,2026-09-30,0,743.96,725.0,P,0.01,0.02,0.015,0.01,4433,9083,0.5966,-0.0071,0.0025,0.0026,-0.0177,0.1,0.14,0.01,0.385
2026-09-30T18:07:06+00:00,QQQ,2026-09-30,0,743.96,726.0,P,0.02,0.03,0.025,0.03,3422,4682,0.6041,-0.0075,0.0028,0.0028,-0.0181,0.18,0.2,0.02,0.455
2026-09-30T18:07:06+00:00,QQQ,2026-09-30,0,743.96,727.0,P,0.02,0.03,0.025,0.02,5983,8135,0.5742,-0.0081,0.0031,0.003,-0.0187,0.21,0.22,0.01,0.555
2026-09-30T18:07:06+00:00,QQQ,2026-09-30,0,743.96,728.0,P,0.01,0.02,0.015,0.02,8454,4151,0.5441,-0.0088,0.0035,0.0032,-0.0195,0.26,0.26,0.02,0.665
2026-09-30T18:07:06+00:00,QQQ,2026-09-30,0,743.96,729.0,P,0.02,0.03,0.025,0.02,6766,2276,0.5139,-0.0097,0.004,0.0035,-0.0207,0.31,0.31,0.02,0.805
2026-09-30T18:07:06+00:00,QQQ,2026-09-30,0,743.96,730.0,P,0.02,0.03,0.025,0.02,84997,67863,0.4836,-0.0109,0.0047,0.0039,-0.0224,0.3,0.43,0.02,0.965
2026-09-30T18:07:06+00:00,QQQ,2026-09-30,0,743.96,731.0,P,0.02,0.03,0.025,0.03,12620,3284,0.4531,-0.0125,0.0055,0.0044,-0.0249,0.41,0.47,0.02,1.155
2026-09-30T18:07:06+00:00,QQQ,2026-09-30,0,743.96,732.0,P,0.03,0.04,0.035,0.02,16049,5436,0.4427,-0.0148,0.0067,0.0051,-0.0286,0.53,0.58,0.02,1.375
2026-09-30T18:07:06+00:00,QQQ,2026-09-30,0,743.96,733.0,P,0.03,0.04,0.035,0.04,31092,3172,0.4106,-0.018,0.0084,0.006,-0.0341,0.65,0.71,0.02,1.635
2026-09-30T18:07:06+00:00,QQQ,2026-09-30,0,743.96,734.0,P,0.04,0.05,0.045,0.04,24626,4392,0.3932,-0.0227,0.0107,0.0073,-0.0421,0.79,0.94,0.04,1.925
2026-09-30T18:07:06+00:00,QQQ,2026-09-30,0,743.96,735.0,P,0.05,0.06,0.055,0.05,59075,11383,0.3717,-0.0294,0.014,0.009,-0.0539,1.02,1.04,0.05,2.255
2026-09-30T18:07:06+00:00,QQQ,2026-09-30,0,743.96,736.0,P,0.06,0.07,0.065,0.06,115685,60352,0.347,-0.0392,0.0186,0.0114,-0.0714,1.3,1.34,0.06,2.625
2026-09-30T18:07:06+00:00,QQQ,2026-09-30,0,743.96,737.0,P,0.09,0.1,0.095,0.09,63653,9085,0.3348,-0.0534,0.025,0.0146,-0.0978,1.45,1.64,0.09,3.045
2026-09-30T18:07:06+00:00,QQQ,2026-09-30,0,743.96,738.0,P,0.13,0.14,0.135,0.14,72888,4259,0.3202,-0.0744,0.0339,0.0188,-0.138,1.83,1.95,0.13,3.51
2026-09-30T18:07:06+00:00,QQQ,2026-09-30,0,743.96,739.0,P,0.19,0.2,0.195,0.19,91216,3360,0.3062,-0.1051,0.0457,0.0241,-0.2001,2.18,2.32,0.19,4.02
2026-09-30T18:07:06+00:00,QQQ,2026-09-30,0,743.96,740.0,P,0.29,0.3,0.295,0.3,169370,3598,0.2963,-0.1493,0.0607,0.0306,-0.2963,2.61,2.77,0.29,4.58
2026-09-30T18:07:06+00:00,QQQ,2026-09-30,0,743.96,741.0,P,0.45,0.46,0.455,0.45,155056,1156,0.29,-0.2108,0.078,0.0377,-0.4436,3.04,3.21,0.42,5.2
2026-09-30T18:07:06+00:00,QQQ,2026-09-30,0,743.96,742.0,P,0.67,0.68,0.675,0.68,246660,1950,0.2818,-0.2921,0.0954,0.0446,-0.6635,3.61,3.78,0.64,5.87
2026-09-30T18:07:06+00:00,QQQ,2026-09-30,0,743.96,743.0,P,0.98,0.99,0.985,0.99,220410,795,0.2746,-0.3918,0.1089,0.0497,-0.979,4.29,4.43,0.92,6.585
2026-09-30T18:07:06+00:00,QQQ,2026-09-30,0,743.96,744.0,P,1.41,1.42,1.415,1.42,170647,711,0.2708,-0.5037,0.1146,0.0515,-1.3692,5.08,5.08,1.26,7.335
2026-09-30T18:07:06+00:00,QQQ,2026-09-30,0,743.96,745.0,P,1.96,1.97,1.965,1.96,55222,1673,0.2684,-0.6172,0.1103,0.0494,-0.9234,5.87,5.87,1.68,8.135
2026-09-30T18:07:06+00:00,QQQ,2026-09-30,0,743.96,746.0,P,2.62,2.66,2.64,2.66,16423,679,0.2692,-0.721,0.097,0.0437,-0.597,5.93,5.93,2.25,8.8
2026-09-30T18:07:06+00:00,QQQ,2026-09-30,0,743.96,747.0,P,3.4,3.44,3.42,3.43,6383,1637,0.2729,-0.8065,0.0785,0.0359,-0.3736,7.53,7.53,2.88,9.79
2026-09-30T18:07:06+00:00,QQQ,2026-09-30,0,743.96,748.0,P,4.23,4.33,4.28,4.28,2486,492,0.2796,-0.8707,0.0592,0.0278,-0.2296,8.1,8.1,3.63,10.715
2026-09-30T18:07:06+00:00,QQQ,2026-09-30,0,743.96,749.0,P,5.15,5.25,5.2,5.2,954,90,0.292,-0.9153,0.0425,0.0207,-0.141,7.08,8.3,4.36,11.485
2026-09-30T18:07:06+00:00,QQQ,2026-09-30,0,743.96,750.0,P,6.08,6.22,6.15,6.15,1701,594,0.3062,-0.9446,0.0297,0.0151,-0.0882,10.0,10.0,5.2,12.505
2026-09-30T18:07:06+00:00,QQQ,2026-09-30,0,743.96,751.0,P,7.06,7.17,7.115,7.66,481,42,0.3192,-0.9631,0.0206,0.011,-0.0571,9.84,10.04,6.63,13.545
2026-09-30T18:07:06+00:00,QQQ,2026-09-30,0,743.96,752.0,P,8.05,8.16,8.105,8.12,533,29,0.346,-0.9746,0.0145,0.0081,-0.0388,10.47,10.47,7.37,14.58
2026-09-30T18:07:06+00:00,QQQ,2026-09-30,0,743.96,753.0,P,9.02,9.15,9.085,10.41,457,16,0.3578,-0.9817,0.0104,0.0061,-0.028,12.22,13.11,8.3,15.56
2026-09-30T18:07:06+00:00,QQQ,2026-09-30,0,743.96,754.0,P,10.03,10.14,10.085,10.0,156,0,0.3905,-0.9862,0.0078,0.0048,-0.0215,10.68,11.42,9.02,16.465
2026-09-30T18:07:06+00:00,QQQ,2026-09-30,0,743.96,755.0,P,11.03,11.14,11.085,11.1,45,4,0.4228,-0.989,0.0061,0.004,-0.0176,13.67,13.67,10.41,17.51
2026-09-30T18:07:06+00:00,QQQ,2026-09-30,0,743.96,756.0,P,12.01,12.14,12.075,11.68,7,14,0.4381,-0.9908,0.0049,0.0034,-0.0153,12.91,12.98,11.68,17.745
2026-09-30T18:07:06+00:00,QQQ,2026-09-30,0,743.96,757.0,P,13.02,13.14,13.08,12.78,10,1,0.4778,-0.992,0.0041,0.003,-0.0139,13.85,13.85,12.76,18.795
2026-09-30T18:07:06+00:00,QQQ,2026-09-30,0,743.96,758.0,P,14.0,14.13,14.065,15.84,10,0,0.4769,-0.9928,0.0035,0.0027,-0.013,13.81,15.84,13.17,19.775
2026-09-30T18:07:06+00:00,QQQ,2026-09-30,0,743.96,759.0,P,15.02,15.13,15.075,16.52,16,0,0.5292,-0.9934,0.0031,0.0025,-0.0125,15.98,16.52,15.98,20.745
2026-09-30T18:07:06+00:00,QQQ,2026-09-30,0,743.96,760.0,P,16.01,16.13,16.07,16.01,4,30,0.5476,-0.9938,0.0028,0.0024,-0.0122,15.99,16.01,15.51,22.57
2026-09-30T18:07:06+00:00,QQQ,2026-09-30,0,743.96,761.0,P,17.0,17.13,17.065,17.66,5,0,0.5634,-0.9942,0.0025,0.0022,-0.012,17.66,17.66,17.66,22.755
2026-09-30T18:07:06+00:00,QQQ,2026-09-30,0,743.96,762.0,P,18.0,18.13,18.065,17.97,1,2,0.5918,-0.9945,0.0022,0.0021,-0.0118,17.97,17.97,17.97,23.76
2026-09-30T18:07:06+00:00,QQQ,2026-09-30,0,743.96,763.0,P,19.0,19.12,19.06,19.01,11,0,0.6034,-0.9948,0.002,0.002,-0.0117,22.26,23.09,19.01,24.755
2026-09-30T18:07:06+00:00,QQQ,2026-09-30,0,743.96,764.0,P,19.99,20.12,20.055,20.57,12,0,0.6103,-0.995,0.0019,0.0019,-0.0116,22.33,22.33,20.53,25.76
2026-09-30T18:07:06+00:00,QQQ,2026-09-30,0,743.96,765.0,P,20.99,21.14,21.065,21.21,3,1,0.6759,-0.9952,0.0017,0.0018,-0.0115,23.25,23.25,21.21,26.755
2026-09-30T18:07:06+00:00,QQQ,2026-09-30,0,743.96,766.0,P,21.99,22.14,22.065,24.26,14,0,0.7036,-0.9954,0.0016,0.0018,-0.0114,25.07,25.98,24.09,27.75
2026-09-30T18:07:06+00:00,QQQ,2026-09-30,0,743.96,767.0,P,22.97,23.14,23.055,24.6,29,0,0.6896,-0.9956,0.0015,0.0017,-0.0114,25.51,27.36,23.35,28.78
2026-09-30T18:07:06+00:00,QQQ,2026-09-30,0,743.96,768.0,P,23.95,24.14,24.045,24.55,58,0,0.6413,-0.9958,0.0014,0.0016,-0.0113,27.06,28.01,22.6,30.6
2026-09-30T18:07:06+00:00,QQQ,2026-09-30,0,743.96,769.0,P,23.54,27.0,25.27,25.54,90,0,1.091,-0.9959,0.0013,0.0016,-0.0112,27.98,29.01,23.35,30.785
2026-09-30T18:07:06+00:00,QQQ,2026-09-30,0,743.96,770.0,P,24.68,28.0,26.34,25.74,124,0,1.1842,-0.9961,0.0012,0.0015,-0.0112,27.8,30.11,25.7,31.8
2026-09-30T18:07:06+00:00,QQQ,2026-09-30,0,743.96,771.0,P,25.64,29.0,27.32,25.19,38,0,1.2036,-0.9962,0.0011,0.0015,-0.0111,31.72,31.72,25.19,32.78
2026-09-30T18:07:06+00:00,QQQ,2026-09-30,0,743.96,772.0,P,26.55,30.0,28.275,29.05,3,0,1.1989,-0.9963,0.0011,0.0014,-0.0111,31.25,31.31,29.05,33.78
2026-09-30T18:07:06+00:00,QQQ,2026-09-30,0,743.96,773.0,P,27.54,31.0,29.27,29.98,1,0,1.2282,-0.9964,0.001,0.0014,-0.011,29.98,29.98,29.98,34.78
2026-09-30T18:07:06+00:00,QQQ,2026-09-30,0,743.96,774.0,P,28.53,32.0,30.265,31.61,0,0,1.2571,-0.9966,0.001,0.0014,-0.0109,0.0,0.0,0.0,35.8
2026-09-30T18:07:06+00:00,QQQ,2026-09-30,0,743.96,775.0,P,29.53,33.0,31.265,30.37,20,0,1.2906,-0.9967,0.0009,0.0013,-0.0109,30.37,30.37,30.37,37.085
2026-09-30T18:07:06+00:00,QQQ,2026-09-30,0,743.96,776.0,P,30.64,34.0,32.32,36.22,0,0,1.3769,-0.9968,0.0008,0.0013,-0.0108,0.0,0.0,0.0,38.095
2026-09-30T18:07:06+00:00,QQQ,2026-09-30,0,743.96,777.0,P,31.55,35.0,33.275,34.5,0,0,1.3674,-0.9968,0.0008,0.0012,-0.0107,0.0,0.0,0.0,39.085
2026-09-30T18:07:06+00:00,QQQ,2026-09-30,0,743.96,778.0,P,32.53,36.0,34.265,36.17,0,0,1.39,-0.9969,0.0008,0.0012,-0.0107,0.0,0.0,0.0,40.08
2026-09-30T18:07:06+00:00,QQQ,2026-09-30,0,743.96,779.0,P,33.55,37.0,35.275,36.44,0,0,1.4335,-0.997,0.0007,0.0012,-0.0106,0.0,0.0,0.0,41.095
2026-09-30T18:07:06+00:00,QQQ,2026-09-30,0,743.96,780.0,P,34.71,38.0,36.355,41.57,0,0,1.5448,-0.9971,0.0007,0.0012,-0.0106,0.0,0.0,0.0,42.19
2026-09-30T18:07:06+00:00,QQQ,2026-09-30,0,743.96,781.0,P,35.53,39.0,37.265,0.0,0,0,1.4879,-0.9972,0.0007,0.0011,-0.0105,0.0,0.0,0.0,43.08
2026-09-30T18:07:06+00:00,QQQ,2026-09-30,0,743.96,795.0,P,49.7,52.87,51.285,50.49,4,0,1.9547,-0.9979,0.0004,0.0008,-0.0097,50.52,50.52,50.48,57.19
2026-09-30T18:07:06+00:00,QQQ,2026-09-30,0,743.96,796.0,P,50.57,54.0,52.285,51.41,4,0,1.9855,-0.998,0.0004,0.0008,-0.0097,51.45,51.45,51.41,58.095
2026-09-30T18:07:06+00:00,QQQ,2026-09-30,0,743.96,802.0,P,56.57,59.99,58.28,58.32,4,0,2.2396,-0.9982,0.0003,0.0007,-0.0094,57.24,58.32,57.24,64.095
2026-09-30T18:07:06+00:00,QQQ,2026-09-30,0,743.96,803.0,P,57.57,60.94,59.255,59.24,4,0,2.1548,-0.9982,0.0003,0.0007,-0.0093,58.16,59.24,58.16,65.09
2026-09-30T18:07:06+00:00,QQQ,2026-09-30,0,743.96,845.0,P,99.7,102.99,101.345,101.15,1,0,3.6041,-0.999,0.0001,0.0004,-0.0074,101.15,101.15,101.15,107.245
2026-09-30T18:07:06+00:00,QQQ,2026-09-30,0,743.96,846.0,P,100.61,103.99,102.3,102.08,1,0,3.5632,-0.9991,0.0001,0.0004,-0.0073,102.08,102.08,102.08,108.115
2026-09-30T18:07:06+00:00,QQQ,2026-09-30,0,743.96,859.0,P,113.57,116.99,115.28,115.47,3,0,3.8822,-0.9992,0.0001,0.0004,-0.0068,115.4,115.8,115.4,121.095
2026-09-30T18:07:06+00:00,QQQ,2026-09-30,0,743.96,860.0,P,114.68,117.99,116.335,116.47,11,0,4.002,-0.9992,0.0001,0.0003,-0.0068,116.35,116.86,116.19,122.19
2026-09-30T18:07:06+00:00,QQQ,2026-09-30,0,743.96,861.0,P,115.61,118.99,117.3,117.86,8,0,3.9706,-0.9992,0.0001,0.0003,-0.0067,117.13,117.86,117.13,123.08
2026-09-30T18:07:06+00:00,QQQ,2026-09-30,0,743.96,862.0,P,116.61,119.99,118.3,118.27,12,0,3.9973,-0.9992,0.0001,0.0003,-0.0067,118.9,118.9,118.27,124.095
2026-09-30T18:07:06+00:00,QQQ,2026-09-30,0,743.96,863.0,P,117.61,120.99,119.3,119.27,12,0,4.0239,-0.9992,0.0001,0.0003,-0.0066,119.83,119.83,119.27,125.115
2026-09-30T18:22:06+00:00,QQQ,2026-09-30,0,743.12,510.0,C,231.52,234.96,233.24,233.48,1,0,0.0,0.9999,0.0,0.0001,-0.0023,233.48,233.48,233.48,227.91
2026-09-30T18:22:06+00:00,QQQ,2026-09-30,0,743.12,515.0,C,226.64,229.96,228.3,228.55,1,0,0.0,0.9999,0.0,0.0001,-0.0024,228.55,228.55,228.55,222.955
2026-09-30T18:22:06+00:00,QQQ,2026-09-30,0,743.12,530.0,C,211.54,215.15,213.345,214.01,4,1,8.4736,0.9998,0.0,0.0001,-0.0029,214.06,214.06,214.01,207.99
2026-09-30T18:22:06+00:00,QQQ,2026-09-30,0,743.12,535.0,C,206.44,209.96,208.2,209.09,4,0,8.1198,0.9998,0.0,0.0001,-0.0031,209.14,209.14,209.09,202.94
2026-09-30T18:22:06+00:00,QQQ,2026-09-30,0,743.12,550.0,C,191.54,194.96,193.25,193.07,1,31,7.1531,0.9998,0.0,0.0001,-0.0037,193.07,193.07,193.07,188.01
2026-09-30T18:22:06+00:00,QQQ,2026-09-30,0,743.12,585.0,C,156.54,159.96,158.25,158.65,1,2,5.8134,0.9996,0.0,0.0002,-0.0053,158.65,158.65,158.65,152.985
2026-09-30T18:22:06+00:00,QQQ,2026-09-30,0,743.12,600.0,C,141.54,144.96,143.25,143.97,13,63,5.2572,0.9995,0.0,0.0002,-0.0061,141.56,143.97,141.56,138.085
2026-09-30T18:22:06+00:00,QQQ,2026-09-30,0,743.12,605.0,C,136.54,139.26,137.9,138.79,6,48,0.0,0.9995,0.0,0.0002,-0.0064,138.68,138.79,138.57,133.035
2026-09-30T18:22:06+00:00,QQQ,2026-09-30,0,743.12,610.0,C,131.54,134.96,133.25,134.07,10,116,4.8917,0.9994,0.0,0.0002,-0.0066,133.75,134.2,133.58,128.03
2026-09-30T18:22:06+00:00,QQQ,2026-09-30,0,743.12,615.0,C,126.54,129.96,128.25,128.56,6,106,4.8333,0.9994,0.0,0.0003,-0.007,128.0,128.56,128.0,123.005
2026-09-30T18:22:06+00:00,QQQ,2026-09-30,0,743.12,620.0,C,121.44,124.96,123.2,123.53,3,134,4.2756,0.9993,0.0001,0.0003,-0.0073,123.53,123.53,123.53,118.01
2026-09-30T18:22:06+00:00,QQQ,2026-09-30,0,743.12,635.0,C,106.68,109.96,108.32,106.39,1,311,4.2238,0.9992,0.0001,0.0003,-0.0082,106.39,106.39,106.39,103.045
2026-09-30T18:22:06+00:00,QQQ,2026-09-30,0,743.12,640.0,C,101.68,104.96,103.32,103.93,4,582,4.0382,0.9991,0.0001,0.0004,-0.0086,103.93,103.93,103.93,98.04
2026-09-30T18:22:06+00:00,QQQ,2026-09-30,0,743.12,650.0,C,91.67,94.96,93.315,92.6,12,773,3.656,0.9989,0.0001,0.0004,-0.0093,92.95,93.71,92.6,87.9
2026-09-30T18:22:06+00:00,QQQ,2026-09-30,0,743.12,651.0,C,90.55,93.96,92.255,91.65,1,3,3.445,0.9989,0.0001,0.0004,-0.0094,91.65,91.65,91.65,87.05
2026-09-30T18:22:06+00:00,QQQ,2026-09-30,0,743.12,652.0,C,89.59,92.96,91.275,90.75,2,2,3.4724,0.9989,0.0001,0.0004,-0.0094,90.67,90.75,90.67,86.075
2026-09-30T18:22:06+00:00,QQQ,2026-09-30,0,743.12,653.0,C,88.55,91.96,90.255,89.8,2,13,3.3744,0.9989,0.0001,0.0004,-0.0095,89.72,89.8,89.72,85.05
2026-09-30T18:22:06+00:00,QQQ,2026-09-30,0,743.12,654.0,C,87.55,90.96,89.255,89.19,2,9,3.3391,0.9988,0.0001,0.0005,-0.0096,89.17,89.19,89.17,84.06
2026-09-30T18:22:06+00:00,QQQ,2026-09-30,0,743.12,655.0,C,86.44,89.96,88.2,87.8,4,218,3.4726,0.9988,0.0001,0.0005,-0.0096,88.24,88.26,87.8,83.08
2026-09-30T18:22:06+00:00,QQQ,2026-09-30,0,743.12,656.0,C,85.55,88.96,87.255,86.85,2,12,3.3713,0.9988,0.0001,0.0005,-0.0097,86.85,86.85,86.85,82.055
2026-09-30T18:22:06+00:00,QQQ,2026-09-30,0,743.12,657.0,C,84.55,87.96,86.255,86.16,2,5,3.2335,0.9988,0.0001,0.0005,-0.0098,86.11,86.16,86.11,81.05
2026-09-30T18:22:06+00:00,QQQ,2026-09-30,0,743.12,658.0,C,83.55,86.96,85.255,85.21,2,4,3.3505,0.9988,0.0001,0.0005,-0.0099,85.16,85.21,85.16,80.05
2026-09-30T18:22:06+00:00,QQQ,2026-09-30,0,743.12,661.0,C,80.55,83.96,82.255,82.2,1,1,3.241,0.9987,0.0001,0.0005,-0.0101,82.2,82.2,82.2,77.055
2026-09-30T18:22:06+00:00,QQQ,2026-09-30,0,743.12,662.0,C,79.55,83.15,81.35,81.25,1,58,3.41,0.9987,0.0001,0.0005,-0.0102,81.25,81.25,81.25,76.05
2026-09-30T18:22:06+00:00,QQQ,2026-09-30,0,743.12,664.0,C,77.59,81.15,79.37,79.59,1,56,3.2594,0.9986,0.0002,0.0005,-0.0103,79.59,79.59,79.59,74.05
2026-09-30T18:22:06+00:00,QQQ,2026-09-30,0,743.12,665.0,C,76.68,79.96,78.32,78.12,3,713,3.1181,0.9986,0.0002,0.0006,-0.0104,78.67,78.67,78.12,72.915
2026-09-30T18:22:06+00:00,QQQ,2026-09-30,0,743.12,666.0,C,75.55,78.96,77.255,75.0,1,3,2.9173,0.9986,0.0002,0.0006,-0.0105,75.0,75.0,75.0,72.055
2026-09-30T18:22:06+00:00,QQQ,2026-09-30,0,743.12,669.0,C,72.55,75.96,74.255,73.67,2,11,2.8121,0.9985,0.0002,0.0006,-0.0107,74.49,74.49,73.67,69.05
2026-09-30T18:22:06+00:00,QQQ,2026-09-30,0,743.12,670.0,C,71.68,74.96,73.32,72.72,2,306,2.935,0.9985,0.0002,0.0006,-0.0108,73.56,73.56,72.72,68.055
2026-09-30T18:22:06+00:00,QQQ,2026-09-30,0,743.12,672.0,C,69.55,73.15,71.35,70.99,1,66,2.9217,0.9984,0.0002,0.0006,-0.011,70.99,70.99,70.99,66.055
2026-09-30T18:22:06+00:00,QQQ,2026-09-30,0,743.12,673.0,C,68.59,72.15,70.37,70.04,1,52,2.9213,0.9984,0.0002,0.0006,-0.0111,70.04,70.04,70.04,65.05
2026-09-30T18:22:06+00:00,QQQ,2026-09-30,0,743.12,675.0,C,66.68,69.96,68.32,68.46,6,401,2.752,0.9983,0.0002,0.0006,-0.0112,67.82,68.46,67.82,63.06
2026-09-30T18:22:06+00:00,QQQ,2026-09-30,0,743.12,676.0,C,65.55,69.15,67.35,67.51,5,21,2.773,0.9983,0.0002,0.0007,-0.0113,67.17,67.51,67.13,62.065
2026-09-30T18:22:06+00:00,QQQ,2026-09-30,0,743.12,677.0,C,64.55,68.15,66.35,66.14,3,50,2.7358,0.9983,0.0002,0.0007,-0.0114,66.13,66.14,66.13,61.06
2026-09-30T18:22:06+00:00,QQQ,2026-09-30,0,743.12,678.0,C,63.55,66.96,65.255,65.19,3,86,2.6323,0.9982,0.0002,0.0007,-0.0115,65.18,65.19,65.18,60.06
2026-09-30T18:22:06+00:00,QQQ,2026-09-30,0,743.12,680.0,C,61.68,64.96,63.32,63.55,6,684,2.569,0.9982,0.0003,0.0007,-0.0116,61.68,63.55,61.68,57.905
2026-09-30T18:22:06+00:00,QQQ,2026-09-30,0,743.12,681.0,C,60.55,63.96,62.255,62.51,1,142,2.513,0.9981,0.0003,0.0007,-0.0117,62.51,62.51,62.51,57.065
2026-09-30T18:22:06+00:00,QQQ,2026-09-30,0,743.12,683.0,C,58.55,61.96,60.255,60.68,7,33,2.3681,0.998,0.0003,0.0008,-0.0119,60.68,60.68,60.68,55.06
2026-09-30T18:22:06+00:00,QQQ,2026-09-30,0,743.12,684.0,C,57.55,60.96,59.255,59.2,4,118,2.2867,0.998,0.0003,0.0008,-0.012,59.2,59.2,59.2,54.065
2026-09-30T18:22:06+00:00,QQQ,2026-09-30,0,743.12,685.0,C,56.72,59.96,58.34,59.05,9,432,2.4212,0.998,0.0003,0.0008,-0.012,59.72,59.72,59.05,53.06
2026-09-30T18:22:06+00:00,QQQ,2026-09-30,0,743.12,689.0,C,52.55,55.96,54.255,54.41,14,147,2.2124,0.9978,0.0004,0.0008,-0.0124,55.03,55.03,54.41,49.055
2026-09-30T18:22:06+00:00,QQQ,2026-09-30,0,743.12,690.0,C,51.69,54.96,53.325,53.62,35,2878,2.2109,0.9977,0.0004,0.0009,-0.0125,53.13,54.1,52.86,47.915
2026-09-30T18:22:06+00:00,QQQ,2026-09-30,0,743.12,691.0,C,50.55,53.96,52.255,52.67,13,77,2.1396,0.9977,0.0004,0.0009,-0.0126,52.4,52.67,52.4,47.065
2026-09-30T18:22:06+00:00,QQQ,2026-09-30,0,743.12,692.0,C,49.55,52.96,51.255,51.45,1,61,2.006,0.9976,0.0004,0.0009,-0.0127,51.45,51.45,51.45,46.065
2026-09-30T18:22:06+00:00,QQQ,2026-09-30,0,743.12,693.0,C,48.55,51.96,50.255,50.7,2,44,2.0017,0.9976,0.0004,0.0009,-0.0127,51.7,51.7,50.7,45.065
2026-09-30T18:22:06+00:00,QQQ,2026-09-30,0,743.12,698.0,C,43.55,46.96,45.255,46.09,5,60,1.8326,0.9973,0.0005,0.001,-0.0132,43.94,47.51,43.76,40.07
2026-09-30T18:22:06+00:00,QQQ,2026-09-30,0,743.12,699.0,C,42.69,45.96,44.325,45.3,3,104,1.878,0.9972,0.0005,0.001,-0.0133,45.16,45.3,45.16,39.095
2026-09-30T18:22:06+00:00,QQQ,2026-09-30,0,743.12,700.0,C,41.95,44.97,43.46,44.25,95,2608,2.0085,0.9971,0.0005,0.0011,-0.0134,41.61,44.36,40.8,37.895
2026-09-30T18:22:06+00:00,QQQ,2026-09-30,0,743.12,702.0,C,39.69,42.97,41.33,41.91,2,190,1.7734,0.997,0.0006,0.0011,-0.0136,41.8,41.91,41.8,35.885
2026-09-30T18:22:06+00:00,QQQ,2026-09-30,0,743.12,703.0,C,38.69,41.97,40.33,40.99,1,158,1.736,0.9969,0.0006,0.0012,-0.0136,40.99,40.99,40.99,34.89
2026-09-30T18:22:06+00:00,QQQ,2026-09-30,0,743.12,704.0,C,37.69,40.97,39.33,39.4,10,358,1.6985,0.9968,0.0006,0.0012,-0.0137,39.4,39.4,39.4,33.89
2026-09-30T18:22:06+00:00,QQQ,2026-09-30,0,743.12,705.0,C,36.85,39.97,38.41,37.18,4,1394,1.7573,0.9967,0.0007,0.0012,-0.0138,36.47,38.5,36.47,32.89
2026-09-30T18:22:06+00:00,QQQ,2026-09-30,0,743.12,706.0,C,35.69,38.97,37.33,37.99,15,401,1.6234,0.9966,0.0007,0.0012,-0.0139,36.45,38.45,35.0,31.88
2026-09-30T18:22:06+00:00,QQQ,2026-09-30,0,743.12,707.0,C,34.69,37.97,36.33,36.15,10,297,1.5857,0.9965,0.0008,0.0013,-0.014,36.97,38.03,35.45,30.895
2026-09-30T18:22:06+00:00,QQQ,2026-09-30,0,743.12,708.0,C,34.74,36.47,35.605,36.78,12,520,1.813,0.9964,0.0008,0.0013,-0.0141,34.33,36.78,34.33,29.885
2026-09-30T18:22:06+00:00,QQQ,2026-09-30,0,743.12,709.0,C,33.89,35.47,34.68,35.0,41,343,1.8257,0.9963,0.0008,0.0014,-0.0142,32.8,35.0,32.8,28.9
2026-09-30T18:22:06+00:00,QQQ,2026-09-30,0,743.12,710.0,C,33.02,34.74,33.88,33.57,56,3549,1.9106,0.9962,0.0009,0.0014,-0.0143,31.0,34.15,31.0,27.9
2026-09-30T18:22:06+00:00,QQQ,2026-09-30,0,743.12,711.0,C,32.03,33.06,32.545,32.84,39,435,1.6398,0.9961,0.0009,0.0014,-0.0144,31.51,32.84,31.44,26.905
2026-09-30T18:22:06+00:00,QQQ,2026-09-30,0,743.12,712.0,C,31.02,32.42,31.72,31.56,50,373,1.7218,0.996,0.001,0.0015,-0.0145,29.62,32.84,29.62,25.895
2026-09-30T18:22:06+00:00,QQQ,2026-09-30,0,743.12,713.0,C,30.03,31.47,30.75,30.83,21,413,1.6965,0.9958,0.001,0.0015,-0.0146,29.28,31.93,28.56,24.91
2026-09-30T18:22:06+00:00,QQQ,2026-09-30,0,743.12,714.0,C,29.02,30.43,29.725,30.42,10,666,1.6364,0.9957,0.0011,0.0016,-0.0147,29.65,30.42,29.12,23.975
2026-09-30T18:22:06+00:00,QQQ,2026-09-30,0,743.12,715.0,C,28.02,29.15,28.585,28.55,66,3048,1.5002,0.9956,0.0012,0.0016,-0.0148,24.99,29.42,24.99,23.08
2026-09-30T18:22:06+00:00,QQQ,2026-09-30,0,743.12,716.0,C,27.01,28.15,27.58,27.54,87,3407,1.4538,0.9954,0.0013,0.0017,-0.0149,24.84,29.48,24.06,22.1
2026-09-30T18:22:06+00:00,QQQ,2026-09-30,0,743.12,717.0,C,26.02,27.33,26.675,26.52,114,847,1.4721,0.9952,0.0014,0.0017,-0.015,25.32,28.04,24.64,21.005
2026-09-30T18:22:06+00:00,QQQ,2026-09-30,0,743.12,718.0,C,25.02,25.71,25.365,25.84,48,487,1.2002,0.995,0.0014,0.0018,-0.0151,23.66,26.45,23.66,20.115
2026-09-30T18:22:06+00:00,QQQ,2026-09-30,0,743.12,719.0,C,24.01,25.06,24.535,24.84,45,737,1.294,0.9948,0.0016,0.0019,-0.0152,22.25,25.5,22.25,19.13
2026-09-30T18:22:06+00:00,QQQ,2026-09-30,0,743.12,720.0,C,23.07,23.2,23.135,23.51,177,8914,0.0,0.9946,0.0017,0.0019,-0.0153,21.46,24.68,20.87,18.07
2026-09-30T18:22:06+00:00,QQQ,2026-09-30,0,743.12,721.0,C,22.07,22.2,22.135,22.53,88,5762,0.0,0.9944,0.0018,0.002,-0.0155,22.43,23.66,21.14,17.185
2026-09-30T18:22:06+00:00,QQQ,2026-09-30,0,743.12,722.0,C,21.07,21.21,21.14,22.0,10,720,0.0,0.9941,0.002,0.0021,-0.0156,19.43,22.16,19.43,16.22
2026-09-30T18:22:06+00:00,QQQ,2026-09-30,0,743.12,723.0,C,20.07,20.2,20.135,20.62,45,977,0.0,0.9938,0.0021,0.0022,-0.0158,18.03,21.19,17.97,15.225
2026-09-30T18:22:06+00:00,QQQ,2026-09-30,0,743.12,724.0,C,19.07,19.22,19.145,19.59,19,508,0.0,0.9935,0.0023,0.0023,-0.0161,17.01,20.32,17.01,13.975
2026-09-30T18:22:06+00:00,QQQ,2026-09-30,0,743.12,725.0,C,18.07,18.22,18.145,18.65,74,10563,0.0,0.9931,0.0026,0.0024,-0.0164,16.0,19.47,16.0,13.345
2026-09-30T18:22:06+00:00,QQQ,2026-09-30,0,743.12,726.0,C,17.07,17.22,17.145,17.94,59,9021,0.0,0.9926,0.0029,0.0026,-0.0168,16.35,18.56,15.33,12.4
2026-09-30T18:22:06+00:00,QQQ,2026-09-30,0,743.12,727.0,C,16.08,16.21,16.145,16.67,53,2754,0.0,0.992,0.0032,0.0028,-0.0175,14.04,17.15,13.91,11.53
2026-09-30T18:22:06+00:00,QQQ,2026-09-30,0,743.12,728.0,C,15.08,15.21,15.145,15.61,47,1270,0.0,0.9912,0.0037,0.003,-0.0185,14.23,16.6,13.18,10.325
2026-09-30T18:22:06+00:00,QQQ,2026-09-30,0,743.12,729.0,C,14.08,14.23,14.155,14.6,63,290,0.0,0.9902,0.0043,0.0034,-0.02,12.71,15.69,11.93,9.46
2026-09-30T18:22:06+00:00,QQQ,2026-09-30,0,743.12,730.0,C,13.08,13.23,13.155,13.37,661,10170,0.0,0.9886,0.0051,0.0038,-0.0223,9.89,15.03,9.89,8.62
2026-09-30T18:22:06+00:00,QQQ,2026-09-30,0,743.12,731.0,C,12.08,12.22,12.15,12.61,150,424,0.0,0.9865,0.0062,0.0044,-0.0257,9.4,13.85,9.2,7.81
2026-09-30T18:22:06+00:00,QQQ,2026-09-30,0,743.12,732.0,C,11.09,11.24,11.165,11.54,344,1890,0.0,0.9834,0.0078,0.0053,-0.031,8.41,13.04,8.41,7.03
2026-09-30T18:22:06+00:00,QQQ,2026-09-30,0,743.12,733.0,C,10.1,10.25,10.175,10.54,282,956,0.3166,0.9788,0.0101,0.0065,-0.0389,7.64,11.87,7.64,6.29
2026-09-30T18:22:06+00:00,QQQ,2026-09-30,0,743.12,734.0,C,9.11,9.26,9.185,9.54,496,824,0.3278,0.9722,0.0133,0.0082,-0.0509,6.64,10.89,6.64,5.59
2026-09-30T18:22:06+00:00,QQQ,2026-09-30,0,743.12,735.0,C,8.13,8.28,8.205,8.13,2037,7104,0.3346,0.9622,0.0178,0.0105,-0.0692,5.91,10.0,5.87,4.925
2026-09-30T18:22:06+00:00,QQQ,2026-09-30,0,743.12,736.0,C,7.16,7.3,7.23,7.15,1302,1866,0.3468,0.9477,0.0242,0.0136,-0.0971,5.15,9.1,5.0,4.3
2026-09-30T18:22:06+00:00,QQQ,2026-09-30,0,743.12,737.0,C,6.2,6.34,6.27,6.34,3028,2440,0.3349,0.9263,0.0328,0.0177,-0.1399,4.38,8.2,4.32,3.715
2026-09-30T18:22:06+00:00,QQQ,2026-09-30,0,743.12,738.0,C,5.28,5.39,5.335,5.33,9629,5060,0.3206,0.8954,0.0442,0.0228,-0.2053,3.67,7.22,3.61,3.175
2026-09-30T18:22:06+00:00,QQQ,2026-09-30,0,743.12,739.0,C,4.4,4.48,4.44,4.37,10731,6076,0.3205,0.8518,0.0582,0.0289,-0.3045,3.19,6.36,3.0,2.685
2026-09-30T18:22:06+00:00,QQQ,2026-09-30,0,743.12,740.0,C,3.57,3.61,3.59,3.58,35705,15422,0.3193,0.7925,0.0742,0.0355,-0.4526,2.58,5.45,2.46,2.25
2026-09-30T18:22:06+00:00,QQQ,2026-09-30,0,743.12,741.0,C,2.79,2.82,2.805,2.75,52195,4935,0.3079,0.7153,0.0903,0.0418,-0.6684,2.18,4.61,1.95,1.865
2026-09-30T18:22:06+00:00,QQQ,2026-09-30,0,743.12,742.0,C,2.1,2.11,2.105,2.09,142094,4132,0.3015,0.6212,0.1034,0.0468,-0.9727,1.73,3.8,1.5,1.525
2026-09-30T18:22:06+00:00,QQQ,2026-09-30,0,743.12,743.0,C,1.5,1.51,1.505,1.5,214176,3942,0.2966,0.5147,0.1101,0.0489,-1.3839,1.29,3.06,1.06,1.235
2026-09-30T18:22:06+00:00,QQQ,2026-09-30,0,743.12,744.0,C,1.03,1.04,1.035,1.03,306704,3321,0.292,0.4047,0.108,0.0476,-1.0381,1.01,2.44,0.72,0.995
2026-09-30T18:22:06+00:00,QQQ,2026-09-30,0,743.12,745.0,C,0.67,0.68,0.675,0.67,312779,20384,0.2898,0.3013,0.0973,0.043,-0.6846,0.85,1.9,0.48,0.795
2026-09-30T18:22:06+00:00,QQQ,2026-09-30,0,743.12,746.0,C,0.42,0.43,0.425,0.43,183058,5012,0.2905,0.2134,0.0808,0.0361,-0.4359,0.57,1.45,0.31,0.625
2026-09-30T18:22:06+00:00,QQQ,2026-09-30,0,743.12,747.0,C,0.26,0.27,0.265,0.26,108301,16000,0.2951,0.1451,0.0626,0.0285,-0.2712,0.39,1.08,0.2,0.495
2026-09-30T18:22:06+00:00,QQQ,2026-09-30,0,743.12,748.0,C,0.16,0.17,0.165,0.16,94357,10519,0.3022,0.0962,0.0459,0.0215,-0.1676,0.29,0.79,0.13,0.385
2026-09-30T18:22:06+00:00,QQQ,2026-09-30,0,743.12,749.0,C,0.1,0.11,0.105,0.1,35615,2125,0.3122,0.0633,0.0325,0.0158,-0.1047,0.21,0.57,0.09,0.305
2026-09-30T18:22:06+00:00,QQQ,2026-09-30,0,743.12,750.0,C,0.06,0.07,0.065,0.07,52600,15156,0.3207,0.0421,0.0227,0.0115,-0.0672,0.15,0.4,0.05,0.235
2026-09-30T18:22:06+00:00,QQQ,2026-09-30,0,743.12,751.0,C,0.04,0.05,0.045,0.04,17393,1898,0.3358,0.0288,0.016,0.0085,-0.0451,0.11,0.29,0.04,0.185
2026-09-30T18:22:06+00:00,QQQ,2026-09-30,0,743.12,752.0,C,0.03,0.04,0.035,0.03,22201,9075,0.3564,0.0205,0.0115,0.0064,-0.032,0.07,0.22,0.02,0.145
2026-09-30T18:22:06+00:00,QQQ,2026-09-30,0,743.12,753.0,C,0.02,0.03,0.025,0.02,6120,1367,0.3713,0.0153,0.0085,0.005,-0.0241,0.07,0.15,0.02,0.115
2026-09-30T18:22:06+00:00,QQQ,2026-09-30,0,743.12,754.0,C,0.02,0.03,0.025,0.02,8059,1137,0.4032,0.012,0.0066,0.004,-0.0194,0.05,0.11,0.01,0.085
2026-09-30T18:22:06+00:00,QQQ,2026-09-30,0,743.12,755.0,C,0.01,0.02,0.015,0.01,10104,5147,0.407,0.0099,0.0052,0.0034,-0.0165,0.05,0.09,0.01,0.075
2026-09-30T18:22:06+00:00,QQQ,2026-09-30,0,743.12,756.0,C,0.01,0.02,0.015,0.02,4427,1385,0.4366,0.0085,0.0043,0.003,-0.0148,0.04,0.07,0.01,0.055
2026-09-30T18:22:06+00:00,QQQ,2026-09-30,0,743.12,757.0,C,0.01,0.02,0.015,0.01,4828,1778,0.466,0.0076,0.0037,0.0027,-0.0137,0.02,0.05,0.01,0.045
2026-09-30T18:22:06+00:00,QQQ,2026-09-30,0,743.12,758.0,C,0.01,0.02,0.015,0.01,4486,1916,0.4951,0.0069,0.0032,0.0025,-0.013,0.02,0.04,0.01,0.035
2026-09-30T18:22:06+00:00,QQQ,2026-09-30,0,743.12,759.0,C,0.0,0.01,0.01,0.01,1707,1929,0.4662,0.0064,0.0028,0.0023,-0.0126,0.02,0.03,0.01,0.035
2026-09-30T18:22:06+00:00,QQQ,2026-09-30,0,743.12,760.0,C,0.0,0.01,0.01,0.01,5992,13435,0.4923,0.006,0.0026,0.0022,-0.0123,0.02,0.03,0.01,0.025
2026-09-30T18:22:06+00:00,QQQ,2026-09-30,0,743.12,761.0,C,0.0,0.01,0.01,0.01,3828,1789,0.5182,0.0056,0.0023,0.002,-0.0121,0.01,0.04,0.01,0.025
2026-09-30T18:22:06+00:00,QQQ,2026-09-30,0,743.12,762.0,C,0.0,0.01,0.01,0.01,5573,3437,0.544,0.0054,0.0021,0.002,-0.012,0.01,0.02,0.01,0.015
2026-09-30T18:22:06+00:00,QQQ,2026-09-30,0,743.12,763.0,C,0.0,0.01,0.01,0.01,461,732,0.5697,0.0051,0.0019,0.0019,-0.0118,0.01,0.03,0.01,0.015
2026-09-30T18:22:06+00:00,QQQ,2026-09-30,0,743.12,764.0,C,0.0,0.01,0.01,0.01,359,1058,0.5952,0.0049,0.0018,0.0018,-0.0118,0.01,0.02,0.01,0.015
2026-09-30T18:22:06+00:00,QQQ,2026-09-30,0,743.12,765.0,C,0.0,0.01,0.01,0.01,1029,8345,0.6206,0.0047,0.0016,0.0017,-0.0117,0.02,0.02,0.01,0.015
2026-09-30T18:22:06+00:00,QQQ,2026-09-30,0,743.12,766.0,C,0.0,0.01,0.01,0.01,50,731,0.6459,0.0045,0.0015,0.0016,-0.0116,0.02,0.02,0.01,0.005
2026-09-30T18:22:06+00:00,QQQ,2026-09-30,0,743.12,767.0,C,0.0,0.01,0.01,0.01,109,1092,0.6711,0.0043,0.0014,0.0016,-0.0115,0.01,0.01,0.01,0.005
2026-09-30T18:22:06+00:00,QQQ,2026-09-30,0,743.12,768.0,C,0.0,0.01,0.01,0.01,3,896,0.6961,0.0042,0.0013,0.0015,-0.0115,0.02,0.02,0.01,0.005
2026-09-30T18:22:06+00:00,QQQ,2026-09-30,0,743.12,769.0,C,0.0,0.01,0.01,0.01,4,1544,0.7211,0.004,0.0012,0.0015,-0.0114,0.01,0.01,0.01,0.005
2026-09-30T18:22:06+00:00,QQQ,2026-09-30,0,743.12,770.0,C,0.0,0.01,0.01,0.01,224,4874,0.7459,0.0039,0.0012,0.0014,-0.0113,0.01,0.01,0.01,0.005
2026-09-30T18:22:06+00:00,QQQ,2026-09-30,0,743.12,771.0,C,0.0,0.01,0.01,0.01,0,554,0.7706,0.0038,0.0011,0.0014,-0.0113,0.0,0.0,0.0,0.005
2026-09-30T18:22:06+00:00,QQQ,2026-09-30,0,743.12,772.0,C,0.0,0.01,0.01,0.01,0,3929,0.7952,0.0036,0.001,0.0014,-0.0112,0.0,0.0,0.0,0.005
2026-09-30T18:22:06+00:00,QQQ,2026-09-30,0,743.12,773.0,C,0.0,0.01,0.01,0.01,0,607,0.8197,0.0035,0.001,0.0013,-0.0112,0.0,0.0,0.0,0.005
2026-09-30T18:22:06+00:00,QQQ,2026-09-30,0,743.12,774.0,C,0.0,0.01,0.01,0.01,0,576,0.8442,0.0034,0.0009,0.0013,-0.0111,0.0,0.0,0.0,0.005
2026-09-30T18:22:06+00:00,QQQ,2026-09-30,0,743.12,775.0,C,0.0,0.01,0.01,0.01,1,1608,0.8685,0.0033,0.0009,0.0012,-0.011,0.01,0.01,0.01,0.005
2026-09-30T18:22:06+00:00,QQQ,2026-09-30,0,743.12,776.0,C,0.0,0.01,0.01,0.01,5,617,0.8928,0.0032,0.0008,0.0012,-0.011,0.01,0.01,0.01,0.005
2026-09-30T18:22:06+00:00,QQQ,2026-09-30,0,743.12,777.0,C,0.0,0.01,0.01,0.01,0,575,0.9169,0.0031,0.0008,0.0012,-0.0109,0.0,0.0,0.0,0.005
2026-09-30T18:22:06+00:00,QQQ,2026-09-30,0,743.12,778.0,C,0.0,0.01,0.01,0.01,0,413,0.941,0.0031,0.0008,0.0012,-0.0109,0.0,0.0,0.0,0.005
2026-09-30T18:22:06+00:00,QQQ,2026-09-30,0,743.12,779.0,C,0.0,0.01,0.02,0.02,0,569,0.965,0.003,0.0007,0.0011,-0.0108,0.0,0.0,0.0,0.005
2026-09-30T18:22:06+00:00,QQQ,2026-09-30,0,743.12,780.0,C,0.0,0.01,0.01,0.01,0,2111,0.9889,0.0029,0.0007,0.0011,-0.0107,0.0,0.0,0.0,0.005
2026-09-30T18:22:06+00:00,QQQ,2026-09-30,0,743.12,782.0,C,0.0,0.01,0.02,0.02,2,633,1.0365,0.0028,0.0006,0.001,-0.0106,0.02,0.02,0.02,0.005
2026-09-30T18:22:06+00:00,QQQ,2026-09-30,0,743.12,785.0,C,0.0,0.01,0.01,0.01,1,1170,1.1073,0.0026,0.0006,0.001,-0.0104,0.01,0.01,0.01,0.005
2026-09-30T18:22:06+00:00,QQQ,2026-09-30,0,743.12,805.0,C,0.0,0.01,0.01,0.01,9,501,1.5645,0.0017,0.0003,0.0007,-0.0094,0.01,0.01,0.01,0.005
2026-09-30T18:22:06+00:00,QQQ,2026-09-30,0,743.12,895.0,C,0.0,0.01,0.01,0.01,33,129,3.3994,0.0006,0.0,0.0002,-0.0058,0.01,0.01,0.01,0.005
2026-09-30T18:22:06+00:00,QQQ,2026-09-30,0,743.12,945.0,C,0.0,0.01,0.01,0.01,25,141,4.3066,0.0004,0.0,0.0001,-0.0044,0.01,0.01,0.01,0.005
2026-09-30T18:22:06+00:00,QQQ,2026-09-30,0,743.12,950.0,C,0.0,0.01,0.01,0.01,2,8123,4.3938,0.0004,0.0,0.0001,-0.0043,0.01,0.01,0.01,0.005
2026-09-30T18:22:06+00:00,QQQ,2026-09-30,0,743.12,405.0,P,0.0,0.01,0.01,0.01,1,6534,0.0,0.0,0.0,0.0,-0.0004,0.01,0.01,0.01,0.005
2026-09-30T18:22:06+00:00,QQQ,2026-09-30,0,743.12,475.0,P,0.0,0.01,0.01,0.01,25,790,7.871,-0.0001,0.0,0.0,-0.0014,0.01,0.01,0.01,0.005
2026-09-30T18:22:06+00:00,QQQ,2026-09-30,0,743.12,595.0,P,0.0,0.01,0.01,0.01,2,1452,4.0712,-0.0005,0.0,0.0002,-0.0058,0.01,0.01,0.01,0.01
2026-09-30T18:22:06+00:00,QQQ,2026-09-30,0,743.12,600.0,P,0.0,0.01,0.01,0.01,25,16060,3.9276,-0.0005,0.0,0.0002,-0.0061,0.01,0.01,0.01,0.005
2026-09-30T18:22:06+00:00,QQQ,2026-09-30,0,743.12,610.0,P,0.0,0.01,0.01,0.01,1,5289,3.6431,-0.0006,0.0,0.0002,-0.0066,0.01,0.01,0.01,0.01
2026-09-30T18:22:06+00:00,QQQ,2026-09-30,0,743.12,615.0,P,0.0,0.01,0.01,0.01,225,1347,3.5021,-0.0006,0.0,0.0003,-0.007,0.01,0.01,0.01,0.01
2026-09-30T18:22:06+00:00,QQQ,2026-09-30,0,743.12,630.0,P,0.0,0.01,0.01,0.01,65,1992,3.0842,-0.0008,0.0001,0.0003,-0.0079,0.01,0.01,0.01,0.015
2026-09-30T18:22:06+00:00,QQQ,2026-09-30,0,743.12,635.0,P,0.0,0.01,0.01,0.01,5,1395,2.9464,-0.0008,0.0001,0.0003,-0.0082,0.01,0.01,0.01,0.015
2026-09-30T18:22:06+00:00,QQQ,2026-09-30,0,743.12,640.0,P,0.0,0.01,0.01,0.01,12,7664,2.8093,-0.0009,0.0001,0.0004,-0.0086,0.01,0.01,0.01,0.015
2026-09-30T18:22:06+00:00,QQQ,2026-09-30,0,743.12,645.0,P,0.0,0.01,0.01,0.01,7,1611,2.6729,-0.001,0.0001,0.0004,-0.0089,0.01,0.02,0.01,0.015
2026-09-30T18:22:06+00:00,QQQ,2026-09-30,0,743.12,650.0,P,0.0,0.01,0.01,0.01,4,24622,2.5371,-0.0011,0.0001,0.0004,-0.0093,0.01,0.01,0.01,0.015
2026-09-30T18:22:06+00:00,QQQ,2026-09-30,0,743.12,653.0,P,0.0,0.01,0.01,0.01,10,146,2.456,-0.0011,0.0001,0.0004,-0.0095,0.01,0.01,0.01,0.015
2026-09-30T18:22:06+00:00,QQQ,2026-09-30,0,743.12,655.0,P,0.0,0.01,0.01,0.01,6,1965,2.402,-0.0012,0.0001,0.0005,-0.0096,0.01,0.01,0.01,0.015
2026-09-30T18:22:06+00:00,QQQ,2026-09-30,0,743.12,657.0,P,0.0,0.01,0.01,0.01,1,449,2.3481,-0.0012,0.0001,0.0005,-0.0098,0.01,0.01,0.01,0.015
2026-09-30T18:22:06+00:00,QQQ,2026-09-30,0,743.12,660.0,P,0.0,0.01,0.01,0.01,183,8777,2.2674,-0.0013,0.0001,0.0005,-0.01,0.01,0.01,0.01,0.015
2026-09-30T18:22:06+00:00,QQQ,2026-09-30,0,743.12,664.0,P,0.0,0.01,0.01,0.01,5,3247,2.1601,-0.0014,0.0002,0.0005,-0.0103,0.01,0.01,0.01,0.015
2026-09-30T18:22:06+00:00,QQQ,2026-09-30,0,743.12,665.0,P,0.0,0.01,0.01,0.01,8,5142,2.1333,-0.0014,0.0002,0.0006,-0.0104,0.01,0.01,0.01,0.015
2026-09-30T18:22:06+00:00,QQQ,2026-09-30,0,743.12,668.0,P,0.0,0.01,0.01,0.01,11,452,2.0531,-0.0015,0.0002,0.0006,-0.0106,0.01,0.01,0.01,0.015
2026-09-30T18:22:06+00:00,QQQ,2026-09-30,0,743.12,669.0,P,0.0,0.01,0.01,0.01,4,548,2.0264,-0.0015,0.0002,0.0006,-0.0107,0.01,0.01,0.01,0.015
2026-09-30T18:22:06+00:00,QQQ,2026-09-30,0,743.12,670.0,P,0.0,0.01,0.01,0.01,15,3918,1.9997,-0.0015,0.0002,0.0006,-0.0108,0.01,0.01,0.01,0.015
2026-09-30T18:22:06+00:00,QQQ,2026-09-30,0,743.12,675.0,P,0.0,0.01,0.01,0.01,67,11012,1.8666,-0.0017,0.0002,0.0006,-0.0112,0.01,0.01,0.01,0.015
2026-09-30T18:22:06+00:00,QQQ,2026-09-30,0,743.12,677.0,P,0.0,0.01,0.01,0.01,20,1206,1.8134,-0.0017,0.0002,0.0007,-0.0114,0.01,0.01,0.01,0.02
2026-09-30T18:22:06+00:00,QQQ,2026-09-30,0,743.12,678.0,P,0.0,0.01,0.01,0.01,11,203,1.7868,-0.0018,0.0002,0.0007,-0.0115,0.01,0.01,0.01,0.02
2026-09-30T18:22:06+00:00,QQQ,2026-09-30,0,743.12,679.0,P,0.0,0.01,0.01,0.01,1,865,1.7603,-0.0018,0.0002,0.0007,-0.0115,0.01,0.01,0.01,0.02
2026-09-30T18:22:06+00:00,QQQ,2026-09-30,0,743.12,680.0,P,0.0,0.01,0.01,0.01,27,16282,1.7338,-0.0018,0.0003,0.0007,-0.0116,0.01,0.01,0.01,0.02
2026-09-30T18:22:06+00:00,QQQ,2026-09-30,0,743.12,681.0,P,0.0,0.01,0.01,0.01,22,14388,1.7072,-0.0019,0.0003,0.0007,-0.0117,0.01,0.01,0.01,0.02
2026-09-30T18:22:06+00:00,QQQ,2026-09-30,0,743.12,682.0,P,0.0,0.01,0.01,0.01,20,2041,1.6807,-0.0019,0.0003,0.0007,-0.0118,0.01,0.01,0.01,0.02
2026-09-30T18:22:06+00:00,QQQ,2026-09-30,0,743.12,683.0,P,0.0,0.01,0.01,0.01,9,730,1.6542,-0.002,0.0003,0.0008,-0.0119,0.01,0.01,0.01,0.02
2026-09-30T18:22:06+00:00,QQQ,2026-09-30,0,743.12,684.0,P,0.0,0.01,0.01,0.01,8,403,1.6278,-0.002,0.0003,0.0008,-0.012,0.01,0.01,0.01,0.02
2026-09-30T18:22:06+00:00,QQQ,2026-09-30,0,743.12,685.0,P,0.0,0.01,0.01,0.01,25,9111,1.6013,-0.002,0.0003,0.0008,-0.012,0.01,0.01,0.01,0.02
2026-09-30T18:22:06+00:00,QQQ,2026-09-30,0,743.12,686.0,P,0.0,0.01,0.01,0.01,1,392,1.5748,-0.0021,0.0003,0.0008,-0.0121,0.01,0.01,0.01,0.025
2026-09-30T18:22:06+00:00,QQQ,2026-09-30,0,743.12,687.0,P,0.0,0.01,0.01,0.01,1,14676,1.5483,-0.0021,0.0003,0.0008,-0.0122,0.01,0.01,0.01,0.025
2026-09-30T18:22:06+00:00,QQQ,2026-09-30,0,743.12,688.0,P,0.0,0.01,0.01,0.01,2,795,1.5219,-0.0022,0.0003,0.0008,-0.0123,0.01,0.01,0.01,0.025
2026-09-30T18:22:06+00:00,QQQ,2026-09-30,0,743.12,689.0,P,0.0,0.01,0.01,0.01,3,224,1.4954,-0.0022,0.0004,0.0008,-0.0124,0.01,0.01,0.01,0.025
2026-09-30T18:22:06+00:00,QQQ,2026-09-30,0,743.12,690.0,P,0.0,0.01,0.01,0.01,34,24724,1.469,-0.0023,0.0004,0.0009,-0.0125,0.01,0.01,0.01,0.025
2026-09-30T18:22:06+00:00,QQQ,2026-09-30,0,743.12,691.0,P,0.0,0.01,0.01,0.01,30,790,1.4425,-0.0023,0.0004,0.0009,-0.0126,0.01,0.01,0.01,0.025
2026-09-30T18:22:06+00:00,QQQ,2026-09-30,0,743.12,692.0,P,0.0,0.01,0.01,0.01,55,646,1.4161,-0.0024,0.0004,0.0009,-0.0127,0.01,0.01,0.01,0.025
2026-09-30T18:22:06+00:00,QQQ,2026-09-30,0,743.12,693.0,P,0.0,0.01,0.01,0.01,35,770,1.3896,-0.0024,0.0004,0.0009,-0.0127,0.01,0.01,0.01,0.025
2026-09-30T18:22:06+00:00,QQQ,2026-09-30,0,743.12,695.0,P,0.0,0.01,0.01,0.01,191,18640,1.3368,-0.0025,0.0004,0.001,-0.0129,0.01,0.01,0.01,0.025
2026-09-30T18:22:06+00:00,QQQ,2026-09-30,0,743.12,696.0,P,0.0,0.01,0.01,0.01,160,2911,1.3103,-0.0026,0.0005,0.001,-0.013,0.01,0.02,0.01,0.025
2026-09-30T18:22:06+00:00,QQQ,2026-09-30,0,743.12,697.0,P,0.0,0.01,0.01,0.01,55,485,1.2839,-0.0027,0.0005,0.001,-0.0131,0.01,0.01,0.01,0.025
2026-09-30T18:22:06+00:00,QQQ,2026-09-30,0,743.12,698.0,P,0.0,0.01,0.01,0.01,469,1252,1.2575,-0.0027,0.0005,0.001,-0.0132,0.01,0.01,0.01,0.025
2026-09-30T18:22:06+00:00,QQQ,2026-09-30,0,743.12,699.0,P,0.0,0.01,0.01,0.01,1676,1677,1.231,-0.0028,0.0005,0.001,-0.0133,0.01,0.02,0.01,0.025
2026-09-30T18:22:06+00:00,QQQ,2026-09-30,0,743.12,700.0,P,0.0,0.01,0.01,0.01,4059,23840,1.2046,-0.0029,0.0005,0.0011,-0.0134,0.01,0.02,0.01,0.025
2026-09-30T18:22:06+00:00,QQQ,2026-09-30,0,743.12,701.0,P,0.0,0.01,0.01,0.01,5407,1133,1.1782,-0.0029,0.0006,0.0011,-0.0135,0.02,0.02,0.01,0.035
2026-09-30T18:22:06+00:00,QQQ,2026-09-30,0,743.12,702.0,P,0.0,0.01,0.01,0.01,6680,988,1.1517,-0.003,0.0006,0.0011,-0.0136,0.01,0.02,0.01,0.035
2026-09-30T18:22:06+00:00,QQQ,2026-09-30,0,743.12,703.0,P,0.0,0.01,0.01,0.01,6698,874,1.1253,-0.0031,0.0006,0.0012,-0.0136,0.02,0.02,0.01,0.035
2026-09-30T18:22:06+00:00,QQQ,2026-09-30,0,743.12,704.0,P,0.0,0.01,0.01,0.01,10272,833,1.0988,-0.0032,0.0006,0.0012,-0.0137,0.01,0.02,0.01,0.035
2026-09-30T18:22:06+00:00,QQQ,2026-09-30,0,743.12,705.0,P,0.0,0.01,0.01,0.01,4331,22528,1.0723,-0.0033,0.0007,0.0012,-0.0138,0.01,0.02,0.01,0.035
2026-09-30T18:22:06+00:00,QQQ,2026-09-30,0,743.12,706.0,P,0.0,0.01,0.01,0.01,2957,1360,1.0458,-0.0034,0.0007,0.0012,-0.0139,0.02,0.02,0.01,0.045
2026-09-30T18:22:06+00:00,QQQ,2026-09-30,0,743.12,707.0,P,0.0,0.01,0.01,0.01,1455,2276,1.0194,-0.0035,0.0008,0.0013,-0.014,0.01,0.02,0.01,0.045
2026-09-30T18:22:06+00:00,QQQ,2026-09-30,0,743.12,708.0,P,0.0,0.01,0.01,0.01,1699,1105,0.9928,-0.0036,0.0008,0.0013,-0.0141,0.02,0.02,0.01,0.045
2026-09-30T18:22:06+00:00,QQQ,2026-09-30,0,743.12,709.0,P,0.0,0.01,0.01,0.01,875,2238,0.9663,-0.0037,0.0008,0.0014,-0.0142,0.03,0.03,0.01,0.055
2026-09-30T18:22:06+00:00,QQQ,2026-09-30,0,743.12,710.0,P,0.0,0.01,0.01,0.01,1101,10223,0.9398,-0.0038,0.0009,0.0014,-0.0143,0.02,0.02,0.01,0.055
2026-09-30T18:22:06+00:00,QQQ,2026-09-30,0,743.12,711.0,P,0.0,0.01,0.01,0.01,1200,2537,0.9132,-0.0039,0.0009,0.0014,-0.0144,0.02,0.03,0.01,0.055
2026-09-30T18:22:06+00:00,QQQ,2026-09-30,0,743.12,712.0,P,0.01,0.02,0.015,0.01,2192,2625,0.9849,-0.004,0.001,0.0015,-0.0145,0.04,0.04,0.01,0.065
2026-09-30T18:22:06+00:00,QQQ,2026-09-30,0,743.12,713.0,P,0.01,0.02,0.015,0.01,655,1520,0.9558,-0.0042,0.001,0.0015,-0.0146,0.01,0.04,0.01,0.065
2026-09-30T18:22:06+00:00,QQQ,2026-09-30,0,743.12,714.0,P,0.01,0.02,0.015,0.01,907,2772,0.9268,-0.0043,0.0011,0.0016,-0.0147,0.04,0.05,0.01,0.075
2026-09-30T18:22:06+00:00,QQQ,2026-09-30,0,743.12,715.0,P,0.01,0.02,0.015,0.01,1200,10549,0.8976,-0.0044,0.0012,0.0016,-0.0148,0.06,0.06,0.01,0.085
2026-09-30T18:22:06+00:00,QQQ,2026-09-30,0,743.12,716.0,P,0.01,0.02,0.015,0.01,1007,4371,0.8684,-0.0046,0.0013,0.0017,-0.0149,0.04,0.04,0.01,0.095
2026-09-30T18:22:06+00:00,QQQ,2026-09-30,0,743.12,717.0,P,0.01,0.02,0.015,0.01,3468,3333,0.8392,-0.0048,0.0014,0.0017,-0.015,0.05,0.05,0.01,0.105
2026-09-30T18:22:06+00:00,QQQ,2026-09-30,0,743.12,718.0,P,0.01,0.02,0.015,0.02,1884,4091,0.8099,-0.005,0.0014,0.0018,-0.0151,0.05,0.06,0.01,0.125
2026-09-30T18:22:06+00:00,QQQ,2026-09-30,0,743.12,719.0,P,0.01,0.02,0.015,0.01,1872,2320,0.7806,-0.0052,0.0016,0.0019,-0.0152,0.07,0.07,0.01,0.135
2026-09-30T18:22:06+00:00,QQQ,2026-09-30,0,743.12,720.0,P,0.01,0.02,0.015,0.02,2727,45414,0.7512,-0.0054,0.0017,0.0019,-0.0153,0.07,0.09,0.01,0.155
2026-09-30T18:22:06+00:00,QQQ,2026-09-30,0,743.12,721.0,P,0.01,0.02,0.015,0.01,1847,3072,0.7217,-0.0056,0.0018,0.002,-0.0155,0.08,0.09,0.01,0.185
2026-09-30T18:22:06+00:00,QQQ,2026-09-30,0,743.12,722.0,P,0.01,0.02,0.015,0.01,2435,3269,0.6921,-0.0059,0.002,0.0021,-0.0156,0.05,0.1,0.01,0.225
2026-09-30T18:22:06+00:00,QQQ,2026-09-30,0,743.12,723.0,P,0.01,0.02,0.015,0.01,3064,4071,0.6625,-0.0062,0.0021,0.0022,-0.0158,0.13,0.13,0.01,0.265
2026-09-30T18:22:06+00:00,QQQ,2026-09-30,0,743.12,724.0,P,0.01,0.02,0.015,0.02,3556,2907,0.6327,-0.0065,0.0023,0.0023,-0.0161,0.12,0.13,0.01,0.315
2026-09-30T18:22:06+00:00,QQQ,2026-09-30,0,743.12,725.0,P,0.01,0.02,0.015,0.01,5195,9083,0.6029,-0.0069,0.0026,0.0024,-0.0164,0.1,0.14,0.01,0.385
2026-09-30T18:22:06+00:00,QQQ,2026-09-30,0,743.12,726.0,P,0.01,0.02,0.015,0.01,3520,4682,0.5729,-0.0074,0.0029,0.0026,-0.0168,0.18,0.2,0.01,0.455
2026-09-30T18:22:06+00:00,QQQ,2026-09-30,0,743.12,727.0,P,0.01,0.02,0.015,0.01,6187,8135,0.5429,-0.008,0.0032,0.0028,-0.0175,0.21,0.22,0.01,0.555
2026-09-30T18:22:06+00:00,QQQ,2026-09-30,0,743.12,728.0,P,0.01,0.02,0.015,0.02,8491,4151,0.5127,-0.0088,0.0037,0.003,-0.0185,0.26,0.26,0.01,0.665
2026-09-30T18:22:06+00:00,QQQ,2026-09-30,0,743.12,729.0,P,0.02,0.03,0.025,0.02,7035,2276,0.5141,-0.0098,0.0043,0.0034,-0.02,0.31,0.31,0.02,0.805
2026-09-30T18:22:06+00:00,QQQ,2026-09-30,0,743.12,730.0,P,0.02,0.03,0.025,0.02,85131,67863,0.482,-0.0114,0.0051,0.0038,-0.0223,0.3,0.43,0.02,0.965
2026-09-30T18:22:06+00:00,QQQ,2026-09-30,0,743.12,731.0,P,0.02,0.03,0.025,0.03,12696,3284,0.4498,-0.0135,0.0062,0.0044,-0.0257,0.41,0.47,0.02,1.155
2026-09-30T18:22:06+00:00,QQQ,2026-09-30,0,743.12,732.0,P,0.03,0.04,0.035,0.03,16667,5436,0.4377,-0.0166,0.0078,0.0053,-0.031,0.53,0.58,0.02,1.375
2026-09-30T18:22:06+00:00,QQQ,2026-09-30,0,743.12,733.0,P,0.03,0.04,0.035,0.03,32224,3172,0.4036,-0.0212,0.0101,0.0065,-0.0389,0.65,0.71,0.02,1.635
2026-09-30T18:22:06+00:00,QQQ,2026-09-30,0,743.12,734.0,P,0.04,0.05,0.045,0.04,24809,4392,0.3842,-0.0278,0.0133,0.0082,-0.0509,0.79,0.94,0.04,1.925
2026-09-30T18:22:06+00:00,QQQ,2026-09-30,0,743.12,735.0,P,0.06,0.07,0.065,0.07,59561,11383,0.3713,-0.0378,0.0178,0.0105,-0.0692,1.02,1.04,0.05,2.255
2026-09-30T18:22:06+00:00,QQQ,2026-09-30,0,743.12,736.0,P,0.09,0.1,0.095,0.1,115940,60352,0.3589,-0.0523,0.0242,0.0136,-0.0971,1.3,1.34,0.06,2.625
2026-09-30T18:22:06+00:00,QQQ,2026-09-30,0,743.12,737.0,P,0.13,0.14,0.135,0.14,64005,9085,0.3499,-0.0737,0.0328,0.0177,-0.1399,1.45,1.64,0.09,3.045
2026-09-30T18:22:06+00:00,QQQ,2026-09-30,0,743.12,738.0,P,0.2,0.21,0.205,0.21,74892,4259,0.339,-0.1046,0.0442,0.0228,-0.2053,1.83,1.95,0.13,3.51
2026-09-30T18:22:06+00:00,QQQ,2026-09-30,0,743.12,739.0,P,0.3,0.31,0.305,0.31,92537,3360,0.3275,-0.1482,0.0582,0.0289,-0.3045,2.18,2.32,0.19,4.02
2026-09-30T18:22:06+00:00,QQQ,2026-09-30,0,743.12,740.0,P,0.45,0.46,0.455,0.46,172907,3598,0.3179,-0.2075,0.0742,0.0355,-0.4526,2.61,2.77,0.29,4.58
2026-09-30T18:22:06+00:00,QQQ,2026-09-30,0,743.12,741.0,P,0.66,0.67,0.665,0.67,159123,1156,0.3079,-0.2847,0.0903,0.0418,-0.6684,3.04,3.21,0.42,5.2
2026-09-30T18:22:06+00:00,QQQ,2026-09-30,0,743.12,742.0,P,0.96,0.97,0.965,0.96,256818,1950,0.3026,-0.3788,0.1034,0.0468,-0.9727,3.61,3.78,0.64,5.87
2026-09-30T18:22:06+00:00,QQQ,2026-09-30,0,743.12,743.0,P,1.37,1.38,1.375,1.37,235984,795,0.2956,-0.4853,0.1101,0.0489,-1.3839,4.29,4.43,0.92,6.585
2026-09-30T18:22:06+00:00,QQQ,2026-09-30,0,743.12,744.0,P,1.9,1.91,1.905,1.9,180593,711,0.292,-0.5953,0.108,0.0476,-1.0381,5.08,5.08,1.26,7.335
2026-09-30T18:22:06+00:00,QQQ,2026-09-30,0,743.12,745.0,P,2.53,2.55,2.54,2.56,58172,1673,0.2909,-0.6987,0.0973,0.043,-0.6846,5.87,5.87,1.68,8.135
2026-09-30T18:22:06+00:00,QQQ,2026-09-30,0,743.12,746.0,P,3.27,3.31,3.29,3.31,16813,679,0.2947,-0.7866,0.0808,0.0361,-0.4359,5.93,5.93,2.25,8.8
2026-09-30T18:22:06+00:00,QQQ,2026-09-30,0,743.12,747.0,P,4.1,4.17,4.135,4.21,6544,1637,0.3022,-0.8549,0.0626,0.0285,-0.2712,7.53,7.53,2.88,9.79
2026-09-30T18:22:06+00:00,QQQ,2026-09-30,0,743.12,748.0,P,4.99,5.09,5.04,5.02,2640,492,0.3227,-0.9038,0.0459,0.0215,-0.1676,8.1,8.1,3.63,10.715
2026-09-30T18:22:06+00:00,QQQ,2026-09-30,0,743.12,749.0,P,5.92,5.97,5.945,5.51,1006,90,0.3334,-0.9367,0.0325,0.0158,-0.1047,7.08,8.3,4.36,11.485
2026-09-30T18:22:06+00:00,QQQ,2026-09-30,0,743.12,750.0,P,6.85,7.0,6.925,6.96,1715,594,0.3456,-0.9579,0.0227,0.0115,-0.0672,10.0,10.0,5.2,12.505
2026-09-30T18:22:06+00:00,QQQ,2026-09-30,0,743.12,751.0,P,7.84,7.98,7.91,7.98,506,42,0.3676,-0.9712,0.016,0.0085,-0.0451,9.84,10.04,6.63,13.545
2026-09-30T18:22:06+00:00,QQQ,2026-09-30,0,743.12,752.0,P,8.84,8.97,8.905,8.46,558,29,0.3947,-0.9795,0.0115,0.0064,-0.032,10.47,10.47,7.37,14.58
2026-09-30T18:22:06+00:00,QQQ,2026-09-30,0,743.12,753.0,P,9.82,9.96,9.89,9.4,459,16,0.4188,-0.9847,0.0085,0.005,-0.0241,12.22,13.11,8.3,15.56
2026-09-30T18:22:06+00:00,QQQ,2026-09-30,0,743.12,754.0,P,10.82,10.96,10.89,10.0,156,0,0.4467,-0.988,0.0066,0.004,-0.0194,10.68,11.42,9.02,16.465
2026-09-30T18:22:06+00:00,QQQ,2026-09-30,0,743.12,755.0,P,11.82,11.96,11.89,11.1,45,4,0.4808,-0.9901,0.0052,0.0034,-0.0165,13.67,13.67,10.41,17.51
2026-09-30T18:22:06+00:00,QQQ,2026-09-30,0,743.12,756.0,P,12.81,12.95,12.88,11.68,7,14,0.4975,-0.9915,0.0043,0.003,-0.0148,12.91,12.98,11.68,17.745
2026-09-30T18:22:06+00:00,QQQ,2026-09-30,0,743.12,757.0,P,13.81,13.95,13.88,12.78,10,1,0.53,-0.9924,0.0037,0.0027,-0.0137,13.85,13.85,12.76,18.795
2026-09-30T18:22:06+00:00,QQQ,2026-09-30,0,743.12,758.0,P,14.81,14.95,14.88,15.84,10,0,0.5622,-0.9931,0.0032,0.0025,-0.013,13.81,15.84,13.17,19.775
2026-09-30T18:22:06+00:00,QQQ,2026-09-30,0,743.12,759.0,P,15.81,15.95,15.88,16.52,16,0,0.5941,-0.9936,0.0028,0.0023,-0.0126,15.98,16.52,15.98,20.745
2026-09-30T18:22:06+00:00,QQQ,2026-09-30,0,743.12,760.0,P,16.8,16.95,16.875,16.01,4,30,0.6144,-0.994,0.0026,0.0022,-0.0123,15.99,16.01,15.51,22.57
2026-09-30T18:22:06+00:00,QQQ,2026-09-30,0,743.12,761.0,P,17.81,17.94,17.875,17.66,5,0,0.668,-0.9944,0.0023,0.002,-0.0121,17.66,17.66,17.66,22.755
2026-09-30T18:22:06+00:00,QQQ,2026-09-30,0,743.12,762.0,P,18.8,18.94,18.87,17.97,1,2,0.6627,-0.9946,0.0021,0.002,-0.012,17.97,17.97,17.97,23.76
2026-09-30T18:22:06+00:00,QQQ,2026-09-30,0,743.12,763.0,P,19.8,19.94,19.87,19.01,11,0,0.7066,-0.9949,0.0019,0.0019,-0.0118,22.26,23.09,19.01,24.755
2026-09-30T18:22:06+00:00,QQQ,2026-09-30,0,743.12,764.0,P,20.8,20.94,20.87,20.57,12,0,0.737,-0.9951,0.0018,0.0018,-0.0118,22.33,22.33,20.53,25.76
2026-09-30T18:22:06+00:00,QQQ,2026-09-30,0,743.12,765.0,P,21.79,21.94,21.865,21.21,3,1,0.7165,-0.9953,0.0016,0.0017,-0.0117,23.25,23.25,21.21,26.755
2026-09-30T18:22:06+00:00,QQQ,2026-09-30,0,743.12,766.0,P,22.79,22.94,22.865,24.26,14,0,0.7818,-0.9955,0.0015,0.0016,-0.0116,25.07,25.98,24.09,27.75
2026-09-30T18:22:06+00:00,QQQ,2026-09-30,0,743.12,767.0,P,23.78,23.97,23.875,24.6,29,0,0.7732,-0.9957,0.0014,0.0016,-0.0115,25.51,27.36,23.35,28.78
2026-09-30T18:22:06+00:00,QQQ,2026-09-30,0,743.12,768.0,P,24.79,24.97,24.88,24.55,58,0,0.8013,-0.9958,0.0013,0.0015,-0.0115,27.06,28.01,22.6,30.6
2026-09-30T18:22:06+00:00,QQQ,2026-09-30,0,743.12,769.0,P,24.04,27.56,25.8,25.97,109,0,0.0,-0.996,0.0012,0.0015,-0.0114,27.98,29.01,23.35,30.785
2026-09-30T18:22:06+00:00,QQQ,2026-09-30,0,743.12,770.0,P,25.04,28.32,26.68,27.24,126,0,0.0,-0.9961,0.0012,0.0014,-0.0113,27.8,30.11,25.7,31.8
2026-09-30T18:22:06+00:00,QQQ,2026-09-30,0,743.12,771.0,P,26.04,29.56,27.8,28.27,40,0,0.0,-0.9962,0.0011,0.0014,-0.0113,31.72,31.72,25.19,32.78
2026-09-30T18:22:06+00:00,QQQ,2026-09-30,0,743.12,772.0,P,27.04,30.46,28.75,28.97,5,0,0.0,-0.9964,0.001,0.0014,-0.0112,31.25,31.31,28.97,33.78
2026-09-30T18:22:06+00:00,QQQ,2026-09-30,0,743.12,773.0,P,28.04,31.46,29.75,29.98,1,0,0.0,-0.9965,0.001,0.0013,-0.0112,29.98,29.98,29.98,34.78
2026-09-30T18:22:06+00:00,QQQ,2026-09-30,0,743.12,774.0,P,29.04,32.46,30.75,31.61,0,0,0.0,-0.9966,0.0009,0.0013,-0.0111,0.0,0.0,0.0,35.8
2026-09-30T18:22:06+00:00,QQQ,2026-09-30,0,743.12,775.0,P,30.04,33.46,31.75,30.37,20,0,0.0,-0.9967,0.0009,0.0012,-0.011,30.37,30.37,30.37,37.085
2026-09-30T18:22:06+00:00,QQQ,2026-09-30,0,743.12,776.0,P,31.04,34.46,32.75,36.22,0,0,0.0,-0.9968,0.0008,0.0012,-0.011,0.0,0.0,0.0,38.095
2026-09-30T18:22:06+00:00,QQQ,2026-09-30,0,743.12,777.0,P,32.04,35.45,33.745,34.5,0,0,0.0,-0.9969,0.0008,0.0012,-0.0109,0.0,0.0,0.0,39.085
2026-09-30T18:22:06+00:00,QQQ,2026-09-30,0,743.12,778.0,P,33.04,36.45,34.745,36.17,0,0,0.0,-0.997,0.0008,0.0012,-0.0109,0.0,0.0,0.0,40.08
2026-09-30T18:22:06+00:00,QQQ,2026-09-30,0,743.12,779.0,P,34.04,37.45,35.745,36.44,0,0,0.0,-0.997,0.0007,0.0011,-0.0108,0.0,0.0,0.0,41.095
2026-09-30T18:22:06+00:00,QQQ,2026-09-30,0,743.12,780.0,P,35.04,38.32,36.68,41.57,0,0,0.0,-0.9971,0.0007,0.0011,-0.0107,0.0,0.0,0.0,42.19
2026-09-30T18:22:06+00:00,QQQ,2026-09-30,0,743.12,795.0,P,50.04,53.55,51.795,50.49,4,0,0.0,-0.9979,0.0004,0.0008,-0.0099,50.52,50.52,50.48,57.19
2026-09-30T18:22:06+00:00,QQQ,2026-09-30,0,743.12,796.0,P,51.04,54.47,52.755,51.41,4,0,0.0,-0.998,0.0004,0.0008,-0.0098,51.45,51.45,51.41,58.095
2026-09-30T18:22:06+00:00,QQQ,2026-09-30,0,743.12,802.0,P,56.85,60.46,58.655,58.32,4,0,0.0,-0.9982,0.0003,0.0007,-0.0095,57.24,58.32,57.24,64.095
2026-09-30T18:22:06+00:00,QQQ,2026-09-30,0,743.12,803.0,P,58.04,61.46,59.75,59.24,4,0,0.0,-0.9982,0.0003,0.0007,-0.0095,58.16,59.24,58.16,65.09
2026-09-30T18:22:06+00:00,QQQ,2026-09-30,0,743.12,835.0,P,90.04,93.32,91.68,91.39,5,0,0.0,-0.9989,0.0001,0.0004,-0.008,91.39,91.39,91.39,97.24
2026-09-30T18:22:06+00:00,QQQ,2026-09-30,0,743.12,836.0,P,91.04,94.47,92.755,92.32,5,0,0.0,-0.9989,0.0001,0.0004,-0.008,92.32,92.32,92.32,98.095
2026-09-30T18:22:06+00:00,QQQ,2026-09-30,0,743.12,845.0,P,100.04,103.32,101.68,101.15,1,0,0.0,-0.999,0.0001,0.0004,-0.0076,101.15,101.15,101.15,107.245
2026-09-30T18:22:06+00:00,QQQ,2026-09-30,0,743.12,846.0,P,101.04,104.47,102.755,102.08,1,0,0.0,-0.999,0.0001,0.0004,-0.0075,102.08,102.08,102.08,108.115
2026-09-30T18:22:06+00:00,QQQ,2026-09-30,0,743.12,859.0,P,114.04,117.47,115.755,115.47,3,0,0.0,-0.9992,0.0001,0.0003,-0.007,115.4,115.8,115.4,121.095
2026-09-30T18:22:06+00:00,QQQ,2026-09-30,0,743.12,860.0,P,115.04,118.32,116.68,116.47,11,0,0.0,-0.9992,0.0001,0.0003,-0.007,116.35,116.86,116.19,122.19
2026-09-30T18:22:06+00:00,QQQ,2026-09-30,0,743.12,861.0,P,116.04,119.47,117.755,117.86,8,0,0.0,-0.9992,0.0001,0.0003,-0.007,117.13,117.86,117.13,123.08
2026-09-30T18:22:06+00:00,QQQ,2026-09-30,0,743.12,862.0,P,117.04,120.47,118.755,118.27,12,0,0.0,-0.9992,0.0001,0.0003,-0.0069,118.9,118.9,118.27,124.095
2026-09-30T18:22:06+00:00,QQQ,2026-09-30,0,743.12,863.0,P,118.04,121.43,119.735,119.27,12,0,0.0,-0.9992,0.0001,0.0003,-0.0069,119.83,119.83,119.27,125.115
